solid OpenSCAD_Model
  facet normal 1 0 0
    outer loop
      vertex 179.5 4 29
      vertex 179.5 0 29
      vertex 179.5 4 28
    endloop
  endfacet
  facet normal 1 0 0
    outer loop
      vertex 179.5 168 13
      vertex 179.5 174 28
      vertex 179.5 168 17
    endloop
  endfacet
  facet normal 1 -0 0
    outer loop
      vertex 179.5 4 28
      vertex 179.5 168 17
      vertex 179.5 174 28
    endloop
  endfacet
  facet normal 1 0 0
    outer loop
      vertex 179.5 0 29
      vertex 179.5 6 17
      vertex 179.5 4 28
    endloop
  endfacet
  facet normal 1 0 0
    outer loop
      vertex 179.5 168 17
      vertex 179.5 4 28
      vertex 179.5 6 17
    endloop
  endfacet
  facet normal 1 0 0
    outer loop
      vertex 179.5 174 28
      vertex 179.5 168 13
      vertex 179.5 174 0
    endloop
  endfacet
  facet normal 1 -0 0
    outer loop
      vertex 179.5 6 13
      vertex 179.5 174 0
      vertex 179.5 168 13
    endloop
  endfacet
  facet normal 1 0 0
    outer loop
      vertex 179.5 6 17
      vertex 179.5 0 29
      vertex 179.5 6 13
    endloop
  endfacet
  facet normal 1 0 0
    outer loop
      vertex 179.5 6 13
      vertex 179.5 0 0
      vertex 179.5 174 0
    endloop
  endfacet
  facet normal 1 0 0
    outer loop
      vertex 179.5 0 0
      vertex 179.5 6 13
      vertex 179.5 0 29
    endloop
  endfacet
  facet normal 0 0 1
    outer loop
      vertex 179.5 174 28
      vertex 176.5 171 28
      vertex 179.5 4 28
    endloop
  endfacet
  facet normal 0 0 1
    outer loop
      vertex 179.5 174 28
      vertex 3 171 28
      vertex 176.5 171 28
    endloop
  endfacet
  facet normal -0 0 1
    outer loop
      vertex 0 174 28
      vertex 3 171 28
      vertex 179.5 174 28
    endloop
  endfacet
  facet normal 0 0 1
    outer loop
      vertex 0 4 28
      vertex 3 171 28
      vertex 0 174 28
    endloop
  endfacet
  facet normal 0 0 1
    outer loop
      vertex 3 171 28
      vertex 0 4 28
      vertex 3 4 28
    endloop
  endfacet
  facet normal 0 0 1
    outer loop
      vertex 179.5 4 28
      vertex 176.5 171 28
      vertex 176.5 4 28
    endloop
  endfacet
  facet normal 0 0 -1
    outer loop
      vertex 22.782 127.508 0
      vertex 65.0513 127.508 0
      vertex 22.9021 127.218 0
    endloop
  endfacet
  facet normal 0 0 -1
    outer loop
      vertex 65.0513 152.092 0
      vertex 22.9754 152.687 0
      vertex 23 153 0
    endloop
  endfacet
  facet normal 0 0 -1
    outer loop
      vertex 65.0513 127.508 0
      vertex 22.782 127.508 0
      vertex 65.0513 152.092 0
    endloop
  endfacet
  facet normal 0 0 -1
    outer loop
      vertex 65.0513 152.092 0
      vertex 22.9021 152.382 0
      vertex 22.9754 152.687 0
    endloop
  endfacet
  facet normal 0 0 -1
    outer loop
      vertex 22.782 152.092 0
      vertex 65.0513 152.092 0
      vertex 22.782 127.508 0
    endloop
  endfacet
  facet normal 0 0 -1
    outer loop
      vertex 65.0513 152.092 0
      vertex 22.782 152.092 0
      vertex 22.9021 152.382 0
    endloop
  endfacet
  facet normal 0 0 -1
    outer loop
      vertex 22.618 127.776 0
      vertex 22.782 152.092 0
      vertex 22.782 127.508 0
    endloop
  endfacet
  facet normal 0 0 -1
    outer loop
      vertex 22.618 127.776 0
      vertex 22.618 151.824 0
      vertex 22.782 152.092 0
    endloop
  endfacet
  facet normal 0 0 -1
    outer loop
      vertex 22.4142 128.014 0
      vertex 22.618 151.824 0
      vertex 22.618 127.776 0
    endloop
  endfacet
  facet normal 0 0 -1
    outer loop
      vertex 22.4142 128.014 0
      vertex 22.4142 151.586 0
      vertex 22.618 151.824 0
    endloop
  endfacet
  facet normal 0 0 -1
    outer loop
      vertex 22.1756 128.218 0
      vertex 22.4142 151.586 0
      vertex 22.4142 128.014 0
    endloop
  endfacet
  facet normal 0 0 -1
    outer loop
      vertex 22.1756 128.218 0
      vertex 22.1756 151.382 0
      vertex 22.4142 151.586 0
    endloop
  endfacet
  facet normal 0 0 -1
    outer loop
      vertex 21.908 128.382 0
      vertex 22.1756 151.382 0
      vertex 22.1756 128.218 0
    endloop
  endfacet
  facet normal 0 0 -1
    outer loop
      vertex 21.908 128.382 0
      vertex 21.908 151.218 0
      vertex 22.1756 151.382 0
    endloop
  endfacet
  facet normal 0 0 -1
    outer loop
      vertex 21.618 128.502 0
      vertex 21.908 151.218 0
      vertex 21.908 128.382 0
    endloop
  endfacet
  facet normal 0 0 -1
    outer loop
      vertex 21.618 128.502 0
      vertex 21.618 151.098 0
      vertex 21.908 151.218 0
    endloop
  endfacet
  facet normal 0 0 -1
    outer loop
      vertex 21.3129 128.575 0
      vertex 21.618 151.098 0
      vertex 21.618 128.502 0
    endloop
  endfacet
  facet normal 0 0 -1
    outer loop
      vertex 21.3129 128.575 0
      vertex 21.3129 151.025 0
      vertex 21.618 151.098 0
    endloop
  endfacet
  facet normal 0 0 -1
    outer loop
      vertex 21 128.6 0
      vertex 21.3129 151.025 0
      vertex 21.3129 128.575 0
    endloop
  endfacet
  facet normal 0 0 -1
    outer loop
      vertex 21 128.6 0
      vertex 21 151 0
      vertex 21.3129 151.025 0
    endloop
  endfacet
  facet normal 0 0 -1
    outer loop
      vertex 20.6871 128.575 0
      vertex 21 151 0
      vertex 21 128.6 0
    endloop
  endfacet
  facet normal 0 0 -1
    outer loop
      vertex 20.6871 128.575 0
      vertex 20.6871 151.025 0
      vertex 21 151 0
    endloop
  endfacet
  facet normal 0 0 -1
    outer loop
      vertex 20.382 128.502 0
      vertex 20.6871 151.025 0
      vertex 20.6871 128.575 0
    endloop
  endfacet
  facet normal 0 0 -1
    outer loop
      vertex 20.382 128.502 0
      vertex 20.382 151.098 0
      vertex 20.6871 151.025 0
    endloop
  endfacet
  facet normal 0 0 -1
    outer loop
      vertex 20.092 128.382 0
      vertex 20.382 151.098 0
      vertex 20.382 128.502 0
    endloop
  endfacet
  facet normal 0 0 -1
    outer loop
      vertex 20.092 128.382 0
      vertex 20.092 151.218 0
      vertex 20.382 151.098 0
    endloop
  endfacet
  facet normal 0 0 -1
    outer loop
      vertex 19.8244 128.218 0
      vertex 20.092 151.218 0
      vertex 20.092 128.382 0
    endloop
  endfacet
  facet normal 0 0 -1
    outer loop
      vertex 19.8244 128.218 0
      vertex 19.8244 151.382 0
      vertex 20.092 151.218 0
    endloop
  endfacet
  facet normal 0 0 -1
    outer loop
      vertex 19.5858 128.014 0
      vertex 19.8244 151.382 0
      vertex 19.8244 128.218 0
    endloop
  endfacet
  facet normal 0 0 -1
    outer loop
      vertex 19.5858 128.014 0
      vertex 19.5858 151.586 0
      vertex 19.8244 151.382 0
    endloop
  endfacet
  facet normal 0 0 -1
    outer loop
      vertex 19.382 127.776 0
      vertex 19.5858 151.586 0
      vertex 19.5858 128.014 0
    endloop
  endfacet
  facet normal 0 0 -1
    outer loop
      vertex 19.382 127.776 0
      vertex 19.382 151.824 0
      vertex 19.5858 151.586 0
    endloop
  endfacet
  facet normal 0 0 -1
    outer loop
      vertex 19.218 127.508 0
      vertex 19.382 151.824 0
      vertex 19.382 127.776 0
    endloop
  endfacet
  facet normal 0 0 -1
    outer loop
      vertex 19.218 127.508 0
      vertex 19.218 152.092 0
      vertex 19.382 151.824 0
    endloop
  endfacet
  facet normal 0 0 -1
    outer loop
      vertex 19.0979 127.218 0
      vertex 19.218 152.092 0
      vertex 19.218 127.508 0
    endloop
  endfacet
  facet normal 0 0 -1
    outer loop
      vertex 19.0979 127.218 0
      vertex 19.0979 152.382 0
      vertex 19.218 152.092 0
    endloop
  endfacet
  facet normal 0 0 -1
    outer loop
      vertex 0 174 0
      vertex 19.0979 127.218 0
      vertex 19.0246 126.913 0
    endloop
  endfacet
  facet normal 0 0 -1
    outer loop
      vertex 19.0979 127.218 0
      vertex 0 174 0
      vertex 19.0979 152.382 0
    endloop
  endfacet
  facet normal 0 0 -1
    outer loop
      vertex 0 174 0
      vertex 19.0246 126.913 0
      vertex 19 126.6 0
    endloop
  endfacet
  facet normal 0 0 -1
    outer loop
      vertex 19.0979 152.382 0
      vertex 0 174 0
      vertex 19.0246 152.687 0
    endloop
  endfacet
  facet normal 0 0 -1
    outer loop
      vertex 22.782 101.108 0
      vertex 65.0513 101.108 0
      vertex 22.9021 100.818 0
    endloop
  endfacet
  facet normal 0 0 -1
    outer loop
      vertex 65.0513 125.692 0
      vertex 22.9754 126.287 0
      vertex 23 126.6 0
    endloop
  endfacet
  facet normal 0 0 -1
    outer loop
      vertex 65.0513 101.108 0
      vertex 22.782 101.108 0
      vertex 65.0513 125.692 0
    endloop
  endfacet
  facet normal 0 0 -1
    outer loop
      vertex 65.0513 125.692 0
      vertex 22.9021 125.982 0
      vertex 22.9754 126.287 0
    endloop
  endfacet
  facet normal 0 0 -1
    outer loop
      vertex 22.782 125.692 0
      vertex 65.0513 125.692 0
      vertex 22.782 101.108 0
    endloop
  endfacet
  facet normal 0 0 -1
    outer loop
      vertex 65.0513 125.692 0
      vertex 22.782 125.692 0
      vertex 22.9021 125.982 0
    endloop
  endfacet
  facet normal 0 0 -1
    outer loop
      vertex 22.618 101.376 0
      vertex 22.782 125.692 0
      vertex 22.782 101.108 0
    endloop
  endfacet
  facet normal 0 0 -1
    outer loop
      vertex 22.618 101.376 0
      vertex 22.618 125.424 0
      vertex 22.782 125.692 0
    endloop
  endfacet
  facet normal 0 0 -1
    outer loop
      vertex 22.4142 101.614 0
      vertex 22.618 125.424 0
      vertex 22.618 101.376 0
    endloop
  endfacet
  facet normal 0 0 -1
    outer loop
      vertex 22.4142 101.614 0
      vertex 22.4142 125.186 0
      vertex 22.618 125.424 0
    endloop
  endfacet
  facet normal 0 0 -1
    outer loop
      vertex 22.1756 101.818 0
      vertex 22.4142 125.186 0
      vertex 22.4142 101.614 0
    endloop
  endfacet
  facet normal 0 0 -1
    outer loop
      vertex 22.1756 101.818 0
      vertex 22.1756 124.982 0
      vertex 22.4142 125.186 0
    endloop
  endfacet
  facet normal 0 0 -1
    outer loop
      vertex 21.908 101.982 0
      vertex 22.1756 124.982 0
      vertex 22.1756 101.818 0
    endloop
  endfacet
  facet normal 0 0 -1
    outer loop
      vertex 21.908 101.982 0
      vertex 21.908 124.818 0
      vertex 22.1756 124.982 0
    endloop
  endfacet
  facet normal 0 0 -1
    outer loop
      vertex 21.618 102.102 0
      vertex 21.908 124.818 0
      vertex 21.908 101.982 0
    endloop
  endfacet
  facet normal 0 0 -1
    outer loop
      vertex 21.618 102.102 0
      vertex 21.618 124.698 0
      vertex 21.908 124.818 0
    endloop
  endfacet
  facet normal 0 0 -1
    outer loop
      vertex 21.3129 102.175 0
      vertex 21.618 124.698 0
      vertex 21.618 102.102 0
    endloop
  endfacet
  facet normal 0 0 -1
    outer loop
      vertex 21.3129 102.175 0
      vertex 21.3129 124.625 0
      vertex 21.618 124.698 0
    endloop
  endfacet
  facet normal 0 0 -1
    outer loop
      vertex 21 102.2 0
      vertex 21.3129 124.625 0
      vertex 21.3129 102.175 0
    endloop
  endfacet
  facet normal 0 0 -1
    outer loop
      vertex 21 102.2 0
      vertex 21 124.6 0
      vertex 21.3129 124.625 0
    endloop
  endfacet
  facet normal 0 0 -1
    outer loop
      vertex 20.6871 102.175 0
      vertex 21 124.6 0
      vertex 21 102.2 0
    endloop
  endfacet
  facet normal 0 0 -1
    outer loop
      vertex 20.6871 102.175 0
      vertex 20.6871 124.625 0
      vertex 21 124.6 0
    endloop
  endfacet
  facet normal 0 0 -1
    outer loop
      vertex 20.382 102.102 0
      vertex 20.6871 124.625 0
      vertex 20.6871 102.175 0
    endloop
  endfacet
  facet normal 0 0 -1
    outer loop
      vertex 20.382 102.102 0
      vertex 20.382 124.698 0
      vertex 20.6871 124.625 0
    endloop
  endfacet
  facet normal 0 0 -1
    outer loop
      vertex 20.092 101.982 0
      vertex 20.382 124.698 0
      vertex 20.382 102.102 0
    endloop
  endfacet
  facet normal 0 0 -1
    outer loop
      vertex 20.092 101.982 0
      vertex 20.092 124.818 0
      vertex 20.382 124.698 0
    endloop
  endfacet
  facet normal 0 0 -1
    outer loop
      vertex 19.8244 101.818 0
      vertex 20.092 124.818 0
      vertex 20.092 101.982 0
    endloop
  endfacet
  facet normal 0 0 -1
    outer loop
      vertex 19.8244 101.818 0
      vertex 19.8244 124.982 0
      vertex 20.092 124.818 0
    endloop
  endfacet
  facet normal 0 0 -1
    outer loop
      vertex 19.5858 101.614 0
      vertex 19.8244 124.982 0
      vertex 19.8244 101.818 0
    endloop
  endfacet
  facet normal 0 0 -1
    outer loop
      vertex 19.5858 101.614 0
      vertex 19.5858 125.186 0
      vertex 19.8244 124.982 0
    endloop
  endfacet
  facet normal 0 0 -1
    outer loop
      vertex 19.382 101.376 0
      vertex 19.5858 125.186 0
      vertex 19.5858 101.614 0
    endloop
  endfacet
  facet normal 0 0 -1
    outer loop
      vertex 19.382 101.376 0
      vertex 19.382 125.424 0
      vertex 19.5858 125.186 0
    endloop
  endfacet
  facet normal 0 0 -1
    outer loop
      vertex 19.218 101.108 0
      vertex 19.382 125.424 0
      vertex 19.382 101.376 0
    endloop
  endfacet
  facet normal 0 0 -1
    outer loop
      vertex 19.218 101.108 0
      vertex 19.218 125.692 0
      vertex 19.382 125.424 0
    endloop
  endfacet
  facet normal 0 0 -1
    outer loop
      vertex 19.0979 100.818 0
      vertex 19.218 125.692 0
      vertex 19.218 101.108 0
    endloop
  endfacet
  facet normal 0 0 -1
    outer loop
      vertex 19.0979 100.818 0
      vertex 19.0979 125.982 0
      vertex 19.218 125.692 0
    endloop
  endfacet
  facet normal 0 0 -1
    outer loop
      vertex 19.0246 100.513 0
      vertex 19.0979 125.982 0
      vertex 19.0979 100.818 0
    endloop
  endfacet
  facet normal 0 0 -1
    outer loop
      vertex 19.0246 100.513 0
      vertex 19.0246 126.287 0
      vertex 19.0979 125.982 0
    endloop
  endfacet
  facet normal 0 0 -1
    outer loop
      vertex 0 174 0
      vertex 19.0246 100.513 0
      vertex 19 100.2 0
    endloop
  endfacet
  facet normal 0 0 -1
    outer loop
      vertex 19.0246 100.513 0
      vertex 0 174 0
      vertex 19.0246 126.287 0
    endloop
  endfacet
  facet normal 0 0 -1
    outer loop
      vertex 22.782 74.708 0
      vertex 65.0513 74.708 0
      vertex 22.9021 74.418 0
    endloop
  endfacet
  facet normal 0 0 -1
    outer loop
      vertex 65.0513 99.292 0
      vertex 22.9754 99.8871 0
      vertex 23 100.2 0
    endloop
  endfacet
  facet normal 0 0 -1
    outer loop
      vertex 65.0513 74.708 0
      vertex 22.782 74.708 0
      vertex 65.0513 99.292 0
    endloop
  endfacet
  facet normal 0 0 -1
    outer loop
      vertex 65.0513 99.292 0
      vertex 22.9021 99.582 0
      vertex 22.9754 99.8871 0
    endloop
  endfacet
  facet normal 0 0 -1
    outer loop
      vertex 22.782 99.292 0
      vertex 65.0513 99.292 0
      vertex 22.782 74.708 0
    endloop
  endfacet
  facet normal 0 0 -1
    outer loop
      vertex 65.0513 99.292 0
      vertex 22.782 99.292 0
      vertex 22.9021 99.582 0
    endloop
  endfacet
  facet normal 0 0 -1
    outer loop
      vertex 22.618 74.9756 0
      vertex 22.782 99.292 0
      vertex 22.782 74.708 0
    endloop
  endfacet
  facet normal 0 0 -1
    outer loop
      vertex 22.618 74.9756 0
      vertex 22.618 99.0244 0
      vertex 22.782 99.292 0
    endloop
  endfacet
  facet normal 0 0 -1
    outer loop
      vertex 22.4142 75.2142 0
      vertex 22.618 99.0244 0
      vertex 22.618 74.9756 0
    endloop
  endfacet
  facet normal 0 0 -1
    outer loop
      vertex 22.4142 75.2142 0
      vertex 22.4142 98.7858 0
      vertex 22.618 99.0244 0
    endloop
  endfacet
  facet normal 0 0 -1
    outer loop
      vertex 22.1756 75.418 0
      vertex 22.4142 98.7858 0
      vertex 22.4142 75.2142 0
    endloop
  endfacet
  facet normal 0 0 -1
    outer loop
      vertex 22.1756 75.418 0
      vertex 22.1756 98.582 0
      vertex 22.4142 98.7858 0
    endloop
  endfacet
  facet normal 0 0 -1
    outer loop
      vertex 21.908 75.582 0
      vertex 22.1756 98.582 0
      vertex 22.1756 75.418 0
    endloop
  endfacet
  facet normal 0 0 -1
    outer loop
      vertex 21.908 75.582 0
      vertex 21.908 98.418 0
      vertex 22.1756 98.582 0
    endloop
  endfacet
  facet normal 0 0 -1
    outer loop
      vertex 21.618 75.7021 0
      vertex 21.908 98.418 0
      vertex 21.908 75.582 0
    endloop
  endfacet
  facet normal 0 0 -1
    outer loop
      vertex 21.618 75.7021 0
      vertex 21.618 98.2979 0
      vertex 21.908 98.418 0
    endloop
  endfacet
  facet normal 0 0 -1
    outer loop
      vertex 21.3129 75.7754 0
      vertex 21.618 98.2979 0
      vertex 21.618 75.7021 0
    endloop
  endfacet
  facet normal 0 0 -1
    outer loop
      vertex 21.3129 75.7754 0
      vertex 21.3129 98.2246 0
      vertex 21.618 98.2979 0
    endloop
  endfacet
  facet normal 0 0 -1
    outer loop
      vertex 21 75.8 0
      vertex 21.3129 98.2246 0
      vertex 21.3129 75.7754 0
    endloop
  endfacet
  facet normal 0 0 -1
    outer loop
      vertex 21 75.8 0
      vertex 21 98.2 0
      vertex 21.3129 98.2246 0
    endloop
  endfacet
  facet normal 0 0 -1
    outer loop
      vertex 20.6871 75.7754 0
      vertex 21 98.2 0
      vertex 21 75.8 0
    endloop
  endfacet
  facet normal 0 0 -1
    outer loop
      vertex 20.6871 75.7754 0
      vertex 20.6871 98.2246 0
      vertex 21 98.2 0
    endloop
  endfacet
  facet normal 0 0 -1
    outer loop
      vertex 20.382 75.7021 0
      vertex 20.6871 98.2246 0
      vertex 20.6871 75.7754 0
    endloop
  endfacet
  facet normal 0 0 -1
    outer loop
      vertex 20.382 75.7021 0
      vertex 20.382 98.2979 0
      vertex 20.6871 98.2246 0
    endloop
  endfacet
  facet normal 0 0 -1
    outer loop
      vertex 20.092 75.582 0
      vertex 20.382 98.2979 0
      vertex 20.382 75.7021 0
    endloop
  endfacet
  facet normal 0 0 -1
    outer loop
      vertex 20.092 75.582 0
      vertex 20.092 98.418 0
      vertex 20.382 98.2979 0
    endloop
  endfacet
  facet normal 0 0 -1
    outer loop
      vertex 19.8244 75.418 0
      vertex 20.092 98.418 0
      vertex 20.092 75.582 0
    endloop
  endfacet
  facet normal 0 0 -1
    outer loop
      vertex 19.8244 75.418 0
      vertex 19.8244 98.582 0
      vertex 20.092 98.418 0
    endloop
  endfacet
  facet normal 0 0 -1
    outer loop
      vertex 19.5858 75.2142 0
      vertex 19.8244 98.582 0
      vertex 19.8244 75.418 0
    endloop
  endfacet
  facet normal 0 0 -1
    outer loop
      vertex 19.5858 75.2142 0
      vertex 19.5858 98.7858 0
      vertex 19.8244 98.582 0
    endloop
  endfacet
  facet normal 0 0 -1
    outer loop
      vertex 19.382 74.9756 0
      vertex 19.5858 98.7858 0
      vertex 19.5858 75.2142 0
    endloop
  endfacet
  facet normal 0 0 -1
    outer loop
      vertex 19.382 74.9756 0
      vertex 19.382 99.0244 0
      vertex 19.5858 98.7858 0
    endloop
  endfacet
  facet normal 0 0 -1
    outer loop
      vertex 19.218 74.708 0
      vertex 19.382 99.0244 0
      vertex 19.382 74.9756 0
    endloop
  endfacet
  facet normal 0 0 -1
    outer loop
      vertex 19.218 74.708 0
      vertex 19.218 99.292 0
      vertex 19.382 99.0244 0
    endloop
  endfacet
  facet normal 0 0 -1
    outer loop
      vertex 19.0979 74.418 0
      vertex 19.218 99.292 0
      vertex 19.218 74.708 0
    endloop
  endfacet
  facet normal 0 0 -1
    outer loop
      vertex 19.0979 74.418 0
      vertex 19.0979 99.582 0
      vertex 19.218 99.292 0
    endloop
  endfacet
  facet normal 0 0 -1
    outer loop
      vertex 19.0246 74.1129 0
      vertex 19.0979 99.582 0
      vertex 19.0979 74.418 0
    endloop
  endfacet
  facet normal 0 0 -1
    outer loop
      vertex 19.0246 74.1129 0
      vertex 19.0246 99.8871 0
      vertex 19.0979 99.582 0
    endloop
  endfacet
  facet normal 0 0 -1
    outer loop
      vertex 19 73.8 0
      vertex 19.0246 99.8871 0
      vertex 19.0246 74.1129 0
    endloop
  endfacet
  facet normal -0 0 -1
    outer loop
      vertex 19.0246 99.8871 0
      vertex 19 73.8 0
      vertex 19 100.2 0
    endloop
  endfacet
  facet normal 0 0 -1
    outer loop
      vertex 22.782 48.308 0
      vertex 65.0513 48.308 0
      vertex 22.9021 48.018 0
    endloop
  endfacet
  facet normal 0 0 -1
    outer loop
      vertex 65.0513 72.892 0
      vertex 22.9754 73.4871 0
      vertex 23 73.8 0
    endloop
  endfacet
  facet normal 0 0 -1
    outer loop
      vertex 65.0513 48.308 0
      vertex 22.782 48.308 0
      vertex 65.0513 72.892 0
    endloop
  endfacet
  facet normal 0 0 -1
    outer loop
      vertex 65.0513 72.892 0
      vertex 22.9021 73.182 0
      vertex 22.9754 73.4871 0
    endloop
  endfacet
  facet normal 0 0 -1
    outer loop
      vertex 22.782 72.892 0
      vertex 65.0513 72.892 0
      vertex 22.782 48.308 0
    endloop
  endfacet
  facet normal 0 0 -1
    outer loop
      vertex 65.0513 72.892 0
      vertex 22.782 72.892 0
      vertex 22.9021 73.182 0
    endloop
  endfacet
  facet normal 0 0 -1
    outer loop
      vertex 22.618 48.5756 0
      vertex 22.782 72.892 0
      vertex 22.782 48.308 0
    endloop
  endfacet
  facet normal 0 0 -1
    outer loop
      vertex 22.618 48.5756 0
      vertex 22.618 72.6244 0
      vertex 22.782 72.892 0
    endloop
  endfacet
  facet normal 0 0 -1
    outer loop
      vertex 22.4142 48.8142 0
      vertex 22.618 72.6244 0
      vertex 22.618 48.5756 0
    endloop
  endfacet
  facet normal 0 0 -1
    outer loop
      vertex 22.4142 48.8142 0
      vertex 22.4142 72.3858 0
      vertex 22.618 72.6244 0
    endloop
  endfacet
  facet normal 0 0 -1
    outer loop
      vertex 22.1756 49.018 0
      vertex 22.4142 72.3858 0
      vertex 22.4142 48.8142 0
    endloop
  endfacet
  facet normal 0 0 -1
    outer loop
      vertex 22.1756 49.018 0
      vertex 22.1756 72.182 0
      vertex 22.4142 72.3858 0
    endloop
  endfacet
  facet normal 0 0 -1
    outer loop
      vertex 21.908 49.182 0
      vertex 22.1756 72.182 0
      vertex 22.1756 49.018 0
    endloop
  endfacet
  facet normal 0 0 -1
    outer loop
      vertex 21.908 49.182 0
      vertex 21.908 72.018 0
      vertex 22.1756 72.182 0
    endloop
  endfacet
  facet normal 0 0 -1
    outer loop
      vertex 21.618 49.3021 0
      vertex 21.908 72.018 0
      vertex 21.908 49.182 0
    endloop
  endfacet
  facet normal 0 0 -1
    outer loop
      vertex 21.618 49.3021 0
      vertex 21.618 71.8979 0
      vertex 21.908 72.018 0
    endloop
  endfacet
  facet normal 0 0 -1
    outer loop
      vertex 21.3129 49.3754 0
      vertex 21.618 71.8979 0
      vertex 21.618 49.3021 0
    endloop
  endfacet
  facet normal 0 0 -1
    outer loop
      vertex 21.3129 49.3754 0
      vertex 21.3129 71.8246 0
      vertex 21.618 71.8979 0
    endloop
  endfacet
  facet normal 0 0 -1
    outer loop
      vertex 21 49.4 0
      vertex 21.3129 71.8246 0
      vertex 21.3129 49.3754 0
    endloop
  endfacet
  facet normal 0 0 -1
    outer loop
      vertex 21 49.4 0
      vertex 21 71.8 0
      vertex 21.3129 71.8246 0
    endloop
  endfacet
  facet normal 0 0 -1
    outer loop
      vertex 20.6871 49.3754 0
      vertex 21 71.8 0
      vertex 21 49.4 0
    endloop
  endfacet
  facet normal 0 0 -1
    outer loop
      vertex 20.6871 49.3754 0
      vertex 20.6871 71.8246 0
      vertex 21 71.8 0
    endloop
  endfacet
  facet normal 0 0 -1
    outer loop
      vertex 20.382 49.3021 0
      vertex 20.6871 71.8246 0
      vertex 20.6871 49.3754 0
    endloop
  endfacet
  facet normal 0 0 -1
    outer loop
      vertex 20.382 49.3021 0
      vertex 20.382 71.8979 0
      vertex 20.6871 71.8246 0
    endloop
  endfacet
  facet normal 0 0 -1
    outer loop
      vertex 20.092 49.182 0
      vertex 20.382 71.8979 0
      vertex 20.382 49.3021 0
    endloop
  endfacet
  facet normal 0 0 -1
    outer loop
      vertex 20.092 49.182 0
      vertex 20.092 72.018 0
      vertex 20.382 71.8979 0
    endloop
  endfacet
  facet normal 0 0 -1
    outer loop
      vertex 19.8244 49.018 0
      vertex 20.092 72.018 0
      vertex 20.092 49.182 0
    endloop
  endfacet
  facet normal 0 0 -1
    outer loop
      vertex 19.8244 49.018 0
      vertex 19.8244 72.182 0
      vertex 20.092 72.018 0
    endloop
  endfacet
  facet normal 0 0 -1
    outer loop
      vertex 19.5858 48.8142 0
      vertex 19.8244 72.182 0
      vertex 19.8244 49.018 0
    endloop
  endfacet
  facet normal 0 0 -1
    outer loop
      vertex 19.5858 48.8142 0
      vertex 19.5858 72.3858 0
      vertex 19.8244 72.182 0
    endloop
  endfacet
  facet normal 0 0 -1
    outer loop
      vertex 19.382 48.5756 0
      vertex 19.5858 72.3858 0
      vertex 19.5858 48.8142 0
    endloop
  endfacet
  facet normal 0 0 -1
    outer loop
      vertex 19.382 48.5756 0
      vertex 19.382 72.6244 0
      vertex 19.5858 72.3858 0
    endloop
  endfacet
  facet normal 0 0 -1
    outer loop
      vertex 19.218 48.308 0
      vertex 19.382 72.6244 0
      vertex 19.382 48.5756 0
    endloop
  endfacet
  facet normal 0 0 -1
    outer loop
      vertex 19.218 48.308 0
      vertex 19.218 72.892 0
      vertex 19.382 72.6244 0
    endloop
  endfacet
  facet normal 0 0 -1
    outer loop
      vertex 19.0979 48.018 0
      vertex 19.218 72.892 0
      vertex 19.218 48.308 0
    endloop
  endfacet
  facet normal 0 0 -1
    outer loop
      vertex 19.0979 48.018 0
      vertex 19.0979 73.182 0
      vertex 19.218 72.892 0
    endloop
  endfacet
  facet normal 0 0 -1
    outer loop
      vertex 19.0246 47.7129 0
      vertex 19.0979 73.182 0
      vertex 19.0979 48.018 0
    endloop
  endfacet
  facet normal 0 0 -1
    outer loop
      vertex 19.0246 47.7129 0
      vertex 19.0246 73.4871 0
      vertex 19.0979 73.182 0
    endloop
  endfacet
  facet normal 0 0 -1
    outer loop
      vertex 0 0 0
      vertex 19.0246 47.7129 0
      vertex 19 47.4 0
    endloop
  endfacet
  facet normal -0 0 -1
    outer loop
      vertex 19.0246 47.7129 0
      vertex 0 0 0
      vertex 19.0246 73.4871 0
    endloop
  endfacet
  facet normal 0 0 -1
    outer loop
      vertex 64.9312 21.618 0
      vertex 22.9021 21.618 0
      vertex 65.0513 21.908 0
    endloop
  endfacet
  facet normal 0 0 -1
    outer loop
      vertex 65.0513 21.908 0
      vertex 22.9754 47.0871 0
      vertex 23 47.4 0
    endloop
  endfacet
  facet normal 0 0 -1
    outer loop
      vertex 22.782 21.908 0
      vertex 65.0513 21.908 0
      vertex 22.9021 21.618 0
    endloop
  endfacet
  facet normal 0 0 -1
    outer loop
      vertex 65.0513 21.908 0
      vertex 22.9021 46.782 0
      vertex 22.9754 47.0871 0
    endloop
  endfacet
  facet normal 0 0 -1
    outer loop
      vertex 22.782 46.492 0
      vertex 65.0513 21.908 0
      vertex 22.782 21.908 0
    endloop
  endfacet
  facet normal 0 0 -1
    outer loop
      vertex 65.0513 21.908 0
      vertex 22.782 46.492 0
      vertex 22.9021 46.782 0
    endloop
  endfacet
  facet normal 0 0 -1
    outer loop
      vertex 22.618 22.1756 0
      vertex 22.782 46.492 0
      vertex 22.782 21.908 0
    endloop
  endfacet
  facet normal 0 0 -1
    outer loop
      vertex 22.618 22.1756 0
      vertex 22.618 46.2244 0
      vertex 22.782 46.492 0
    endloop
  endfacet
  facet normal 0 0 -1
    outer loop
      vertex 22.4142 22.4142 0
      vertex 22.618 46.2244 0
      vertex 22.618 22.1756 0
    endloop
  endfacet
  facet normal 0 0 -1
    outer loop
      vertex 22.4142 22.4142 0
      vertex 22.4142 45.9858 0
      vertex 22.618 46.2244 0
    endloop
  endfacet
  facet normal 0 0 -1
    outer loop
      vertex 22.1756 22.618 0
      vertex 22.4142 45.9858 0
      vertex 22.4142 22.4142 0
    endloop
  endfacet
  facet normal 0 0 -1
    outer loop
      vertex 22.1756 22.618 0
      vertex 22.1756 45.782 0
      vertex 22.4142 45.9858 0
    endloop
  endfacet
  facet normal 0 0 -1
    outer loop
      vertex 21.908 22.782 0
      vertex 22.1756 45.782 0
      vertex 22.1756 22.618 0
    endloop
  endfacet
  facet normal 0 0 -1
    outer loop
      vertex 21.908 22.782 0
      vertex 21.908 45.618 0
      vertex 22.1756 45.782 0
    endloop
  endfacet
  facet normal 0 0 -1
    outer loop
      vertex 21.618 22.9021 0
      vertex 21.908 45.618 0
      vertex 21.908 22.782 0
    endloop
  endfacet
  facet normal 0 0 -1
    outer loop
      vertex 21.618 22.9021 0
      vertex 21.618 45.4979 0
      vertex 21.908 45.618 0
    endloop
  endfacet
  facet normal 0 0 -1
    outer loop
      vertex 21.3129 22.9754 0
      vertex 21.618 45.4979 0
      vertex 21.618 22.9021 0
    endloop
  endfacet
  facet normal 0 0 -1
    outer loop
      vertex 21.3129 22.9754 0
      vertex 21.3129 45.4246 0
      vertex 21.618 45.4979 0
    endloop
  endfacet
  facet normal 0 0 -1
    outer loop
      vertex 21 23 0
      vertex 21.3129 45.4246 0
      vertex 21.3129 22.9754 0
    endloop
  endfacet
  facet normal 0 0 -1
    outer loop
      vertex 21 23 0
      vertex 21 45.4 0
      vertex 21.3129 45.4246 0
    endloop
  endfacet
  facet normal 0 0 -1
    outer loop
      vertex 20.6871 22.9754 0
      vertex 21 45.4 0
      vertex 21 23 0
    endloop
  endfacet
  facet normal 0 0 -1
    outer loop
      vertex 20.6871 22.9754 0
      vertex 20.6871 45.4246 0
      vertex 21 45.4 0
    endloop
  endfacet
  facet normal 0 0 -1
    outer loop
      vertex 20.382 22.9021 0
      vertex 20.6871 45.4246 0
      vertex 20.6871 22.9754 0
    endloop
  endfacet
  facet normal 0 0 -1
    outer loop
      vertex 20.382 22.9021 0
      vertex 20.382 45.4979 0
      vertex 20.6871 45.4246 0
    endloop
  endfacet
  facet normal 0 0 -1
    outer loop
      vertex 20.092 22.782 0
      vertex 20.382 45.4979 0
      vertex 20.382 22.9021 0
    endloop
  endfacet
  facet normal 0 0 -1
    outer loop
      vertex 20.092 22.782 0
      vertex 20.092 45.618 0
      vertex 20.382 45.4979 0
    endloop
  endfacet
  facet normal 0 0 -1
    outer loop
      vertex 19.8244 22.618 0
      vertex 20.092 45.618 0
      vertex 20.092 22.782 0
    endloop
  endfacet
  facet normal 0 0 -1
    outer loop
      vertex 19.8244 22.618 0
      vertex 19.8244 45.782 0
      vertex 20.092 45.618 0
    endloop
  endfacet
  facet normal 0 0 -1
    outer loop
      vertex 19.5858 22.4142 0
      vertex 19.8244 45.782 0
      vertex 19.8244 22.618 0
    endloop
  endfacet
  facet normal 0 0 -1
    outer loop
      vertex 19.5858 22.4142 0
      vertex 19.5858 45.9858 0
      vertex 19.8244 45.782 0
    endloop
  endfacet
  facet normal 0 0 -1
    outer loop
      vertex 19.382 22.1756 0
      vertex 19.5858 45.9858 0
      vertex 19.5858 22.4142 0
    endloop
  endfacet
  facet normal 0 0 -1
    outer loop
      vertex 19.382 22.1756 0
      vertex 19.382 46.2244 0
      vertex 19.5858 45.9858 0
    endloop
  endfacet
  facet normal 0 0 -1
    outer loop
      vertex 19.218 21.908 0
      vertex 19.382 46.2244 0
      vertex 19.382 22.1756 0
    endloop
  endfacet
  facet normal 0 0 -1
    outer loop
      vertex 19.218 21.908 0
      vertex 19.218 46.492 0
      vertex 19.382 46.2244 0
    endloop
  endfacet
  facet normal 0 0 -1
    outer loop
      vertex 19.0979 21.618 0
      vertex 19.218 46.492 0
      vertex 19.218 21.908 0
    endloop
  endfacet
  facet normal 0 0 -1
    outer loop
      vertex 19.0979 21.618 0
      vertex 19.0979 46.782 0
      vertex 19.218 46.492 0
    endloop
  endfacet
  facet normal 0 0 -1
    outer loop
      vertex 0 0 0
      vertex 19.0979 21.618 0
      vertex 19.0246 21.3129 0
    endloop
  endfacet
  facet normal -0 0 -1
    outer loop
      vertex 19.0979 21.618 0
      vertex 0 0 0
      vertex 19.0979 46.782 0
    endloop
  endfacet
  facet normal 0 0 -1
    outer loop
      vertex 0 0 0
      vertex 19.0246 21.3129 0
      vertex 19 21 0
    endloop
  endfacet
  facet normal -0 0 -1
    outer loop
      vertex 19.0979 46.782 0
      vertex 0 0 0
      vertex 19.0246 47.0871 0
    endloop
  endfacet
  facet normal 0 0 -1
    outer loop
      vertex 68.6153 127.508 0
      vertex 110.885 127.508 0
      vertex 68.7354 127.218 0
    endloop
  endfacet
  facet normal 0 0 -1
    outer loop
      vertex 110.885 152.092 0
      vertex 68.8087 152.687 0
      vertex 68.8333 153 0
    endloop
  endfacet
  facet normal 0 0 -1
    outer loop
      vertex 110.885 127.508 0
      vertex 68.6153 127.508 0
      vertex 110.885 152.092 0
    endloop
  endfacet
  facet normal 0 0 -1
    outer loop
      vertex 110.885 152.092 0
      vertex 68.7354 152.382 0
      vertex 68.8087 152.687 0
    endloop
  endfacet
  facet normal 0 0 -1
    outer loop
      vertex 68.6153 152.092 0
      vertex 110.885 152.092 0
      vertex 68.6153 127.508 0
    endloop
  endfacet
  facet normal 0 0 -1
    outer loop
      vertex 110.885 152.092 0
      vertex 68.6153 152.092 0
      vertex 68.7354 152.382 0
    endloop
  endfacet
  facet normal 0 0 -1
    outer loop
      vertex 68.4514 127.776 0
      vertex 68.6153 152.092 0
      vertex 68.6153 127.508 0
    endloop
  endfacet
  facet normal 0 0 -1
    outer loop
      vertex 68.4514 127.776 0
      vertex 68.4514 151.824 0
      vertex 68.6153 152.092 0
    endloop
  endfacet
  facet normal 0 0 -1
    outer loop
      vertex 68.2475 128.014 0
      vertex 68.4514 151.824 0
      vertex 68.4514 127.776 0
    endloop
  endfacet
  facet normal 0 0 -1
    outer loop
      vertex 68.2475 128.014 0
      vertex 68.2475 151.586 0
      vertex 68.4514 151.824 0
    endloop
  endfacet
  facet normal 0 0 -1
    outer loop
      vertex 68.0089 128.218 0
      vertex 68.2475 151.586 0
      vertex 68.2475 128.014 0
    endloop
  endfacet
  facet normal 0 0 -1
    outer loop
      vertex 68.0089 128.218 0
      vertex 68.0089 151.382 0
      vertex 68.2475 151.586 0
    endloop
  endfacet
  facet normal 0 0 -1
    outer loop
      vertex 67.7413 128.382 0
      vertex 68.0089 151.382 0
      vertex 68.0089 128.218 0
    endloop
  endfacet
  facet normal 0 0 -1
    outer loop
      vertex 67.7413 128.382 0
      vertex 67.7413 151.218 0
      vertex 68.0089 151.382 0
    endloop
  endfacet
  facet normal 0 0 -1
    outer loop
      vertex 67.4514 128.502 0
      vertex 67.7413 151.218 0
      vertex 67.7413 128.382 0
    endloop
  endfacet
  facet normal 0 0 -1
    outer loop
      vertex 67.4514 128.502 0
      vertex 67.4514 151.098 0
      vertex 67.7413 151.218 0
    endloop
  endfacet
  facet normal 0 0 -1
    outer loop
      vertex 67.1462 128.575 0
      vertex 67.4514 151.098 0
      vertex 67.4514 128.502 0
    endloop
  endfacet
  facet normal 0 0 -1
    outer loop
      vertex 67.1462 128.575 0
      vertex 67.1462 151.025 0
      vertex 67.4514 151.098 0
    endloop
  endfacet
  facet normal 0 0 -1
    outer loop
      vertex 66.8333 128.6 0
      vertex 67.1462 151.025 0
      vertex 67.1462 128.575 0
    endloop
  endfacet
  facet normal 0 0 -1
    outer loop
      vertex 66.8333 128.6 0
      vertex 66.8333 151 0
      vertex 67.1462 151.025 0
    endloop
  endfacet
  facet normal 0 0 -1
    outer loop
      vertex 66.5205 128.575 0
      vertex 66.8333 151 0
      vertex 66.8333 128.6 0
    endloop
  endfacet
  facet normal 0 0 -1
    outer loop
      vertex 66.5205 128.575 0
      vertex 66.5205 151.025 0
      vertex 66.8333 151 0
    endloop
  endfacet
  facet normal 0 0 -1
    outer loop
      vertex 66.2153 128.502 0
      vertex 66.5205 151.025 0
      vertex 66.5205 128.575 0
    endloop
  endfacet
  facet normal 0 0 -1
    outer loop
      vertex 66.2153 128.502 0
      vertex 66.2153 151.098 0
      vertex 66.5205 151.025 0
    endloop
  endfacet
  facet normal 0 0 -1
    outer loop
      vertex 65.9254 128.382 0
      vertex 66.2153 151.098 0
      vertex 66.2153 128.502 0
    endloop
  endfacet
  facet normal 0 0 -1
    outer loop
      vertex 65.9254 128.382 0
      vertex 65.9254 151.218 0
      vertex 66.2153 151.098 0
    endloop
  endfacet
  facet normal 0 0 -1
    outer loop
      vertex 65.6578 128.218 0
      vertex 65.9254 151.218 0
      vertex 65.9254 128.382 0
    endloop
  endfacet
  facet normal 0 0 -1
    outer loop
      vertex 65.6578 128.218 0
      vertex 65.6578 151.382 0
      vertex 65.9254 151.218 0
    endloop
  endfacet
  facet normal 0 0 -1
    outer loop
      vertex 65.4191 128.014 0
      vertex 65.6578 151.382 0
      vertex 65.6578 128.218 0
    endloop
  endfacet
  facet normal 0 0 -1
    outer loop
      vertex 65.4191 128.014 0
      vertex 65.4191 151.586 0
      vertex 65.6578 151.382 0
    endloop
  endfacet
  facet normal 0 0 -1
    outer loop
      vertex 65.2153 127.776 0
      vertex 65.4191 151.586 0
      vertex 65.4191 128.014 0
    endloop
  endfacet
  facet normal 0 0 -1
    outer loop
      vertex 65.2153 127.776 0
      vertex 65.2153 151.824 0
      vertex 65.4191 151.586 0
    endloop
  endfacet
  facet normal 0 0 -1
    outer loop
      vertex 65.0513 127.508 0
      vertex 65.2153 151.824 0
      vertex 65.2153 127.776 0
    endloop
  endfacet
  facet normal 0 0 -1
    outer loop
      vertex 65.0513 127.508 0
      vertex 65.0513 152.092 0
      vertex 65.2153 151.824 0
    endloop
  endfacet
  facet normal 0 0 -1
    outer loop
      vertex 64.858 126.913 0
      vertex 22.9754 126.913 0
      vertex 64.9312 127.218 0
    endloop
  endfacet
  facet normal 0 0 -1
    outer loop
      vertex 22.9021 127.218 0
      vertex 64.9312 127.218 0
      vertex 22.9754 126.913 0
    endloop
  endfacet
  facet normal 0 0 -1
    outer loop
      vertex 22.9754 126.913 0
      vertex 64.858 126.913 0
      vertex 23 126.6 0
    endloop
  endfacet
  facet normal 0 0 -1
    outer loop
      vertex 64.9312 127.218 0
      vertex 22.9021 127.218 0
      vertex 65.0513 127.508 0
    endloop
  endfacet
  facet normal 0 0 -1
    outer loop
      vertex 23 126.6 0
      vertex 64.858 126.913 0
      vertex 64.8333 126.6 0
    endloop
  endfacet
  facet normal 0 0 -1
    outer loop
      vertex 65.0513 152.092 0
      vertex 23 153 0
      vertex 64.9312 152.382 0
    endloop
  endfacet
  facet normal 0 0 -1
    outer loop
      vertex 68.6153 101.108 0
      vertex 110.885 101.108 0
      vertex 68.7354 100.818 0
    endloop
  endfacet
  facet normal 0 0 -1
    outer loop
      vertex 110.885 125.692 0
      vertex 68.8087 126.287 0
      vertex 68.8333 126.6 0
    endloop
  endfacet
  facet normal 0 0 -1
    outer loop
      vertex 110.885 101.108 0
      vertex 68.6153 101.108 0
      vertex 110.885 125.692 0
    endloop
  endfacet
  facet normal 0 0 -1
    outer loop
      vertex 110.885 125.692 0
      vertex 68.7354 125.982 0
      vertex 68.8087 126.287 0
    endloop
  endfacet
  facet normal 0 0 -1
    outer loop
      vertex 68.6153 125.692 0
      vertex 110.885 125.692 0
      vertex 68.6153 101.108 0
    endloop
  endfacet
  facet normal 0 0 -1
    outer loop
      vertex 110.885 125.692 0
      vertex 68.6153 125.692 0
      vertex 68.7354 125.982 0
    endloop
  endfacet
  facet normal 0 0 -1
    outer loop
      vertex 68.4514 101.376 0
      vertex 68.6153 125.692 0
      vertex 68.6153 101.108 0
    endloop
  endfacet
  facet normal 0 0 -1
    outer loop
      vertex 68.4514 101.376 0
      vertex 68.4514 125.424 0
      vertex 68.6153 125.692 0
    endloop
  endfacet
  facet normal 0 0 -1
    outer loop
      vertex 68.2475 101.614 0
      vertex 68.4514 125.424 0
      vertex 68.4514 101.376 0
    endloop
  endfacet
  facet normal 0 0 -1
    outer loop
      vertex 68.2475 101.614 0
      vertex 68.2475 125.186 0
      vertex 68.4514 125.424 0
    endloop
  endfacet
  facet normal 0 0 -1
    outer loop
      vertex 68.0089 101.818 0
      vertex 68.2475 125.186 0
      vertex 68.2475 101.614 0
    endloop
  endfacet
  facet normal 0 0 -1
    outer loop
      vertex 68.0089 101.818 0
      vertex 68.0089 124.982 0
      vertex 68.2475 125.186 0
    endloop
  endfacet
  facet normal 0 0 -1
    outer loop
      vertex 67.7413 101.982 0
      vertex 68.0089 124.982 0
      vertex 68.0089 101.818 0
    endloop
  endfacet
  facet normal 0 0 -1
    outer loop
      vertex 67.7413 101.982 0
      vertex 67.7413 124.818 0
      vertex 68.0089 124.982 0
    endloop
  endfacet
  facet normal 0 0 -1
    outer loop
      vertex 67.4514 102.102 0
      vertex 67.7413 124.818 0
      vertex 67.7413 101.982 0
    endloop
  endfacet
  facet normal 0 0 -1
    outer loop
      vertex 67.4514 102.102 0
      vertex 67.4514 124.698 0
      vertex 67.7413 124.818 0
    endloop
  endfacet
  facet normal 0 0 -1
    outer loop
      vertex 67.1462 102.175 0
      vertex 67.4514 124.698 0
      vertex 67.4514 102.102 0
    endloop
  endfacet
  facet normal 0 0 -1
    outer loop
      vertex 67.1462 102.175 0
      vertex 67.1462 124.625 0
      vertex 67.4514 124.698 0
    endloop
  endfacet
  facet normal 0 0 -1
    outer loop
      vertex 66.8333 102.2 0
      vertex 67.1462 124.625 0
      vertex 67.1462 102.175 0
    endloop
  endfacet
  facet normal 0 0 -1
    outer loop
      vertex 66.8333 102.2 0
      vertex 66.8333 124.6 0
      vertex 67.1462 124.625 0
    endloop
  endfacet
  facet normal 0 0 -1
    outer loop
      vertex 66.5205 102.175 0
      vertex 66.8333 124.6 0
      vertex 66.8333 102.2 0
    endloop
  endfacet
  facet normal 0 0 -1
    outer loop
      vertex 66.5205 102.175 0
      vertex 66.5205 124.625 0
      vertex 66.8333 124.6 0
    endloop
  endfacet
  facet normal 0 0 -1
    outer loop
      vertex 66.2153 102.102 0
      vertex 66.5205 124.625 0
      vertex 66.5205 102.175 0
    endloop
  endfacet
  facet normal 0 0 -1
    outer loop
      vertex 66.2153 102.102 0
      vertex 66.2153 124.698 0
      vertex 66.5205 124.625 0
    endloop
  endfacet
  facet normal 0 0 -1
    outer loop
      vertex 65.9254 101.982 0
      vertex 66.2153 124.698 0
      vertex 66.2153 102.102 0
    endloop
  endfacet
  facet normal 0 0 -1
    outer loop
      vertex 65.9254 101.982 0
      vertex 65.9254 124.818 0
      vertex 66.2153 124.698 0
    endloop
  endfacet
  facet normal 0 0 -1
    outer loop
      vertex 65.6578 101.818 0
      vertex 65.9254 124.818 0
      vertex 65.9254 101.982 0
    endloop
  endfacet
  facet normal 0 0 -1
    outer loop
      vertex 65.6578 101.818 0
      vertex 65.6578 124.982 0
      vertex 65.9254 124.818 0
    endloop
  endfacet
  facet normal 0 0 -1
    outer loop
      vertex 65.4191 101.614 0
      vertex 65.6578 124.982 0
      vertex 65.6578 101.818 0
    endloop
  endfacet
  facet normal 0 0 -1
    outer loop
      vertex 65.4191 101.614 0
      vertex 65.4191 125.186 0
      vertex 65.6578 124.982 0
    endloop
  endfacet
  facet normal 0 0 -1
    outer loop
      vertex 65.2153 101.376 0
      vertex 65.4191 125.186 0
      vertex 65.4191 101.614 0
    endloop
  endfacet
  facet normal 0 0 -1
    outer loop
      vertex 65.2153 101.376 0
      vertex 65.2153 125.424 0
      vertex 65.4191 125.186 0
    endloop
  endfacet
  facet normal 0 0 -1
    outer loop
      vertex 65.0513 101.108 0
      vertex 65.2153 125.424 0
      vertex 65.2153 101.376 0
    endloop
  endfacet
  facet normal 0 0 -1
    outer loop
      vertex 65.0513 101.108 0
      vertex 65.0513 125.692 0
      vertex 65.2153 125.424 0
    endloop
  endfacet
  facet normal 0 0 -1
    outer loop
      vertex 64.858 100.513 0
      vertex 22.9754 100.513 0
      vertex 64.9312 100.818 0
    endloop
  endfacet
  facet normal 0 0 -1
    outer loop
      vertex 22.9021 100.818 0
      vertex 64.9312 100.818 0
      vertex 22.9754 100.513 0
    endloop
  endfacet
  facet normal 0 0 -1
    outer loop
      vertex 22.9754 100.513 0
      vertex 64.858 100.513 0
      vertex 23 100.2 0
    endloop
  endfacet
  facet normal 0 0 -1
    outer loop
      vertex 64.9312 100.818 0
      vertex 22.9021 100.818 0
      vertex 65.0513 101.108 0
    endloop
  endfacet
  facet normal 0 0 -1
    outer loop
      vertex 23 100.2 0
      vertex 64.858 100.513 0
      vertex 64.8333 100.2 0
    endloop
  endfacet
  facet normal 0 0 -1
    outer loop
      vertex 65.0513 125.692 0
      vertex 23 126.6 0
      vertex 64.9312 125.982 0
    endloop
  endfacet
  facet normal 0 0 -1
    outer loop
      vertex 68.6153 74.708 0
      vertex 110.885 74.708 0
      vertex 68.7354 74.418 0
    endloop
  endfacet
  facet normal 0 0 -1
    outer loop
      vertex 110.885 99.292 0
      vertex 68.8087 99.8871 0
      vertex 68.8333 100.2 0
    endloop
  endfacet
  facet normal 0 0 -1
    outer loop
      vertex 110.885 74.708 0
      vertex 68.6153 74.708 0
      vertex 110.885 99.292 0
    endloop
  endfacet
  facet normal 0 0 -1
    outer loop
      vertex 110.885 99.292 0
      vertex 68.7354 99.582 0
      vertex 68.8087 99.8871 0
    endloop
  endfacet
  facet normal 0 0 -1
    outer loop
      vertex 68.6153 99.292 0
      vertex 110.885 99.292 0
      vertex 68.6153 74.708 0
    endloop
  endfacet
  facet normal 0 0 -1
    outer loop
      vertex 110.885 99.292 0
      vertex 68.6153 99.292 0
      vertex 68.7354 99.582 0
    endloop
  endfacet
  facet normal 0 0 -1
    outer loop
      vertex 68.4514 74.9756 0
      vertex 68.6153 99.292 0
      vertex 68.6153 74.708 0
    endloop
  endfacet
  facet normal 0 0 -1
    outer loop
      vertex 68.4514 74.9756 0
      vertex 68.4514 99.0244 0
      vertex 68.6153 99.292 0
    endloop
  endfacet
  facet normal 0 0 -1
    outer loop
      vertex 68.2475 75.2142 0
      vertex 68.4514 99.0244 0
      vertex 68.4514 74.9756 0
    endloop
  endfacet
  facet normal 0 0 -1
    outer loop
      vertex 68.2475 75.2142 0
      vertex 68.2475 98.7858 0
      vertex 68.4514 99.0244 0
    endloop
  endfacet
  facet normal 0 0 -1
    outer loop
      vertex 68.0089 75.418 0
      vertex 68.2475 98.7858 0
      vertex 68.2475 75.2142 0
    endloop
  endfacet
  facet normal 0 0 -1
    outer loop
      vertex 68.0089 75.418 0
      vertex 68.0089 98.582 0
      vertex 68.2475 98.7858 0
    endloop
  endfacet
  facet normal 0 0 -1
    outer loop
      vertex 67.7413 75.582 0
      vertex 68.0089 98.582 0
      vertex 68.0089 75.418 0
    endloop
  endfacet
  facet normal 0 0 -1
    outer loop
      vertex 67.7413 75.582 0
      vertex 67.7413 98.418 0
      vertex 68.0089 98.582 0
    endloop
  endfacet
  facet normal 0 0 -1
    outer loop
      vertex 67.4514 75.7021 0
      vertex 67.7413 98.418 0
      vertex 67.7413 75.582 0
    endloop
  endfacet
  facet normal 0 0 -1
    outer loop
      vertex 67.4514 75.7021 0
      vertex 67.4514 98.2979 0
      vertex 67.7413 98.418 0
    endloop
  endfacet
  facet normal 0 0 -1
    outer loop
      vertex 67.1462 75.7754 0
      vertex 67.4514 98.2979 0
      vertex 67.4514 75.7021 0
    endloop
  endfacet
  facet normal 0 0 -1
    outer loop
      vertex 67.1462 75.7754 0
      vertex 67.1462 98.2246 0
      vertex 67.4514 98.2979 0
    endloop
  endfacet
  facet normal 0 0 -1
    outer loop
      vertex 66.8333 75.8 0
      vertex 67.1462 98.2246 0
      vertex 67.1462 75.7754 0
    endloop
  endfacet
  facet normal 0 0 -1
    outer loop
      vertex 66.8333 75.8 0
      vertex 66.8333 98.2 0
      vertex 67.1462 98.2246 0
    endloop
  endfacet
  facet normal 0 0 -1
    outer loop
      vertex 66.5205 75.7754 0
      vertex 66.8333 98.2 0
      vertex 66.8333 75.8 0
    endloop
  endfacet
  facet normal 0 0 -1
    outer loop
      vertex 66.5205 75.7754 0
      vertex 66.5205 98.2246 0
      vertex 66.8333 98.2 0
    endloop
  endfacet
  facet normal 0 0 -1
    outer loop
      vertex 66.2153 75.7021 0
      vertex 66.5205 98.2246 0
      vertex 66.5205 75.7754 0
    endloop
  endfacet
  facet normal 0 0 -1
    outer loop
      vertex 66.2153 75.7021 0
      vertex 66.2153 98.2979 0
      vertex 66.5205 98.2246 0
    endloop
  endfacet
  facet normal 0 0 -1
    outer loop
      vertex 65.9254 75.582 0
      vertex 66.2153 98.2979 0
      vertex 66.2153 75.7021 0
    endloop
  endfacet
  facet normal 0 0 -1
    outer loop
      vertex 65.9254 75.582 0
      vertex 65.9254 98.418 0
      vertex 66.2153 98.2979 0
    endloop
  endfacet
  facet normal 0 0 -1
    outer loop
      vertex 65.6578 75.418 0
      vertex 65.9254 98.418 0
      vertex 65.9254 75.582 0
    endloop
  endfacet
  facet normal 0 0 -1
    outer loop
      vertex 65.6578 75.418 0
      vertex 65.6578 98.582 0
      vertex 65.9254 98.418 0
    endloop
  endfacet
  facet normal 0 0 -1
    outer loop
      vertex 65.4191 75.2142 0
      vertex 65.6578 98.582 0
      vertex 65.6578 75.418 0
    endloop
  endfacet
  facet normal 0 0 -1
    outer loop
      vertex 65.4191 75.2142 0
      vertex 65.4191 98.7858 0
      vertex 65.6578 98.582 0
    endloop
  endfacet
  facet normal 0 0 -1
    outer loop
      vertex 65.2153 74.9756 0
      vertex 65.4191 98.7858 0
      vertex 65.4191 75.2142 0
    endloop
  endfacet
  facet normal 0 0 -1
    outer loop
      vertex 65.2153 74.9756 0
      vertex 65.2153 99.0244 0
      vertex 65.4191 98.7858 0
    endloop
  endfacet
  facet normal 0 0 -1
    outer loop
      vertex 65.0513 74.708 0
      vertex 65.2153 99.0244 0
      vertex 65.2153 74.9756 0
    endloop
  endfacet
  facet normal 0 0 -1
    outer loop
      vertex 65.0513 74.708 0
      vertex 65.0513 99.292 0
      vertex 65.2153 99.0244 0
    endloop
  endfacet
  facet normal 0 0 -1
    outer loop
      vertex 64.858 74.1129 0
      vertex 22.9754 74.1129 0
      vertex 64.9312 74.418 0
    endloop
  endfacet
  facet normal 0 0 -1
    outer loop
      vertex 22.9021 74.418 0
      vertex 64.9312 74.418 0
      vertex 22.9754 74.1129 0
    endloop
  endfacet
  facet normal 0 0 -1
    outer loop
      vertex 22.9754 74.1129 0
      vertex 64.858 74.1129 0
      vertex 23 73.8 0
    endloop
  endfacet
  facet normal 0 0 -1
    outer loop
      vertex 64.9312 74.418 0
      vertex 22.9021 74.418 0
      vertex 65.0513 74.708 0
    endloop
  endfacet
  facet normal 0 0 -1
    outer loop
      vertex 23 73.8 0
      vertex 64.858 74.1129 0
      vertex 64.8333 73.8 0
    endloop
  endfacet
  facet normal 0 0 -1
    outer loop
      vertex 65.0513 99.292 0
      vertex 23 100.2 0
      vertex 64.9312 99.582 0
    endloop
  endfacet
  facet normal 0 0 -1
    outer loop
      vertex 68.6153 48.308 0
      vertex 110.885 48.308 0
      vertex 68.7354 48.018 0
    endloop
  endfacet
  facet normal 0 0 -1
    outer loop
      vertex 110.885 72.892 0
      vertex 68.8087 73.4871 0
      vertex 68.8333 73.8 0
    endloop
  endfacet
  facet normal 0 0 -1
    outer loop
      vertex 110.885 48.308 0
      vertex 68.6153 48.308 0
      vertex 110.885 72.892 0
    endloop
  endfacet
  facet normal 0 0 -1
    outer loop
      vertex 110.885 72.892 0
      vertex 68.7354 73.182 0
      vertex 68.8087 73.4871 0
    endloop
  endfacet
  facet normal 0 0 -1
    outer loop
      vertex 68.6153 72.892 0
      vertex 110.885 72.892 0
      vertex 68.6153 48.308 0
    endloop
  endfacet
  facet normal 0 0 -1
    outer loop
      vertex 110.885 72.892 0
      vertex 68.6153 72.892 0
      vertex 68.7354 73.182 0
    endloop
  endfacet
  facet normal 0 0 -1
    outer loop
      vertex 68.4514 48.5756 0
      vertex 68.6153 72.892 0
      vertex 68.6153 48.308 0
    endloop
  endfacet
  facet normal 0 0 -1
    outer loop
      vertex 68.4514 48.5756 0
      vertex 68.4514 72.6244 0
      vertex 68.6153 72.892 0
    endloop
  endfacet
  facet normal 0 0 -1
    outer loop
      vertex 68.2475 48.8142 0
      vertex 68.4514 72.6244 0
      vertex 68.4514 48.5756 0
    endloop
  endfacet
  facet normal 0 0 -1
    outer loop
      vertex 68.2475 48.8142 0
      vertex 68.2475 72.3858 0
      vertex 68.4514 72.6244 0
    endloop
  endfacet
  facet normal 0 0 -1
    outer loop
      vertex 68.0089 49.018 0
      vertex 68.2475 72.3858 0
      vertex 68.2475 48.8142 0
    endloop
  endfacet
  facet normal 0 0 -1
    outer loop
      vertex 68.0089 49.018 0
      vertex 68.0089 72.182 0
      vertex 68.2475 72.3858 0
    endloop
  endfacet
  facet normal 0 0 -1
    outer loop
      vertex 67.7413 49.182 0
      vertex 68.0089 72.182 0
      vertex 68.0089 49.018 0
    endloop
  endfacet
  facet normal 0 0 -1
    outer loop
      vertex 67.7413 49.182 0
      vertex 67.7413 72.018 0
      vertex 68.0089 72.182 0
    endloop
  endfacet
  facet normal 0 0 -1
    outer loop
      vertex 67.4514 49.3021 0
      vertex 67.7413 72.018 0
      vertex 67.7413 49.182 0
    endloop
  endfacet
  facet normal 0 0 -1
    outer loop
      vertex 67.4514 49.3021 0
      vertex 67.4514 71.8979 0
      vertex 67.7413 72.018 0
    endloop
  endfacet
  facet normal 0 0 -1
    outer loop
      vertex 67.1462 49.3754 0
      vertex 67.4514 71.8979 0
      vertex 67.4514 49.3021 0
    endloop
  endfacet
  facet normal 0 0 -1
    outer loop
      vertex 67.1462 49.3754 0
      vertex 67.1462 71.8246 0
      vertex 67.4514 71.8979 0
    endloop
  endfacet
  facet normal 0 0 -1
    outer loop
      vertex 66.8333 49.4 0
      vertex 67.1462 71.8246 0
      vertex 67.1462 49.3754 0
    endloop
  endfacet
  facet normal 0 0 -1
    outer loop
      vertex 66.8333 49.4 0
      vertex 66.8333 71.8 0
      vertex 67.1462 71.8246 0
    endloop
  endfacet
  facet normal 0 0 -1
    outer loop
      vertex 66.5205 49.3754 0
      vertex 66.8333 71.8 0
      vertex 66.8333 49.4 0
    endloop
  endfacet
  facet normal 0 0 -1
    outer loop
      vertex 66.5205 49.3754 0
      vertex 66.5205 71.8246 0
      vertex 66.8333 71.8 0
    endloop
  endfacet
  facet normal 0 0 -1
    outer loop
      vertex 66.2153 49.3021 0
      vertex 66.5205 71.8246 0
      vertex 66.5205 49.3754 0
    endloop
  endfacet
  facet normal 0 0 -1
    outer loop
      vertex 66.2153 49.3021 0
      vertex 66.2153 71.8979 0
      vertex 66.5205 71.8246 0
    endloop
  endfacet
  facet normal 0 0 -1
    outer loop
      vertex 65.9254 49.182 0
      vertex 66.2153 71.8979 0
      vertex 66.2153 49.3021 0
    endloop
  endfacet
  facet normal 0 0 -1
    outer loop
      vertex 65.9254 49.182 0
      vertex 65.9254 72.018 0
      vertex 66.2153 71.8979 0
    endloop
  endfacet
  facet normal 0 0 -1
    outer loop
      vertex 65.6578 49.018 0
      vertex 65.9254 72.018 0
      vertex 65.9254 49.182 0
    endloop
  endfacet
  facet normal 0 0 -1
    outer loop
      vertex 65.6578 49.018 0
      vertex 65.6578 72.182 0
      vertex 65.9254 72.018 0
    endloop
  endfacet
  facet normal 0 0 -1
    outer loop
      vertex 65.4191 48.8142 0
      vertex 65.6578 72.182 0
      vertex 65.6578 49.018 0
    endloop
  endfacet
  facet normal 0 0 -1
    outer loop
      vertex 65.4191 48.8142 0
      vertex 65.4191 72.3858 0
      vertex 65.6578 72.182 0
    endloop
  endfacet
  facet normal 0 0 -1
    outer loop
      vertex 65.2153 48.5756 0
      vertex 65.4191 72.3858 0
      vertex 65.4191 48.8142 0
    endloop
  endfacet
  facet normal 0 0 -1
    outer loop
      vertex 65.2153 48.5756 0
      vertex 65.2153 72.6244 0
      vertex 65.4191 72.3858 0
    endloop
  endfacet
  facet normal 0 0 -1
    outer loop
      vertex 65.0513 48.308 0
      vertex 65.2153 72.6244 0
      vertex 65.2153 48.5756 0
    endloop
  endfacet
  facet normal 0 0 -1
    outer loop
      vertex 65.0513 48.308 0
      vertex 65.0513 72.892 0
      vertex 65.2153 72.6244 0
    endloop
  endfacet
  facet normal 0 0 -1
    outer loop
      vertex 64.858 47.7129 0
      vertex 22.9754 47.7129 0
      vertex 64.9312 48.018 0
    endloop
  endfacet
  facet normal 0 0 -1
    outer loop
      vertex 22.9021 48.018 0
      vertex 64.9312 48.018 0
      vertex 22.9754 47.7129 0
    endloop
  endfacet
  facet normal 0 0 -1
    outer loop
      vertex 22.9754 47.7129 0
      vertex 64.858 47.7129 0
      vertex 23 47.4 0
    endloop
  endfacet
  facet normal 0 0 -1
    outer loop
      vertex 64.9312 48.018 0
      vertex 22.9021 48.018 0
      vertex 65.0513 48.308 0
    endloop
  endfacet
  facet normal 0 0 -1
    outer loop
      vertex 23 47.4 0
      vertex 64.858 47.7129 0
      vertex 64.8333 47.4 0
    endloop
  endfacet
  facet normal 0 0 -1
    outer loop
      vertex 65.0513 72.892 0
      vertex 23 73.8 0
      vertex 64.9312 73.182 0
    endloop
  endfacet
  facet normal 0 0 -1
    outer loop
      vertex 110.765 21.618 0
      vertex 68.7354 21.618 0
      vertex 110.885 21.908 0
    endloop
  endfacet
  facet normal 0 0 -1
    outer loop
      vertex 110.885 21.908 0
      vertex 68.8087 47.0871 0
      vertex 68.8333 47.4 0
    endloop
  endfacet
  facet normal 0 0 -1
    outer loop
      vertex 68.6153 21.908 0
      vertex 110.885 21.908 0
      vertex 68.7354 21.618 0
    endloop
  endfacet
  facet normal 0 0 -1
    outer loop
      vertex 110.885 21.908 0
      vertex 68.7354 46.782 0
      vertex 68.8087 47.0871 0
    endloop
  endfacet
  facet normal 0 0 -1
    outer loop
      vertex 68.6153 46.492 0
      vertex 110.885 21.908 0
      vertex 68.6153 21.908 0
    endloop
  endfacet
  facet normal 0 0 -1
    outer loop
      vertex 110.885 21.908 0
      vertex 68.6153 46.492 0
      vertex 68.7354 46.782 0
    endloop
  endfacet
  facet normal 0 0 -1
    outer loop
      vertex 68.4514 22.1756 0
      vertex 68.6153 46.492 0
      vertex 68.6153 21.908 0
    endloop
  endfacet
  facet normal 0 0 -1
    outer loop
      vertex 68.4514 22.1756 0
      vertex 68.4514 46.2244 0
      vertex 68.6153 46.492 0
    endloop
  endfacet
  facet normal 0 0 -1
    outer loop
      vertex 68.2475 22.4142 0
      vertex 68.4514 46.2244 0
      vertex 68.4514 22.1756 0
    endloop
  endfacet
  facet normal 0 0 -1
    outer loop
      vertex 68.2475 22.4142 0
      vertex 68.2475 45.9858 0
      vertex 68.4514 46.2244 0
    endloop
  endfacet
  facet normal 0 0 -1
    outer loop
      vertex 68.0089 22.618 0
      vertex 68.2475 45.9858 0
      vertex 68.2475 22.4142 0
    endloop
  endfacet
  facet normal 0 0 -1
    outer loop
      vertex 68.0089 22.618 0
      vertex 68.0089 45.782 0
      vertex 68.2475 45.9858 0
    endloop
  endfacet
  facet normal 0 0 -1
    outer loop
      vertex 67.7413 22.782 0
      vertex 68.0089 45.782 0
      vertex 68.0089 22.618 0
    endloop
  endfacet
  facet normal 0 0 -1
    outer loop
      vertex 67.7413 22.782 0
      vertex 67.7413 45.618 0
      vertex 68.0089 45.782 0
    endloop
  endfacet
  facet normal 0 0 -1
    outer loop
      vertex 67.4514 22.9021 0
      vertex 67.7413 45.618 0
      vertex 67.7413 22.782 0
    endloop
  endfacet
  facet normal 0 0 -1
    outer loop
      vertex 67.4514 22.9021 0
      vertex 67.4514 45.4979 0
      vertex 67.7413 45.618 0
    endloop
  endfacet
  facet normal 0 0 -1
    outer loop
      vertex 67.1462 22.9754 0
      vertex 67.4514 45.4979 0
      vertex 67.4514 22.9021 0
    endloop
  endfacet
  facet normal 0 0 -1
    outer loop
      vertex 67.1462 22.9754 0
      vertex 67.1462 45.4246 0
      vertex 67.4514 45.4979 0
    endloop
  endfacet
  facet normal 0 0 -1
    outer loop
      vertex 66.8333 23 0
      vertex 67.1462 45.4246 0
      vertex 67.1462 22.9754 0
    endloop
  endfacet
  facet normal 0 0 -1
    outer loop
      vertex 66.8333 23 0
      vertex 66.8333 45.4 0
      vertex 67.1462 45.4246 0
    endloop
  endfacet
  facet normal 0 0 -1
    outer loop
      vertex 66.5205 22.9754 0
      vertex 66.8333 45.4 0
      vertex 66.8333 23 0
    endloop
  endfacet
  facet normal 0 0 -1
    outer loop
      vertex 66.5205 22.9754 0
      vertex 66.5205 45.4246 0
      vertex 66.8333 45.4 0
    endloop
  endfacet
  facet normal 0 0 -1
    outer loop
      vertex 66.2153 22.9021 0
      vertex 66.5205 45.4246 0
      vertex 66.5205 22.9754 0
    endloop
  endfacet
  facet normal 0 0 -1
    outer loop
      vertex 66.2153 22.9021 0
      vertex 66.2153 45.4979 0
      vertex 66.5205 45.4246 0
    endloop
  endfacet
  facet normal 0 0 -1
    outer loop
      vertex 65.9254 22.782 0
      vertex 66.2153 45.4979 0
      vertex 66.2153 22.9021 0
    endloop
  endfacet
  facet normal 0 0 -1
    outer loop
      vertex 65.9254 22.782 0
      vertex 65.9254 45.618 0
      vertex 66.2153 45.4979 0
    endloop
  endfacet
  facet normal 0 0 -1
    outer loop
      vertex 65.6578 22.618 0
      vertex 65.9254 45.618 0
      vertex 65.9254 22.782 0
    endloop
  endfacet
  facet normal 0 0 -1
    outer loop
      vertex 65.6578 22.618 0
      vertex 65.6578 45.782 0
      vertex 65.9254 45.618 0
    endloop
  endfacet
  facet normal 0 0 -1
    outer loop
      vertex 65.4191 22.4142 0
      vertex 65.6578 45.782 0
      vertex 65.6578 22.618 0
    endloop
  endfacet
  facet normal 0 0 -1
    outer loop
      vertex 65.4191 22.4142 0
      vertex 65.4191 45.9858 0
      vertex 65.6578 45.782 0
    endloop
  endfacet
  facet normal 0 0 -1
    outer loop
      vertex 65.2153 22.1756 0
      vertex 65.4191 45.9858 0
      vertex 65.4191 22.4142 0
    endloop
  endfacet
  facet normal 0 0 -1
    outer loop
      vertex 65.2153 22.1756 0
      vertex 65.2153 46.2244 0
      vertex 65.4191 45.9858 0
    endloop
  endfacet
  facet normal 0 0 -1
    outer loop
      vertex 65.0513 21.908 0
      vertex 65.2153 46.2244 0
      vertex 65.2153 22.1756 0
    endloop
  endfacet
  facet normal 0 0 -1
    outer loop
      vertex 65.0513 21.908 0
      vertex 65.0513 46.492 0
      vertex 65.2153 46.2244 0
    endloop
  endfacet
  facet normal 0 0 -1
    outer loop
      vertex 64.858 21.3129 0
      vertex 22.9754 21.3129 0
      vertex 64.9312 21.618 0
    endloop
  endfacet
  facet normal 0 0 -1
    outer loop
      vertex 65.0513 21.908 0
      vertex 23 47.4 0
      vertex 65.0513 46.492 0
    endloop
  endfacet
  facet normal 0 0 -1
    outer loop
      vertex 22.9754 21.3129 0
      vertex 64.858 21.3129 0
      vertex 23 21 0
    endloop
  endfacet
  facet normal 0 0 -1
    outer loop
      vertex 65.0513 46.492 0
      vertex 23 47.4 0
      vertex 64.9312 46.782 0
    endloop
  endfacet
  facet normal 0 0 -1
    outer loop
      vertex 23 21 0
      vertex 64.858 21.3129 0
      vertex 64.8333 21 0
    endloop
  endfacet
  facet normal 0 0 -1
    outer loop
      vertex 64.9312 46.782 0
      vertex 23 47.4 0
      vertex 64.858 47.0871 0
    endloop
  endfacet
  facet normal 0 0 -1
    outer loop
      vertex 114.449 127.508 0
      vertex 156.718 127.508 0
      vertex 114.569 127.218 0
    endloop
  endfacet
  facet normal 0 0 -1
    outer loop
      vertex 156.718 152.092 0
      vertex 114.642 152.687 0
      vertex 114.667 153 0
    endloop
  endfacet
  facet normal 0 0 -1
    outer loop
      vertex 156.718 127.508 0
      vertex 114.449 127.508 0
      vertex 156.718 152.092 0
    endloop
  endfacet
  facet normal 0 0 -1
    outer loop
      vertex 156.718 152.092 0
      vertex 114.569 152.382 0
      vertex 114.642 152.687 0
    endloop
  endfacet
  facet normal 0 0 -1
    outer loop
      vertex 114.449 152.092 0
      vertex 156.718 152.092 0
      vertex 114.449 127.508 0
    endloop
  endfacet
  facet normal 0 0 -1
    outer loop
      vertex 156.718 152.092 0
      vertex 114.449 152.092 0
      vertex 114.569 152.382 0
    endloop
  endfacet
  facet normal 0 0 -1
    outer loop
      vertex 114.285 127.776 0
      vertex 114.449 152.092 0
      vertex 114.449 127.508 0
    endloop
  endfacet
  facet normal 0 0 -1
    outer loop
      vertex 114.285 127.776 0
      vertex 114.285 151.824 0
      vertex 114.449 152.092 0
    endloop
  endfacet
  facet normal 0 0 -1
    outer loop
      vertex 114.081 128.014 0
      vertex 114.285 151.824 0
      vertex 114.285 127.776 0
    endloop
  endfacet
  facet normal 0 0 -1
    outer loop
      vertex 114.081 128.014 0
      vertex 114.081 151.586 0
      vertex 114.285 151.824 0
    endloop
  endfacet
  facet normal 0 0 -1
    outer loop
      vertex 113.842 128.218 0
      vertex 114.081 151.586 0
      vertex 114.081 128.014 0
    endloop
  endfacet
  facet normal 0 0 -1
    outer loop
      vertex 113.842 128.218 0
      vertex 113.842 151.382 0
      vertex 114.081 151.586 0
    endloop
  endfacet
  facet normal 0 0 -1
    outer loop
      vertex 113.575 128.382 0
      vertex 113.842 151.382 0
      vertex 113.842 128.218 0
    endloop
  endfacet
  facet normal 0 0 -1
    outer loop
      vertex 113.575 128.382 0
      vertex 113.575 151.218 0
      vertex 113.842 151.382 0
    endloop
  endfacet
  facet normal 0 0 -1
    outer loop
      vertex 113.285 128.502 0
      vertex 113.575 151.218 0
      vertex 113.575 128.382 0
    endloop
  endfacet
  facet normal 0 0 -1
    outer loop
      vertex 113.285 128.502 0
      vertex 113.285 151.098 0
      vertex 113.575 151.218 0
    endloop
  endfacet
  facet normal 0 0 -1
    outer loop
      vertex 112.98 128.575 0
      vertex 113.285 151.098 0
      vertex 113.285 128.502 0
    endloop
  endfacet
  facet normal 0 0 -1
    outer loop
      vertex 112.98 128.575 0
      vertex 112.98 151.025 0
      vertex 113.285 151.098 0
    endloop
  endfacet
  facet normal 0 0 -1
    outer loop
      vertex 112.667 128.6 0
      vertex 112.98 151.025 0
      vertex 112.98 128.575 0
    endloop
  endfacet
  facet normal 0 0 -1
    outer loop
      vertex 112.667 128.6 0
      vertex 112.667 151 0
      vertex 112.98 151.025 0
    endloop
  endfacet
  facet normal 0 0 -1
    outer loop
      vertex 112.354 128.575 0
      vertex 112.667 151 0
      vertex 112.667 128.6 0
    endloop
  endfacet
  facet normal 0 0 -1
    outer loop
      vertex 112.354 128.575 0
      vertex 112.354 151.025 0
      vertex 112.667 151 0
    endloop
  endfacet
  facet normal 0 0 -1
    outer loop
      vertex 112.049 128.502 0
      vertex 112.354 151.025 0
      vertex 112.354 128.575 0
    endloop
  endfacet
  facet normal 0 0 -1
    outer loop
      vertex 112.049 128.502 0
      vertex 112.049 151.098 0
      vertex 112.354 151.025 0
    endloop
  endfacet
  facet normal 0 0 -1
    outer loop
      vertex 111.759 128.382 0
      vertex 112.049 151.098 0
      vertex 112.049 128.502 0
    endloop
  endfacet
  facet normal 0 0 -1
    outer loop
      vertex 111.759 128.382 0
      vertex 111.759 151.218 0
      vertex 112.049 151.098 0
    endloop
  endfacet
  facet normal 0 0 -1
    outer loop
      vertex 111.491 128.218 0
      vertex 111.759 151.218 0
      vertex 111.759 128.382 0
    endloop
  endfacet
  facet normal 0 0 -1
    outer loop
      vertex 111.491 128.218 0
      vertex 111.491 151.382 0
      vertex 111.759 151.218 0
    endloop
  endfacet
  facet normal 0 0 -1
    outer loop
      vertex 111.252 128.014 0
      vertex 111.491 151.382 0
      vertex 111.491 128.218 0
    endloop
  endfacet
  facet normal 0 0 -1
    outer loop
      vertex 111.252 128.014 0
      vertex 111.252 151.586 0
      vertex 111.491 151.382 0
    endloop
  endfacet
  facet normal 0 0 -1
    outer loop
      vertex 111.049 127.776 0
      vertex 111.252 151.586 0
      vertex 111.252 128.014 0
    endloop
  endfacet
  facet normal 0 0 -1
    outer loop
      vertex 111.049 127.776 0
      vertex 111.049 151.824 0
      vertex 111.252 151.586 0
    endloop
  endfacet
  facet normal 0 0 -1
    outer loop
      vertex 110.885 127.508 0
      vertex 111.049 151.824 0
      vertex 111.049 127.776 0
    endloop
  endfacet
  facet normal 0 0 -1
    outer loop
      vertex 110.885 127.508 0
      vertex 110.885 152.092 0
      vertex 111.049 151.824 0
    endloop
  endfacet
  facet normal 0 0 -1
    outer loop
      vertex 110.691 126.913 0
      vertex 68.8087 126.913 0
      vertex 110.765 127.218 0
    endloop
  endfacet
  facet normal 0 0 -1
    outer loop
      vertex 68.7354 127.218 0
      vertex 110.765 127.218 0
      vertex 68.8087 126.913 0
    endloop
  endfacet
  facet normal 0 0 -1
    outer loop
      vertex 68.8087 126.913 0
      vertex 110.691 126.913 0
      vertex 68.8333 126.6 0
    endloop
  endfacet
  facet normal 0 0 -1
    outer loop
      vertex 110.765 127.218 0
      vertex 68.7354 127.218 0
      vertex 110.885 127.508 0
    endloop
  endfacet
  facet normal 0 0 -1
    outer loop
      vertex 68.8333 126.6 0
      vertex 110.691 126.913 0
      vertex 110.667 126.6 0
    endloop
  endfacet
  facet normal 0 0 -1
    outer loop
      vertex 110.885 152.092 0
      vertex 68.8333 153 0
      vertex 110.765 152.382 0
    endloop
  endfacet
  facet normal 0 0 -1
    outer loop
      vertex 114.449 101.108 0
      vertex 156.718 101.108 0
      vertex 114.569 100.818 0
    endloop
  endfacet
  facet normal 0 0 -1
    outer loop
      vertex 156.718 125.692 0
      vertex 114.642 126.287 0
      vertex 114.667 126.6 0
    endloop
  endfacet
  facet normal 0 0 -1
    outer loop
      vertex 156.718 101.108 0
      vertex 114.449 101.108 0
      vertex 156.718 125.692 0
    endloop
  endfacet
  facet normal 0 0 -1
    outer loop
      vertex 156.718 125.692 0
      vertex 114.569 125.982 0
      vertex 114.642 126.287 0
    endloop
  endfacet
  facet normal 0 0 -1
    outer loop
      vertex 114.449 125.692 0
      vertex 156.718 125.692 0
      vertex 114.449 101.108 0
    endloop
  endfacet
  facet normal 0 0 -1
    outer loop
      vertex 156.718 125.692 0
      vertex 114.449 125.692 0
      vertex 114.569 125.982 0
    endloop
  endfacet
  facet normal 0 0 -1
    outer loop
      vertex 114.285 101.376 0
      vertex 114.449 125.692 0
      vertex 114.449 101.108 0
    endloop
  endfacet
  facet normal 0 0 -1
    outer loop
      vertex 114.285 101.376 0
      vertex 114.285 125.424 0
      vertex 114.449 125.692 0
    endloop
  endfacet
  facet normal 0 0 -1
    outer loop
      vertex 114.081 101.614 0
      vertex 114.285 125.424 0
      vertex 114.285 101.376 0
    endloop
  endfacet
  facet normal 0 0 -1
    outer loop
      vertex 114.081 101.614 0
      vertex 114.081 125.186 0
      vertex 114.285 125.424 0
    endloop
  endfacet
  facet normal 0 0 -1
    outer loop
      vertex 113.842 101.818 0
      vertex 114.081 125.186 0
      vertex 114.081 101.614 0
    endloop
  endfacet
  facet normal 0 0 -1
    outer loop
      vertex 113.842 101.818 0
      vertex 113.842 124.982 0
      vertex 114.081 125.186 0
    endloop
  endfacet
  facet normal 0 0 -1
    outer loop
      vertex 113.575 101.982 0
      vertex 113.842 124.982 0
      vertex 113.842 101.818 0
    endloop
  endfacet
  facet normal 0 0 -1
    outer loop
      vertex 113.575 101.982 0
      vertex 113.575 124.818 0
      vertex 113.842 124.982 0
    endloop
  endfacet
  facet normal 0 0 -1
    outer loop
      vertex 113.285 102.102 0
      vertex 113.575 124.818 0
      vertex 113.575 101.982 0
    endloop
  endfacet
  facet normal 0 0 -1
    outer loop
      vertex 113.285 102.102 0
      vertex 113.285 124.698 0
      vertex 113.575 124.818 0
    endloop
  endfacet
  facet normal 0 0 -1
    outer loop
      vertex 112.98 102.175 0
      vertex 113.285 124.698 0
      vertex 113.285 102.102 0
    endloop
  endfacet
  facet normal 0 0 -1
    outer loop
      vertex 112.98 102.175 0
      vertex 112.98 124.625 0
      vertex 113.285 124.698 0
    endloop
  endfacet
  facet normal 0 0 -1
    outer loop
      vertex 112.667 102.2 0
      vertex 112.98 124.625 0
      vertex 112.98 102.175 0
    endloop
  endfacet
  facet normal 0 0 -1
    outer loop
      vertex 112.667 102.2 0
      vertex 112.667 124.6 0
      vertex 112.98 124.625 0
    endloop
  endfacet
  facet normal 0 0 -1
    outer loop
      vertex 112.354 102.175 0
      vertex 112.667 124.6 0
      vertex 112.667 102.2 0
    endloop
  endfacet
  facet normal 0 0 -1
    outer loop
      vertex 112.354 102.175 0
      vertex 112.354 124.625 0
      vertex 112.667 124.6 0
    endloop
  endfacet
  facet normal 0 0 -1
    outer loop
      vertex 112.049 102.102 0
      vertex 112.354 124.625 0
      vertex 112.354 102.175 0
    endloop
  endfacet
  facet normal 0 0 -1
    outer loop
      vertex 112.049 102.102 0
      vertex 112.049 124.698 0
      vertex 112.354 124.625 0
    endloop
  endfacet
  facet normal 0 0 -1
    outer loop
      vertex 111.759 101.982 0
      vertex 112.049 124.698 0
      vertex 112.049 102.102 0
    endloop
  endfacet
  facet normal 0 0 -1
    outer loop
      vertex 111.759 101.982 0
      vertex 111.759 124.818 0
      vertex 112.049 124.698 0
    endloop
  endfacet
  facet normal 0 0 -1
    outer loop
      vertex 111.491 101.818 0
      vertex 111.759 124.818 0
      vertex 111.759 101.982 0
    endloop
  endfacet
  facet normal 0 0 -1
    outer loop
      vertex 111.491 101.818 0
      vertex 111.491 124.982 0
      vertex 111.759 124.818 0
    endloop
  endfacet
  facet normal 0 0 -1
    outer loop
      vertex 111.252 101.614 0
      vertex 111.491 124.982 0
      vertex 111.491 101.818 0
    endloop
  endfacet
  facet normal 0 0 -1
    outer loop
      vertex 111.252 101.614 0
      vertex 111.252 125.186 0
      vertex 111.491 124.982 0
    endloop
  endfacet
  facet normal 0 0 -1
    outer loop
      vertex 111.049 101.376 0
      vertex 111.252 125.186 0
      vertex 111.252 101.614 0
    endloop
  endfacet
  facet normal 0 0 -1
    outer loop
      vertex 111.049 101.376 0
      vertex 111.049 125.424 0
      vertex 111.252 125.186 0
    endloop
  endfacet
  facet normal 0 0 -1
    outer loop
      vertex 110.885 101.108 0
      vertex 111.049 125.424 0
      vertex 111.049 101.376 0
    endloop
  endfacet
  facet normal 0 0 -1
    outer loop
      vertex 110.885 101.108 0
      vertex 110.885 125.692 0
      vertex 111.049 125.424 0
    endloop
  endfacet
  facet normal 0 0 -1
    outer loop
      vertex 110.691 100.513 0
      vertex 68.8087 100.513 0
      vertex 110.765 100.818 0
    endloop
  endfacet
  facet normal 0 0 -1
    outer loop
      vertex 68.7354 100.818 0
      vertex 110.765 100.818 0
      vertex 68.8087 100.513 0
    endloop
  endfacet
  facet normal 0 0 -1
    outer loop
      vertex 68.8087 100.513 0
      vertex 110.691 100.513 0
      vertex 68.8333 100.2 0
    endloop
  endfacet
  facet normal 0 0 -1
    outer loop
      vertex 110.765 100.818 0
      vertex 68.7354 100.818 0
      vertex 110.885 101.108 0
    endloop
  endfacet
  facet normal 0 0 -1
    outer loop
      vertex 68.8333 100.2 0
      vertex 110.691 100.513 0
      vertex 110.667 100.2 0
    endloop
  endfacet
  facet normal 0 0 -1
    outer loop
      vertex 110.885 125.692 0
      vertex 68.8333 126.6 0
      vertex 110.765 125.982 0
    endloop
  endfacet
  facet normal 0 0 -1
    outer loop
      vertex 114.449 74.708 0
      vertex 156.718 74.708 0
      vertex 114.569 74.418 0
    endloop
  endfacet
  facet normal 0 0 -1
    outer loop
      vertex 156.718 99.292 0
      vertex 114.642 99.8871 0
      vertex 114.667 100.2 0
    endloop
  endfacet
  facet normal 0 0 -1
    outer loop
      vertex 156.718 74.708 0
      vertex 114.449 74.708 0
      vertex 156.718 99.292 0
    endloop
  endfacet
  facet normal 0 0 -1
    outer loop
      vertex 156.718 99.292 0
      vertex 114.569 99.582 0
      vertex 114.642 99.8871 0
    endloop
  endfacet
  facet normal 0 0 -1
    outer loop
      vertex 114.449 99.292 0
      vertex 156.718 99.292 0
      vertex 114.449 74.708 0
    endloop
  endfacet
  facet normal 0 0 -1
    outer loop
      vertex 156.718 99.292 0
      vertex 114.449 99.292 0
      vertex 114.569 99.582 0
    endloop
  endfacet
  facet normal 0 0 -1
    outer loop
      vertex 114.285 74.9756 0
      vertex 114.449 99.292 0
      vertex 114.449 74.708 0
    endloop
  endfacet
  facet normal 0 0 -1
    outer loop
      vertex 114.285 74.9756 0
      vertex 114.285 99.0244 0
      vertex 114.449 99.292 0
    endloop
  endfacet
  facet normal 0 0 -1
    outer loop
      vertex 114.081 75.2142 0
      vertex 114.285 99.0244 0
      vertex 114.285 74.9756 0
    endloop
  endfacet
  facet normal 0 0 -1
    outer loop
      vertex 114.081 75.2142 0
      vertex 114.081 98.7858 0
      vertex 114.285 99.0244 0
    endloop
  endfacet
  facet normal 0 0 -1
    outer loop
      vertex 113.842 75.418 0
      vertex 114.081 98.7858 0
      vertex 114.081 75.2142 0
    endloop
  endfacet
  facet normal 0 0 -1
    outer loop
      vertex 113.842 75.418 0
      vertex 113.842 98.582 0
      vertex 114.081 98.7858 0
    endloop
  endfacet
  facet normal 0 0 -1
    outer loop
      vertex 113.575 75.582 0
      vertex 113.842 98.582 0
      vertex 113.842 75.418 0
    endloop
  endfacet
  facet normal 0 0 -1
    outer loop
      vertex 113.575 75.582 0
      vertex 113.575 98.418 0
      vertex 113.842 98.582 0
    endloop
  endfacet
  facet normal 0 0 -1
    outer loop
      vertex 113.285 75.7021 0
      vertex 113.575 98.418 0
      vertex 113.575 75.582 0
    endloop
  endfacet
  facet normal 0 0 -1
    outer loop
      vertex 113.285 75.7021 0
      vertex 113.285 98.2979 0
      vertex 113.575 98.418 0
    endloop
  endfacet
  facet normal 0 0 -1
    outer loop
      vertex 112.98 75.7754 0
      vertex 113.285 98.2979 0
      vertex 113.285 75.7021 0
    endloop
  endfacet
  facet normal 0 0 -1
    outer loop
      vertex 112.98 75.7754 0
      vertex 112.98 98.2246 0
      vertex 113.285 98.2979 0
    endloop
  endfacet
  facet normal 0 0 -1
    outer loop
      vertex 112.667 75.8 0
      vertex 112.98 98.2246 0
      vertex 112.98 75.7754 0
    endloop
  endfacet
  facet normal 0 0 -1
    outer loop
      vertex 112.667 75.8 0
      vertex 112.667 98.2 0
      vertex 112.98 98.2246 0
    endloop
  endfacet
  facet normal 0 0 -1
    outer loop
      vertex 112.354 75.7754 0
      vertex 112.667 98.2 0
      vertex 112.667 75.8 0
    endloop
  endfacet
  facet normal 0 0 -1
    outer loop
      vertex 112.354 75.7754 0
      vertex 112.354 98.2246 0
      vertex 112.667 98.2 0
    endloop
  endfacet
  facet normal 0 0 -1
    outer loop
      vertex 112.049 75.7021 0
      vertex 112.354 98.2246 0
      vertex 112.354 75.7754 0
    endloop
  endfacet
  facet normal 0 0 -1
    outer loop
      vertex 112.049 75.7021 0
      vertex 112.049 98.2979 0
      vertex 112.354 98.2246 0
    endloop
  endfacet
  facet normal 0 0 -1
    outer loop
      vertex 111.759 75.582 0
      vertex 112.049 98.2979 0
      vertex 112.049 75.7021 0
    endloop
  endfacet
  facet normal 0 0 -1
    outer loop
      vertex 111.759 75.582 0
      vertex 111.759 98.418 0
      vertex 112.049 98.2979 0
    endloop
  endfacet
  facet normal 0 0 -1
    outer loop
      vertex 111.491 75.418 0
      vertex 111.759 98.418 0
      vertex 111.759 75.582 0
    endloop
  endfacet
  facet normal 0 0 -1
    outer loop
      vertex 111.491 75.418 0
      vertex 111.491 98.582 0
      vertex 111.759 98.418 0
    endloop
  endfacet
  facet normal 0 0 -1
    outer loop
      vertex 111.252 75.2142 0
      vertex 111.491 98.582 0
      vertex 111.491 75.418 0
    endloop
  endfacet
  facet normal 0 0 -1
    outer loop
      vertex 111.252 75.2142 0
      vertex 111.252 98.7858 0
      vertex 111.491 98.582 0
    endloop
  endfacet
  facet normal 0 0 -1
    outer loop
      vertex 111.049 74.9756 0
      vertex 111.252 98.7858 0
      vertex 111.252 75.2142 0
    endloop
  endfacet
  facet normal 0 0 -1
    outer loop
      vertex 111.049 74.9756 0
      vertex 111.049 99.0244 0
      vertex 111.252 98.7858 0
    endloop
  endfacet
  facet normal 0 0 -1
    outer loop
      vertex 110.885 74.708 0
      vertex 111.049 99.0244 0
      vertex 111.049 74.9756 0
    endloop
  endfacet
  facet normal 0 0 -1
    outer loop
      vertex 110.885 74.708 0
      vertex 110.885 99.292 0
      vertex 111.049 99.0244 0
    endloop
  endfacet
  facet normal 0 0 -1
    outer loop
      vertex 110.691 74.1129 0
      vertex 68.8087 74.1129 0
      vertex 110.765 74.418 0
    endloop
  endfacet
  facet normal 0 0 -1
    outer loop
      vertex 68.7354 74.418 0
      vertex 110.765 74.418 0
      vertex 68.8087 74.1129 0
    endloop
  endfacet
  facet normal 0 0 -1
    outer loop
      vertex 68.8087 74.1129 0
      vertex 110.691 74.1129 0
      vertex 68.8333 73.8 0
    endloop
  endfacet
  facet normal 0 0 -1
    outer loop
      vertex 110.765 74.418 0
      vertex 68.7354 74.418 0
      vertex 110.885 74.708 0
    endloop
  endfacet
  facet normal 0 0 -1
    outer loop
      vertex 68.8333 73.8 0
      vertex 110.691 74.1129 0
      vertex 110.667 73.8 0
    endloop
  endfacet
  facet normal 0 0 -1
    outer loop
      vertex 110.885 99.292 0
      vertex 68.8333 100.2 0
      vertex 110.765 99.582 0
    endloop
  endfacet
  facet normal 0 0 -1
    outer loop
      vertex 114.449 48.308 0
      vertex 156.718 48.308 0
      vertex 114.569 48.018 0
    endloop
  endfacet
  facet normal 0 0 -1
    outer loop
      vertex 156.718 72.892 0
      vertex 114.642 73.4871 0
      vertex 114.667 73.8 0
    endloop
  endfacet
  facet normal 0 0 -1
    outer loop
      vertex 156.718 48.308 0
      vertex 114.449 48.308 0
      vertex 156.718 72.892 0
    endloop
  endfacet
  facet normal 0 0 -1
    outer loop
      vertex 156.718 72.892 0
      vertex 114.569 73.182 0
      vertex 114.642 73.4871 0
    endloop
  endfacet
  facet normal 0 0 -1
    outer loop
      vertex 114.449 72.892 0
      vertex 156.718 72.892 0
      vertex 114.449 48.308 0
    endloop
  endfacet
  facet normal 0 0 -1
    outer loop
      vertex 156.718 72.892 0
      vertex 114.449 72.892 0
      vertex 114.569 73.182 0
    endloop
  endfacet
  facet normal 0 0 -1
    outer loop
      vertex 114.285 48.5756 0
      vertex 114.449 72.892 0
      vertex 114.449 48.308 0
    endloop
  endfacet
  facet normal 0 0 -1
    outer loop
      vertex 114.285 48.5756 0
      vertex 114.285 72.6244 0
      vertex 114.449 72.892 0
    endloop
  endfacet
  facet normal 0 0 -1
    outer loop
      vertex 114.081 48.8142 0
      vertex 114.285 72.6244 0
      vertex 114.285 48.5756 0
    endloop
  endfacet
  facet normal 0 0 -1
    outer loop
      vertex 114.081 48.8142 0
      vertex 114.081 72.3858 0
      vertex 114.285 72.6244 0
    endloop
  endfacet
  facet normal 0 0 -1
    outer loop
      vertex 113.842 49.018 0
      vertex 114.081 72.3858 0
      vertex 114.081 48.8142 0
    endloop
  endfacet
  facet normal 0 0 -1
    outer loop
      vertex 113.842 49.018 0
      vertex 113.842 72.182 0
      vertex 114.081 72.3858 0
    endloop
  endfacet
  facet normal 0 0 -1
    outer loop
      vertex 113.575 49.182 0
      vertex 113.842 72.182 0
      vertex 113.842 49.018 0
    endloop
  endfacet
  facet normal 0 0 -1
    outer loop
      vertex 113.575 49.182 0
      vertex 113.575 72.018 0
      vertex 113.842 72.182 0
    endloop
  endfacet
  facet normal 0 0 -1
    outer loop
      vertex 113.285 49.3021 0
      vertex 113.575 72.018 0
      vertex 113.575 49.182 0
    endloop
  endfacet
  facet normal 0 0 -1
    outer loop
      vertex 113.285 49.3021 0
      vertex 113.285 71.8979 0
      vertex 113.575 72.018 0
    endloop
  endfacet
  facet normal 0 0 -1
    outer loop
      vertex 112.98 49.3754 0
      vertex 113.285 71.8979 0
      vertex 113.285 49.3021 0
    endloop
  endfacet
  facet normal 0 0 -1
    outer loop
      vertex 112.98 49.3754 0
      vertex 112.98 71.8246 0
      vertex 113.285 71.8979 0
    endloop
  endfacet
  facet normal 0 0 -1
    outer loop
      vertex 112.667 49.4 0
      vertex 112.98 71.8246 0
      vertex 112.98 49.3754 0
    endloop
  endfacet
  facet normal 0 0 -1
    outer loop
      vertex 112.667 49.4 0
      vertex 112.667 71.8 0
      vertex 112.98 71.8246 0
    endloop
  endfacet
  facet normal 0 0 -1
    outer loop
      vertex 112.354 49.3754 0
      vertex 112.667 71.8 0
      vertex 112.667 49.4 0
    endloop
  endfacet
  facet normal 0 0 -1
    outer loop
      vertex 112.354 49.3754 0
      vertex 112.354 71.8246 0
      vertex 112.667 71.8 0
    endloop
  endfacet
  facet normal 0 0 -1
    outer loop
      vertex 112.049 49.3021 0
      vertex 112.354 71.8246 0
      vertex 112.354 49.3754 0
    endloop
  endfacet
  facet normal 0 0 -1
    outer loop
      vertex 112.049 49.3021 0
      vertex 112.049 71.8979 0
      vertex 112.354 71.8246 0
    endloop
  endfacet
  facet normal 0 0 -1
    outer loop
      vertex 111.759 49.182 0
      vertex 112.049 71.8979 0
      vertex 112.049 49.3021 0
    endloop
  endfacet
  facet normal 0 0 -1
    outer loop
      vertex 111.759 49.182 0
      vertex 111.759 72.018 0
      vertex 112.049 71.8979 0
    endloop
  endfacet
  facet normal 0 0 -1
    outer loop
      vertex 111.491 49.018 0
      vertex 111.759 72.018 0
      vertex 111.759 49.182 0
    endloop
  endfacet
  facet normal 0 0 -1
    outer loop
      vertex 111.491 49.018 0
      vertex 111.491 72.182 0
      vertex 111.759 72.018 0
    endloop
  endfacet
  facet normal 0 0 -1
    outer loop
      vertex 111.252 48.8142 0
      vertex 111.491 72.182 0
      vertex 111.491 49.018 0
    endloop
  endfacet
  facet normal 0 0 -1
    outer loop
      vertex 111.252 48.8142 0
      vertex 111.252 72.3858 0
      vertex 111.491 72.182 0
    endloop
  endfacet
  facet normal 0 0 -1
    outer loop
      vertex 111.049 48.5756 0
      vertex 111.252 72.3858 0
      vertex 111.252 48.8142 0
    endloop
  endfacet
  facet normal 0 0 -1
    outer loop
      vertex 111.049 48.5756 0
      vertex 111.049 72.6244 0
      vertex 111.252 72.3858 0
    endloop
  endfacet
  facet normal 0 0 -1
    outer loop
      vertex 110.885 48.308 0
      vertex 111.049 72.6244 0
      vertex 111.049 48.5756 0
    endloop
  endfacet
  facet normal 0 0 -1
    outer loop
      vertex 110.885 48.308 0
      vertex 110.885 72.892 0
      vertex 111.049 72.6244 0
    endloop
  endfacet
  facet normal 0 0 -1
    outer loop
      vertex 110.691 47.7129 0
      vertex 68.8087 47.7129 0
      vertex 110.765 48.018 0
    endloop
  endfacet
  facet normal 0 0 -1
    outer loop
      vertex 68.7354 48.018 0
      vertex 110.765 48.018 0
      vertex 68.8087 47.7129 0
    endloop
  endfacet
  facet normal 0 0 -1
    outer loop
      vertex 68.8087 47.7129 0
      vertex 110.691 47.7129 0
      vertex 68.8333 47.4 0
    endloop
  endfacet
  facet normal 0 0 -1
    outer loop
      vertex 110.765 48.018 0
      vertex 68.7354 48.018 0
      vertex 110.885 48.308 0
    endloop
  endfacet
  facet normal 0 0 -1
    outer loop
      vertex 68.8333 47.4 0
      vertex 110.691 47.7129 0
      vertex 110.667 47.4 0
    endloop
  endfacet
  facet normal 0 0 -1
    outer loop
      vertex 110.885 72.892 0
      vertex 68.8333 73.8 0
      vertex 110.765 73.182 0
    endloop
  endfacet
  facet normal 0 0 -1
    outer loop
      vertex 156.598 21.618 0
      vertex 114.569 21.618 0
      vertex 156.718 21.908 0
    endloop
  endfacet
  facet normal 0 0 -1
    outer loop
      vertex 156.718 21.908 0
      vertex 114.642 47.0871 0
      vertex 114.667 47.4 0
    endloop
  endfacet
  facet normal 0 0 -1
    outer loop
      vertex 114.449 21.908 0
      vertex 156.718 21.908 0
      vertex 114.569 21.618 0
    endloop
  endfacet
  facet normal 0 0 -1
    outer loop
      vertex 156.718 21.908 0
      vertex 114.569 46.782 0
      vertex 114.642 47.0871 0
    endloop
  endfacet
  facet normal 0 0 -1
    outer loop
      vertex 114.449 46.492 0
      vertex 156.718 21.908 0
      vertex 114.449 21.908 0
    endloop
  endfacet
  facet normal 0 0 -1
    outer loop
      vertex 156.718 21.908 0
      vertex 114.449 46.492 0
      vertex 114.569 46.782 0
    endloop
  endfacet
  facet normal 0 0 -1
    outer loop
      vertex 114.285 22.1756 0
      vertex 114.449 46.492 0
      vertex 114.449 21.908 0
    endloop
  endfacet
  facet normal 0 0 -1
    outer loop
      vertex 114.285 22.1756 0
      vertex 114.285 46.2244 0
      vertex 114.449 46.492 0
    endloop
  endfacet
  facet normal 0 0 -1
    outer loop
      vertex 114.081 22.4142 0
      vertex 114.285 46.2244 0
      vertex 114.285 22.1756 0
    endloop
  endfacet
  facet normal 0 0 -1
    outer loop
      vertex 114.081 22.4142 0
      vertex 114.081 45.9858 0
      vertex 114.285 46.2244 0
    endloop
  endfacet
  facet normal 0 0 -1
    outer loop
      vertex 113.842 22.618 0
      vertex 114.081 45.9858 0
      vertex 114.081 22.4142 0
    endloop
  endfacet
  facet normal 0 0 -1
    outer loop
      vertex 113.842 22.618 0
      vertex 113.842 45.782 0
      vertex 114.081 45.9858 0
    endloop
  endfacet
  facet normal 0 0 -1
    outer loop
      vertex 113.575 22.782 0
      vertex 113.842 45.782 0
      vertex 113.842 22.618 0
    endloop
  endfacet
  facet normal 0 0 -1
    outer loop
      vertex 113.575 22.782 0
      vertex 113.575 45.618 0
      vertex 113.842 45.782 0
    endloop
  endfacet
  facet normal 0 0 -1
    outer loop
      vertex 113.285 22.9021 0
      vertex 113.575 45.618 0
      vertex 113.575 22.782 0
    endloop
  endfacet
  facet normal 0 0 -1
    outer loop
      vertex 113.285 22.9021 0
      vertex 113.285 45.4979 0
      vertex 113.575 45.618 0
    endloop
  endfacet
  facet normal 0 0 -1
    outer loop
      vertex 112.98 22.9754 0
      vertex 113.285 45.4979 0
      vertex 113.285 22.9021 0
    endloop
  endfacet
  facet normal 0 0 -1
    outer loop
      vertex 112.98 22.9754 0
      vertex 112.98 45.4246 0
      vertex 113.285 45.4979 0
    endloop
  endfacet
  facet normal 0 0 -1
    outer loop
      vertex 112.667 23 0
      vertex 112.98 45.4246 0
      vertex 112.98 22.9754 0
    endloop
  endfacet
  facet normal 0 0 -1
    outer loop
      vertex 112.667 23 0
      vertex 112.667 45.4 0
      vertex 112.98 45.4246 0
    endloop
  endfacet
  facet normal 0 0 -1
    outer loop
      vertex 112.354 22.9754 0
      vertex 112.667 45.4 0
      vertex 112.667 23 0
    endloop
  endfacet
  facet normal 0 0 -1
    outer loop
      vertex 112.354 22.9754 0
      vertex 112.354 45.4246 0
      vertex 112.667 45.4 0
    endloop
  endfacet
  facet normal 0 0 -1
    outer loop
      vertex 112.049 22.9021 0
      vertex 112.354 45.4246 0
      vertex 112.354 22.9754 0
    endloop
  endfacet
  facet normal 0 0 -1
    outer loop
      vertex 112.049 22.9021 0
      vertex 112.049 45.4979 0
      vertex 112.354 45.4246 0
    endloop
  endfacet
  facet normal 0 0 -1
    outer loop
      vertex 111.759 22.782 0
      vertex 112.049 45.4979 0
      vertex 112.049 22.9021 0
    endloop
  endfacet
  facet normal 0 0 -1
    outer loop
      vertex 111.759 22.782 0
      vertex 111.759 45.618 0
      vertex 112.049 45.4979 0
    endloop
  endfacet
  facet normal 0 0 -1
    outer loop
      vertex 111.491 22.618 0
      vertex 111.759 45.618 0
      vertex 111.759 22.782 0
    endloop
  endfacet
  facet normal 0 0 -1
    outer loop
      vertex 111.491 22.618 0
      vertex 111.491 45.782 0
      vertex 111.759 45.618 0
    endloop
  endfacet
  facet normal 0 0 -1
    outer loop
      vertex 111.252 22.4142 0
      vertex 111.491 45.782 0
      vertex 111.491 22.618 0
    endloop
  endfacet
  facet normal 0 0 -1
    outer loop
      vertex 111.252 22.4142 0
      vertex 111.252 45.9858 0
      vertex 111.491 45.782 0
    endloop
  endfacet
  facet normal 0 0 -1
    outer loop
      vertex 111.049 22.1756 0
      vertex 111.252 45.9858 0
      vertex 111.252 22.4142 0
    endloop
  endfacet
  facet normal 0 0 -1
    outer loop
      vertex 111.049 22.1756 0
      vertex 111.049 46.2244 0
      vertex 111.252 45.9858 0
    endloop
  endfacet
  facet normal 0 0 -1
    outer loop
      vertex 110.885 21.908 0
      vertex 111.049 46.2244 0
      vertex 111.049 22.1756 0
    endloop
  endfacet
  facet normal 0 0 -1
    outer loop
      vertex 110.885 21.908 0
      vertex 110.885 46.492 0
      vertex 111.049 46.2244 0
    endloop
  endfacet
  facet normal 0 0 -1
    outer loop
      vertex 110.691 21.3129 0
      vertex 68.8087 21.3129 0
      vertex 110.765 21.618 0
    endloop
  endfacet
  facet normal 0 0 -1
    outer loop
      vertex 110.885 21.908 0
      vertex 68.8333 47.4 0
      vertex 110.885 46.492 0
    endloop
  endfacet
  facet normal 0 0 -1
    outer loop
      vertex 68.8087 21.3129 0
      vertex 110.691 21.3129 0
      vertex 68.8333 21 0
    endloop
  endfacet
  facet normal 0 0 -1
    outer loop
      vertex 110.885 46.492 0
      vertex 68.8333 47.4 0
      vertex 110.765 46.782 0
    endloop
  endfacet
  facet normal 0 0 -1
    outer loop
      vertex 68.8333 21 0
      vertex 110.691 21.3129 0
      vertex 110.667 21 0
    endloop
  endfacet
  facet normal 0 0 -1
    outer loop
      vertex 110.765 46.782 0
      vertex 68.8333 47.4 0
      vertex 110.691 47.0871 0
    endloop
  endfacet
  facet normal 0 0 -1
    outer loop
      vertex 160.402 127.218 0
      vertex 179.5 174 0
      vertex 160.475 126.913 0
    endloop
  endfacet
  facet normal 0 0 -1
    outer loop
      vertex 179.5 174 0
      vertex 160.475 152.687 0
      vertex 160.5 153 0
    endloop
  endfacet
  facet normal 0 0 -1
    outer loop
      vertex 160.402 152.382 0
      vertex 179.5 174 0
      vertex 160.402 127.218 0
    endloop
  endfacet
  facet normal 0 0 -1
    outer loop
      vertex 179.5 174 0
      vertex 160.402 152.382 0
      vertex 160.475 152.687 0
    endloop
  endfacet
  facet normal 0 0 -1
    outer loop
      vertex 160.282 127.508 0
      vertex 160.402 152.382 0
      vertex 160.402 127.218 0
    endloop
  endfacet
  facet normal 0 0 -1
    outer loop
      vertex 160.282 127.508 0
      vertex 160.282 152.092 0
      vertex 160.402 152.382 0
    endloop
  endfacet
  facet normal 0 0 -1
    outer loop
      vertex 160.118 127.776 0
      vertex 160.282 152.092 0
      vertex 160.282 127.508 0
    endloop
  endfacet
  facet normal 0 0 -1
    outer loop
      vertex 160.118 127.776 0
      vertex 160.118 151.824 0
      vertex 160.282 152.092 0
    endloop
  endfacet
  facet normal 0 0 -1
    outer loop
      vertex 159.914 128.014 0
      vertex 160.118 151.824 0
      vertex 160.118 127.776 0
    endloop
  endfacet
  facet normal 0 0 -1
    outer loop
      vertex 159.914 128.014 0
      vertex 159.914 151.586 0
      vertex 160.118 151.824 0
    endloop
  endfacet
  facet normal 0 0 -1
    outer loop
      vertex 159.676 128.218 0
      vertex 159.914 151.586 0
      vertex 159.914 128.014 0
    endloop
  endfacet
  facet normal 0 0 -1
    outer loop
      vertex 159.676 128.218 0
      vertex 159.676 151.382 0
      vertex 159.914 151.586 0
    endloop
  endfacet
  facet normal 0 0 -1
    outer loop
      vertex 159.408 128.382 0
      vertex 159.676 151.382 0
      vertex 159.676 128.218 0
    endloop
  endfacet
  facet normal 0 0 -1
    outer loop
      vertex 159.408 128.382 0
      vertex 159.408 151.218 0
      vertex 159.676 151.382 0
    endloop
  endfacet
  facet normal 0 0 -1
    outer loop
      vertex 159.118 128.502 0
      vertex 159.408 151.218 0
      vertex 159.408 128.382 0
    endloop
  endfacet
  facet normal 0 0 -1
    outer loop
      vertex 159.118 128.502 0
      vertex 159.118 151.098 0
      vertex 159.408 151.218 0
    endloop
  endfacet
  facet normal 0 0 -1
    outer loop
      vertex 158.813 128.575 0
      vertex 159.118 151.098 0
      vertex 159.118 128.502 0
    endloop
  endfacet
  facet normal 0 0 -1
    outer loop
      vertex 158.813 128.575 0
      vertex 158.813 151.025 0
      vertex 159.118 151.098 0
    endloop
  endfacet
  facet normal 0 0 -1
    outer loop
      vertex 158.5 128.6 0
      vertex 158.813 151.025 0
      vertex 158.813 128.575 0
    endloop
  endfacet
  facet normal 0 0 -1
    outer loop
      vertex 158.5 128.6 0
      vertex 158.5 151 0
      vertex 158.813 151.025 0
    endloop
  endfacet
  facet normal 0 0 -1
    outer loop
      vertex 158.187 128.575 0
      vertex 158.5 151 0
      vertex 158.5 128.6 0
    endloop
  endfacet
  facet normal 0 0 -1
    outer loop
      vertex 158.187 128.575 0
      vertex 158.187 151.025 0
      vertex 158.5 151 0
    endloop
  endfacet
  facet normal 0 0 -1
    outer loop
      vertex 157.882 128.502 0
      vertex 158.187 151.025 0
      vertex 158.187 128.575 0
    endloop
  endfacet
  facet normal 0 0 -1
    outer loop
      vertex 157.882 128.502 0
      vertex 157.882 151.098 0
      vertex 158.187 151.025 0
    endloop
  endfacet
  facet normal 0 0 -1
    outer loop
      vertex 157.592 128.382 0
      vertex 157.882 151.098 0
      vertex 157.882 128.502 0
    endloop
  endfacet
  facet normal 0 0 -1
    outer loop
      vertex 157.592 128.382 0
      vertex 157.592 151.218 0
      vertex 157.882 151.098 0
    endloop
  endfacet
  facet normal 0 0 -1
    outer loop
      vertex 157.324 128.218 0
      vertex 157.592 151.218 0
      vertex 157.592 128.382 0
    endloop
  endfacet
  facet normal 0 0 -1
    outer loop
      vertex 157.324 128.218 0
      vertex 157.324 151.382 0
      vertex 157.592 151.218 0
    endloop
  endfacet
  facet normal 0 0 -1
    outer loop
      vertex 157.086 128.014 0
      vertex 157.324 151.382 0
      vertex 157.324 128.218 0
    endloop
  endfacet
  facet normal 0 0 -1
    outer loop
      vertex 157.086 128.014 0
      vertex 157.086 151.586 0
      vertex 157.324 151.382 0
    endloop
  endfacet
  facet normal 0 0 -1
    outer loop
      vertex 156.882 127.776 0
      vertex 157.086 151.586 0
      vertex 157.086 128.014 0
    endloop
  endfacet
  facet normal 0 0 -1
    outer loop
      vertex 156.882 127.776 0
      vertex 156.882 151.824 0
      vertex 157.086 151.586 0
    endloop
  endfacet
  facet normal 0 0 -1
    outer loop
      vertex 156.718 127.508 0
      vertex 156.882 151.824 0
      vertex 156.882 127.776 0
    endloop
  endfacet
  facet normal 0 0 -1
    outer loop
      vertex 156.718 127.508 0
      vertex 156.718 152.092 0
      vertex 156.882 151.824 0
    endloop
  endfacet
  facet normal 0 0 -1
    outer loop
      vertex 156.525 126.913 0
      vertex 114.642 126.913 0
      vertex 156.598 127.218 0
    endloop
  endfacet
  facet normal 0 0 -1
    outer loop
      vertex 114.569 127.218 0
      vertex 156.598 127.218 0
      vertex 114.642 126.913 0
    endloop
  endfacet
  facet normal 0 0 -1
    outer loop
      vertex 114.642 126.913 0
      vertex 156.525 126.913 0
      vertex 114.667 126.6 0
    endloop
  endfacet
  facet normal 0 0 -1
    outer loop
      vertex 156.598 127.218 0
      vertex 114.569 127.218 0
      vertex 156.718 127.508 0
    endloop
  endfacet
  facet normal 0 0 -1
    outer loop
      vertex 114.667 126.6 0
      vertex 156.525 126.913 0
      vertex 156.5 126.6 0
    endloop
  endfacet
  facet normal 0 0 -1
    outer loop
      vertex 156.718 152.092 0
      vertex 114.667 153 0
      vertex 156.598 152.382 0
    endloop
  endfacet
  facet normal 0 0 -1
    outer loop
      vertex 160.475 126.287 0
      vertex 179.5 174 0
      vertex 160.475 100.513 0
    endloop
  endfacet
  facet normal 0 0 -1
    outer loop
      vertex 179.5 174 0
      vertex 160.475 126.287 0
      vertex 160.5 126.6 0
    endloop
  endfacet
  facet normal 0 0 -1
    outer loop
      vertex 160.402 100.818 0
      vertex 160.475 126.287 0
      vertex 160.475 100.513 0
    endloop
  endfacet
  facet normal 0 0 -1
    outer loop
      vertex 160.402 100.818 0
      vertex 160.402 125.982 0
      vertex 160.475 126.287 0
    endloop
  endfacet
  facet normal 0 0 -1
    outer loop
      vertex 160.282 101.108 0
      vertex 160.402 125.982 0
      vertex 160.402 100.818 0
    endloop
  endfacet
  facet normal 0 0 -1
    outer loop
      vertex 160.282 101.108 0
      vertex 160.282 125.692 0
      vertex 160.402 125.982 0
    endloop
  endfacet
  facet normal 0 0 -1
    outer loop
      vertex 160.118 101.376 0
      vertex 160.282 125.692 0
      vertex 160.282 101.108 0
    endloop
  endfacet
  facet normal 0 0 -1
    outer loop
      vertex 160.118 101.376 0
      vertex 160.118 125.424 0
      vertex 160.282 125.692 0
    endloop
  endfacet
  facet normal 0 0 -1
    outer loop
      vertex 159.914 101.614 0
      vertex 160.118 125.424 0
      vertex 160.118 101.376 0
    endloop
  endfacet
  facet normal 0 0 -1
    outer loop
      vertex 159.914 101.614 0
      vertex 159.914 125.186 0
      vertex 160.118 125.424 0
    endloop
  endfacet
  facet normal 0 0 -1
    outer loop
      vertex 159.676 101.818 0
      vertex 159.914 125.186 0
      vertex 159.914 101.614 0
    endloop
  endfacet
  facet normal 0 0 -1
    outer loop
      vertex 159.676 101.818 0
      vertex 159.676 124.982 0
      vertex 159.914 125.186 0
    endloop
  endfacet
  facet normal 0 0 -1
    outer loop
      vertex 159.408 101.982 0
      vertex 159.676 124.982 0
      vertex 159.676 101.818 0
    endloop
  endfacet
  facet normal 0 0 -1
    outer loop
      vertex 159.408 101.982 0
      vertex 159.408 124.818 0
      vertex 159.676 124.982 0
    endloop
  endfacet
  facet normal 0 0 -1
    outer loop
      vertex 159.118 102.102 0
      vertex 159.408 124.818 0
      vertex 159.408 101.982 0
    endloop
  endfacet
  facet normal 0 0 -1
    outer loop
      vertex 159.118 102.102 0
      vertex 159.118 124.698 0
      vertex 159.408 124.818 0
    endloop
  endfacet
  facet normal 0 0 -1
    outer loop
      vertex 158.813 102.175 0
      vertex 159.118 124.698 0
      vertex 159.118 102.102 0
    endloop
  endfacet
  facet normal 0 0 -1
    outer loop
      vertex 158.813 102.175 0
      vertex 158.813 124.625 0
      vertex 159.118 124.698 0
    endloop
  endfacet
  facet normal 0 0 -1
    outer loop
      vertex 158.5 102.2 0
      vertex 158.813 124.625 0
      vertex 158.813 102.175 0
    endloop
  endfacet
  facet normal 0 0 -1
    outer loop
      vertex 158.5 102.2 0
      vertex 158.5 124.6 0
      vertex 158.813 124.625 0
    endloop
  endfacet
  facet normal 0 0 -1
    outer loop
      vertex 158.187 102.175 0
      vertex 158.5 124.6 0
      vertex 158.5 102.2 0
    endloop
  endfacet
  facet normal 0 0 -1
    outer loop
      vertex 158.187 102.175 0
      vertex 158.187 124.625 0
      vertex 158.5 124.6 0
    endloop
  endfacet
  facet normal 0 0 -1
    outer loop
      vertex 157.882 102.102 0
      vertex 158.187 124.625 0
      vertex 158.187 102.175 0
    endloop
  endfacet
  facet normal 0 0 -1
    outer loop
      vertex 157.882 102.102 0
      vertex 157.882 124.698 0
      vertex 158.187 124.625 0
    endloop
  endfacet
  facet normal 0 0 -1
    outer loop
      vertex 157.592 101.982 0
      vertex 157.882 124.698 0
      vertex 157.882 102.102 0
    endloop
  endfacet
  facet normal 0 0 -1
    outer loop
      vertex 157.592 101.982 0
      vertex 157.592 124.818 0
      vertex 157.882 124.698 0
    endloop
  endfacet
  facet normal 0 0 -1
    outer loop
      vertex 157.324 101.818 0
      vertex 157.592 124.818 0
      vertex 157.592 101.982 0
    endloop
  endfacet
  facet normal 0 0 -1
    outer loop
      vertex 157.324 101.818 0
      vertex 157.324 124.982 0
      vertex 157.592 124.818 0
    endloop
  endfacet
  facet normal 0 0 -1
    outer loop
      vertex 157.086 101.614 0
      vertex 157.324 124.982 0
      vertex 157.324 101.818 0
    endloop
  endfacet
  facet normal 0 0 -1
    outer loop
      vertex 157.086 101.614 0
      vertex 157.086 125.186 0
      vertex 157.324 124.982 0
    endloop
  endfacet
  facet normal 0 0 -1
    outer loop
      vertex 156.882 101.376 0
      vertex 157.086 125.186 0
      vertex 157.086 101.614 0
    endloop
  endfacet
  facet normal 0 0 -1
    outer loop
      vertex 156.882 101.376 0
      vertex 156.882 125.424 0
      vertex 157.086 125.186 0
    endloop
  endfacet
  facet normal 0 0 -1
    outer loop
      vertex 156.718 101.108 0
      vertex 156.882 125.424 0
      vertex 156.882 101.376 0
    endloop
  endfacet
  facet normal 0 0 -1
    outer loop
      vertex 156.718 101.108 0
      vertex 156.718 125.692 0
      vertex 156.882 125.424 0
    endloop
  endfacet
  facet normal 0 0 -1
    outer loop
      vertex 156.525 100.513 0
      vertex 114.642 100.513 0
      vertex 156.598 100.818 0
    endloop
  endfacet
  facet normal 0 0 -1
    outer loop
      vertex 114.569 100.818 0
      vertex 156.598 100.818 0
      vertex 114.642 100.513 0
    endloop
  endfacet
  facet normal 0 0 -1
    outer loop
      vertex 114.642 100.513 0
      vertex 156.525 100.513 0
      vertex 114.667 100.2 0
    endloop
  endfacet
  facet normal 0 0 -1
    outer loop
      vertex 156.598 100.818 0
      vertex 114.569 100.818 0
      vertex 156.718 101.108 0
    endloop
  endfacet
  facet normal 0 0 -1
    outer loop
      vertex 114.667 100.2 0
      vertex 156.525 100.513 0
      vertex 156.5 100.2 0
    endloop
  endfacet
  facet normal 0 0 -1
    outer loop
      vertex 156.718 125.692 0
      vertex 114.667 126.6 0
      vertex 156.598 125.982 0
    endloop
  endfacet
  facet normal 0 0 -1
    outer loop
      vertex 160.475 74.1129 0
      vertex 160.5 100.2 0
      vertex 160.5 73.8 0
    endloop
  endfacet
  facet normal 0 0 -1
    outer loop
      vertex 160.475 74.1129 0
      vertex 160.475 99.8871 0
      vertex 160.5 100.2 0
    endloop
  endfacet
  facet normal 0 0 -1
    outer loop
      vertex 160.402 74.418 0
      vertex 160.475 99.8871 0
      vertex 160.475 74.1129 0
    endloop
  endfacet
  facet normal 0 0 -1
    outer loop
      vertex 160.402 74.418 0
      vertex 160.402 99.582 0
      vertex 160.475 99.8871 0
    endloop
  endfacet
  facet normal 0 0 -1
    outer loop
      vertex 160.282 74.708 0
      vertex 160.402 99.582 0
      vertex 160.402 74.418 0
    endloop
  endfacet
  facet normal 0 0 -1
    outer loop
      vertex 160.282 74.708 0
      vertex 160.282 99.292 0
      vertex 160.402 99.582 0
    endloop
  endfacet
  facet normal 0 0 -1
    outer loop
      vertex 160.118 74.9756 0
      vertex 160.282 99.292 0
      vertex 160.282 74.708 0
    endloop
  endfacet
  facet normal 0 0 -1
    outer loop
      vertex 160.118 74.9756 0
      vertex 160.118 99.0244 0
      vertex 160.282 99.292 0
    endloop
  endfacet
  facet normal 0 0 -1
    outer loop
      vertex 159.914 75.2142 0
      vertex 160.118 99.0244 0
      vertex 160.118 74.9756 0
    endloop
  endfacet
  facet normal 0 0 -1
    outer loop
      vertex 159.914 75.2142 0
      vertex 159.914 98.7858 0
      vertex 160.118 99.0244 0
    endloop
  endfacet
  facet normal 0 0 -1
    outer loop
      vertex 159.676 75.418 0
      vertex 159.914 98.7858 0
      vertex 159.914 75.2142 0
    endloop
  endfacet
  facet normal 0 0 -1
    outer loop
      vertex 159.676 75.418 0
      vertex 159.676 98.582 0
      vertex 159.914 98.7858 0
    endloop
  endfacet
  facet normal 0 0 -1
    outer loop
      vertex 159.408 75.582 0
      vertex 159.676 98.582 0
      vertex 159.676 75.418 0
    endloop
  endfacet
  facet normal 0 0 -1
    outer loop
      vertex 159.408 75.582 0
      vertex 159.408 98.418 0
      vertex 159.676 98.582 0
    endloop
  endfacet
  facet normal 0 0 -1
    outer loop
      vertex 159.118 75.7021 0
      vertex 159.408 98.418 0
      vertex 159.408 75.582 0
    endloop
  endfacet
  facet normal 0 0 -1
    outer loop
      vertex 159.118 75.7021 0
      vertex 159.118 98.2979 0
      vertex 159.408 98.418 0
    endloop
  endfacet
  facet normal 0 0 -1
    outer loop
      vertex 158.813 75.7754 0
      vertex 159.118 98.2979 0
      vertex 159.118 75.7021 0
    endloop
  endfacet
  facet normal 0 0 -1
    outer loop
      vertex 158.813 75.7754 0
      vertex 158.813 98.2246 0
      vertex 159.118 98.2979 0
    endloop
  endfacet
  facet normal 0 0 -1
    outer loop
      vertex 158.5 75.8 0
      vertex 158.813 98.2246 0
      vertex 158.813 75.7754 0
    endloop
  endfacet
  facet normal 0 0 -1
    outer loop
      vertex 158.5 75.8 0
      vertex 158.5 98.2 0
      vertex 158.813 98.2246 0
    endloop
  endfacet
  facet normal 0 0 -1
    outer loop
      vertex 158.187 75.7754 0
      vertex 158.5 98.2 0
      vertex 158.5 75.8 0
    endloop
  endfacet
  facet normal 0 0 -1
    outer loop
      vertex 158.187 75.7754 0
      vertex 158.187 98.2246 0
      vertex 158.5 98.2 0
    endloop
  endfacet
  facet normal 0 0 -1
    outer loop
      vertex 157.882 75.7021 0
      vertex 158.187 98.2246 0
      vertex 158.187 75.7754 0
    endloop
  endfacet
  facet normal 0 0 -1
    outer loop
      vertex 157.882 75.7021 0
      vertex 157.882 98.2979 0
      vertex 158.187 98.2246 0
    endloop
  endfacet
  facet normal 0 0 -1
    outer loop
      vertex 157.592 75.582 0
      vertex 157.882 98.2979 0
      vertex 157.882 75.7021 0
    endloop
  endfacet
  facet normal 0 0 -1
    outer loop
      vertex 157.592 75.582 0
      vertex 157.592 98.418 0
      vertex 157.882 98.2979 0
    endloop
  endfacet
  facet normal 0 0 -1
    outer loop
      vertex 157.324 75.418 0
      vertex 157.592 98.418 0
      vertex 157.592 75.582 0
    endloop
  endfacet
  facet normal 0 0 -1
    outer loop
      vertex 157.324 75.418 0
      vertex 157.324 98.582 0
      vertex 157.592 98.418 0
    endloop
  endfacet
  facet normal 0 0 -1
    outer loop
      vertex 157.086 75.2142 0
      vertex 157.324 98.582 0
      vertex 157.324 75.418 0
    endloop
  endfacet
  facet normal 0 0 -1
    outer loop
      vertex 157.086 75.2142 0
      vertex 157.086 98.7858 0
      vertex 157.324 98.582 0
    endloop
  endfacet
  facet normal 0 0 -1
    outer loop
      vertex 156.882 74.9756 0
      vertex 157.086 98.7858 0
      vertex 157.086 75.2142 0
    endloop
  endfacet
  facet normal 0 0 -1
    outer loop
      vertex 156.882 74.9756 0
      vertex 156.882 99.0244 0
      vertex 157.086 98.7858 0
    endloop
  endfacet
  facet normal 0 0 -1
    outer loop
      vertex 156.718 74.708 0
      vertex 156.882 99.0244 0
      vertex 156.882 74.9756 0
    endloop
  endfacet
  facet normal 0 0 -1
    outer loop
      vertex 156.718 74.708 0
      vertex 156.718 99.292 0
      vertex 156.882 99.0244 0
    endloop
  endfacet
  facet normal 0 0 -1
    outer loop
      vertex 156.525 74.1129 0
      vertex 114.642 74.1129 0
      vertex 156.598 74.418 0
    endloop
  endfacet
  facet normal 0 0 -1
    outer loop
      vertex 114.569 74.418 0
      vertex 156.598 74.418 0
      vertex 114.642 74.1129 0
    endloop
  endfacet
  facet normal 0 0 -1
    outer loop
      vertex 114.642 74.1129 0
      vertex 156.525 74.1129 0
      vertex 114.667 73.8 0
    endloop
  endfacet
  facet normal 0 0 -1
    outer loop
      vertex 156.598 74.418 0
      vertex 114.569 74.418 0
      vertex 156.718 74.708 0
    endloop
  endfacet
  facet normal 0 0 -1
    outer loop
      vertex 114.667 73.8 0
      vertex 156.525 74.1129 0
      vertex 156.5 73.8 0
    endloop
  endfacet
  facet normal 0 0 -1
    outer loop
      vertex 156.718 99.292 0
      vertex 114.667 100.2 0
      vertex 156.598 99.582 0
    endloop
  endfacet
  facet normal 0 0 -1
    outer loop
      vertex 160.475 73.4871 0
      vertex 179.5 0 0
      vertex 160.475 47.7129 0
    endloop
  endfacet
  facet normal 0 0 -1
    outer loop
      vertex 179.5 0 0
      vertex 160.475 73.4871 0
      vertex 160.5 73.8 0
    endloop
  endfacet
  facet normal 0 0 -1
    outer loop
      vertex 160.402 48.018 0
      vertex 160.475 73.4871 0
      vertex 160.475 47.7129 0
    endloop
  endfacet
  facet normal 0 0 -1
    outer loop
      vertex 160.402 48.018 0
      vertex 160.402 73.182 0
      vertex 160.475 73.4871 0
    endloop
  endfacet
  facet normal 0 0 -1
    outer loop
      vertex 160.282 48.308 0
      vertex 160.402 73.182 0
      vertex 160.402 48.018 0
    endloop
  endfacet
  facet normal 0 0 -1
    outer loop
      vertex 160.282 48.308 0
      vertex 160.282 72.892 0
      vertex 160.402 73.182 0
    endloop
  endfacet
  facet normal 0 0 -1
    outer loop
      vertex 160.118 48.5756 0
      vertex 160.282 72.892 0
      vertex 160.282 48.308 0
    endloop
  endfacet
  facet normal 0 0 -1
    outer loop
      vertex 160.118 48.5756 0
      vertex 160.118 72.6244 0
      vertex 160.282 72.892 0
    endloop
  endfacet
  facet normal 0 0 -1
    outer loop
      vertex 159.914 48.8142 0
      vertex 160.118 72.6244 0
      vertex 160.118 48.5756 0
    endloop
  endfacet
  facet normal 0 0 -1
    outer loop
      vertex 159.914 48.8142 0
      vertex 159.914 72.3858 0
      vertex 160.118 72.6244 0
    endloop
  endfacet
  facet normal 0 0 -1
    outer loop
      vertex 159.676 49.018 0
      vertex 159.914 72.3858 0
      vertex 159.914 48.8142 0
    endloop
  endfacet
  facet normal 0 0 -1
    outer loop
      vertex 159.676 49.018 0
      vertex 159.676 72.182 0
      vertex 159.914 72.3858 0
    endloop
  endfacet
  facet normal 0 0 -1
    outer loop
      vertex 159.408 49.182 0
      vertex 159.676 72.182 0
      vertex 159.676 49.018 0
    endloop
  endfacet
  facet normal 0 0 -1
    outer loop
      vertex 159.408 49.182 0
      vertex 159.408 72.018 0
      vertex 159.676 72.182 0
    endloop
  endfacet
  facet normal 0 0 -1
    outer loop
      vertex 159.118 49.3021 0
      vertex 159.408 72.018 0
      vertex 159.408 49.182 0
    endloop
  endfacet
  facet normal 0 0 -1
    outer loop
      vertex 159.118 49.3021 0
      vertex 159.118 71.8979 0
      vertex 159.408 72.018 0
    endloop
  endfacet
  facet normal 0 0 -1
    outer loop
      vertex 158.813 49.3754 0
      vertex 159.118 71.8979 0
      vertex 159.118 49.3021 0
    endloop
  endfacet
  facet normal 0 0 -1
    outer loop
      vertex 158.813 49.3754 0
      vertex 158.813 71.8246 0
      vertex 159.118 71.8979 0
    endloop
  endfacet
  facet normal 0 0 -1
    outer loop
      vertex 158.5 49.4 0
      vertex 158.813 71.8246 0
      vertex 158.813 49.3754 0
    endloop
  endfacet
  facet normal 0 0 -1
    outer loop
      vertex 158.5 49.4 0
      vertex 158.5 71.8 0
      vertex 158.813 71.8246 0
    endloop
  endfacet
  facet normal 0 0 -1
    outer loop
      vertex 158.187 49.3754 0
      vertex 158.5 71.8 0
      vertex 158.5 49.4 0
    endloop
  endfacet
  facet normal 0 0 -1
    outer loop
      vertex 158.187 49.3754 0
      vertex 158.187 71.8246 0
      vertex 158.5 71.8 0
    endloop
  endfacet
  facet normal 0 0 -1
    outer loop
      vertex 157.882 49.3021 0
      vertex 158.187 71.8246 0
      vertex 158.187 49.3754 0
    endloop
  endfacet
  facet normal 0 0 -1
    outer loop
      vertex 157.882 49.3021 0
      vertex 157.882 71.8979 0
      vertex 158.187 71.8246 0
    endloop
  endfacet
  facet normal 0 0 -1
    outer loop
      vertex 157.592 49.182 0
      vertex 157.882 71.8979 0
      vertex 157.882 49.3021 0
    endloop
  endfacet
  facet normal 0 0 -1
    outer loop
      vertex 157.592 49.182 0
      vertex 157.592 72.018 0
      vertex 157.882 71.8979 0
    endloop
  endfacet
  facet normal 0 0 -1
    outer loop
      vertex 157.324 49.018 0
      vertex 157.592 72.018 0
      vertex 157.592 49.182 0
    endloop
  endfacet
  facet normal 0 0 -1
    outer loop
      vertex 157.324 49.018 0
      vertex 157.324 72.182 0
      vertex 157.592 72.018 0
    endloop
  endfacet
  facet normal 0 0 -1
    outer loop
      vertex 157.086 48.8142 0
      vertex 157.324 72.182 0
      vertex 157.324 49.018 0
    endloop
  endfacet
  facet normal 0 0 -1
    outer loop
      vertex 157.086 48.8142 0
      vertex 157.086 72.3858 0
      vertex 157.324 72.182 0
    endloop
  endfacet
  facet normal 0 0 -1
    outer loop
      vertex 156.882 48.5756 0
      vertex 157.086 72.3858 0
      vertex 157.086 48.8142 0
    endloop
  endfacet
  facet normal 0 0 -1
    outer loop
      vertex 156.882 48.5756 0
      vertex 156.882 72.6244 0
      vertex 157.086 72.3858 0
    endloop
  endfacet
  facet normal 0 0 -1
    outer loop
      vertex 156.718 48.308 0
      vertex 156.882 72.6244 0
      vertex 156.882 48.5756 0
    endloop
  endfacet
  facet normal 0 0 -1
    outer loop
      vertex 156.718 48.308 0
      vertex 156.718 72.892 0
      vertex 156.882 72.6244 0
    endloop
  endfacet
  facet normal 0 0 -1
    outer loop
      vertex 156.525 47.7129 0
      vertex 114.642 47.7129 0
      vertex 156.598 48.018 0
    endloop
  endfacet
  facet normal 0 0 -1
    outer loop
      vertex 114.569 48.018 0
      vertex 156.598 48.018 0
      vertex 114.642 47.7129 0
    endloop
  endfacet
  facet normal 0 0 -1
    outer loop
      vertex 114.642 47.7129 0
      vertex 156.525 47.7129 0
      vertex 114.667 47.4 0
    endloop
  endfacet
  facet normal 0 0 -1
    outer loop
      vertex 156.598 48.018 0
      vertex 114.569 48.018 0
      vertex 156.718 48.308 0
    endloop
  endfacet
  facet normal 0 0 -1
    outer loop
      vertex 114.667 47.4 0
      vertex 156.525 47.7129 0
      vertex 156.5 47.4 0
    endloop
  endfacet
  facet normal 0 0 -1
    outer loop
      vertex 156.718 72.892 0
      vertex 114.667 73.8 0
      vertex 156.598 73.182 0
    endloop
  endfacet
  facet normal 0 0 -1
    outer loop
      vertex 160.402 21.618 0
      vertex 179.5 0 0
      vertex 160.475 21.3129 0
    endloop
  endfacet
  facet normal 0 0 -1
    outer loop
      vertex 179.5 0 0
      vertex 160.475 47.0871 0
      vertex 160.5 47.4 0
    endloop
  endfacet
  facet normal 0 0 -1
    outer loop
      vertex 160.402 46.782 0
      vertex 179.5 0 0
      vertex 160.402 21.618 0
    endloop
  endfacet
  facet normal 0 0 -1
    outer loop
      vertex 179.5 0 0
      vertex 160.402 46.782 0
      vertex 160.475 47.0871 0
    endloop
  endfacet
  facet normal 0 0 -1
    outer loop
      vertex 160.282 21.908 0
      vertex 160.402 46.782 0
      vertex 160.402 21.618 0
    endloop
  endfacet
  facet normal 0 0 -1
    outer loop
      vertex 160.282 21.908 0
      vertex 160.282 46.492 0
      vertex 160.402 46.782 0
    endloop
  endfacet
  facet normal 0 0 -1
    outer loop
      vertex 160.118 22.1756 0
      vertex 160.282 46.492 0
      vertex 160.282 21.908 0
    endloop
  endfacet
  facet normal 0 0 -1
    outer loop
      vertex 160.118 22.1756 0
      vertex 160.118 46.2244 0
      vertex 160.282 46.492 0
    endloop
  endfacet
  facet normal 0 0 -1
    outer loop
      vertex 159.914 22.4142 0
      vertex 160.118 46.2244 0
      vertex 160.118 22.1756 0
    endloop
  endfacet
  facet normal 0 0 -1
    outer loop
      vertex 159.914 22.4142 0
      vertex 159.914 45.9858 0
      vertex 160.118 46.2244 0
    endloop
  endfacet
  facet normal 0 0 -1
    outer loop
      vertex 159.676 22.618 0
      vertex 159.914 45.9858 0
      vertex 159.914 22.4142 0
    endloop
  endfacet
  facet normal 0 0 -1
    outer loop
      vertex 159.676 22.618 0
      vertex 159.676 45.782 0
      vertex 159.914 45.9858 0
    endloop
  endfacet
  facet normal 0 0 -1
    outer loop
      vertex 159.408 22.782 0
      vertex 159.676 45.782 0
      vertex 159.676 22.618 0
    endloop
  endfacet
  facet normal 0 0 -1
    outer loop
      vertex 159.408 22.782 0
      vertex 159.408 45.618 0
      vertex 159.676 45.782 0
    endloop
  endfacet
  facet normal 0 0 -1
    outer loop
      vertex 159.118 22.9021 0
      vertex 159.408 45.618 0
      vertex 159.408 22.782 0
    endloop
  endfacet
  facet normal 0 0 -1
    outer loop
      vertex 159.118 22.9021 0
      vertex 159.118 45.4979 0
      vertex 159.408 45.618 0
    endloop
  endfacet
  facet normal 0 0 -1
    outer loop
      vertex 158.813 22.9754 0
      vertex 159.118 45.4979 0
      vertex 159.118 22.9021 0
    endloop
  endfacet
  facet normal 0 0 -1
    outer loop
      vertex 158.813 22.9754 0
      vertex 158.813 45.4246 0
      vertex 159.118 45.4979 0
    endloop
  endfacet
  facet normal 0 0 -1
    outer loop
      vertex 158.5 23 0
      vertex 158.813 45.4246 0
      vertex 158.813 22.9754 0
    endloop
  endfacet
  facet normal 0 0 -1
    outer loop
      vertex 158.5 23 0
      vertex 158.5 45.4 0
      vertex 158.813 45.4246 0
    endloop
  endfacet
  facet normal 0 0 -1
    outer loop
      vertex 158.187 22.9754 0
      vertex 158.5 45.4 0
      vertex 158.5 23 0
    endloop
  endfacet
  facet normal 0 0 -1
    outer loop
      vertex 158.187 22.9754 0
      vertex 158.187 45.4246 0
      vertex 158.5 45.4 0
    endloop
  endfacet
  facet normal 0 0 -1
    outer loop
      vertex 157.882 22.9021 0
      vertex 158.187 45.4246 0
      vertex 158.187 22.9754 0
    endloop
  endfacet
  facet normal 0 0 -1
    outer loop
      vertex 157.882 22.9021 0
      vertex 157.882 45.4979 0
      vertex 158.187 45.4246 0
    endloop
  endfacet
  facet normal 0 0 -1
    outer loop
      vertex 157.592 22.782 0
      vertex 157.882 45.4979 0
      vertex 157.882 22.9021 0
    endloop
  endfacet
  facet normal 0 0 -1
    outer loop
      vertex 157.592 22.782 0
      vertex 157.592 45.618 0
      vertex 157.882 45.4979 0
    endloop
  endfacet
  facet normal 0 0 -1
    outer loop
      vertex 157.324 22.618 0
      vertex 157.592 45.618 0
      vertex 157.592 22.782 0
    endloop
  endfacet
  facet normal 0 0 -1
    outer loop
      vertex 157.324 22.618 0
      vertex 157.324 45.782 0
      vertex 157.592 45.618 0
    endloop
  endfacet
  facet normal 0 0 -1
    outer loop
      vertex 157.086 22.4142 0
      vertex 157.324 45.782 0
      vertex 157.324 22.618 0
    endloop
  endfacet
  facet normal 0 0 -1
    outer loop
      vertex 157.086 22.4142 0
      vertex 157.086 45.9858 0
      vertex 157.324 45.782 0
    endloop
  endfacet
  facet normal 0 0 -1
    outer loop
      vertex 156.882 22.1756 0
      vertex 157.086 45.9858 0
      vertex 157.086 22.4142 0
    endloop
  endfacet
  facet normal 0 0 -1
    outer loop
      vertex 156.882 22.1756 0
      vertex 156.882 46.2244 0
      vertex 157.086 45.9858 0
    endloop
  endfacet
  facet normal 0 0 -1
    outer loop
      vertex 156.718 21.908 0
      vertex 156.882 46.2244 0
      vertex 156.882 22.1756 0
    endloop
  endfacet
  facet normal 0 0 -1
    outer loop
      vertex 156.718 21.908 0
      vertex 156.718 46.492 0
      vertex 156.882 46.2244 0
    endloop
  endfacet
  facet normal 0 0 -1
    outer loop
      vertex 156.525 21.3129 0
      vertex 114.642 21.3129 0
      vertex 156.598 21.618 0
    endloop
  endfacet
  facet normal 0 0 -1
    outer loop
      vertex 156.718 21.908 0
      vertex 114.667 47.4 0
      vertex 156.718 46.492 0
    endloop
  endfacet
  facet normal 0 0 -1
    outer loop
      vertex 114.642 21.3129 0
      vertex 156.525 21.3129 0
      vertex 114.667 21 0
    endloop
  endfacet
  facet normal 0 0 -1
    outer loop
      vertex 156.718 46.492 0
      vertex 114.667 47.4 0
      vertex 156.598 46.782 0
    endloop
  endfacet
  facet normal 0 0 -1
    outer loop
      vertex 114.667 21 0
      vertex 156.525 21.3129 0
      vertex 156.5 21 0
    endloop
  endfacet
  facet normal 0 0 -1
    outer loop
      vertex 156.598 46.782 0
      vertex 114.667 47.4 0
      vertex 156.525 47.0871 0
    endloop
  endfacet
  facet normal 0 0 -1
    outer loop
      vertex 160.475 21.3129 0
      vertex 179.5 0 0
      vertex 160.5 21 0
    endloop
  endfacet
  facet normal 0 0 -1
    outer loop
      vertex 179.5 0 0
      vertex 160.475 20.6871 0
      vertex 160.5 21 0
    endloop
  endfacet
  facet normal 0 0 -1
    outer loop
      vertex 179.5 0 0
      vertex 160.402 20.382 0
      vertex 160.475 20.6871 0
    endloop
  endfacet
  facet normal 0 0 -1
    outer loop
      vertex 179.5 0 0
      vertex 160.282 20.092 0
      vertex 160.402 20.382 0
    endloop
  endfacet
  facet normal 0 0 -1
    outer loop
      vertex 179.5 0 0
      vertex 160.118 19.8244 0
      vertex 160.282 20.092 0
    endloop
  endfacet
  facet normal 0 0 -1
    outer loop
      vertex 179.5 0 0
      vertex 159.914 19.5858 0
      vertex 160.118 19.8244 0
    endloop
  endfacet
  facet normal 0 0 -1
    outer loop
      vertex 179.5 0 0
      vertex 159.676 19.382 0
      vertex 159.914 19.5858 0
    endloop
  endfacet
  facet normal 0 0 -1
    outer loop
      vertex 179.5 0 0
      vertex 159.408 19.218 0
      vertex 159.676 19.382 0
    endloop
  endfacet
  facet normal 0 0 -1
    outer loop
      vertex 179.5 0 0
      vertex 159.118 19.0979 0
      vertex 159.408 19.218 0
    endloop
  endfacet
  facet normal 0 0 -1
    outer loop
      vertex 179.5 0 0
      vertex 158.813 19.0246 0
      vertex 159.118 19.0979 0
    endloop
  endfacet
  facet normal 0 0 -1
    outer loop
      vertex 179.5 0 0
      vertex 158.5 19 0
      vertex 158.813 19.0246 0
    endloop
  endfacet
  facet normal 0 0 -1
    outer loop
      vertex 179.5 0 0
      vertex 158.187 19.0246 0
      vertex 158.5 19 0
    endloop
  endfacet
  facet normal 0 0 -1
    outer loop
      vertex 179.5 0 0
      vertex 157.882 19.0979 0
      vertex 158.187 19.0246 0
    endloop
  endfacet
  facet normal 0 0 -1
    outer loop
      vertex 179.5 0 0
      vertex 157.592 19.218 0
      vertex 157.882 19.0979 0
    endloop
  endfacet
  facet normal 0 0 -1
    outer loop
      vertex 113.575 19.218 0
      vertex 157.592 19.218 0
      vertex 179.5 0 0
    endloop
  endfacet
  facet normal 0 0 -1
    outer loop
      vertex 157.592 19.218 0
      vertex 113.575 19.218 0
      vertex 157.324 19.382 0
    endloop
  endfacet
  facet normal 0 0 -1
    outer loop
      vertex 156.525 47.0871 0
      vertex 114.667 47.4 0
      vertex 156.5 47.4 0
    endloop
  endfacet
  facet normal 0 0 -1
    outer loop
      vertex 156.598 73.182 0
      vertex 114.667 73.8 0
      vertex 156.525 73.4871 0
    endloop
  endfacet
  facet normal 0 0 -1
    outer loop
      vertex 156.598 99.582 0
      vertex 114.667 100.2 0
      vertex 156.525 99.8871 0
    endloop
  endfacet
  facet normal 0 0 -1
    outer loop
      vertex 156.525 99.8871 0
      vertex 114.667 100.2 0
      vertex 156.5 100.2 0
    endloop
  endfacet
  facet normal 0 0 -1
    outer loop
      vertex 114.569 21.618 0
      vertex 156.598 21.618 0
      vertex 114.642 21.3129 0
    endloop
  endfacet
  facet normal 0 0 -1
    outer loop
      vertex 156.525 20.6871 0
      vertex 114.667 21 0
      vertex 156.5 21 0
    endloop
  endfacet
  facet normal 0 0 -1
    outer loop
      vertex 114.642 20.6871 0
      vertex 156.525 20.6871 0
      vertex 156.598 20.382 0
    endloop
  endfacet
  facet normal 0 0 -1
    outer loop
      vertex 114.569 20.382 0
      vertex 156.598 20.382 0
      vertex 156.718 20.092 0
    endloop
  endfacet
  facet normal 0 0 -1
    outer loop
      vertex 114.449 20.092 0
      vertex 156.718 20.092 0
      vertex 156.882 19.8244 0
    endloop
  endfacet
  facet normal 0 0 -1
    outer loop
      vertex 114.285 19.8244 0
      vertex 156.882 19.8244 0
      vertex 157.086 19.5858 0
    endloop
  endfacet
  facet normal 0 -0 -1
    outer loop
      vertex 113.842 19.382 0
      vertex 157.324 19.382 0
      vertex 113.575 19.218 0
    endloop
  endfacet
  facet normal 0 0 -1
    outer loop
      vertex 156.525 20.6871 0
      vertex 114.642 20.6871 0
      vertex 114.667 21 0
    endloop
  endfacet
  facet normal 0 0 -1
    outer loop
      vertex 156.598 20.382 0
      vertex 114.569 20.382 0
      vertex 114.642 20.6871 0
    endloop
  endfacet
  facet normal 0 0 -1
    outer loop
      vertex 156.718 20.092 0
      vertex 114.449 20.092 0
      vertex 114.569 20.382 0
    endloop
  endfacet
  facet normal 0 0 -1
    outer loop
      vertex 156.882 19.8244 0
      vertex 114.285 19.8244 0
      vertex 114.449 20.092 0
    endloop
  endfacet
  facet normal 0 0 -1
    outer loop
      vertex 157.086 19.5858 0
      vertex 114.081 19.5858 0
      vertex 114.285 19.8244 0
    endloop
  endfacet
  facet normal -0 0 -1
    outer loop
      vertex 157.086 19.5858 0
      vertex 113.842 19.382 0
      vertex 114.081 19.5858 0
    endloop
  endfacet
  facet normal 0 0 -1
    outer loop
      vertex 157.324 19.382 0
      vertex 113.842 19.382 0
      vertex 157.086 19.5858 0
    endloop
  endfacet
  facet normal 0 0 -1
    outer loop
      vertex 179.5 0 0
      vertex 113.285 19.0979 0
      vertex 113.575 19.218 0
    endloop
  endfacet
  facet normal 0 0 -1
    outer loop
      vertex 179.5 0 0
      vertex 112.98 19.0246 0
      vertex 113.285 19.0979 0
    endloop
  endfacet
  facet normal 0 0 -1
    outer loop
      vertex 179.5 0 0
      vertex 112.667 19 0
      vertex 112.98 19.0246 0
    endloop
  endfacet
  facet normal 0 0 -1
    outer loop
      vertex 179.5 0 0
      vertex 112.354 19.0246 0
      vertex 112.667 19 0
    endloop
  endfacet
  facet normal 0 0 -1
    outer loop
      vertex 67.1462 19.0246 0
      vertex 112.354 19.0246 0
      vertex 179.5 0 0
    endloop
  endfacet
  facet normal 0 0 -1
    outer loop
      vertex 110.691 47.0871 0
      vertex 68.8333 47.4 0
      vertex 110.667 47.4 0
    endloop
  endfacet
  facet normal 0 0 -1
    outer loop
      vertex 110.765 73.182 0
      vertex 68.8333 73.8 0
      vertex 110.691 73.4871 0
    endloop
  endfacet
  facet normal 0 0 -1
    outer loop
      vertex 110.765 99.582 0
      vertex 68.8333 100.2 0
      vertex 110.691 99.8871 0
    endloop
  endfacet
  facet normal 0 0 -1
    outer loop
      vertex 110.691 99.8871 0
      vertex 68.8333 100.2 0
      vertex 110.667 100.2 0
    endloop
  endfacet
  facet normal 0 0 -1
    outer loop
      vertex 68.7354 21.618 0
      vertex 110.765 21.618 0
      vertex 68.8087 21.3129 0
    endloop
  endfacet
  facet normal 0 0 -1
    outer loop
      vertex 110.691 20.6871 0
      vertex 68.8333 21 0
      vertex 110.667 21 0
    endloop
  endfacet
  facet normal 0 0 -1
    outer loop
      vertex 68.8087 20.6871 0
      vertex 110.691 20.6871 0
      vertex 110.765 20.382 0
    endloop
  endfacet
  facet normal 0 0 -1
    outer loop
      vertex 68.7354 20.382 0
      vertex 110.765 20.382 0
      vertex 110.885 20.092 0
    endloop
  endfacet
  facet normal 0 0 -1
    outer loop
      vertex 68.6153 20.092 0
      vertex 110.885 20.092 0
      vertex 111.049 19.8244 0
    endloop
  endfacet
  facet normal 0 0 -1
    outer loop
      vertex 68.4514 19.8244 0
      vertex 111.049 19.8244 0
      vertex 111.252 19.5858 0
    endloop
  endfacet
  facet normal 0 0 -1
    outer loop
      vertex 68.2475 19.5858 0
      vertex 111.252 19.5858 0
      vertex 111.491 19.382 0
    endloop
  endfacet
  facet normal 0 0 -1
    outer loop
      vertex 68.0089 19.382 0
      vertex 111.491 19.382 0
      vertex 111.759 19.218 0
    endloop
  endfacet
  facet normal 0 0 -1
    outer loop
      vertex 67.7413 19.218 0
      vertex 111.759 19.218 0
      vertex 112.049 19.0979 0
    endloop
  endfacet
  facet normal 0 0 -1
    outer loop
      vertex 112.354 19.0246 0
      vertex 67.1462 19.0246 0
      vertex 112.049 19.0979 0
    endloop
  endfacet
  facet normal 0 0 -1
    outer loop
      vertex 110.691 20.6871 0
      vertex 68.8087 20.6871 0
      vertex 68.8333 21 0
    endloop
  endfacet
  facet normal 0 0 -1
    outer loop
      vertex 110.765 20.382 0
      vertex 68.7354 20.382 0
      vertex 68.8087 20.6871 0
    endloop
  endfacet
  facet normal 0 0 -1
    outer loop
      vertex 110.885 20.092 0
      vertex 68.6153 20.092 0
      vertex 68.7354 20.382 0
    endloop
  endfacet
  facet normal 0 0 -1
    outer loop
      vertex 111.049 19.8244 0
      vertex 68.4514 19.8244 0
      vertex 68.6153 20.092 0
    endloop
  endfacet
  facet normal 0 0 -1
    outer loop
      vertex 111.252 19.5858 0
      vertex 68.2475 19.5858 0
      vertex 68.4514 19.8244 0
    endloop
  endfacet
  facet normal 0 0 -1
    outer loop
      vertex 111.491 19.382 0
      vertex 68.0089 19.382 0
      vertex 68.2475 19.5858 0
    endloop
  endfacet
  facet normal 0 0 -1
    outer loop
      vertex 111.759 19.218 0
      vertex 67.7413 19.218 0
      vertex 68.0089 19.382 0
    endloop
  endfacet
  facet normal 0 0 -1
    outer loop
      vertex 112.049 19.0979 0
      vertex 67.4514 19.0979 0
      vertex 67.7413 19.218 0
    endloop
  endfacet
  facet normal -0 0 -1
    outer loop
      vertex 112.049 19.0979 0
      vertex 67.1462 19.0246 0
      vertex 67.4514 19.0979 0
    endloop
  endfacet
  facet normal 0 0 -1
    outer loop
      vertex 0 0 0
      vertex 67.1462 19.0246 0
      vertex 179.5 0 0
    endloop
  endfacet
  facet normal 0 0 -1
    outer loop
      vertex 67.1462 19.0246 0
      vertex 0 0 0
      vertex 66.8333 19 0
    endloop
  endfacet
  facet normal 0 0 -1
    outer loop
      vertex 64.858 47.0871 0
      vertex 23 47.4 0
      vertex 64.8333 47.4 0
    endloop
  endfacet
  facet normal 0 0 -1
    outer loop
      vertex 64.9312 73.182 0
      vertex 23 73.8 0
      vertex 64.858 73.4871 0
    endloop
  endfacet
  facet normal 0 0 -1
    outer loop
      vertex 64.9312 99.582 0
      vertex 23 100.2 0
      vertex 64.858 99.8871 0
    endloop
  endfacet
  facet normal 0 0 -1
    outer loop
      vertex 64.858 99.8871 0
      vertex 23 100.2 0
      vertex 64.8333 100.2 0
    endloop
  endfacet
  facet normal 0 0 -1
    outer loop
      vertex 22.9021 21.618 0
      vertex 64.9312 21.618 0
      vertex 22.9754 21.3129 0
    endloop
  endfacet
  facet normal 0 0 -1
    outer loop
      vertex 64.858 20.6871 0
      vertex 23 21 0
      vertex 64.8333 21 0
    endloop
  endfacet
  facet normal 0 0 -1
    outer loop
      vertex 22.9754 20.6871 0
      vertex 64.858 20.6871 0
      vertex 64.9312 20.382 0
    endloop
  endfacet
  facet normal 0 0 -1
    outer loop
      vertex 22.9021 20.382 0
      vertex 64.9312 20.382 0
      vertex 65.0513 20.092 0
    endloop
  endfacet
  facet normal 0 0 -1
    outer loop
      vertex 22.782 20.092 0
      vertex 65.0513 20.092 0
      vertex 65.2153 19.8244 0
    endloop
  endfacet
  facet normal 0 0 -1
    outer loop
      vertex 22.618 19.8244 0
      vertex 65.2153 19.8244 0
      vertex 65.4191 19.5858 0
    endloop
  endfacet
  facet normal 0 0 -1
    outer loop
      vertex 22.4142 19.5858 0
      vertex 65.4191 19.5858 0
      vertex 65.6578 19.382 0
    endloop
  endfacet
  facet normal 0 0 -1
    outer loop
      vertex 22.1756 19.382 0
      vertex 65.6578 19.382 0
      vertex 65.9254 19.218 0
    endloop
  endfacet
  facet normal 0 0 -1
    outer loop
      vertex 0 0 0
      vertex 65.9254 19.218 0
      vertex 66.2153 19.0979 0
    endloop
  endfacet
  facet normal 0 0 -1
    outer loop
      vertex 0 0 0
      vertex 66.2153 19.0979 0
      vertex 66.5205 19.0246 0
    endloop
  endfacet
  facet normal -0 0 -1
    outer loop
      vertex 66.8333 19 0
      vertex 0 0 0
      vertex 66.5205 19.0246 0
    endloop
  endfacet
  facet normal 0 0 -1
    outer loop
      vertex 64.858 20.6871 0
      vertex 22.9754 20.6871 0
      vertex 23 21 0
    endloop
  endfacet
  facet normal 0 0 -1
    outer loop
      vertex 64.9312 20.382 0
      vertex 22.9021 20.382 0
      vertex 22.9754 20.6871 0
    endloop
  endfacet
  facet normal 0 0 -1
    outer loop
      vertex 65.0513 20.092 0
      vertex 22.782 20.092 0
      vertex 22.9021 20.382 0
    endloop
  endfacet
  facet normal 0 0 -1
    outer loop
      vertex 65.2153 19.8244 0
      vertex 22.618 19.8244 0
      vertex 22.782 20.092 0
    endloop
  endfacet
  facet normal 0 0 -1
    outer loop
      vertex 65.4191 19.5858 0
      vertex 22.4142 19.5858 0
      vertex 22.618 19.8244 0
    endloop
  endfacet
  facet normal 0 0 -1
    outer loop
      vertex 65.6578 19.382 0
      vertex 22.1756 19.382 0
      vertex 22.4142 19.5858 0
    endloop
  endfacet
  facet normal -0 0 -1
    outer loop
      vertex 65.9254 19.218 0
      vertex 0 0 0
      vertex 21.908 19.218 0
    endloop
  endfacet
  facet normal 0 0 -1
    outer loop
      vertex 65.9254 19.218 0
      vertex 21.908 19.218 0
      vertex 22.1756 19.382 0
    endloop
  endfacet
  facet normal 0 0 -1
    outer loop
      vertex 21.908 19.218 0
      vertex 0 0 0
      vertex 21.618 19.0979 0
    endloop
  endfacet
  facet normal 0 0 -1
    outer loop
      vertex 21.618 19.0979 0
      vertex 0 0 0
      vertex 21.3129 19.0246 0
    endloop
  endfacet
  facet normal 0 0 -1
    outer loop
      vertex 21.3129 19.0246 0
      vertex 0 0 0
      vertex 21 19 0
    endloop
  endfacet
  facet normal -0 0 -1
    outer loop
      vertex 19.0246 47.0871 0
      vertex 0 0 0
      vertex 19 47.4 0
    endloop
  endfacet
  facet normal -0 0 -1
    outer loop
      vertex 19.0246 73.4871 0
      vertex 0 0 0
      vertex 19 73.8 0
    endloop
  endfacet
  facet normal -0 0 -1
    outer loop
      vertex 19 73.8 0
      vertex 0 0 0
      vertex 19 100.2 0
    endloop
  endfacet
  facet normal 0 0 -1
    outer loop
      vertex 0 174 0
      vertex 19 100.2 0
      vertex 0 0 0
    endloop
  endfacet
  facet normal 0 0 -1
    outer loop
      vertex 19.0246 126.287 0
      vertex 0 174 0
      vertex 19 126.6 0
    endloop
  endfacet
  facet normal -0 0 -1
    outer loop
      vertex 19.0246 20.6871 0
      vertex 0 0 0
      vertex 19 21 0
    endloop
  endfacet
  facet normal -0 0 -1
    outer loop
      vertex 19.0979 20.382 0
      vertex 0 0 0
      vertex 19.0246 20.6871 0
    endloop
  endfacet
  facet normal -0 0 -1
    outer loop
      vertex 19.218 20.092 0
      vertex 0 0 0
      vertex 19.0979 20.382 0
    endloop
  endfacet
  facet normal -0 0 -1
    outer loop
      vertex 19.382 19.8244 0
      vertex 0 0 0
      vertex 19.218 20.092 0
    endloop
  endfacet
  facet normal -0 0 -1
    outer loop
      vertex 19.5858 19.5858 0
      vertex 0 0 0
      vertex 19.382 19.8244 0
    endloop
  endfacet
  facet normal -0 0 -1
    outer loop
      vertex 19.8244 19.382 0
      vertex 0 0 0
      vertex 19.5858 19.5858 0
    endloop
  endfacet
  facet normal -0 0 -1
    outer loop
      vertex 20.092 19.218 0
      vertex 0 0 0
      vertex 19.8244 19.382 0
    endloop
  endfacet
  facet normal -0 0 -1
    outer loop
      vertex 20.382 19.0979 0
      vertex 0 0 0
      vertex 20.092 19.218 0
    endloop
  endfacet
  facet normal -0 0 -1
    outer loop
      vertex 20.6871 19.0246 0
      vertex 0 0 0
      vertex 20.382 19.0979 0
    endloop
  endfacet
  facet normal -0 0 -1
    outer loop
      vertex 21 19 0
      vertex 0 0 0
      vertex 20.6871 19.0246 0
    endloop
  endfacet
  facet normal 0 0 -1
    outer loop
      vertex 160.475 47.7129 0
      vertex 179.5 0 0
      vertex 160.5 47.4 0
    endloop
  endfacet
  facet normal 0 0 -1
    outer loop
      vertex 179.5 0 0
      vertex 160.5 73.8 0
      vertex 179.5 174 0
    endloop
  endfacet
  facet normal 0 0 -1
    outer loop
      vertex 160.5 100.2 0
      vertex 179.5 174 0
      vertex 160.5 73.8 0
    endloop
  endfacet
  facet normal 0 0 -1
    outer loop
      vertex 160.475 100.513 0
      vertex 179.5 174 0
      vertex 160.5 100.2 0
    endloop
  endfacet
  facet normal 0 0 -1
    outer loop
      vertex 160.475 126.913 0
      vertex 179.5 174 0
      vertex 160.5 126.6 0
    endloop
  endfacet
  facet normal 0 0 -1
    outer loop
      vertex 160.475 153.313 0
      vertex 179.5 174 0
      vertex 160.5 153 0
    endloop
  endfacet
  facet normal 0 0 -1
    outer loop
      vertex 160.402 153.618 0
      vertex 179.5 174 0
      vertex 160.475 153.313 0
    endloop
  endfacet
  facet normal 0 0 -1
    outer loop
      vertex 160.282 153.908 0
      vertex 179.5 174 0
      vertex 160.402 153.618 0
    endloop
  endfacet
  facet normal 0 0 -1
    outer loop
      vertex 160.118 154.176 0
      vertex 179.5 174 0
      vertex 160.282 153.908 0
    endloop
  endfacet
  facet normal 0 0 -1
    outer loop
      vertex 159.914 154.414 0
      vertex 179.5 174 0
      vertex 160.118 154.176 0
    endloop
  endfacet
  facet normal 0 0 -1
    outer loop
      vertex 159.676 154.618 0
      vertex 179.5 174 0
      vertex 159.914 154.414 0
    endloop
  endfacet
  facet normal 0 0 -1
    outer loop
      vertex 159.408 154.782 0
      vertex 179.5 174 0
      vertex 159.676 154.618 0
    endloop
  endfacet
  facet normal 0 0 -1
    outer loop
      vertex 159.118 154.902 0
      vertex 179.5 174 0
      vertex 159.408 154.782 0
    endloop
  endfacet
  facet normal 0 0 -1
    outer loop
      vertex 158.813 154.975 0
      vertex 179.5 174 0
      vertex 159.118 154.902 0
    endloop
  endfacet
  facet normal 0 0 -1
    outer loop
      vertex 158.5 155 0
      vertex 179.5 174 0
      vertex 158.813 154.975 0
    endloop
  endfacet
  facet normal 0 0 -1
    outer loop
      vertex 158.187 154.975 0
      vertex 179.5 174 0
      vertex 158.5 155 0
    endloop
  endfacet
  facet normal 0 0 -1
    outer loop
      vertex 157.882 154.902 0
      vertex 179.5 174 0
      vertex 158.187 154.975 0
    endloop
  endfacet
  facet normal 0 0 -1
    outer loop
      vertex 157.592 154.782 0
      vertex 179.5 174 0
      vertex 157.882 154.902 0
    endloop
  endfacet
  facet normal 0 0 -1
    outer loop
      vertex 113.575 154.782 0
      vertex 157.592 154.782 0
      vertex 157.324 154.618 0
    endloop
  endfacet
  facet normal 0 0 -1
    outer loop
      vertex 113.842 154.618 0
      vertex 157.324 154.618 0
      vertex 157.086 154.414 0
    endloop
  endfacet
  facet normal 0 0 -1
    outer loop
      vertex 156.525 73.4871 0
      vertex 114.667 73.8 0
      vertex 156.5 73.8 0
    endloop
  endfacet
  facet normal 0 0 -1
    outer loop
      vertex 156.598 125.982 0
      vertex 114.667 126.6 0
      vertex 156.525 126.287 0
    endloop
  endfacet
  facet normal 0 0 -1
    outer loop
      vertex 156.525 126.287 0
      vertex 114.667 126.6 0
      vertex 156.5 126.6 0
    endloop
  endfacet
  facet normal 0 0 -1
    outer loop
      vertex 156.598 152.382 0
      vertex 114.667 153 0
      vertex 156.525 152.687 0
    endloop
  endfacet
  facet normal 0 0 -1
    outer loop
      vertex 156.525 152.687 0
      vertex 114.667 153 0
      vertex 156.5 153 0
    endloop
  endfacet
  facet normal 0 0 -1
    outer loop
      vertex 156.5 153 0
      vertex 114.667 153 0
      vertex 156.525 153.313 0
    endloop
  endfacet
  facet normal 0 0 -1
    outer loop
      vertex 114.642 153.313 0
      vertex 156.525 153.313 0
      vertex 114.667 153 0
    endloop
  endfacet
  facet normal 0 0 -1
    outer loop
      vertex 156.525 153.313 0
      vertex 114.642 153.313 0
      vertex 156.598 153.618 0
    endloop
  endfacet
  facet normal 0 0 -1
    outer loop
      vertex 114.569 153.618 0
      vertex 156.598 153.618 0
      vertex 114.642 153.313 0
    endloop
  endfacet
  facet normal 0 0 -1
    outer loop
      vertex 156.598 153.618 0
      vertex 114.569 153.618 0
      vertex 156.718 153.908 0
    endloop
  endfacet
  facet normal 0 0 -1
    outer loop
      vertex 114.449 153.908 0
      vertex 156.718 153.908 0
      vertex 114.569 153.618 0
    endloop
  endfacet
  facet normal 0 0 -1
    outer loop
      vertex 156.718 153.908 0
      vertex 114.449 153.908 0
      vertex 156.882 154.176 0
    endloop
  endfacet
  facet normal 0 0 -1
    outer loop
      vertex 114.285 154.176 0
      vertex 156.882 154.176 0
      vertex 114.449 153.908 0
    endloop
  endfacet
  facet normal 0 0 -1
    outer loop
      vertex 156.882 154.176 0
      vertex 114.285 154.176 0
      vertex 157.086 154.414 0
    endloop
  endfacet
  facet normal 0 0 -1
    outer loop
      vertex 114.081 154.414 0
      vertex 157.086 154.414 0
      vertex 114.285 154.176 0
    endloop
  endfacet
  facet normal 0 0 -1
    outer loop
      vertex 113.842 154.618 0
      vertex 157.086 154.414 0
      vertex 114.081 154.414 0
    endloop
  endfacet
  facet normal 0 0 -1
    outer loop
      vertex 157.324 154.618 0
      vertex 113.842 154.618 0
      vertex 113.575 154.782 0
    endloop
  endfacet
  facet normal 0 0 -1
    outer loop
      vertex 157.592 154.782 0
      vertex 113.575 154.782 0
      vertex 179.5 174 0
    endloop
  endfacet
  facet normal 0 0 -1
    outer loop
      vertex 113.285 154.902 0
      vertex 179.5 174 0
      vertex 113.575 154.782 0
    endloop
  endfacet
  facet normal 0 0 -1
    outer loop
      vertex 112.98 154.975 0
      vertex 179.5 174 0
      vertex 113.285 154.902 0
    endloop
  endfacet
  facet normal 0 0 -1
    outer loop
      vertex 112.667 155 0
      vertex 179.5 174 0
      vertex 112.98 154.975 0
    endloop
  endfacet
  facet normal 0 0 -1
    outer loop
      vertex 112.354 154.975 0
      vertex 179.5 174 0
      vertex 112.667 155 0
    endloop
  endfacet
  facet normal 0 0 -1
    outer loop
      vertex 67.1462 154.975 0
      vertex 112.354 154.975 0
      vertex 112.049 154.902 0
    endloop
  endfacet
  facet normal 0 0 -1
    outer loop
      vertex 110.691 73.4871 0
      vertex 68.8333 73.8 0
      vertex 110.667 73.8 0
    endloop
  endfacet
  facet normal 0 0 -1
    outer loop
      vertex 110.765 125.982 0
      vertex 68.8333 126.6 0
      vertex 110.691 126.287 0
    endloop
  endfacet
  facet normal 0 0 -1
    outer loop
      vertex 110.691 126.287 0
      vertex 68.8333 126.6 0
      vertex 110.667 126.6 0
    endloop
  endfacet
  facet normal 0 0 -1
    outer loop
      vertex 110.765 152.382 0
      vertex 68.8333 153 0
      vertex 110.691 152.687 0
    endloop
  endfacet
  facet normal 0 0 -1
    outer loop
      vertex 110.691 152.687 0
      vertex 68.8333 153 0
      vertex 110.667 153 0
    endloop
  endfacet
  facet normal 0 0 -1
    outer loop
      vertex 110.667 153 0
      vertex 68.8333 153 0
      vertex 110.691 153.313 0
    endloop
  endfacet
  facet normal 0 0 -1
    outer loop
      vertex 68.8087 153.313 0
      vertex 110.691 153.313 0
      vertex 68.8333 153 0
    endloop
  endfacet
  facet normal 0 0 -1
    outer loop
      vertex 110.691 153.313 0
      vertex 68.8087 153.313 0
      vertex 110.765 153.618 0
    endloop
  endfacet
  facet normal 0 0 -1
    outer loop
      vertex 68.7354 153.618 0
      vertex 110.765 153.618 0
      vertex 68.8087 153.313 0
    endloop
  endfacet
  facet normal 0 0 -1
    outer loop
      vertex 110.765 153.618 0
      vertex 68.7354 153.618 0
      vertex 110.885 153.908 0
    endloop
  endfacet
  facet normal 0 0 -1
    outer loop
      vertex 68.6153 153.908 0
      vertex 110.885 153.908 0
      vertex 68.7354 153.618 0
    endloop
  endfacet
  facet normal 0 0 -1
    outer loop
      vertex 110.885 153.908 0
      vertex 68.6153 153.908 0
      vertex 111.049 154.176 0
    endloop
  endfacet
  facet normal 0 0 -1
    outer loop
      vertex 68.4514 154.176 0
      vertex 111.049 154.176 0
      vertex 68.6153 153.908 0
    endloop
  endfacet
  facet normal 0 0 -1
    outer loop
      vertex 111.049 154.176 0
      vertex 68.4514 154.176 0
      vertex 111.252 154.414 0
    endloop
  endfacet
  facet normal 0 0 -1
    outer loop
      vertex 68.2475 154.414 0
      vertex 111.252 154.414 0
      vertex 68.4514 154.176 0
    endloop
  endfacet
  facet normal 0 0 -1
    outer loop
      vertex 111.252 154.414 0
      vertex 68.2475 154.414 0
      vertex 111.491 154.618 0
    endloop
  endfacet
  facet normal 0 0 -1
    outer loop
      vertex 68.0089 154.618 0
      vertex 111.491 154.618 0
      vertex 68.2475 154.414 0
    endloop
  endfacet
  facet normal 0 0 -1
    outer loop
      vertex 111.491 154.618 0
      vertex 68.0089 154.618 0
      vertex 111.759 154.782 0
    endloop
  endfacet
  facet normal 0 0 -1
    outer loop
      vertex 67.7413 154.782 0
      vertex 111.759 154.782 0
      vertex 68.0089 154.618 0
    endloop
  endfacet
  facet normal 0 0 -1
    outer loop
      vertex 111.759 154.782 0
      vertex 67.7413 154.782 0
      vertex 112.049 154.902 0
    endloop
  endfacet
  facet normal 0 0 -1
    outer loop
      vertex 67.4514 154.902 0
      vertex 112.049 154.902 0
      vertex 67.7413 154.782 0
    endloop
  endfacet
  facet normal 0 0 -1
    outer loop
      vertex 67.1462 154.975 0
      vertex 112.049 154.902 0
      vertex 67.4514 154.902 0
    endloop
  endfacet
  facet normal 0 0 -1
    outer loop
      vertex 112.354 154.975 0
      vertex 67.1462 154.975 0
      vertex 179.5 174 0
    endloop
  endfacet
  facet normal 0 0 -1
    outer loop
      vertex 0 174 0
      vertex 67.1462 154.975 0
      vertex 66.8333 155 0
    endloop
  endfacet
  facet normal 0 0 -1
    outer loop
      vertex 0 174 0
      vertex 66.8333 155 0
      vertex 66.5205 154.975 0
    endloop
  endfacet
  facet normal 0 0 -1
    outer loop
      vertex 64.858 73.4871 0
      vertex 23 73.8 0
      vertex 64.8333 73.8 0
    endloop
  endfacet
  facet normal 0 0 -1
    outer loop
      vertex 64.9312 125.982 0
      vertex 23 126.6 0
      vertex 64.858 126.287 0
    endloop
  endfacet
  facet normal 0 0 -1
    outer loop
      vertex 64.858 126.287 0
      vertex 23 126.6 0
      vertex 64.8333 126.6 0
    endloop
  endfacet
  facet normal 0 0 -1
    outer loop
      vertex 64.9312 152.382 0
      vertex 23 153 0
      vertex 64.858 152.687 0
    endloop
  endfacet
  facet normal 0 0 -1
    outer loop
      vertex 64.858 152.687 0
      vertex 23 153 0
      vertex 64.8333 153 0
    endloop
  endfacet
  facet normal 0 0 -1
    outer loop
      vertex 64.8333 153 0
      vertex 23 153 0
      vertex 64.858 153.313 0
    endloop
  endfacet
  facet normal 0 0 -1
    outer loop
      vertex 22.9754 153.313 0
      vertex 64.858 153.313 0
      vertex 23 153 0
    endloop
  endfacet
  facet normal 0 0 -1
    outer loop
      vertex 64.858 153.313 0
      vertex 22.9754 153.313 0
      vertex 64.9312 153.618 0
    endloop
  endfacet
  facet normal 0 0 -1
    outer loop
      vertex 22.9021 153.618 0
      vertex 64.9312 153.618 0
      vertex 22.9754 153.313 0
    endloop
  endfacet
  facet normal 0 0 -1
    outer loop
      vertex 64.9312 153.618 0
      vertex 22.9021 153.618 0
      vertex 65.0513 153.908 0
    endloop
  endfacet
  facet normal 0 0 -1
    outer loop
      vertex 22.782 153.908 0
      vertex 65.0513 153.908 0
      vertex 22.9021 153.618 0
    endloop
  endfacet
  facet normal 0 0 -1
    outer loop
      vertex 65.0513 153.908 0
      vertex 22.782 153.908 0
      vertex 65.2153 154.176 0
    endloop
  endfacet
  facet normal 0 0 -1
    outer loop
      vertex 22.618 154.176 0
      vertex 65.2153 154.176 0
      vertex 22.782 153.908 0
    endloop
  endfacet
  facet normal 0 0 -1
    outer loop
      vertex 65.2153 154.176 0
      vertex 22.618 154.176 0
      vertex 65.4191 154.414 0
    endloop
  endfacet
  facet normal 0 0 -1
    outer loop
      vertex 22.4142 154.414 0
      vertex 65.4191 154.414 0
      vertex 22.618 154.176 0
    endloop
  endfacet
  facet normal 0 0 -1
    outer loop
      vertex 65.4191 154.414 0
      vertex 22.4142 154.414 0
      vertex 65.6578 154.618 0
    endloop
  endfacet
  facet normal 0 0 -1
    outer loop
      vertex 22.1756 154.618 0
      vertex 65.6578 154.618 0
      vertex 22.4142 154.414 0
    endloop
  endfacet
  facet normal 0 0 -1
    outer loop
      vertex 65.6578 154.618 0
      vertex 22.1756 154.618 0
      vertex 65.9254 154.782 0
    endloop
  endfacet
  facet normal 0 0 -1
    outer loop
      vertex 21.908 154.782 0
      vertex 65.9254 154.782 0
      vertex 22.1756 154.618 0
    endloop
  endfacet
  facet normal 0 0 -1
    outer loop
      vertex 0 174 0
      vertex 65.9254 154.782 0
      vertex 21.908 154.782 0
    endloop
  endfacet
  facet normal 0 0 -1
    outer loop
      vertex 65.9254 154.782 0
      vertex 0 174 0
      vertex 66.2153 154.902 0
    endloop
  endfacet
  facet normal 0 0 -1
    outer loop
      vertex 66.2153 154.902 0
      vertex 0 174 0
      vertex 66.5205 154.975 0
    endloop
  endfacet
  facet normal 0 0 -1
    outer loop
      vertex 0 174 0
      vertex 21.908 154.782 0
      vertex 21.618 154.902 0
    endloop
  endfacet
  facet normal 0 0 -1
    outer loop
      vertex 0 174 0
      vertex 21.618 154.902 0
      vertex 21.3129 154.975 0
    endloop
  endfacet
  facet normal 0 0 -1
    outer loop
      vertex 0 174 0
      vertex 21.3129 154.975 0
      vertex 21 155 0
    endloop
  endfacet
  facet normal 0 0 -1
    outer loop
      vertex 0 174 0
      vertex 21 155 0
      vertex 20.6871 154.975 0
    endloop
  endfacet
  facet normal 0 0 -1
    outer loop
      vertex 19.0246 152.687 0
      vertex 0 174 0
      vertex 19 153 0
    endloop
  endfacet
  facet normal 0 0 -1
    outer loop
      vertex 67.1462 154.975 0
      vertex 0 174 0
      vertex 179.5 174 0
    endloop
  endfacet
  facet normal 0 0 -1
    outer loop
      vertex 20.382 154.902 0
      vertex 0 174 0
      vertex 20.6871 154.975 0
    endloop
  endfacet
  facet normal 0 0 -1
    outer loop
      vertex 20.092 154.782 0
      vertex 0 174 0
      vertex 20.382 154.902 0
    endloop
  endfacet
  facet normal 0 0 -1
    outer loop
      vertex 19.8244 154.618 0
      vertex 0 174 0
      vertex 20.092 154.782 0
    endloop
  endfacet
  facet normal 0 0 -1
    outer loop
      vertex 19.5858 154.414 0
      vertex 0 174 0
      vertex 19.8244 154.618 0
    endloop
  endfacet
  facet normal 0 0 -1
    outer loop
      vertex 19.382 154.176 0
      vertex 0 174 0
      vertex 19.5858 154.414 0
    endloop
  endfacet
  facet normal 0 0 -1
    outer loop
      vertex 19.218 153.908 0
      vertex 0 174 0
      vertex 19.382 154.176 0
    endloop
  endfacet
  facet normal 0 0 -1
    outer loop
      vertex 19.0979 153.618 0
      vertex 0 174 0
      vertex 19.218 153.908 0
    endloop
  endfacet
  facet normal 0 0 -1
    outer loop
      vertex 19.0246 153.313 0
      vertex 0 174 0
      vertex 19.0979 153.618 0
    endloop
  endfacet
  facet normal 0 0 -1
    outer loop
      vertex 19 153 0
      vertex 0 174 0
      vertex 19.0246 153.313 0
    endloop
  endfacet
  facet normal -1 0 0
    outer loop
      vertex 0 174 0
      vertex 0 168 13
      vertex 0 174 28
    endloop
  endfacet
  facet normal -1 0 0
    outer loop
      vertex 0 174 0
      vertex 0 6 13
      vertex 0 168 13
    endloop
  endfacet
  facet normal -1 0 0
    outer loop
      vertex 0 0 29
      vertex 0 6 17
      vertex 0 6 13
    endloop
  endfacet
  facet normal -1 0 0
    outer loop
      vertex 0 0 0
      vertex 0 6 13
      vertex 0 174 0
    endloop
  endfacet
  facet normal -1 0 0
    outer loop
      vertex 0 0 29
      vertex 0 6 13
      vertex 0 0 0
    endloop
  endfacet
  facet normal -1 0 0
    outer loop
      vertex 0 6 17
      vertex 0 0 29
      vertex 0 4 28
    endloop
  endfacet
  facet normal -1 0 0
    outer loop
      vertex 0 4 28
      vertex 0 0 29
      vertex 0 4 29
    endloop
  endfacet
  facet normal -1 0 0
    outer loop
      vertex 0 168 17
      vertex 0 174 28
      vertex 0 168 13
    endloop
  endfacet
  facet normal -1 0 0
    outer loop
      vertex 0 4 28
      vertex 0 168 17
      vertex 0 6 17
    endloop
  endfacet
  facet normal -1 0 0
    outer loop
      vertex 0 168 17
      vertex 0 4 28
      vertex 0 174 28
    endloop
  endfacet
  facet normal 0 1 -0
    outer loop
      vertex 179.5 174 0
      vertex 0 174 28
      vertex 179.5 174 28
    endloop
  endfacet
  facet normal 0 1 0
    outer loop
      vertex 0 174 28
      vertex 179.5 174 0
      vertex 0 174 0
    endloop
  endfacet
  facet normal 0 -1 0
    outer loop
      vertex 121.75 0 8.84
      vertex 121.75 0 5
      vertex 127.75 0 8.84
    endloop
  endfacet
  facet normal 0 -1 0
    outer loop
      vertex 51.75 0 17.84
      vertex 83.0534 0 29
      vertex 0 0 29
    endloop
  endfacet
  facet normal 0 -1 -0
    outer loop
      vertex 83.0534 0 29
      vertex 51.75 0 17.84
      vertex 83.0926 0 28.8369
    endloop
  endfacet
  facet normal 0 -1 -0
    outer loop
      vertex 83.0926 0 28.8369
      vertex 51.75 0 17.84
      vertex 83.513 0 27.8221
    endloop
  endfacet
  facet normal 0 -1 -0
    outer loop
      vertex 83.513 0 27.8221
      vertex 51.75 0 17.84
      vertex 84.0869 0 26.8855
    endloop
  endfacet
  facet normal 0 -1 -0
    outer loop
      vertex 84.0869 0 26.8855
      vertex 51.75 0 17.84
      vertex 84.8003 0 26.0503
    endloop
  endfacet
  facet normal 0 -1 -0
    outer loop
      vertex 84.8003 0 26.0503
      vertex 51.75 0 17.84
      vertex 85.6355 0 25.3369
    endloop
  endfacet
  facet normal 0 -1 -0
    outer loop
      vertex 85.6355 0 25.3369
      vertex 51.75 0 17.84
      vertex 86.5721 0 24.763
    endloop
  endfacet
  facet normal 0 -1 -0
    outer loop
      vertex 86.5721 0 24.763
      vertex 51.75 0 17.84
      vertex 87.5869 0 24.3426
    endloop
  endfacet
  facet normal 0 -1 -0
    outer loop
      vertex 87.5869 0 24.3426
      vertex 51.75 0 17.84
      vertex 88.655 0 24.0862
    endloop
  endfacet
  facet normal 0 -1 -0
    outer loop
      vertex 88.655 0 24.0862
      vertex 51.75 0 17.84
      vertex 89.75 0 24
    endloop
  endfacet
  facet normal 0 -1 0
    outer loop
      vertex 0 0 0
      vertex 51.75 0 17.84
      vertex 0 0 29
    endloop
  endfacet
  facet normal 0 -1 0
    outer loop
      vertex 51.75 0 8.84
      vertex 57.75 0 5
      vertex 57.75 0 8.84
    endloop
  endfacet
  facet normal 0 -1 -0
    outer loop
      vertex 51.75 0 17.84
      vertex 0 0 0
      vertex 51.75 0 8.84
    endloop
  endfacet
  facet normal 0 -1 -0
    outer loop
      vertex 57.75 0 5
      vertex 0 0 0
      vertex 121.75 0 5
    endloop
  endfacet
  facet normal 0 -1 -0
    outer loop
      vertex 51.75 0 8.84
      vertex 0 0 0
      vertex 57.75 0 5
    endloop
  endfacet
  facet normal 0 -1 0
    outer loop
      vertex 127.75 0 17.84
      vertex 96.4466 0 29
      vertex 96.4074 0 28.8369
    endloop
  endfacet
  facet normal 0 -1 0
    outer loop
      vertex 127.75 0 17.84
      vertex 96.4074 0 28.8369
      vertex 95.987 0 27.8221
    endloop
  endfacet
  facet normal 0 -1 0
    outer loop
      vertex 127.75 0 17.84
      vertex 95.987 0 27.8221
      vertex 95.4131 0 26.8855
    endloop
  endfacet
  facet normal 0 -1 0
    outer loop
      vertex 127.75 0 17.84
      vertex 95.4131 0 26.8855
      vertex 94.6997 0 26.0503
    endloop
  endfacet
  facet normal 0 -1 0
    outer loop
      vertex 127.75 0 17.84
      vertex 94.6997 0 26.0503
      vertex 93.8645 0 25.3369
    endloop
  endfacet
  facet normal 0 -1 0
    outer loop
      vertex 127.75 0 17.84
      vertex 93.8645 0 25.3369
      vertex 92.9279 0 24.763
    endloop
  endfacet
  facet normal 0 -1 0
    outer loop
      vertex 127.75 0 17.84
      vertex 92.9279 0 24.763
      vertex 91.9131 0 24.3426
    endloop
  endfacet
  facet normal 0 -1 0
    outer loop
      vertex 127.75 0 17.84
      vertex 91.9131 0 24.3426
      vertex 90.845 0 24.0862
    endloop
  endfacet
  facet normal 0 -1 0
    outer loop
      vertex 127.75 0 17.84
      vertex 90.845 0 24.0862
      vertex 89.75 0 24
    endloop
  endfacet
  facet normal 0 -1 0
    outer loop
      vertex 127.75 0 17.84
      vertex 89.75 0 24
      vertex 51.75 0 17.84
    endloop
  endfacet
  facet normal 0 -1 0
    outer loop
      vertex 96.4466 0 29
      vertex 127.75 0 17.84
      vertex 179.5 0 29
    endloop
  endfacet
  facet normal 0 -1 0
    outer loop
      vertex 179.5 0 0
      vertex 127.75 0 17.84
      vertex 127.75 0 8.84
    endloop
  endfacet
  facet normal 0 -1 0
    outer loop
      vertex 179.5 0 0
      vertex 127.75 0 8.84
      vertex 121.75 0 5
    endloop
  endfacet
  facet normal 0 -1 0
    outer loop
      vertex 127.75 0 17.84
      vertex 179.5 0 0
      vertex 179.5 0 29
    endloop
  endfacet
  facet normal 0 -1 0
    outer loop
      vertex 179.5 0 0
      vertex 121.75 0 5
      vertex 0 0 0
    endloop
  endfacet
  facet normal -1 0 0
    outer loop
      vertex 176.5 4 4
      vertex 176.5 171 28
      vertex 176.5 171 4
    endloop
  endfacet
  facet normal -1 -0 0
    outer loop
      vertex 176.5 171 28
      vertex 176.5 4 4
      vertex 176.5 4 28
    endloop
  endfacet
  facet normal 0 0 1
    outer loop
      vertex 176.5 171 4
      vertex 169.75 160.8 4
      vertex 176.5 4 4
    endloop
  endfacet
  facet normal 0 0 1
    outer loop
      vertex 176.5 171 4
      vertex 9.75 160.8 4
      vertex 169.75 160.8 4
    endloop
  endfacet
  facet normal 0 0 1
    outer loop
      vertex 3 4 4
      vertex 9.75 160.8 4
      vertex 3 171 4
    endloop
  endfacet
  facet normal -0 0 1
    outer loop
      vertex 3 171 4
      vertex 9.75 160.8 4
      vertex 176.5 171 4
    endloop
  endfacet
  facet normal -0 0 1
    outer loop
      vertex 169.75 13.2 4
      vertex 176.5 4 4
      vertex 169.75 160.8 4
    endloop
  endfacet
  facet normal -0 0 1
    outer loop
      vertex 9.75 13.2 4
      vertex 176.5 4 4
      vertex 169.75 13.2 4
    endloop
  endfacet
  facet normal 0 0 1
    outer loop
      vertex 9.75 13.2 4
      vertex 3 4 4
      vertex 176.5 4 4
    endloop
  endfacet
  facet normal 0 0 1
    outer loop
      vertex 9.75 160.8 4
      vertex 3 4 4
      vertex 9.75 13.2 4
    endloop
  endfacet
  facet normal 1 -0 0
    outer loop
      vertex 3 4 28
      vertex 3 171 4
      vertex 3 171 28
    endloop
  endfacet
  facet normal 1 0 0
    outer loop
      vertex 3 171 4
      vertex 3 4 28
      vertex 3 4 4
    endloop
  endfacet
  facet normal 0 -1 0
    outer loop
      vertex 3 171 4
      vertex 176.5 171 28
      vertex 3 171 28
    endloop
  endfacet
  facet normal 0 -1 -0
    outer loop
      vertex 176.5 171 28
      vertex 3 171 4
      vertex 176.5 171 4
    endloop
  endfacet
  facet normal -0 0 1
    outer loop
      vertex -2.4 168 17
      vertex 0 6 17
      vertex 0 168 17
    endloop
  endfacet
  facet normal 0 0 1
    outer loop
      vertex 0 6 17
      vertex -2.4 168 17
      vertex -2.4 6 17
    endloop
  endfacet
  facet normal 0 0 -1
    outer loop
      vertex -2.4 6 13
      vertex 0 168 13
      vertex 0 6 13
    endloop
  endfacet
  facet normal -0 0 -1
    outer loop
      vertex 0 168 13
      vertex -2.4 6 13
      vertex -2.4 168 13
    endloop
  endfacet
  facet normal -1 0 0
    outer loop
      vertex -2.4 6 13
      vertex -2.4 168 17
      vertex -2.4 168 13
    endloop
  endfacet
  facet normal -1 -0 0
    outer loop
      vertex -2.4 168 17
      vertex -2.4 6 13
      vertex -2.4 6 17
    endloop
  endfacet
  facet normal 0 1 -0
    outer loop
      vertex 0 168 13
      vertex -2.4 168 17
      vertex 0 168 17
    endloop
  endfacet
  facet normal 0 1 0
    outer loop
      vertex -2.4 168 17
      vertex 0 168 13
      vertex -2.4 168 13
    endloop
  endfacet
  facet normal 0 -1 0
    outer loop
      vertex -2.4 6 13
      vertex 0 6 17
      vertex -2.4 6 17
    endloop
  endfacet
  facet normal 0 -1 -0
    outer loop
      vertex 0 6 17
      vertex -2.4 6 13
      vertex 0 6 13
    endloop
  endfacet
  facet normal 1 -0 0
    outer loop
      vertex 181.9 6 17
      vertex 181.9 168 13
      vertex 181.9 168 17
    endloop
  endfacet
  facet normal 1 0 0
    outer loop
      vertex 181.9 168 13
      vertex 181.9 6 17
      vertex 181.9 6 13
    endloop
  endfacet
  facet normal -0 0 1
    outer loop
      vertex 179.5 168 17
      vertex 181.9 6 17
      vertex 181.9 168 17
    endloop
  endfacet
  facet normal 0 0 1
    outer loop
      vertex 181.9 6 17
      vertex 179.5 168 17
      vertex 179.5 6 17
    endloop
  endfacet
  facet normal 0 0 -1
    outer loop
      vertex 179.5 6 13
      vertex 181.9 168 13
      vertex 181.9 6 13
    endloop
  endfacet
  facet normal -0 0 -1
    outer loop
      vertex 181.9 168 13
      vertex 179.5 6 13
      vertex 179.5 168 13
    endloop
  endfacet
  facet normal 0 1 -0
    outer loop
      vertex 181.9 168 13
      vertex 179.5 168 17
      vertex 181.9 168 17
    endloop
  endfacet
  facet normal 0 1 0
    outer loop
      vertex 179.5 168 17
      vertex 181.9 168 13
      vertex 179.5 168 13
    endloop
  endfacet
  facet normal 0 -1 0
    outer loop
      vertex 179.5 6 13
      vertex 181.9 6 17
      vertex 179.5 6 17
    endloop
  endfacet
  facet normal 0 -1 -0
    outer loop
      vertex 181.9 6 17
      vertex 179.5 6 13
      vertex 181.9 6 13
    endloop
  endfacet
  facet normal -0 0 1
    outer loop
      vertex 0 4 29
      vertex 83.0534 0 29
      vertex 83.0534 4 29
    endloop
  endfacet
  facet normal 0 0 1
    outer loop
      vertex 83.0534 0 29
      vertex 0 4 29
      vertex 0 0 29
    endloop
  endfacet
  facet normal -0 0 1
    outer loop
      vertex 96.4466 4 29
      vertex 179.5 0 29
      vertex 179.5 4 29
    endloop
  endfacet
  facet normal 0 0 1
    outer loop
      vertex 179.5 0 29
      vertex 96.4466 4 29
      vertex 96.4466 0 29
    endloop
  endfacet
  facet normal 0 1 -0
    outer loop
      vertex 176.5 4 28
      vertex 96.4466 4 29
      vertex 179.5 4 29
    endloop
  endfacet
  facet normal 0 1 0
    outer loop
      vertex 176.5 4 28
      vertex 179.5 4 29
      vertex 179.5 4 28
    endloop
  endfacet
  facet normal 0 1 -0
    outer loop
      vertex 127.75 4 16.6639
      vertex 96.4466 4 29
      vertex 176.5 4 28
    endloop
  endfacet
  facet normal 0 1 0
    outer loop
      vertex 96.4466 4 29
      vertex 127.75 4 16.6639
      vertex 96.4074 4 28.8369
    endloop
  endfacet
  facet normal 0 1 0
    outer loop
      vertex 96.4074 4 28.8369
      vertex 127.75 4 16.6639
      vertex 95.987 4 27.8221
    endloop
  endfacet
  facet normal 0 1 0
    outer loop
      vertex 95.987 4 27.8221
      vertex 127.75 4 16.6639
      vertex 95.4131 4 26.8855
    endloop
  endfacet
  facet normal 0 1 0
    outer loop
      vertex 95.4131 4 26.8855
      vertex 127.75 4 16.6639
      vertex 94.6997 4 26.0503
    endloop
  endfacet
  facet normal 0 1 0
    outer loop
      vertex 94.6997 4 26.0503
      vertex 127.75 4 16.6639
      vertex 93.8645 4 25.3369
    endloop
  endfacet
  facet normal 0 1 0
    outer loop
      vertex 93.8645 4 25.3369
      vertex 127.75 4 16.6639
      vertex 92.9279 4 24.763
    endloop
  endfacet
  facet normal 0 1 0
    outer loop
      vertex 92.9279 4 24.763
      vertex 127.75 4 16.6639
      vertex 91.9131 4 24.3426
    endloop
  endfacet
  facet normal 0 1 0
    outer loop
      vertex 91.9131 4 24.3426
      vertex 127.75 4 16.6639
      vertex 90.845 4 24.0862
    endloop
  endfacet
  facet normal 0 1 0
    outer loop
      vertex 90.845 4 24.0862
      vertex 127.75 4 16.6639
      vertex 89.75 4 24
    endloop
  endfacet
  facet normal 0 1 -0
    outer loop
      vertex 176.5 4 4
      vertex 127.75 4 16.6639
      vertex 176.5 4 28
    endloop
  endfacet
  facet normal 0 1 0
    outer loop
      vertex 127.75 4 10.0161
      vertex 176.5 4 4
      vertex 51.75 4 10.0161
    endloop
  endfacet
  facet normal 0 1 0
    outer loop
      vertex 127.75 4 16.6639
      vertex 176.5 4 4
      vertex 127.75 4 10.0161
    endloop
  endfacet
  facet normal 0 1 0
    outer loop
      vertex 51.75 4 16.6639
      vertex 83.0926 4 28.8369
      vertex 83.513 4 27.8221
    endloop
  endfacet
  facet normal 0 1 0
    outer loop
      vertex 51.75 4 16.6639
      vertex 83.513 4 27.8221
      vertex 84.0869 4 26.8855
    endloop
  endfacet
  facet normal 0 1 0
    outer loop
      vertex 51.75 4 16.6639
      vertex 84.0869 4 26.8855
      vertex 84.8003 4 26.0503
    endloop
  endfacet
  facet normal 0 1 0
    outer loop
      vertex 51.75 4 16.6639
      vertex 84.8003 4 26.0503
      vertex 85.6355 4 25.3369
    endloop
  endfacet
  facet normal 0 1 0
    outer loop
      vertex 51.75 4 16.6639
      vertex 85.6355 4 25.3369
      vertex 86.5721 4 24.763
    endloop
  endfacet
  facet normal 0 1 0
    outer loop
      vertex 51.75 4 16.6639
      vertex 86.5721 4 24.763
      vertex 87.5869 4 24.3426
    endloop
  endfacet
  facet normal 0 1 0
    outer loop
      vertex 51.75 4 16.6639
      vertex 87.5869 4 24.3426
      vertex 88.655 4 24.0862
    endloop
  endfacet
  facet normal 0 1 0
    outer loop
      vertex 51.75 4 16.6639
      vertex 88.655 4 24.0862
      vertex 89.75 4 24
    endloop
  endfacet
  facet normal 0 1 0
    outer loop
      vertex 51.75 4 16.6639
      vertex 89.75 4 24
      vertex 127.75 4 16.6639
    endloop
  endfacet
  facet normal 0 1 0
    outer loop
      vertex 83.0926 4 28.8369
      vertex 51.75 4 16.6639
      vertex 3 4 28
    endloop
  endfacet
  facet normal 0 1 0
    outer loop
      vertex 3 4 4
      vertex 51.75 4 16.6639
      vertex 51.75 4 10.0161
    endloop
  endfacet
  facet normal 0 1 0
    outer loop
      vertex 51.75 4 16.6639
      vertex 3 4 4
      vertex 3 4 28
    endloop
  endfacet
  facet normal 0 1 0
    outer loop
      vertex 3 4 4
      vertex 51.75 4 10.0161
      vertex 176.5 4 4
    endloop
  endfacet
  facet normal 0 1 0
    outer loop
      vertex 3 4 28
      vertex 83.0534 4 29
      vertex 83.0926 4 28.8369
    endloop
  endfacet
  facet normal 0 1 0
    outer loop
      vertex 83.0534 4 29
      vertex 3 4 28
      vertex 0 4 29
    endloop
  endfacet
  facet normal 0 1 0
    outer loop
      vertex 0 4 29
      vertex 3 4 28
      vertex 0 4 28
    endloop
  endfacet
  facet normal 0 0.707079 -0.707134
    outer loop
      vertex 51.75 4 10.0161
      vertex 127.75 4.51824 10.5343
      vertex 127.75 4 10.0161
    endloop
  endfacet
  facet normal 0 0.707079 -0.707134
    outer loop
      vertex 127.75 4.51824 10.5343
      vertex 51.75 4 10.0161
      vertex 51.75 4.51824 10.5343
    endloop
  endfacet
  facet normal 0 0 -1
    outer loop
      vertex 127.75 -12 8.84
      vertex 121.75 -0.0999994 8.84
      vertex 127.75 0 8.84
    endloop
  endfacet
  facet normal 0 0 -1
    outer loop
      vertex 127.75 -12 8.84
      vertex 57.75 -0.0999994 8.84
      vertex 121.75 -0.0999994 8.84
    endloop
  endfacet
  facet normal 0 0 -1
    outer loop
      vertex 51.75 -12 8.84
      vertex 57.75 -0.0999994 8.84
      vertex 127.75 -12 8.84
    endloop
  endfacet
  facet normal 0 0 -1
    outer loop
      vertex 51.75 0 8.84
      vertex 57.75 -0.0999994 8.84
      vertex 51.75 -12 8.84
    endloop
  endfacet
  facet normal 0 0 -1
    outer loop
      vertex 57.75 -0.0999994 8.84
      vertex 51.75 0 8.84
      vertex 57.75 0 8.84
    endloop
  endfacet
  facet normal -0 0 -1
    outer loop
      vertex 127.75 0 8.84
      vertex 121.75 -0.0999994 8.84
      vertex 121.75 0 8.84
    endloop
  endfacet
  facet normal 0 -0.330244 0.943895
    outer loop
      vertex 51.75 -13.0013 17.7272
      vertex 127.75 -13.9525 17.3944
      vertex 127.75 -13.0013 17.7272
    endloop
  endfacet
  facet normal 0 -0.330244 0.943895
    outer loop
      vertex 127.75 -13.9525 17.3944
      vertex 51.75 -13.0013 17.7272
      vertex 51.75 -13.9525 17.3944
    endloop
  endfacet
  facet normal 0 -0.111965 -0.993712
    outer loop
      vertex 51.75 -13.0013 8.95282
      vertex 127.75 -12 8.84
      vertex 127.75 -13.0013 8.95282
    endloop
  endfacet
  facet normal -0 -0.111965 -0.993712
    outer loop
      vertex 127.75 -12 8.84
      vertex 51.75 -13.0013 8.95282
      vertex 51.75 -12 8.84
    endloop
  endfacet
  facet normal 0 -0.532046 -0.846716
    outer loop
      vertex 51.75 -14.8057 9.82176
      vertex 127.75 -13.9525 9.28564
      vertex 127.75 -14.8057 9.82176
    endloop
  endfacet
  facet normal -0 -0.532046 -0.846716
    outer loop
      vertex 127.75 -13.9525 9.28564
      vertex 51.75 -14.8057 9.82176
      vertex 51.75 -13.9525 9.28564
    endloop
  endfacet
  facet normal 0 0.993712 -0.111965
    outer loop
      vertex 127.75 5.38718 12.3387
      vertex 51.75 5.5 13.34
      vertex 127.75 5.5 13.34
    endloop
  endfacet
  facet normal 0 0.993712 -0.111965
    outer loop
      vertex 51.75 5.5 13.34
      vertex 127.75 5.38718 12.3387
      vertex 51.75 5.38718 12.3387
    endloop
  endfacet
  facet normal 0 0.846716 0.532046
    outer loop
      vertex 127.75 5.05436 15.2925
      vertex 51.75 4.51824 16.1457
      vertex 127.75 4.51824 16.1457
    endloop
  endfacet
  facet normal 0 0.846716 0.532046
    outer loop
      vertex 51.75 4.51824 16.1457
      vertex 127.75 5.05436 15.2925
      vertex 51.75 5.05436 15.2925
    endloop
  endfacet
  facet normal 0 -0.707107 0.707107
    outer loop
      vertex 51.75 -15.5182 16.1457
      vertex 127.75 -14.8057 16.8582
      vertex 51.75 -14.8057 16.8582
    endloop
  endfacet
  facet normal 0 -0.707107 0.707107
    outer loop
      vertex 127.75 -14.8057 16.8582
      vertex 51.75 -15.5182 16.1457
      vertex 127.75 -15.5182 16.1457
    endloop
  endfacet
  facet normal 0 -0.993714 0.111945
    outer loop
      vertex 51.75 -16.5 13.34
      vertex 127.75 -16.3872 14.3413
      vertex 51.75 -16.3872 14.3413
    endloop
  endfacet
  facet normal 0 -0.993714 0.111945
    outer loop
      vertex 127.75 -16.3872 14.3413
      vertex 51.75 -16.5 13.34
      vertex 127.75 -16.5 13.34
    endloop
  endfacet
  facet normal 0 -0.943895 0.330244
    outer loop
      vertex 51.75 -16.3872 14.3413
      vertex 127.75 -16.0544 15.2925
      vertex 51.75 -16.0544 15.2925
    endloop
  endfacet
  facet normal 0 -0.943895 0.330244
    outer loop
      vertex 127.75 -16.0544 15.2925
      vertex 51.75 -16.3872 14.3413
      vertex 127.75 -16.3872 14.3413
    endloop
  endfacet
  facet normal 0 -0.84668 -0.532102
    outer loop
      vertex 51.75 -15.5182 10.5343
      vertex 127.75 -16.0544 11.3875
      vertex 51.75 -16.0544 11.3875
    endloop
  endfacet
  facet normal 0 -0.84668 -0.532102
    outer loop
      vertex 127.75 -16.0544 11.3875
      vertex 51.75 -15.5182 10.5343
      vertex 127.75 -15.5182 10.5343
    endloop
  endfacet
  facet normal 0 -0.532102 0.84668
    outer loop
      vertex 51.75 -13.9525 17.3944
      vertex 127.75 -14.8057 16.8582
      vertex 127.75 -13.9525 17.3944
    endloop
  endfacet
  facet normal 0 -0.532102 0.84668
    outer loop
      vertex 127.75 -14.8057 16.8582
      vertex 51.75 -13.9525 17.3944
      vertex 51.75 -14.8057 16.8582
    endloop
  endfacet
  facet normal 0 -0.707127 -0.707087
    outer loop
      vertex 51.75 -15.5182 10.5343
      vertex 127.75 -14.8057 9.82176
      vertex 127.75 -15.5182 10.5343
    endloop
  endfacet
  facet normal -0 -0.707127 -0.707087
    outer loop
      vertex 127.75 -14.8057 9.82176
      vertex 51.75 -15.5182 10.5343
      vertex 51.75 -14.8057 9.82176
    endloop
  endfacet
  facet normal 0 0.943889 -0.330262
    outer loop
      vertex 127.75 5.05436 11.3875
      vertex 51.75 5.38718 12.3387
      vertex 127.75 5.38718 12.3387
    endloop
  endfacet
  facet normal 0 0.943889 -0.330262
    outer loop
      vertex 51.75 5.38718 12.3387
      vertex 127.75 5.05436 11.3875
      vertex 51.75 5.05436 11.3875
    endloop
  endfacet
  facet normal 0 0.707079 0.707134
    outer loop
      vertex 127.75 4.51824 16.1457
      vertex 51.75 4 16.6639
      vertex 127.75 4 16.6639
    endloop
  endfacet
  facet normal 0 0.707079 0.707134
    outer loop
      vertex 51.75 4 16.6639
      vertex 127.75 4.51824 16.1457
      vertex 51.75 4.51824 16.1457
    endloop
  endfacet
  facet normal 0 -0.993714 -0.111945
    outer loop
      vertex 51.75 -16.3872 12.3387
      vertex 127.75 -16.5 13.34
      vertex 51.75 -16.5 13.34
    endloop
  endfacet
  facet normal 0 -0.993714 -0.111945
    outer loop
      vertex 127.75 -16.5 13.34
      vertex 51.75 -16.3872 12.3387
      vertex 127.75 -16.3872 12.3387
    endloop
  endfacet
  facet normal 0 -0.111945 0.993714
    outer loop
      vertex 51.75 -12 17.84
      vertex 127.75 -13.0013 17.7272
      vertex 127.75 -12 17.84
    endloop
  endfacet
  facet normal 0 -0.111945 0.993714
    outer loop
      vertex 127.75 -13.0013 17.7272
      vertex 51.75 -12 17.84
      vertex 51.75 -13.0013 17.7272
    endloop
  endfacet
  facet normal 0 -0.943895 -0.330244
    outer loop
      vertex 51.75 -16.0544 11.3875
      vertex 127.75 -16.3872 12.3387
      vertex 51.75 -16.3872 12.3387
    endloop
  endfacet
  facet normal 0 -0.943895 -0.330244
    outer loop
      vertex 127.75 -16.3872 12.3387
      vertex 51.75 -16.0544 11.3875
      vertex 127.75 -16.0544 11.3875
    endloop
  endfacet
  facet normal -0 0 1
    outer loop
      vertex 51.75 0 17.84
      vertex 127.75 -12 17.84
      vertex 127.75 0 17.84
    endloop
  endfacet
  facet normal 0 0 1
    outer loop
      vertex 127.75 -12 17.84
      vertex 51.75 0 17.84
      vertex 51.75 -12 17.84
    endloop
  endfacet
  facet normal 0 -0.84668 0.532102
    outer loop
      vertex 51.75 -16.0544 15.2925
      vertex 127.75 -15.5182 16.1457
      vertex 51.75 -15.5182 16.1457
    endloop
  endfacet
  facet normal 0 -0.84668 0.532102
    outer loop
      vertex 127.75 -15.5182 16.1457
      vertex 51.75 -16.0544 15.2925
      vertex 127.75 -16.0544 15.2925
    endloop
  endfacet
  facet normal 0 -0.330262 -0.943889
    outer loop
      vertex 51.75 -13.9525 9.28564
      vertex 127.75 -13.0013 8.95282
      vertex 127.75 -13.9525 9.28564
    endloop
  endfacet
  facet normal -0 -0.330262 -0.943889
    outer loop
      vertex 127.75 -13.0013 8.95282
      vertex 51.75 -13.9525 9.28564
      vertex 51.75 -13.0013 8.95282
    endloop
  endfacet
  facet normal 1 -0 0
    outer loop
      vertex 127.75 -12 17.84
      vertex 127.75 0 8.84
      vertex 127.75 0 17.84
    endloop
  endfacet
  facet normal 1 0 0
    outer loop
      vertex 127.75 -12 17.84
      vertex 127.75 -12 8.84
      vertex 127.75 0 8.84
    endloop
  endfacet
  facet normal 1 -0 0
    outer loop
      vertex 127.75 -13.0013 17.7272
      vertex 127.75 -12 8.84
      vertex 127.75 -12 17.84
    endloop
  endfacet
  facet normal 1 0 0
    outer loop
      vertex 127.75 -13.0013 17.7272
      vertex 127.75 -13.0013 8.95282
      vertex 127.75 -12 8.84
    endloop
  endfacet
  facet normal 1 -0 0
    outer loop
      vertex 127.75 -13.9525 17.3944
      vertex 127.75 -13.0013 8.95282
      vertex 127.75 -13.0013 17.7272
    endloop
  endfacet
  facet normal 1 0 0
    outer loop
      vertex 127.75 -13.9525 17.3944
      vertex 127.75 -13.9525 9.28564
      vertex 127.75 -13.0013 8.95282
    endloop
  endfacet
  facet normal 1 -0 0
    outer loop
      vertex 127.75 -14.8057 16.8582
      vertex 127.75 -13.9525 9.28564
      vertex 127.75 -13.9525 17.3944
    endloop
  endfacet
  facet normal 1 0 0
    outer loop
      vertex 127.75 -14.8057 16.8582
      vertex 127.75 -14.8057 9.82176
      vertex 127.75 -13.9525 9.28564
    endloop
  endfacet
  facet normal 1 -0 0
    outer loop
      vertex 127.75 -15.5182 16.1457
      vertex 127.75 -14.8057 9.82176
      vertex 127.75 -14.8057 16.8582
    endloop
  endfacet
  facet normal 1 0 0
    outer loop
      vertex 127.75 -15.5182 16.1457
      vertex 127.75 -15.5182 10.5343
      vertex 127.75 -14.8057 9.82176
    endloop
  endfacet
  facet normal 1 -0 0
    outer loop
      vertex 127.75 -16.0544 15.2925
      vertex 127.75 -15.5182 10.5343
      vertex 127.75 -15.5182 16.1457
    endloop
  endfacet
  facet normal 1 0 0
    outer loop
      vertex 127.75 -16.0544 15.2925
      vertex 127.75 -16.0544 11.3875
      vertex 127.75 -15.5182 10.5343
    endloop
  endfacet
  facet normal 1 -0 0
    outer loop
      vertex 127.75 -16.3872 14.3413
      vertex 127.75 -16.0544 11.3875
      vertex 127.75 -16.0544 15.2925
    endloop
  endfacet
  facet normal 1 0 0
    outer loop
      vertex 127.75 -16.3872 14.3413
      vertex 127.75 -16.3872 12.3387
      vertex 127.75 -16.0544 11.3875
    endloop
  endfacet
  facet normal 1 0 -0
    outer loop
      vertex 127.75 -16.3872 12.3387
      vertex 127.75 -16.3872 14.3413
      vertex 127.75 -16.5 13.34
    endloop
  endfacet
  facet normal 1 0 0
    outer loop
      vertex 127.75 5.38718 14.3413
      vertex 127.75 5.38718 12.3387
      vertex 127.75 5.5 13.34
    endloop
  endfacet
  facet normal 1 0 0
    outer loop
      vertex 127.75 5.05436 15.2925
      vertex 127.75 5.38718 12.3387
      vertex 127.75 5.38718 14.3413
    endloop
  endfacet
  facet normal 1 0 0
    outer loop
      vertex 127.75 5.05436 15.2925
      vertex 127.75 5.05436 11.3875
      vertex 127.75 5.38718 12.3387
    endloop
  endfacet
  facet normal 1 0 0
    outer loop
      vertex 127.75 4 16.6639
      vertex 127.75 5.05436 15.2925
      vertex 127.75 4.51824 16.1457
    endloop
  endfacet
  facet normal 1 0 0
    outer loop
      vertex 127.75 5.05436 15.2925
      vertex 127.75 4 16.6639
      vertex 127.75 5.05436 11.3875
    endloop
  endfacet
  facet normal 1 0 0
    outer loop
      vertex 127.75 4 10.0161
      vertex 127.75 5.05436 11.3875
      vertex 127.75 4 16.6639
    endloop
  endfacet
  facet normal 1 0 0
    outer loop
      vertex 127.75 5.05436 11.3875
      vertex 127.75 4 10.0161
      vertex 127.75 4.51824 10.5343
    endloop
  endfacet
  facet normal 0 0.993712 0.111965
    outer loop
      vertex 127.75 5.5 13.34
      vertex 51.75 5.38718 14.3413
      vertex 127.75 5.38718 14.3413
    endloop
  endfacet
  facet normal 0 0.993712 0.111965
    outer loop
      vertex 51.75 5.38718 14.3413
      vertex 127.75 5.5 13.34
      vertex 51.75 5.5 13.34
    endloop
  endfacet
  facet normal 0 0.943889 0.330262
    outer loop
      vertex 127.75 5.38718 14.3413
      vertex 51.75 5.05436 15.2925
      vertex 127.75 5.05436 15.2925
    endloop
  endfacet
  facet normal 0 0.943889 0.330262
    outer loop
      vertex 51.75 5.05436 15.2925
      vertex 127.75 5.38718 14.3413
      vertex 51.75 5.38718 14.3413
    endloop
  endfacet
  facet normal 0 0.846716 -0.532046
    outer loop
      vertex 127.75 4.51824 10.5343
      vertex 51.75 5.05436 11.3875
      vertex 127.75 5.05436 11.3875
    endloop
  endfacet
  facet normal 0 0.846716 -0.532046
    outer loop
      vertex 51.75 5.05436 11.3875
      vertex 127.75 4.51824 10.5343
      vertex 51.75 4.51824 10.5343
    endloop
  endfacet
  facet normal -1 0 0
    outer loop
      vertex 51.75 5.38718 12.3387
      vertex 51.75 5.38718 14.3413
      vertex 51.75 5.5 13.34
    endloop
  endfacet
  facet normal -1 0 0
    outer loop
      vertex 51.75 5.05436 11.3875
      vertex 51.75 5.38718 14.3413
      vertex 51.75 5.38718 12.3387
    endloop
  endfacet
  facet normal -1 0 0
    outer loop
      vertex 51.75 5.05436 11.3875
      vertex 51.75 5.05436 15.2925
      vertex 51.75 5.38718 14.3413
    endloop
  endfacet
  facet normal -1 0 0
    outer loop
      vertex 51.75 4 10.0161
      vertex 51.75 5.05436 11.3875
      vertex 51.75 4.51824 10.5343
    endloop
  endfacet
  facet normal -1 -0 0
    outer loop
      vertex 51.75 5.05436 11.3875
      vertex 51.75 4 10.0161
      vertex 51.75 5.05436 15.2925
    endloop
  endfacet
  facet normal -1 0 0
    outer loop
      vertex 51.75 4 16.6639
      vertex 51.75 5.05436 15.2925
      vertex 51.75 4 10.0161
    endloop
  endfacet
  facet normal -1 0 0
    outer loop
      vertex 51.75 5.05436 15.2925
      vertex 51.75 4 16.6639
      vertex 51.75 4.51824 16.1457
    endloop
  endfacet
  facet normal -1 0 0
    outer loop
      vertex 51.75 -12 8.84
      vertex 51.75 0 17.84
      vertex 51.75 0 8.84
    endloop
  endfacet
  facet normal -1 0 0
    outer loop
      vertex 51.75 -12 8.84
      vertex 51.75 -12 17.84
      vertex 51.75 0 17.84
    endloop
  endfacet
  facet normal -1 0 0
    outer loop
      vertex 51.75 -13.0013 8.95282
      vertex 51.75 -12 17.84
      vertex 51.75 -12 8.84
    endloop
  endfacet
  facet normal -1 0 0
    outer loop
      vertex 51.75 -13.0013 8.95282
      vertex 51.75 -13.0013 17.7272
      vertex 51.75 -12 17.84
    endloop
  endfacet
  facet normal -1 0 0
    outer loop
      vertex 51.75 -13.9525 9.28564
      vertex 51.75 -13.0013 17.7272
      vertex 51.75 -13.0013 8.95282
    endloop
  endfacet
  facet normal -1 0 0
    outer loop
      vertex 51.75 -13.9525 9.28564
      vertex 51.75 -13.9525 17.3944
      vertex 51.75 -13.0013 17.7272
    endloop
  endfacet
  facet normal -1 0 0
    outer loop
      vertex 51.75 -14.8057 9.82176
      vertex 51.75 -13.9525 17.3944
      vertex 51.75 -13.9525 9.28564
    endloop
  endfacet
  facet normal -1 0 0
    outer loop
      vertex 51.75 -14.8057 9.82176
      vertex 51.75 -14.8057 16.8582
      vertex 51.75 -13.9525 17.3944
    endloop
  endfacet
  facet normal -1 0 0
    outer loop
      vertex 51.75 -15.5182 10.5343
      vertex 51.75 -14.8057 16.8582
      vertex 51.75 -14.8057 9.82176
    endloop
  endfacet
  facet normal -1 0 0
    outer loop
      vertex 51.75 -15.5182 10.5343
      vertex 51.75 -15.5182 16.1457
      vertex 51.75 -14.8057 16.8582
    endloop
  endfacet
  facet normal -1 0 0
    outer loop
      vertex 51.75 -16.0544 11.3875
      vertex 51.75 -15.5182 16.1457
      vertex 51.75 -15.5182 10.5343
    endloop
  endfacet
  facet normal -1 0 0
    outer loop
      vertex 51.75 -16.0544 11.3875
      vertex 51.75 -16.0544 15.2925
      vertex 51.75 -15.5182 16.1457
    endloop
  endfacet
  facet normal -1 0 0
    outer loop
      vertex 51.75 -16.3872 12.3387
      vertex 51.75 -16.0544 15.2925
      vertex 51.75 -16.0544 11.3875
    endloop
  endfacet
  facet normal -1 0 0
    outer loop
      vertex 51.75 -16.3872 12.3387
      vertex 51.75 -16.3872 14.3413
      vertex 51.75 -16.0544 15.2925
    endloop
  endfacet
  facet normal -1 0 -0
    outer loop
      vertex 51.75 -16.3872 14.3413
      vertex 51.75 -16.3872 12.3387
      vertex 51.75 -16.5 13.34
    endloop
  endfacet
  facet normal -0.972332 0.233602 0
    outer loop
      vertex 22.9021 20.382 0
      vertex 22.9754 20.6871 3
      vertex 22.9754 20.6871 0
    endloop
  endfacet
  facet normal -0.972332 0.233602 0
    outer loop
      vertex 22.9754 20.6871 3
      vertex 22.9021 20.382 0
      vertex 22.9021 20.382 3
    endloop
  endfacet
  facet normal -0.233602 0.972332 0
    outer loop
      vertex 21.618 19.0979 0
      vertex 21.3129 19.0246 3
      vertex 21.618 19.0979 3
    endloop
  endfacet
  facet normal -0.233602 0.972332 0
    outer loop
      vertex 21.3129 19.0246 3
      vertex 21.618 19.0979 0
      vertex 21.3129 19.0246 0
    endloop
  endfacet
  facet normal -0.972332 -0.233602 0
    outer loop
      vertex 22.9754 21.3129 0
      vertex 22.9021 21.618 3
      vertex 22.9021 21.618 0
    endloop
  endfacet
  facet normal -0.972332 -0.233602 0
    outer loop
      vertex 22.9021 21.618 3
      vertex 22.9754 21.3129 0
      vertex 22.9754 21.3129 3
    endloop
  endfacet
  facet normal -0.996924 -0.0783775 0
    outer loop
      vertex 23 21 0
      vertex 22.9754 21.3129 3
      vertex 22.9754 21.3129 0
    endloop
  endfacet
  facet normal -0.996924 -0.0783775 0
    outer loop
      vertex 22.9754 21.3129 3
      vertex 23 21 0
      vertex 23 21 3
    endloop
  endfacet
  facet normal -0.923904 -0.382624 0
    outer loop
      vertex 22.9021 21.618 0
      vertex 22.782 21.908 3
      vertex 22.782 21.908 0
    endloop
  endfacet
  facet normal -0.923904 -0.382624 0
    outer loop
      vertex 22.782 21.908 3
      vertex 22.9021 21.618 0
      vertex 22.9021 21.618 3
    endloop
  endfacet
  facet normal 0.0783775 -0.996924 0
    outer loop
      vertex 20.6871 22.9754 0
      vertex 21 23 3
      vertex 20.6871 22.9754 3
    endloop
  endfacet
  facet normal 0.0783775 -0.996924 0
    outer loop
      vertex 21 23 3
      vertex 20.6871 22.9754 0
      vertex 21 23 0
    endloop
  endfacet
  facet normal 0.923904 -0.382624 0
    outer loop
      vertex 19.0979 21.618 3
      vertex 19.218 21.908 0
      vertex 19.218 21.908 3
    endloop
  endfacet
  facet normal 0.923904 -0.382624 0
    outer loop
      vertex 19.218 21.908 0
      vertex 19.0979 21.618 3
      vertex 19.0979 21.618 0
    endloop
  endfacet
  facet normal 0.85262 -0.522532 0
    outer loop
      vertex 19.218 21.908 3
      vertex 19.382 22.1756 0
      vertex 19.382 22.1756 3
    endloop
  endfacet
  facet normal 0.85262 -0.522532 0
    outer loop
      vertex 19.382 22.1756 0
      vertex 19.218 21.908 3
      vertex 19.218 21.908 0
    endloop
  endfacet
  facet normal -0.0783775 0.996924 0
    outer loop
      vertex 21.3129 19.0246 0
      vertex 21 19 3
      vertex 21.3129 19.0246 3
    endloop
  endfacet
  facet normal -0.0783775 0.996924 0
    outer loop
      vertex 21 19 3
      vertex 21.3129 19.0246 0
      vertex 21 19 0
    endloop
  endfacet
  facet normal 0.382624 0.923904 -0
    outer loop
      vertex 20.382 19.0979 0
      vertex 20.092 19.218 3
      vertex 20.382 19.0979 3
    endloop
  endfacet
  facet normal 0.382624 0.923904 0
    outer loop
      vertex 20.092 19.218 3
      vertex 20.382 19.0979 0
      vertex 20.092 19.218 0
    endloop
  endfacet
  facet normal 0.923904 0.382624 0
    outer loop
      vertex 19.218 20.092 3
      vertex 19.0979 20.382 0
      vertex 19.0979 20.382 3
    endloop
  endfacet
  facet normal 0.923904 0.382624 0
    outer loop
      vertex 19.0979 20.382 0
      vertex 19.218 20.092 3
      vertex 19.218 20.092 0
    endloop
  endfacet
  facet normal 0.76038 -0.649478 0
    outer loop
      vertex 19.382 22.1756 3
      vertex 19.5858 22.4142 0
      vertex 19.5858 22.4142 3
    endloop
  endfacet
  facet normal 0.76038 -0.649478 0
    outer loop
      vertex 19.5858 22.4142 0
      vertex 19.382 22.1756 3
      vertex 19.382 22.1756 0
    endloop
  endfacet
  facet normal -0.923904 0.382624 0
    outer loop
      vertex 22.782 20.092 0
      vertex 22.9021 20.382 3
      vertex 22.9021 20.382 0
    endloop
  endfacet
  facet normal -0.923904 0.382624 0
    outer loop
      vertex 22.9021 20.382 3
      vertex 22.782 20.092 0
      vertex 22.782 20.092 3
    endloop
  endfacet
  facet normal 0.522532 0.85262 -0
    outer loop
      vertex 20.092 19.218 0
      vertex 19.8244 19.382 3
      vertex 20.092 19.218 3
    endloop
  endfacet
  facet normal 0.522532 0.85262 0
    outer loop
      vertex 19.8244 19.382 3
      vertex 20.092 19.218 0
      vertex 19.8244 19.382 0
    endloop
  endfacet
  facet normal 0.522532 -0.85262 0
    outer loop
      vertex 19.8244 22.618 0
      vertex 20.092 22.782 3
      vertex 19.8244 22.618 3
    endloop
  endfacet
  facet normal 0.522532 -0.85262 0
    outer loop
      vertex 20.092 22.782 3
      vertex 19.8244 22.618 0
      vertex 20.092 22.782 0
    endloop
  endfacet
  facet normal 0.996924 0.0783775 0
    outer loop
      vertex 19.0246 20.6871 3
      vertex 19 21 0
      vertex 19 21 3
    endloop
  endfacet
  facet normal 0.996924 0.0783775 0
    outer loop
      vertex 19 21 0
      vertex 19.0246 20.6871 3
      vertex 19.0246 20.6871 0
    endloop
  endfacet
  facet normal -0.85262 0.522532 0
    outer loop
      vertex 22.618 19.8244 0
      vertex 22.782 20.092 3
      vertex 22.782 20.092 0
    endloop
  endfacet
  facet normal -0.85262 0.522532 0
    outer loop
      vertex 22.782 20.092 3
      vertex 22.618 19.8244 0
      vertex 22.618 19.8244 3
    endloop
  endfacet
  facet normal 0.649478 -0.76038 0
    outer loop
      vertex 19.5858 22.4142 0
      vertex 19.8244 22.618 3
      vertex 19.5858 22.4142 3
    endloop
  endfacet
  facet normal 0.649478 -0.76038 0
    outer loop
      vertex 19.8244 22.618 3
      vertex 19.5858 22.4142 0
      vertex 19.8244 22.618 0
    endloop
  endfacet
  facet normal 0.76038 0.649478 0
    outer loop
      vertex 19.5858 19.5858 3
      vertex 19.382 19.8244 0
      vertex 19.382 19.8244 3
    endloop
  endfacet
  facet normal 0.76038 0.649478 0
    outer loop
      vertex 19.382 19.8244 0
      vertex 19.5858 19.5858 3
      vertex 19.5858 19.5858 0
    endloop
  endfacet
  facet normal -0.382624 0.923904 0
    outer loop
      vertex 21.908 19.218 0
      vertex 21.618 19.0979 3
      vertex 21.908 19.218 3
    endloop
  endfacet
  facet normal -0.382624 0.923904 0
    outer loop
      vertex 21.618 19.0979 3
      vertex 21.908 19.218 0
      vertex 21.618 19.0979 0
    endloop
  endfacet
  facet normal 0.972332 0.233602 0
    outer loop
      vertex 19.0979 20.382 3
      vertex 19.0246 20.6871 0
      vertex 19.0246 20.6871 3
    endloop
  endfacet
  facet normal 0.972332 0.233602 0
    outer loop
      vertex 19.0246 20.6871 0
      vertex 19.0979 20.382 3
      vertex 19.0979 20.382 0
    endloop
  endfacet
  facet normal -0.85262 -0.522532 0
    outer loop
      vertex 22.782 21.908 0
      vertex 22.618 22.1756 3
      vertex 22.618 22.1756 0
    endloop
  endfacet
  facet normal -0.85262 -0.522532 0
    outer loop
      vertex 22.618 22.1756 3
      vertex 22.782 21.908 0
      vertex 22.782 21.908 3
    endloop
  endfacet
  facet normal 0.382624 -0.923904 0
    outer loop
      vertex 20.092 22.782 0
      vertex 20.382 22.9021 3
      vertex 20.092 22.782 3
    endloop
  endfacet
  facet normal 0.382624 -0.923904 0
    outer loop
      vertex 20.382 22.9021 3
      vertex 20.092 22.782 0
      vertex 20.382 22.9021 0
    endloop
  endfacet
  facet normal 0.233602 -0.972332 0
    outer loop
      vertex 20.382 22.9021 0
      vertex 20.6871 22.9754 3
      vertex 20.382 22.9021 3
    endloop
  endfacet
  facet normal 0.233602 -0.972332 0
    outer loop
      vertex 20.6871 22.9754 3
      vertex 20.382 22.9021 0
      vertex 20.6871 22.9754 0
    endloop
  endfacet
  facet normal -0.233602 -0.972332 0
    outer loop
      vertex 21.3129 22.9754 0
      vertex 21.618 22.9021 3
      vertex 21.3129 22.9754 3
    endloop
  endfacet
  facet normal -0.233602 -0.972332 -0
    outer loop
      vertex 21.618 22.9021 3
      vertex 21.3129 22.9754 0
      vertex 21.618 22.9021 0
    endloop
  endfacet
  facet normal 0.996924 -0.0783775 0
    outer loop
      vertex 19 21 3
      vertex 19.0246 21.3129 0
      vertex 19.0246 21.3129 3
    endloop
  endfacet
  facet normal 0.996924 -0.0783775 0
    outer loop
      vertex 19.0246 21.3129 0
      vertex 19 21 3
      vertex 19 21 0
    endloop
  endfacet
  facet normal -0.382624 -0.923904 0
    outer loop
      vertex 21.618 22.9021 0
      vertex 21.908 22.782 3
      vertex 21.618 22.9021 3
    endloop
  endfacet
  facet normal -0.382624 -0.923904 -0
    outer loop
      vertex 21.908 22.782 3
      vertex 21.618 22.9021 0
      vertex 21.908 22.782 0
    endloop
  endfacet
  facet normal -0.522532 0.85262 0
    outer loop
      vertex 22.1756 19.382 0
      vertex 21.908 19.218 3
      vertex 22.1756 19.382 3
    endloop
  endfacet
  facet normal -0.522532 0.85262 0
    outer loop
      vertex 21.908 19.218 3
      vertex 22.1756 19.382 0
      vertex 21.908 19.218 0
    endloop
  endfacet
  facet normal -0.522532 -0.85262 0
    outer loop
      vertex 21.908 22.782 0
      vertex 22.1756 22.618 3
      vertex 21.908 22.782 3
    endloop
  endfacet
  facet normal -0.522532 -0.85262 -0
    outer loop
      vertex 22.1756 22.618 3
      vertex 21.908 22.782 0
      vertex 22.1756 22.618 0
    endloop
  endfacet
  facet normal -0.649478 -0.76038 0
    outer loop
      vertex 22.1756 22.618 0
      vertex 22.4142 22.4142 3
      vertex 22.1756 22.618 3
    endloop
  endfacet
  facet normal -0.649478 -0.76038 -0
    outer loop
      vertex 22.4142 22.4142 3
      vertex 22.1756 22.618 0
      vertex 22.4142 22.4142 0
    endloop
  endfacet
  facet normal -0.996924 0.0783775 0
    outer loop
      vertex 22.9754 20.6871 0
      vertex 23 21 3
      vertex 23 21 0
    endloop
  endfacet
  facet normal -0.996924 0.0783775 0
    outer loop
      vertex 23 21 3
      vertex 22.9754 20.6871 0
      vertex 22.9754 20.6871 3
    endloop
  endfacet
  facet normal 0.972332 -0.233602 0
    outer loop
      vertex 19.0246 21.3129 3
      vertex 19.0979 21.618 0
      vertex 19.0979 21.618 3
    endloop
  endfacet
  facet normal 0.972332 -0.233602 0
    outer loop
      vertex 19.0979 21.618 0
      vertex 19.0246 21.3129 3
      vertex 19.0246 21.3129 0
    endloop
  endfacet
  facet normal 0.85262 0.522532 0
    outer loop
      vertex 19.382 19.8244 3
      vertex 19.218 20.092 0
      vertex 19.218 20.092 3
    endloop
  endfacet
  facet normal 0.85262 0.522532 0
    outer loop
      vertex 19.218 20.092 0
      vertex 19.382 19.8244 3
      vertex 19.382 19.8244 0
    endloop
  endfacet
  facet normal -0.76038 0.649478 0
    outer loop
      vertex 22.4142 19.5858 0
      vertex 22.618 19.8244 3
      vertex 22.618 19.8244 0
    endloop
  endfacet
  facet normal -0.76038 0.649478 0
    outer loop
      vertex 22.618 19.8244 3
      vertex 22.4142 19.5858 0
      vertex 22.4142 19.5858 3
    endloop
  endfacet
  facet normal 0.0783775 0.996924 -0
    outer loop
      vertex 21 19 0
      vertex 20.6871 19.0246 3
      vertex 21 19 3
    endloop
  endfacet
  facet normal 0.0783775 0.996924 0
    outer loop
      vertex 20.6871 19.0246 3
      vertex 21 19 0
      vertex 20.6871 19.0246 0
    endloop
  endfacet
  facet normal -0.0783775 -0.996924 0
    outer loop
      vertex 21 23 0
      vertex 21.3129 22.9754 3
      vertex 21 23 3
    endloop
  endfacet
  facet normal -0.0783775 -0.996924 -0
    outer loop
      vertex 21.3129 22.9754 3
      vertex 21 23 0
      vertex 21.3129 22.9754 0
    endloop
  endfacet
  facet normal -0.76038 -0.649478 0
    outer loop
      vertex 22.618 22.1756 0
      vertex 22.4142 22.4142 3
      vertex 22.4142 22.4142 0
    endloop
  endfacet
  facet normal -0.76038 -0.649478 0
    outer loop
      vertex 22.4142 22.4142 3
      vertex 22.618 22.1756 0
      vertex 22.618 22.1756 3
    endloop
  endfacet
  facet normal 0.233602 0.972332 -0
    outer loop
      vertex 20.6871 19.0246 0
      vertex 20.382 19.0979 3
      vertex 20.6871 19.0246 3
    endloop
  endfacet
  facet normal 0.233602 0.972332 0
    outer loop
      vertex 20.382 19.0979 3
      vertex 20.6871 19.0246 0
      vertex 20.382 19.0979 0
    endloop
  endfacet
  facet normal -0.649478 0.76038 0
    outer loop
      vertex 22.4142 19.5858 0
      vertex 22.1756 19.382 3
      vertex 22.4142 19.5858 3
    endloop
  endfacet
  facet normal -0.649478 0.76038 0
    outer loop
      vertex 22.1756 19.382 3
      vertex 22.4142 19.5858 0
      vertex 22.1756 19.382 0
    endloop
  endfacet
  facet normal 0.649478 0.76038 -0
    outer loop
      vertex 19.8244 19.382 0
      vertex 19.5858 19.5858 3
      vertex 19.8244 19.382 3
    endloop
  endfacet
  facet normal 0.649478 0.76038 0
    outer loop
      vertex 19.5858 19.5858 3
      vertex 19.8244 19.382 0
      vertex 19.5858 19.5858 0
    endloop
  endfacet
  facet normal -0.972332 -0.233602 0
    outer loop
      vertex 22.9754 47.7129 0
      vertex 22.9021 48.018 3
      vertex 22.9021 48.018 0
    endloop
  endfacet
  facet normal -0.972332 -0.233602 0
    outer loop
      vertex 22.9021 48.018 3
      vertex 22.9754 47.7129 0
      vertex 22.9754 47.7129 3
    endloop
  endfacet
  facet normal -0.996924 -0.0783775 0
    outer loop
      vertex 23 47.4 0
      vertex 22.9754 47.7129 3
      vertex 22.9754 47.7129 0
    endloop
  endfacet
  facet normal -0.996924 -0.0783775 0
    outer loop
      vertex 22.9754 47.7129 3
      vertex 23 47.4 0
      vertex 23 47.4 3
    endloop
  endfacet
  facet normal -0.923904 -0.382624 0
    outer loop
      vertex 22.9021 48.018 0
      vertex 22.782 48.308 3
      vertex 22.782 48.308 0
    endloop
  endfacet
  facet normal -0.923904 -0.382624 0
    outer loop
      vertex 22.782 48.308 3
      vertex 22.9021 48.018 0
      vertex 22.9021 48.018 3
    endloop
  endfacet
  facet normal -0.649478 0.76038 0
    outer loop
      vertex 22.4142 45.9858 0
      vertex 22.1756 45.782 3
      vertex 22.4142 45.9858 3
    endloop
  endfacet
  facet normal -0.649478 0.76038 0
    outer loop
      vertex 22.1756 45.782 3
      vertex 22.4142 45.9858 0
      vertex 22.1756 45.782 0
    endloop
  endfacet
  facet normal 0.76038 0.649478 0
    outer loop
      vertex 19.5858 45.9858 3
      vertex 19.382 46.2244 0
      vertex 19.382 46.2244 3
    endloop
  endfacet
  facet normal 0.76038 0.649478 0
    outer loop
      vertex 19.382 46.2244 0
      vertex 19.5858 45.9858 3
      vertex 19.5858 45.9858 0
    endloop
  endfacet
  facet normal -0.522532 0.85262 0
    outer loop
      vertex 22.1756 45.782 0
      vertex 21.908 45.618 3
      vertex 22.1756 45.782 3
    endloop
  endfacet
  facet normal -0.522532 0.85262 0
    outer loop
      vertex 21.908 45.618 3
      vertex 22.1756 45.782 0
      vertex 21.908 45.618 0
    endloop
  endfacet
  facet normal 0.996924 0.0783775 0
    outer loop
      vertex 19.0246 47.0871 3
      vertex 19 47.4 0
      vertex 19 47.4 3
    endloop
  endfacet
  facet normal 0.996924 0.0783775 0
    outer loop
      vertex 19 47.4 0
      vertex 19.0246 47.0871 3
      vertex 19.0246 47.0871 0
    endloop
  endfacet
  facet normal 0.522532 0.85262 -0
    outer loop
      vertex 20.092 45.618 0
      vertex 19.8244 45.782 3
      vertex 20.092 45.618 3
    endloop
  endfacet
  facet normal 0.522532 0.85262 0
    outer loop
      vertex 19.8244 45.782 3
      vertex 20.092 45.618 0
      vertex 19.8244 45.782 0
    endloop
  endfacet
  facet normal 0.649478 -0.76038 0
    outer loop
      vertex 19.5858 48.8142 0
      vertex 19.8244 49.018 3
      vertex 19.5858 48.8142 3
    endloop
  endfacet
  facet normal 0.649478 -0.76038 0
    outer loop
      vertex 19.8244 49.018 3
      vertex 19.5858 48.8142 0
      vertex 19.8244 49.018 0
    endloop
  endfacet
  facet normal 0.0783775 0.996924 -0
    outer loop
      vertex 21 45.4 0
      vertex 20.6871 45.4246 3
      vertex 21 45.4 3
    endloop
  endfacet
  facet normal 0.0783775 0.996924 0
    outer loop
      vertex 20.6871 45.4246 3
      vertex 21 45.4 0
      vertex 20.6871 45.4246 0
    endloop
  endfacet
  facet normal -0.649478 -0.76038 0
    outer loop
      vertex 22.1756 49.018 0
      vertex 22.4142 48.8142 3
      vertex 22.1756 49.018 3
    endloop
  endfacet
  facet normal -0.649478 -0.76038 -0
    outer loop
      vertex 22.4142 48.8142 3
      vertex 22.1756 49.018 0
      vertex 22.4142 48.8142 0
    endloop
  endfacet
  facet normal 0.923904 0.382624 0
    outer loop
      vertex 19.218 46.492 3
      vertex 19.0979 46.782 0
      vertex 19.0979 46.782 3
    endloop
  endfacet
  facet normal 0.923904 0.382624 0
    outer loop
      vertex 19.0979 46.782 0
      vertex 19.218 46.492 3
      vertex 19.218 46.492 0
    endloop
  endfacet
  facet normal -0.233602 0.972332 0
    outer loop
      vertex 21.618 45.4979 0
      vertex 21.3129 45.4246 3
      vertex 21.618 45.4979 3
    endloop
  endfacet
  facet normal -0.233602 0.972332 0
    outer loop
      vertex 21.3129 45.4246 3
      vertex 21.618 45.4979 0
      vertex 21.3129 45.4246 0
    endloop
  endfacet
  facet normal 0.996924 -0.0783775 0
    outer loop
      vertex 19 47.4 3
      vertex 19.0246 47.7129 0
      vertex 19.0246 47.7129 3
    endloop
  endfacet
  facet normal 0.996924 -0.0783775 0
    outer loop
      vertex 19.0246 47.7129 0
      vertex 19 47.4 3
      vertex 19 47.4 0
    endloop
  endfacet
  facet normal -0.0783775 -0.996924 0
    outer loop
      vertex 21 49.4 0
      vertex 21.3129 49.3754 3
      vertex 21 49.4 3
    endloop
  endfacet
  facet normal -0.0783775 -0.996924 -0
    outer loop
      vertex 21.3129 49.3754 3
      vertex 21 49.4 0
      vertex 21.3129 49.3754 0
    endloop
  endfacet
  facet normal -0.923904 0.382624 0
    outer loop
      vertex 22.782 46.492 0
      vertex 22.9021 46.782 3
      vertex 22.9021 46.782 0
    endloop
  endfacet
  facet normal -0.923904 0.382624 0
    outer loop
      vertex 22.9021 46.782 3
      vertex 22.782 46.492 0
      vertex 22.782 46.492 3
    endloop
  endfacet
  facet normal 0.76038 -0.649478 0
    outer loop
      vertex 19.382 48.5756 3
      vertex 19.5858 48.8142 0
      vertex 19.5858 48.8142 3
    endloop
  endfacet
  facet normal 0.76038 -0.649478 0
    outer loop
      vertex 19.5858 48.8142 0
      vertex 19.382 48.5756 3
      vertex 19.382 48.5756 0
    endloop
  endfacet
  facet normal -0.972332 0.233602 0
    outer loop
      vertex 22.9021 46.782 0
      vertex 22.9754 47.0871 3
      vertex 22.9754 47.0871 0
    endloop
  endfacet
  facet normal -0.972332 0.233602 0
    outer loop
      vertex 22.9754 47.0871 3
      vertex 22.9021 46.782 0
      vertex 22.9021 46.782 3
    endloop
  endfacet
  facet normal -0.85262 0.522532 0
    outer loop
      vertex 22.618 46.2244 0
      vertex 22.782 46.492 3
      vertex 22.782 46.492 0
    endloop
  endfacet
  facet normal -0.85262 0.522532 0
    outer loop
      vertex 22.782 46.492 3
      vertex 22.618 46.2244 0
      vertex 22.618 46.2244 3
    endloop
  endfacet
  facet normal -0.85262 -0.522532 0
    outer loop
      vertex 22.782 48.308 0
      vertex 22.618 48.5756 3
      vertex 22.618 48.5756 0
    endloop
  endfacet
  facet normal -0.85262 -0.522532 0
    outer loop
      vertex 22.618 48.5756 3
      vertex 22.782 48.308 0
      vertex 22.782 48.308 3
    endloop
  endfacet
  facet normal -0.76038 -0.649478 0
    outer loop
      vertex 22.618 48.5756 0
      vertex 22.4142 48.8142 3
      vertex 22.4142 48.8142 0
    endloop
  endfacet
  facet normal -0.76038 -0.649478 0
    outer loop
      vertex 22.4142 48.8142 3
      vertex 22.618 48.5756 0
      vertex 22.618 48.5756 3
    endloop
  endfacet
  facet normal -0.0783775 0.996924 0
    outer loop
      vertex 21.3129 45.4246 0
      vertex 21 45.4 3
      vertex 21.3129 45.4246 3
    endloop
  endfacet
  facet normal -0.0783775 0.996924 0
    outer loop
      vertex 21 45.4 3
      vertex 21.3129 45.4246 0
      vertex 21 45.4 0
    endloop
  endfacet
  facet normal -0.996924 0.0783775 0
    outer loop
      vertex 22.9754 47.0871 0
      vertex 23 47.4 3
      vertex 23 47.4 0
    endloop
  endfacet
  facet normal -0.996924 0.0783775 0
    outer loop
      vertex 23 47.4 3
      vertex 22.9754 47.0871 0
      vertex 22.9754 47.0871 3
    endloop
  endfacet
  facet normal -0.382624 -0.923904 0
    outer loop
      vertex 21.618 49.3021 0
      vertex 21.908 49.182 3
      vertex 21.618 49.3021 3
    endloop
  endfacet
  facet normal -0.382624 -0.923904 -0
    outer loop
      vertex 21.908 49.182 3
      vertex 21.618 49.3021 0
      vertex 21.908 49.182 0
    endloop
  endfacet
  facet normal -0.522532 -0.85262 0
    outer loop
      vertex 21.908 49.182 0
      vertex 22.1756 49.018 3
      vertex 21.908 49.182 3
    endloop
  endfacet
  facet normal -0.522532 -0.85262 -0
    outer loop
      vertex 22.1756 49.018 3
      vertex 21.908 49.182 0
      vertex 22.1756 49.018 0
    endloop
  endfacet
  facet normal 0.522532 -0.85262 0
    outer loop
      vertex 19.8244 49.018 0
      vertex 20.092 49.182 3
      vertex 19.8244 49.018 3
    endloop
  endfacet
  facet normal 0.522532 -0.85262 0
    outer loop
      vertex 20.092 49.182 3
      vertex 19.8244 49.018 0
      vertex 20.092 49.182 0
    endloop
  endfacet
  facet normal -0.382624 0.923904 0
    outer loop
      vertex 21.908 45.618 0
      vertex 21.618 45.4979 3
      vertex 21.908 45.618 3
    endloop
  endfacet
  facet normal -0.382624 0.923904 0
    outer loop
      vertex 21.618 45.4979 3
      vertex 21.908 45.618 0
      vertex 21.618 45.4979 0
    endloop
  endfacet
  facet normal -0.233602 -0.972332 0
    outer loop
      vertex 21.3129 49.3754 0
      vertex 21.618 49.3021 3
      vertex 21.3129 49.3754 3
    endloop
  endfacet
  facet normal -0.233602 -0.972332 -0
    outer loop
      vertex 21.618 49.3021 3
      vertex 21.3129 49.3754 0
      vertex 21.618 49.3021 0
    endloop
  endfacet
  facet normal 0.382624 0.923904 -0
    outer loop
      vertex 20.382 45.4979 0
      vertex 20.092 45.618 3
      vertex 20.382 45.4979 3
    endloop
  endfacet
  facet normal 0.382624 0.923904 0
    outer loop
      vertex 20.092 45.618 3
      vertex 20.382 45.4979 0
      vertex 20.092 45.618 0
    endloop
  endfacet
  facet normal 0.233602 -0.972332 0
    outer loop
      vertex 20.382 49.3021 0
      vertex 20.6871 49.3754 3
      vertex 20.382 49.3021 3
    endloop
  endfacet
  facet normal 0.233602 -0.972332 0
    outer loop
      vertex 20.6871 49.3754 3
      vertex 20.382 49.3021 0
      vertex 20.6871 49.3754 0
    endloop
  endfacet
  facet normal 0.85262 -0.522532 0
    outer loop
      vertex 19.218 48.308 3
      vertex 19.382 48.5756 0
      vertex 19.382 48.5756 3
    endloop
  endfacet
  facet normal 0.85262 -0.522532 0
    outer loop
      vertex 19.382 48.5756 0
      vertex 19.218 48.308 3
      vertex 19.218 48.308 0
    endloop
  endfacet
  facet normal 0.0783775 -0.996924 0
    outer loop
      vertex 20.6871 49.3754 0
      vertex 21 49.4 3
      vertex 20.6871 49.3754 3
    endloop
  endfacet
  facet normal 0.0783775 -0.996924 0
    outer loop
      vertex 21 49.4 3
      vertex 20.6871 49.3754 0
      vertex 21 49.4 0
    endloop
  endfacet
  facet normal 0.972332 -0.233602 0
    outer loop
      vertex 19.0246 47.7129 3
      vertex 19.0979 48.018 0
      vertex 19.0979 48.018 3
    endloop
  endfacet
  facet normal 0.972332 -0.233602 0
    outer loop
      vertex 19.0979 48.018 0
      vertex 19.0246 47.7129 3
      vertex 19.0246 47.7129 0
    endloop
  endfacet
  facet normal 0.85262 0.522532 0
    outer loop
      vertex 19.382 46.2244 3
      vertex 19.218 46.492 0
      vertex 19.218 46.492 3
    endloop
  endfacet
  facet normal 0.85262 0.522532 0
    outer loop
      vertex 19.218 46.492 0
      vertex 19.382 46.2244 3
      vertex 19.382 46.2244 0
    endloop
  endfacet
  facet normal 0.649478 0.76038 -0
    outer loop
      vertex 19.8244 45.782 0
      vertex 19.5858 45.9858 3
      vertex 19.8244 45.782 3
    endloop
  endfacet
  facet normal 0.649478 0.76038 0
    outer loop
      vertex 19.5858 45.9858 3
      vertex 19.8244 45.782 0
      vertex 19.5858 45.9858 0
    endloop
  endfacet
  facet normal 0.382624 -0.923904 0
    outer loop
      vertex 20.092 49.182 0
      vertex 20.382 49.3021 3
      vertex 20.092 49.182 3
    endloop
  endfacet
  facet normal 0.382624 -0.923904 0
    outer loop
      vertex 20.382 49.3021 3
      vertex 20.092 49.182 0
      vertex 20.382 49.3021 0
    endloop
  endfacet
  facet normal -0.76038 0.649478 0
    outer loop
      vertex 22.4142 45.9858 0
      vertex 22.618 46.2244 3
      vertex 22.618 46.2244 0
    endloop
  endfacet
  facet normal -0.76038 0.649478 0
    outer loop
      vertex 22.618 46.2244 3
      vertex 22.4142 45.9858 0
      vertex 22.4142 45.9858 3
    endloop
  endfacet
  facet normal 0.972332 0.233602 0
    outer loop
      vertex 19.0979 46.782 3
      vertex 19.0246 47.0871 0
      vertex 19.0246 47.0871 3
    endloop
  endfacet
  facet normal 0.972332 0.233602 0
    outer loop
      vertex 19.0246 47.0871 0
      vertex 19.0979 46.782 3
      vertex 19.0979 46.782 0
    endloop
  endfacet
  facet normal 0.923904 -0.382624 0
    outer loop
      vertex 19.0979 48.018 3
      vertex 19.218 48.308 0
      vertex 19.218 48.308 3
    endloop
  endfacet
  facet normal 0.923904 -0.382624 0
    outer loop
      vertex 19.218 48.308 0
      vertex 19.0979 48.018 3
      vertex 19.0979 48.018 0
    endloop
  endfacet
  facet normal 0.233602 0.972332 -0
    outer loop
      vertex 20.6871 45.4246 0
      vertex 20.382 45.4979 3
      vertex 20.6871 45.4246 3
    endloop
  endfacet
  facet normal 0.233602 0.972332 0
    outer loop
      vertex 20.382 45.4979 3
      vertex 20.6871 45.4246 0
      vertex 20.382 45.4979 0
    endloop
  endfacet
  facet normal -0.972332 -0.233602 0
    outer loop
      vertex 22.9754 74.1129 0
      vertex 22.9021 74.418 3
      vertex 22.9021 74.418 0
    endloop
  endfacet
  facet normal -0.972332 -0.233602 0
    outer loop
      vertex 22.9021 74.418 3
      vertex 22.9754 74.1129 0
      vertex 22.9754 74.1129 3
    endloop
  endfacet
  facet normal -0.996924 -0.0783775 0
    outer loop
      vertex 23 73.8 0
      vertex 22.9754 74.1129 3
      vertex 22.9754 74.1129 0
    endloop
  endfacet
  facet normal -0.996924 -0.0783775 0
    outer loop
      vertex 22.9754 74.1129 3
      vertex 23 73.8 0
      vertex 23 73.8 3
    endloop
  endfacet
  facet normal -0.923904 -0.382624 0
    outer loop
      vertex 22.9021 74.418 0
      vertex 22.782 74.708 3
      vertex 22.782 74.708 0
    endloop
  endfacet
  facet normal -0.923904 -0.382624 0
    outer loop
      vertex 22.782 74.708 3
      vertex 22.9021 74.418 0
      vertex 22.9021 74.418 3
    endloop
  endfacet
  facet normal -0.0783775 0.996924 0
    outer loop
      vertex 21.3129 71.8246 0
      vertex 21 71.8 3
      vertex 21.3129 71.8246 3
    endloop
  endfacet
  facet normal -0.0783775 0.996924 0
    outer loop
      vertex 21 71.8 3
      vertex 21.3129 71.8246 0
      vertex 21 71.8 0
    endloop
  endfacet
  facet normal -0.233602 0.972332 0
    outer loop
      vertex 21.618 71.8979 0
      vertex 21.3129 71.8246 3
      vertex 21.618 71.8979 3
    endloop
  endfacet
  facet normal -0.233602 0.972332 0
    outer loop
      vertex 21.3129 71.8246 3
      vertex 21.618 71.8979 0
      vertex 21.3129 71.8246 0
    endloop
  endfacet
  facet normal 0.85262 0.522532 0
    outer loop
      vertex 19.382 72.6244 3
      vertex 19.218 72.892 0
      vertex 19.218 72.892 3
    endloop
  endfacet
  facet normal 0.85262 0.522532 0
    outer loop
      vertex 19.218 72.892 0
      vertex 19.382 72.6244 3
      vertex 19.382 72.6244 0
    endloop
  endfacet
  facet normal -0.382624 -0.923904 0
    outer loop
      vertex 21.618 75.7021 0
      vertex 21.908 75.582 3
      vertex 21.618 75.7021 3
    endloop
  endfacet
  facet normal -0.382624 -0.923904 -0
    outer loop
      vertex 21.908 75.582 3
      vertex 21.618 75.7021 0
      vertex 21.908 75.582 0
    endloop
  endfacet
  facet normal 0.382624 0.923904 -0
    outer loop
      vertex 20.382 71.8979 0
      vertex 20.092 72.018 3
      vertex 20.382 71.8979 3
    endloop
  endfacet
  facet normal 0.382624 0.923904 0
    outer loop
      vertex 20.092 72.018 3
      vertex 20.382 71.8979 0
      vertex 20.092 72.018 0
    endloop
  endfacet
  facet normal 0.972332 -0.233602 0
    outer loop
      vertex 19.0246 74.1129 3
      vertex 19.0979 74.418 0
      vertex 19.0979 74.418 3
    endloop
  endfacet
  facet normal 0.972332 -0.233602 0
    outer loop
      vertex 19.0979 74.418 0
      vertex 19.0246 74.1129 3
      vertex 19.0246 74.1129 0
    endloop
  endfacet
  facet normal 0.233602 0.972332 -0
    outer loop
      vertex 20.6871 71.8246 0
      vertex 20.382 71.8979 3
      vertex 20.6871 71.8246 3
    endloop
  endfacet
  facet normal 0.233602 0.972332 0
    outer loop
      vertex 20.382 71.8979 3
      vertex 20.6871 71.8246 0
      vertex 20.382 71.8979 0
    endloop
  endfacet
  facet normal 0.923904 -0.382624 0
    outer loop
      vertex 19.0979 74.418 3
      vertex 19.218 74.708 0
      vertex 19.218 74.708 3
    endloop
  endfacet
  facet normal 0.923904 -0.382624 0
    outer loop
      vertex 19.218 74.708 0
      vertex 19.0979 74.418 3
      vertex 19.0979 74.418 0
    endloop
  endfacet
  facet normal -0.996924 0.0783775 0
    outer loop
      vertex 22.9754 73.4871 0
      vertex 23 73.8 3
      vertex 23 73.8 0
    endloop
  endfacet
  facet normal -0.996924 0.0783775 0
    outer loop
      vertex 23 73.8 3
      vertex 22.9754 73.4871 0
      vertex 22.9754 73.4871 3
    endloop
  endfacet
  facet normal -0.76038 0.649478 0
    outer loop
      vertex 22.4142 72.3858 0
      vertex 22.618 72.6244 3
      vertex 22.618 72.6244 0
    endloop
  endfacet
  facet normal -0.76038 0.649478 0
    outer loop
      vertex 22.618 72.6244 3
      vertex 22.4142 72.3858 0
      vertex 22.4142 72.3858 3
    endloop
  endfacet
  facet normal 0.233602 -0.972332 0
    outer loop
      vertex 20.382 75.7021 0
      vertex 20.6871 75.7754 3
      vertex 20.382 75.7021 3
    endloop
  endfacet
  facet normal 0.233602 -0.972332 0
    outer loop
      vertex 20.6871 75.7754 3
      vertex 20.382 75.7021 0
      vertex 20.6871 75.7754 0
    endloop
  endfacet
  facet normal -0.972332 0.233602 0
    outer loop
      vertex 22.9021 73.182 0
      vertex 22.9754 73.4871 3
      vertex 22.9754 73.4871 0
    endloop
  endfacet
  facet normal -0.972332 0.233602 0
    outer loop
      vertex 22.9754 73.4871 3
      vertex 22.9021 73.182 0
      vertex 22.9021 73.182 3
    endloop
  endfacet
  facet normal -0.923904 0.382624 0
    outer loop
      vertex 22.782 72.892 0
      vertex 22.9021 73.182 3
      vertex 22.9021 73.182 0
    endloop
  endfacet
  facet normal -0.923904 0.382624 0
    outer loop
      vertex 22.9021 73.182 3
      vertex 22.782 72.892 0
      vertex 22.782 72.892 3
    endloop
  endfacet
  facet normal -0.649478 0.76038 0
    outer loop
      vertex 22.4142 72.3858 0
      vertex 22.1756 72.182 3
      vertex 22.4142 72.3858 3
    endloop
  endfacet
  facet normal -0.649478 0.76038 0
    outer loop
      vertex 22.1756 72.182 3
      vertex 22.4142 72.3858 0
      vertex 22.1756 72.182 0
    endloop
  endfacet
  facet normal 0.996924 -0.0783775 0
    outer loop
      vertex 19 73.8 3
      vertex 19.0246 74.1129 0
      vertex 19.0246 74.1129 3
    endloop
  endfacet
  facet normal 0.996924 -0.0783775 0
    outer loop
      vertex 19.0246 74.1129 0
      vertex 19 73.8 3
      vertex 19 73.8 0
    endloop
  endfacet
  facet normal 0.923904 0.382624 0
    outer loop
      vertex 19.218 72.892 3
      vertex 19.0979 73.182 0
      vertex 19.0979 73.182 3
    endloop
  endfacet
  facet normal 0.923904 0.382624 0
    outer loop
      vertex 19.0979 73.182 0
      vertex 19.218 72.892 3
      vertex 19.218 72.892 0
    endloop
  endfacet
  facet normal -0.382624 0.923904 0
    outer loop
      vertex 21.908 72.018 0
      vertex 21.618 71.8979 3
      vertex 21.908 72.018 3
    endloop
  endfacet
  facet normal -0.382624 0.923904 0
    outer loop
      vertex 21.618 71.8979 3
      vertex 21.908 72.018 0
      vertex 21.618 71.8979 0
    endloop
  endfacet
  facet normal 0.649478 0.76038 -0
    outer loop
      vertex 19.8244 72.182 0
      vertex 19.5858 72.3858 3
      vertex 19.8244 72.182 3
    endloop
  endfacet
  facet normal 0.649478 0.76038 0
    outer loop
      vertex 19.5858 72.3858 3
      vertex 19.8244 72.182 0
      vertex 19.5858 72.3858 0
    endloop
  endfacet
  facet normal 0.649478 -0.76038 0
    outer loop
      vertex 19.5858 75.2142 0
      vertex 19.8244 75.418 3
      vertex 19.5858 75.2142 3
    endloop
  endfacet
  facet normal 0.649478 -0.76038 0
    outer loop
      vertex 19.8244 75.418 3
      vertex 19.5858 75.2142 0
      vertex 19.8244 75.418 0
    endloop
  endfacet
  facet normal 0.522532 0.85262 -0
    outer loop
      vertex 20.092 72.018 0
      vertex 19.8244 72.182 3
      vertex 20.092 72.018 3
    endloop
  endfacet
  facet normal 0.522532 0.85262 0
    outer loop
      vertex 19.8244 72.182 3
      vertex 20.092 72.018 0
      vertex 19.8244 72.182 0
    endloop
  endfacet
  facet normal 0.522532 -0.85262 0
    outer loop
      vertex 19.8244 75.418 0
      vertex 20.092 75.582 3
      vertex 19.8244 75.418 3
    endloop
  endfacet
  facet normal 0.522532 -0.85262 0
    outer loop
      vertex 20.092 75.582 3
      vertex 19.8244 75.418 0
      vertex 20.092 75.582 0
    endloop
  endfacet
  facet normal 0.85262 -0.522532 0
    outer loop
      vertex 19.218 74.708 3
      vertex 19.382 74.9756 0
      vertex 19.382 74.9756 3
    endloop
  endfacet
  facet normal 0.85262 -0.522532 0
    outer loop
      vertex 19.382 74.9756 0
      vertex 19.218 74.708 3
      vertex 19.218 74.708 0
    endloop
  endfacet
  facet normal -0.649478 -0.76038 0
    outer loop
      vertex 22.1756 75.418 0
      vertex 22.4142 75.2142 3
      vertex 22.1756 75.418 3
    endloop
  endfacet
  facet normal -0.649478 -0.76038 -0
    outer loop
      vertex 22.4142 75.2142 3
      vertex 22.1756 75.418 0
      vertex 22.4142 75.2142 0
    endloop
  endfacet
  facet normal 0.382624 -0.923904 0
    outer loop
      vertex 20.092 75.582 0
      vertex 20.382 75.7021 3
      vertex 20.092 75.582 3
    endloop
  endfacet
  facet normal 0.382624 -0.923904 0
    outer loop
      vertex 20.382 75.7021 3
      vertex 20.092 75.582 0
      vertex 20.382 75.7021 0
    endloop
  endfacet
  facet normal -0.522532 -0.85262 0
    outer loop
      vertex 21.908 75.582 0
      vertex 22.1756 75.418 3
      vertex 21.908 75.582 3
    endloop
  endfacet
  facet normal -0.522532 -0.85262 -0
    outer loop
      vertex 22.1756 75.418 3
      vertex 21.908 75.582 0
      vertex 22.1756 75.418 0
    endloop
  endfacet
  facet normal 0.0783775 -0.996924 0
    outer loop
      vertex 20.6871 75.7754 0
      vertex 21 75.8 3
      vertex 20.6871 75.7754 3
    endloop
  endfacet
  facet normal 0.0783775 -0.996924 0
    outer loop
      vertex 21 75.8 3
      vertex 20.6871 75.7754 0
      vertex 21 75.8 0
    endloop
  endfacet
  facet normal 0.996924 0.0783775 0
    outer loop
      vertex 19.0246 73.4871 3
      vertex 19 73.8 0
      vertex 19 73.8 3
    endloop
  endfacet
  facet normal 0.996924 0.0783775 0
    outer loop
      vertex 19 73.8 0
      vertex 19.0246 73.4871 3
      vertex 19.0246 73.4871 0
    endloop
  endfacet
  facet normal -0.522532 0.85262 0
    outer loop
      vertex 22.1756 72.182 0
      vertex 21.908 72.018 3
      vertex 22.1756 72.182 3
    endloop
  endfacet
  facet normal -0.522532 0.85262 0
    outer loop
      vertex 21.908 72.018 3
      vertex 22.1756 72.182 0
      vertex 21.908 72.018 0
    endloop
  endfacet
  facet normal -0.233602 -0.972332 0
    outer loop
      vertex 21.3129 75.7754 0
      vertex 21.618 75.7021 3
      vertex 21.3129 75.7754 3
    endloop
  endfacet
  facet normal -0.233602 -0.972332 -0
    outer loop
      vertex 21.618 75.7021 3
      vertex 21.3129 75.7754 0
      vertex 21.618 75.7021 0
    endloop
  endfacet
  facet normal -0.85262 0.522532 0
    outer loop
      vertex 22.618 72.6244 0
      vertex 22.782 72.892 3
      vertex 22.782 72.892 0
    endloop
  endfacet
  facet normal -0.85262 0.522532 0
    outer loop
      vertex 22.782 72.892 3
      vertex 22.618 72.6244 0
      vertex 22.618 72.6244 3
    endloop
  endfacet
  facet normal 0.972332 0.233602 0
    outer loop
      vertex 19.0979 73.182 3
      vertex 19.0246 73.4871 0
      vertex 19.0246 73.4871 3
    endloop
  endfacet
  facet normal 0.972332 0.233602 0
    outer loop
      vertex 19.0246 73.4871 0
      vertex 19.0979 73.182 3
      vertex 19.0979 73.182 0
    endloop
  endfacet
  facet normal 0.76038 -0.649478 0
    outer loop
      vertex 19.382 74.9756 3
      vertex 19.5858 75.2142 0
      vertex 19.5858 75.2142 3
    endloop
  endfacet
  facet normal 0.76038 -0.649478 0
    outer loop
      vertex 19.5858 75.2142 0
      vertex 19.382 74.9756 3
      vertex 19.382 74.9756 0
    endloop
  endfacet
  facet normal -0.0783775 -0.996924 0
    outer loop
      vertex 21 75.8 0
      vertex 21.3129 75.7754 3
      vertex 21 75.8 3
    endloop
  endfacet
  facet normal -0.0783775 -0.996924 -0
    outer loop
      vertex 21.3129 75.7754 3
      vertex 21 75.8 0
      vertex 21.3129 75.7754 0
    endloop
  endfacet
  facet normal -0.85262 -0.522532 0
    outer loop
      vertex 22.782 74.708 0
      vertex 22.618 74.9756 3
      vertex 22.618 74.9756 0
    endloop
  endfacet
  facet normal -0.85262 -0.522532 0
    outer loop
      vertex 22.618 74.9756 3
      vertex 22.782 74.708 0
      vertex 22.782 74.708 3
    endloop
  endfacet
  facet normal 0.0783775 0.996924 -0
    outer loop
      vertex 21 71.8 0
      vertex 20.6871 71.8246 3
      vertex 21 71.8 3
    endloop
  endfacet
  facet normal 0.0783775 0.996924 0
    outer loop
      vertex 20.6871 71.8246 3
      vertex 21 71.8 0
      vertex 20.6871 71.8246 0
    endloop
  endfacet
  facet normal -0.76038 -0.649478 0
    outer loop
      vertex 22.618 74.9756 0
      vertex 22.4142 75.2142 3
      vertex 22.4142 75.2142 0
    endloop
  endfacet
  facet normal -0.76038 -0.649478 0
    outer loop
      vertex 22.4142 75.2142 3
      vertex 22.618 74.9756 0
      vertex 22.618 74.9756 3
    endloop
  endfacet
  facet normal 0.76038 0.649478 0
    outer loop
      vertex 19.5858 72.3858 3
      vertex 19.382 72.6244 0
      vertex 19.382 72.6244 3
    endloop
  endfacet
  facet normal 0.76038 0.649478 0
    outer loop
      vertex 19.382 72.6244 0
      vertex 19.5858 72.3858 3
      vertex 19.5858 72.3858 0
    endloop
  endfacet
  facet normal -0.972315 -0.233674 0
    outer loop
      vertex 22.9754 100.513 0
      vertex 22.9021 100.818 3
      vertex 22.9021 100.818 0
    endloop
  endfacet
  facet normal -0.972315 -0.233674 0
    outer loop
      vertex 22.9021 100.818 3
      vertex 22.9754 100.513 0
      vertex 22.9754 100.513 3
    endloop
  endfacet
  facet normal -0.996926 -0.0783526 0
    outer loop
      vertex 23 100.2 0
      vertex 22.9754 100.513 3
      vertex 22.9754 100.513 0
    endloop
  endfacet
  facet normal -0.996926 -0.0783526 0
    outer loop
      vertex 22.9754 100.513 3
      vertex 23 100.2 0
      vertex 23 100.2 3
    endloop
  endfacet
  facet normal -0.923904 -0.382624 0
    outer loop
      vertex 22.9021 100.818 0
      vertex 22.782 101.108 3
      vertex 22.782 101.108 0
    endloop
  endfacet
  facet normal -0.923904 -0.382624 0
    outer loop
      vertex 22.782 101.108 3
      vertex 22.9021 100.818 0
      vertex 22.9021 100.818 3
    endloop
  endfacet
  facet normal -0.649846 -0.760066 0
    outer loop
      vertex 22.1756 101.818 0
      vertex 22.4142 101.614 3
      vertex 22.1756 101.818 3
    endloop
  endfacet
  facet normal -0.649846 -0.760066 -0
    outer loop
      vertex 22.4142 101.614 3
      vertex 22.1756 101.818 0
      vertex 22.4142 101.614 0
    endloop
  endfacet
  facet normal -0.649478 0.76038 0
    outer loop
      vertex 22.4142 98.7858 0
      vertex 22.1756 98.582 3
      vertex 22.4142 98.7858 3
    endloop
  endfacet
  facet normal -0.649478 0.76038 0
    outer loop
      vertex 22.1756 98.582 3
      vertex 22.4142 98.7858 0
      vertex 22.1756 98.582 0
    endloop
  endfacet
  facet normal 0.76038 0.649478 0
    outer loop
      vertex 19.5858 98.7858 3
      vertex 19.382 99.0244 0
      vertex 19.382 99.0244 3
    endloop
  endfacet
  facet normal 0.76038 0.649478 0
    outer loop
      vertex 19.382 99.0244 0
      vertex 19.5858 98.7858 3
      vertex 19.5858 98.7858 0
    endloop
  endfacet
  facet normal 0.0783775 0.996924 -0
    outer loop
      vertex 21 98.2 0
      vertex 20.6871 98.2246 3
      vertex 21 98.2 3
    endloop
  endfacet
  facet normal 0.0783775 0.996924 0
    outer loop
      vertex 20.6871 98.2246 3
      vertex 21 98.2 0
      vertex 20.6871 98.2246 0
    endloop
  endfacet
  facet normal -0.522532 0.85262 0
    outer loop
      vertex 22.1756 98.582 0
      vertex 21.908 98.418 3
      vertex 22.1756 98.582 3
    endloop
  endfacet
  facet normal -0.522532 0.85262 0
    outer loop
      vertex 21.908 98.418 3
      vertex 22.1756 98.582 0
      vertex 21.908 98.418 0
    endloop
  endfacet
  facet normal 0.996924 0.0783775 0
    outer loop
      vertex 19.0246 99.8871 3
      vertex 19 100.2 0
      vertex 19 100.2 3
    endloop
  endfacet
  facet normal 0.996924 0.0783775 0
    outer loop
      vertex 19 100.2 0
      vertex 19.0246 99.8871 3
      vertex 19.0246 99.8871 0
    endloop
  endfacet
  facet normal 0.382352 -0.924017 0
    outer loop
      vertex 20.092 101.982 0
      vertex 20.382 102.102 3
      vertex 20.092 101.982 3
    endloop
  endfacet
  facet normal 0.382352 -0.924017 0
    outer loop
      vertex 20.382 102.102 3
      vertex 20.092 101.982 0
      vertex 20.382 102.102 0
    endloop
  endfacet
  facet normal 0.522532 -0.85262 0
    outer loop
      vertex 19.8244 101.818 0
      vertex 20.092 101.982 3
      vertex 19.8244 101.818 3
    endloop
  endfacet
  facet normal 0.522532 -0.85262 0
    outer loop
      vertex 20.092 101.982 3
      vertex 19.8244 101.818 0
      vertex 20.092 101.982 0
    endloop
  endfacet
  facet normal 0.649846 -0.760066 0
    outer loop
      vertex 19.5858 101.614 0
      vertex 19.8244 101.818 3
      vertex 19.5858 101.614 3
    endloop
  endfacet
  facet normal 0.649846 -0.760066 0
    outer loop
      vertex 19.8244 101.818 3
      vertex 19.5858 101.614 0
      vertex 19.8244 101.818 0
    endloop
  endfacet
  facet normal 0.759572 -0.650423 0
    outer loop
      vertex 19.382 101.376 3
      vertex 19.5858 101.614 0
      vertex 19.5858 101.614 3
    endloop
  endfacet
  facet normal 0.759572 -0.650423 0
    outer loop
      vertex 19.5858 101.614 0
      vertex 19.382 101.376 3
      vertex 19.382 101.376 0
    endloop
  endfacet
  facet normal 0.923904 0.382624 0
    outer loop
      vertex 19.218 99.292 3
      vertex 19.0979 99.582 0
      vertex 19.0979 99.582 3
    endloop
  endfacet
  facet normal 0.923904 0.382624 0
    outer loop
      vertex 19.0979 99.582 0
      vertex 19.218 99.292 3
      vertex 19.218 99.292 0
    endloop
  endfacet
  facet normal -0.233602 0.972332 0
    outer loop
      vertex 21.618 98.2979 0
      vertex 21.3129 98.2246 3
      vertex 21.618 98.2979 3
    endloop
  endfacet
  facet normal -0.233602 0.972332 0
    outer loop
      vertex 21.3129 98.2246 3
      vertex 21.618 98.2979 0
      vertex 21.3129 98.2246 0
    endloop
  endfacet
  facet normal 0.996926 -0.0783526 0
    outer loop
      vertex 19 100.2 3
      vertex 19.0246 100.513 0
      vertex 19.0246 100.513 3
    endloop
  endfacet
  facet normal 0.996926 -0.0783526 0
    outer loop
      vertex 19.0246 100.513 0
      vertex 19 100.2 3
      vertex 19 100.2 0
    endloop
  endfacet
  facet normal -0.923904 0.382624 0
    outer loop
      vertex 22.782 99.292 0
      vertex 22.9021 99.582 3
      vertex 22.9021 99.582 0
    endloop
  endfacet
  facet normal -0.923904 0.382624 0
    outer loop
      vertex 22.9021 99.582 3
      vertex 22.782 99.292 0
      vertex 22.782 99.292 3
    endloop
  endfacet
  facet normal 0.649478 0.76038 -0
    outer loop
      vertex 19.8244 98.582 0
      vertex 19.5858 98.7858 3
      vertex 19.8244 98.582 3
    endloop
  endfacet
  facet normal 0.649478 0.76038 0
    outer loop
      vertex 19.5858 98.7858 3
      vertex 19.8244 98.582 0
      vertex 19.5858 98.7858 0
    endloop
  endfacet
  facet normal -0.972332 0.233602 0
    outer loop
      vertex 22.9021 99.582 0
      vertex 22.9754 99.8871 3
      vertex 22.9754 99.8871 0
    endloop
  endfacet
  facet normal -0.972332 0.233602 0
    outer loop
      vertex 22.9754 99.8871 3
      vertex 22.9021 99.582 0
      vertex 22.9021 99.582 3
    endloop
  endfacet
  facet normal 0.85262 0.522532 0
    outer loop
      vertex 19.382 99.0244 3
      vertex 19.218 99.292 0
      vertex 19.218 99.292 3
    endloop
  endfacet
  facet normal 0.85262 0.522532 0
    outer loop
      vertex 19.218 99.292 0
      vertex 19.382 99.0244 3
      vertex 19.382 99.0244 0
    endloop
  endfacet
  facet normal -0.85262 0.522532 0
    outer loop
      vertex 22.618 99.0244 0
      vertex 22.782 99.292 3
      vertex 22.782 99.292 0
    endloop
  endfacet
  facet normal -0.85262 0.522532 0
    outer loop
      vertex 22.782 99.292 3
      vertex 22.618 99.0244 0
      vertex 22.618 99.0244 3
    endloop
  endfacet
  facet normal -0.852967 -0.521965 0
    outer loop
      vertex 22.782 101.108 0
      vertex 22.618 101.376 3
      vertex 22.618 101.376 0
    endloop
  endfacet
  facet normal -0.852967 -0.521965 0
    outer loop
      vertex 22.618 101.376 3
      vertex 22.782 101.108 0
      vertex 22.782 101.108 3
    endloop
  endfacet
  facet normal -0.232698 -0.972549 0
    outer loop
      vertex 21.3129 102.175 0
      vertex 21.618 102.102 3
      vertex 21.3129 102.175 3
    endloop
  endfacet
  facet normal -0.232698 -0.972549 -0
    outer loop
      vertex 21.618 102.102 3
      vertex 21.3129 102.175 0
      vertex 21.618 102.102 0
    endloop
  endfacet
  facet normal -0.759572 -0.650423 0
    outer loop
      vertex 22.618 101.376 0
      vertex 22.4142 101.614 3
      vertex 22.4142 101.614 0
    endloop
  endfacet
  facet normal -0.759572 -0.650423 0
    outer loop
      vertex 22.4142 101.614 3
      vertex 22.618 101.376 0
      vertex 22.618 101.376 3
    endloop
  endfacet
  facet normal -0.0796439 -0.996823 0
    outer loop
      vertex 21 102.2 0
      vertex 21.3129 102.175 3
      vertex 21 102.2 3
    endloop
  endfacet
  facet normal -0.0796439 -0.996823 -0
    outer loop
      vertex 21.3129 102.175 3
      vertex 21 102.2 0
      vertex 21.3129 102.175 0
    endloop
  endfacet
  facet normal -0.0783775 0.996924 0
    outer loop
      vertex 21.3129 98.2246 0
      vertex 21 98.2 3
      vertex 21.3129 98.2246 3
    endloop
  endfacet
  facet normal -0.0783775 0.996924 0
    outer loop
      vertex 21 98.2 3
      vertex 21.3129 98.2246 0
      vertex 21 98.2 0
    endloop
  endfacet
  facet normal -0.996924 0.0783775 0
    outer loop
      vertex 22.9754 99.8871 0
      vertex 23 100.2 3
      vertex 23 100.2 0
    endloop
  endfacet
  facet normal -0.996924 0.0783775 0
    outer loop
      vertex 23 100.2 3
      vertex 22.9754 99.8871 0
      vertex 22.9754 99.8871 3
    endloop
  endfacet
  facet normal -0.382352 -0.924017 0
    outer loop
      vertex 21.618 102.102 0
      vertex 21.908 101.982 3
      vertex 21.618 102.102 3
    endloop
  endfacet
  facet normal -0.382352 -0.924017 -0
    outer loop
      vertex 21.908 101.982 3
      vertex 21.618 102.102 0
      vertex 21.908 101.982 0
    endloop
  endfacet
  facet normal -0.522532 -0.85262 0
    outer loop
      vertex 21.908 101.982 0
      vertex 22.1756 101.818 3
      vertex 21.908 101.982 3
    endloop
  endfacet
  facet normal -0.522532 -0.85262 -0
    outer loop
      vertex 22.1756 101.818 3
      vertex 21.908 101.982 0
      vertex 22.1756 101.818 0
    endloop
  endfacet
  facet normal -0.382624 0.923904 0
    outer loop
      vertex 21.908 98.418 0
      vertex 21.618 98.2979 3
      vertex 21.908 98.418 3
    endloop
  endfacet
  facet normal -0.382624 0.923904 0
    outer loop
      vertex 21.618 98.2979 3
      vertex 21.908 98.418 0
      vertex 21.618 98.2979 0
    endloop
  endfacet
  facet normal 0.382624 0.923904 -0
    outer loop
      vertex 20.382 98.2979 0
      vertex 20.092 98.418 3
      vertex 20.382 98.2979 3
    endloop
  endfacet
  facet normal 0.382624 0.923904 0
    outer loop
      vertex 20.092 98.418 3
      vertex 20.382 98.2979 0
      vertex 20.092 98.418 0
    endloop
  endfacet
  facet normal 0.232698 -0.972549 0
    outer loop
      vertex 20.382 102.102 0
      vertex 20.6871 102.175 3
      vertex 20.382 102.102 3
    endloop
  endfacet
  facet normal 0.232698 -0.972549 0
    outer loop
      vertex 20.6871 102.175 3
      vertex 20.382 102.102 0
      vertex 20.6871 102.175 0
    endloop
  endfacet
  facet normal 0.852967 -0.521965 0
    outer loop
      vertex 19.218 101.108 3
      vertex 19.382 101.376 0
      vertex 19.382 101.376 3
    endloop
  endfacet
  facet normal 0.852967 -0.521965 0
    outer loop
      vertex 19.382 101.376 0
      vertex 19.218 101.108 3
      vertex 19.218 101.108 0
    endloop
  endfacet
  facet normal 0.0796439 -0.996823 0
    outer loop
      vertex 20.6871 102.175 0
      vertex 21 102.2 3
      vertex 20.6871 102.175 3
    endloop
  endfacet
  facet normal 0.0796439 -0.996823 0
    outer loop
      vertex 21 102.2 3
      vertex 20.6871 102.175 0
      vertex 21 102.2 0
    endloop
  endfacet
  facet normal 0.972315 -0.233674 0
    outer loop
      vertex 19.0246 100.513 3
      vertex 19.0979 100.818 0
      vertex 19.0979 100.818 3
    endloop
  endfacet
  facet normal 0.972315 -0.233674 0
    outer loop
      vertex 19.0979 100.818 0
      vertex 19.0246 100.513 3
      vertex 19.0246 100.513 0
    endloop
  endfacet
  facet normal -0.76038 0.649478 0
    outer loop
      vertex 22.4142 98.7858 0
      vertex 22.618 99.0244 3
      vertex 22.618 99.0244 0
    endloop
  endfacet
  facet normal -0.76038 0.649478 0
    outer loop
      vertex 22.618 99.0244 3
      vertex 22.4142 98.7858 0
      vertex 22.4142 98.7858 3
    endloop
  endfacet
  facet normal 0.972332 0.233602 0
    outer loop
      vertex 19.0979 99.582 3
      vertex 19.0246 99.8871 0
      vertex 19.0246 99.8871 3
    endloop
  endfacet
  facet normal 0.972332 0.233602 0
    outer loop
      vertex 19.0246 99.8871 0
      vertex 19.0979 99.582 3
      vertex 19.0979 99.582 0
    endloop
  endfacet
  facet normal 0.522532 0.85262 -0
    outer loop
      vertex 20.092 98.418 0
      vertex 19.8244 98.582 3
      vertex 20.092 98.418 3
    endloop
  endfacet
  facet normal 0.522532 0.85262 0
    outer loop
      vertex 19.8244 98.582 3
      vertex 20.092 98.418 0
      vertex 19.8244 98.582 0
    endloop
  endfacet
  facet normal 0.923904 -0.382624 0
    outer loop
      vertex 19.0979 100.818 3
      vertex 19.218 101.108 0
      vertex 19.218 101.108 3
    endloop
  endfacet
  facet normal 0.923904 -0.382624 0
    outer loop
      vertex 19.218 101.108 0
      vertex 19.0979 100.818 3
      vertex 19.0979 100.818 0
    endloop
  endfacet
  facet normal 0.233602 0.972332 -0
    outer loop
      vertex 20.6871 98.2246 0
      vertex 20.382 98.2979 3
      vertex 20.6871 98.2246 3
    endloop
  endfacet
  facet normal 0.233602 0.972332 0
    outer loop
      vertex 20.382 98.2979 3
      vertex 20.6871 98.2246 0
      vertex 20.382 98.2979 0
    endloop
  endfacet
  facet normal -0.972315 -0.233674 0
    outer loop
      vertex 22.9754 126.913 0
      vertex 22.9021 127.218 3
      vertex 22.9021 127.218 0
    endloop
  endfacet
  facet normal -0.972315 -0.233674 0
    outer loop
      vertex 22.9021 127.218 3
      vertex 22.9754 126.913 0
      vertex 22.9754 126.913 3
    endloop
  endfacet
  facet normal -0.996926 -0.0783526 0
    outer loop
      vertex 23 126.6 0
      vertex 22.9754 126.913 3
      vertex 22.9754 126.913 0
    endloop
  endfacet
  facet normal -0.996926 -0.0783526 0
    outer loop
      vertex 22.9754 126.913 3
      vertex 23 126.6 0
      vertex 23 126.6 3
    endloop
  endfacet
  facet normal -0.923904 -0.382624 0
    outer loop
      vertex 22.9021 127.218 0
      vertex 22.782 127.508 3
      vertex 22.782 127.508 0
    endloop
  endfacet
  facet normal -0.923904 -0.382624 0
    outer loop
      vertex 22.782 127.508 3
      vertex 22.9021 127.218 0
      vertex 22.9021 127.218 3
    endloop
  endfacet
  facet normal 0.0796439 -0.996823 0
    outer loop
      vertex 20.6871 128.575 0
      vertex 21 128.6 3
      vertex 20.6871 128.575 3
    endloop
  endfacet
  facet normal 0.0796439 -0.996823 0
    outer loop
      vertex 21 128.6 3
      vertex 20.6871 128.575 0
      vertex 21 128.6 0
    endloop
  endfacet
  facet normal 0.972315 -0.233674 0
    outer loop
      vertex 19.0246 126.913 3
      vertex 19.0979 127.218 0
      vertex 19.0979 127.218 3
    endloop
  endfacet
  facet normal 0.972315 -0.233674 0
    outer loop
      vertex 19.0979 127.218 0
      vertex 19.0246 126.913 3
      vertex 19.0246 126.913 0
    endloop
  endfacet
  facet normal -0.0796439 0.996823 0
    outer loop
      vertex 21.3129 124.625 0
      vertex 21 124.6 3
      vertex 21.3129 124.625 3
    endloop
  endfacet
  facet normal -0.0796439 0.996823 0
    outer loop
      vertex 21 124.6 3
      vertex 21.3129 124.625 0
      vertex 21 124.6 0
    endloop
  endfacet
  facet normal -0.382352 -0.924017 0
    outer loop
      vertex 21.618 128.502 0
      vertex 21.908 128.382 3
      vertex 21.618 128.502 3
    endloop
  endfacet
  facet normal -0.382352 -0.924017 -0
    outer loop
      vertex 21.908 128.382 3
      vertex 21.618 128.502 0
      vertex 21.908 128.382 0
    endloop
  endfacet
  facet normal 0.923904 0.382624 0
    outer loop
      vertex 19.218 125.692 3
      vertex 19.0979 125.982 0
      vertex 19.0979 125.982 3
    endloop
  endfacet
  facet normal 0.923904 0.382624 0
    outer loop
      vertex 19.0979 125.982 0
      vertex 19.218 125.692 3
      vertex 19.218 125.692 0
    endloop
  endfacet
  facet normal -0.0796439 -0.996823 0
    outer loop
      vertex 21 128.6 0
      vertex 21.3129 128.575 3
      vertex 21 128.6 3
    endloop
  endfacet
  facet normal -0.0796439 -0.996823 -0
    outer loop
      vertex 21.3129 128.575 3
      vertex 21 128.6 0
      vertex 21.3129 128.575 0
    endloop
  endfacet
  facet normal 0.382352 0.924017 -0
    outer loop
      vertex 20.382 124.698 0
      vertex 20.092 124.818 3
      vertex 20.382 124.698 3
    endloop
  endfacet
  facet normal 0.382352 0.924017 0
    outer loop
      vertex 20.092 124.818 3
      vertex 20.382 124.698 0
      vertex 20.092 124.818 0
    endloop
  endfacet
  facet normal 0.522532 -0.85262 0
    outer loop
      vertex 19.8244 128.218 0
      vertex 20.092 128.382 3
      vertex 19.8244 128.218 3
    endloop
  endfacet
  facet normal 0.522532 -0.85262 0
    outer loop
      vertex 20.092 128.382 3
      vertex 19.8244 128.218 0
      vertex 20.092 128.382 0
    endloop
  endfacet
  facet normal -0.852967 -0.521965 0
    outer loop
      vertex 22.782 127.508 0
      vertex 22.618 127.776 3
      vertex 22.618 127.776 0
    endloop
  endfacet
  facet normal -0.852967 -0.521965 0
    outer loop
      vertex 22.618 127.776 3
      vertex 22.782 127.508 0
      vertex 22.782 127.508 3
    endloop
  endfacet
  facet normal 0.759572 0.650423 0
    outer loop
      vertex 19.5858 125.186 3
      vertex 19.382 125.424 0
      vertex 19.382 125.424 3
    endloop
  endfacet
  facet normal 0.759572 0.650423 0
    outer loop
      vertex 19.382 125.424 0
      vertex 19.5858 125.186 3
      vertex 19.5858 125.186 0
    endloop
  endfacet
  facet normal -0.972315 0.233674 0
    outer loop
      vertex 22.9021 125.982 0
      vertex 22.9754 126.287 3
      vertex 22.9754 126.287 0
    endloop
  endfacet
  facet normal -0.972315 0.233674 0
    outer loop
      vertex 22.9754 126.287 3
      vertex 22.9021 125.982 0
      vertex 22.9021 125.982 3
    endloop
  endfacet
  facet normal -0.923904 0.382624 0
    outer loop
      vertex 22.782 125.692 0
      vertex 22.9021 125.982 3
      vertex 22.9021 125.982 0
    endloop
  endfacet
  facet normal -0.923904 0.382624 0
    outer loop
      vertex 22.9021 125.982 3
      vertex 22.782 125.692 0
      vertex 22.782 125.692 3
    endloop
  endfacet
  facet normal 0.996926 0.0783526 0
    outer loop
      vertex 19.0246 126.287 3
      vertex 19 126.6 0
      vertex 19 126.6 3
    endloop
  endfacet
  facet normal 0.996926 0.0783526 0
    outer loop
      vertex 19 126.6 0
      vertex 19.0246 126.287 3
      vertex 19.0246 126.287 0
    endloop
  endfacet
  facet normal 0.232698 -0.972549 0
    outer loop
      vertex 20.382 128.502 0
      vertex 20.6871 128.575 3
      vertex 20.382 128.502 3
    endloop
  endfacet
  facet normal 0.232698 -0.972549 0
    outer loop
      vertex 20.6871 128.575 3
      vertex 20.382 128.502 0
      vertex 20.6871 128.575 0
    endloop
  endfacet
  facet normal 0.649846 -0.760066 0
    outer loop
      vertex 19.5858 128.014 0
      vertex 19.8244 128.218 3
      vertex 19.5858 128.014 3
    endloop
  endfacet
  facet normal 0.649846 -0.760066 0
    outer loop
      vertex 19.8244 128.218 3
      vertex 19.5858 128.014 0
      vertex 19.8244 128.218 0
    endloop
  endfacet
  facet normal -0.232698 0.972549 0
    outer loop
      vertex 21.618 124.698 0
      vertex 21.3129 124.625 3
      vertex 21.618 124.698 3
    endloop
  endfacet
  facet normal -0.232698 0.972549 0
    outer loop
      vertex 21.3129 124.625 3
      vertex 21.618 124.698 0
      vertex 21.3129 124.625 0
    endloop
  endfacet
  facet normal 0.923904 -0.382624 0
    outer loop
      vertex 19.0979 127.218 3
      vertex 19.218 127.508 0
      vertex 19.218 127.508 3
    endloop
  endfacet
  facet normal 0.923904 -0.382624 0
    outer loop
      vertex 19.218 127.508 0
      vertex 19.0979 127.218 3
      vertex 19.0979 127.218 0
    endloop
  endfacet
  facet normal -0.522532 0.85262 0
    outer loop
      vertex 22.1756 124.982 0
      vertex 21.908 124.818 3
      vertex 22.1756 124.982 3
    endloop
  endfacet
  facet normal -0.522532 0.85262 0
    outer loop
      vertex 21.908 124.818 3
      vertex 22.1756 124.982 0
      vertex 21.908 124.818 0
    endloop
  endfacet
  facet normal 0.996926 -0.0783526 0
    outer loop
      vertex 19 126.6 3
      vertex 19.0246 126.913 0
      vertex 19.0246 126.913 3
    endloop
  endfacet
  facet normal 0.996926 -0.0783526 0
    outer loop
      vertex 19.0246 126.913 0
      vertex 19 126.6 3
      vertex 19 126.6 0
    endloop
  endfacet
  facet normal -0.232698 -0.972549 0
    outer loop
      vertex 21.3129 128.575 0
      vertex 21.618 128.502 3
      vertex 21.3129 128.575 3
    endloop
  endfacet
  facet normal -0.232698 -0.972549 -0
    outer loop
      vertex 21.618 128.502 3
      vertex 21.3129 128.575 0
      vertex 21.618 128.502 0
    endloop
  endfacet
  facet normal -0.649846 0.760066 0
    outer loop
      vertex 22.4142 125.186 0
      vertex 22.1756 124.982 3
      vertex 22.4142 125.186 3
    endloop
  endfacet
  facet normal -0.649846 0.760066 0
    outer loop
      vertex 22.1756 124.982 3
      vertex 22.4142 125.186 0
      vertex 22.1756 124.982 0
    endloop
  endfacet
  facet normal -0.852967 0.521965 0
    outer loop
      vertex 22.618 125.424 0
      vertex 22.782 125.692 3
      vertex 22.782 125.692 0
    endloop
  endfacet
  facet normal -0.852967 0.521965 0
    outer loop
      vertex 22.782 125.692 3
      vertex 22.618 125.424 0
      vertex 22.618 125.424 3
    endloop
  endfacet
  facet normal 0.759572 -0.650423 0
    outer loop
      vertex 19.382 127.776 3
      vertex 19.5858 128.014 0
      vertex 19.5858 128.014 3
    endloop
  endfacet
  facet normal 0.759572 -0.650423 0
    outer loop
      vertex 19.5858 128.014 0
      vertex 19.382 127.776 3
      vertex 19.382 127.776 0
    endloop
  endfacet
  facet normal -0.649846 -0.760066 0
    outer loop
      vertex 22.1756 128.218 0
      vertex 22.4142 128.014 3
      vertex 22.1756 128.218 3
    endloop
  endfacet
  facet normal -0.649846 -0.760066 -0
    outer loop
      vertex 22.4142 128.014 3
      vertex 22.1756 128.218 0
      vertex 22.4142 128.014 0
    endloop
  endfacet
  facet normal -0.382352 0.924017 0
    outer loop
      vertex 21.908 124.818 0
      vertex 21.618 124.698 3
      vertex 21.908 124.818 3
    endloop
  endfacet
  facet normal -0.382352 0.924017 0
    outer loop
      vertex 21.618 124.698 3
      vertex 21.908 124.818 0
      vertex 21.618 124.698 0
    endloop
  endfacet
  facet normal -0.522532 -0.85262 0
    outer loop
      vertex 21.908 128.382 0
      vertex 22.1756 128.218 3
      vertex 21.908 128.382 3
    endloop
  endfacet
  facet normal -0.522532 -0.85262 -0
    outer loop
      vertex 22.1756 128.218 3
      vertex 21.908 128.382 0
      vertex 22.1756 128.218 0
    endloop
  endfacet
  facet normal 0.382352 -0.924017 0
    outer loop
      vertex 20.092 128.382 0
      vertex 20.382 128.502 3
      vertex 20.092 128.382 3
    endloop
  endfacet
  facet normal 0.382352 -0.924017 0
    outer loop
      vertex 20.382 128.502 3
      vertex 20.092 128.382 0
      vertex 20.382 128.502 0
    endloop
  endfacet
  facet normal -0.759572 0.650423 0
    outer loop
      vertex 22.4142 125.186 0
      vertex 22.618 125.424 3
      vertex 22.618 125.424 0
    endloop
  endfacet
  facet normal -0.759572 0.650423 0
    outer loop
      vertex 22.618 125.424 3
      vertex 22.4142 125.186 0
      vertex 22.4142 125.186 3
    endloop
  endfacet
  facet normal -0.759572 -0.650423 0
    outer loop
      vertex 22.618 127.776 0
      vertex 22.4142 128.014 3
      vertex 22.4142 128.014 0
    endloop
  endfacet
  facet normal -0.759572 -0.650423 0
    outer loop
      vertex 22.4142 128.014 3
      vertex 22.618 127.776 0
      vertex 22.618 127.776 3
    endloop
  endfacet
  facet normal 0.852967 0.521965 0
    outer loop
      vertex 19.382 125.424 3
      vertex 19.218 125.692 0
      vertex 19.218 125.692 3
    endloop
  endfacet
  facet normal 0.852967 0.521965 0
    outer loop
      vertex 19.218 125.692 0
      vertex 19.382 125.424 3
      vertex 19.382 125.424 0
    endloop
  endfacet
  facet normal -0.996926 0.0783526 0
    outer loop
      vertex 22.9754 126.287 0
      vertex 23 126.6 3
      vertex 23 126.6 0
    endloop
  endfacet
  facet normal -0.996926 0.0783526 0
    outer loop
      vertex 23 126.6 3
      vertex 22.9754 126.287 0
      vertex 22.9754 126.287 3
    endloop
  endfacet
  facet normal 0.0796439 0.996823 -0
    outer loop
      vertex 21 124.6 0
      vertex 20.6871 124.625 3
      vertex 21 124.6 3
    endloop
  endfacet
  facet normal 0.0796439 0.996823 0
    outer loop
      vertex 20.6871 124.625 3
      vertex 21 124.6 0
      vertex 20.6871 124.625 0
    endloop
  endfacet
  facet normal 0.232698 0.972549 -0
    outer loop
      vertex 20.6871 124.625 0
      vertex 20.382 124.698 3
      vertex 20.6871 124.625 3
    endloop
  endfacet
  facet normal 0.232698 0.972549 0
    outer loop
      vertex 20.382 124.698 3
      vertex 20.6871 124.625 0
      vertex 20.382 124.698 0
    endloop
  endfacet
  facet normal 0.972315 0.233674 0
    outer loop
      vertex 19.0979 125.982 3
      vertex 19.0246 126.287 0
      vertex 19.0246 126.287 3
    endloop
  endfacet
  facet normal 0.972315 0.233674 0
    outer loop
      vertex 19.0246 126.287 0
      vertex 19.0979 125.982 3
      vertex 19.0979 125.982 0
    endloop
  endfacet
  facet normal 0.522532 0.85262 -0
    outer loop
      vertex 20.092 124.818 0
      vertex 19.8244 124.982 3
      vertex 20.092 124.818 3
    endloop
  endfacet
  facet normal 0.522532 0.85262 0
    outer loop
      vertex 19.8244 124.982 3
      vertex 20.092 124.818 0
      vertex 19.8244 124.982 0
    endloop
  endfacet
  facet normal 0.649846 0.760066 -0
    outer loop
      vertex 19.8244 124.982 0
      vertex 19.5858 125.186 3
      vertex 19.8244 124.982 3
    endloop
  endfacet
  facet normal 0.649846 0.760066 0
    outer loop
      vertex 19.5858 125.186 3
      vertex 19.8244 124.982 0
      vertex 19.5858 125.186 0
    endloop
  endfacet
  facet normal 0.852967 -0.521965 0
    outer loop
      vertex 19.218 127.508 3
      vertex 19.382 127.776 0
      vertex 19.382 127.776 3
    endloop
  endfacet
  facet normal 0.852967 -0.521965 0
    outer loop
      vertex 19.382 127.776 0
      vertex 19.218 127.508 3
      vertex 19.218 127.508 0
    endloop
  endfacet
  facet normal -0.972315 0.233674 0
    outer loop
      vertex 22.9021 152.382 0
      vertex 22.9754 152.687 3
      vertex 22.9754 152.687 0
    endloop
  endfacet
  facet normal -0.972315 0.233674 0
    outer loop
      vertex 22.9754 152.687 3
      vertex 22.9021 152.382 0
      vertex 22.9021 152.382 3
    endloop
  endfacet
  facet normal -0.232698 0.972549 0
    outer loop
      vertex 21.618 151.098 0
      vertex 21.3129 151.025 3
      vertex 21.618 151.098 3
    endloop
  endfacet
  facet normal -0.232698 0.972549 0
    outer loop
      vertex 21.3129 151.025 3
      vertex 21.618 151.098 0
      vertex 21.3129 151.025 0
    endloop
  endfacet
  facet normal -0.972315 -0.233674 0
    outer loop
      vertex 22.9754 153.313 0
      vertex 22.9021 153.618 3
      vertex 22.9021 153.618 0
    endloop
  endfacet
  facet normal -0.972315 -0.233674 0
    outer loop
      vertex 22.9021 153.618 3
      vertex 22.9754 153.313 0
      vertex 22.9754 153.313 3
    endloop
  endfacet
  facet normal -0.996926 -0.0783526 0
    outer loop
      vertex 23 153 0
      vertex 22.9754 153.313 3
      vertex 22.9754 153.313 0
    endloop
  endfacet
  facet normal -0.996926 -0.0783526 0
    outer loop
      vertex 22.9754 153.313 3
      vertex 23 153 0
      vertex 23 153 3
    endloop
  endfacet
  facet normal -0.923904 -0.382624 0
    outer loop
      vertex 22.9021 153.618 0
      vertex 22.782 153.908 3
      vertex 22.782 153.908 0
    endloop
  endfacet
  facet normal -0.923904 -0.382624 0
    outer loop
      vertex 22.782 153.908 3
      vertex 22.9021 153.618 0
      vertex 22.9021 153.618 3
    endloop
  endfacet
  facet normal 0.0796439 -0.996823 0
    outer loop
      vertex 20.6871 154.975 0
      vertex 21 155 3
      vertex 20.6871 154.975 3
    endloop
  endfacet
  facet normal 0.0796439 -0.996823 0
    outer loop
      vertex 21 155 3
      vertex 20.6871 154.975 0
      vertex 21 155 0
    endloop
  endfacet
  facet normal 0.923904 -0.382624 0
    outer loop
      vertex 19.0979 153.618 3
      vertex 19.218 153.908 0
      vertex 19.218 153.908 3
    endloop
  endfacet
  facet normal 0.923904 -0.382624 0
    outer loop
      vertex 19.218 153.908 0
      vertex 19.0979 153.618 3
      vertex 19.0979 153.618 0
    endloop
  endfacet
  facet normal 0.852967 -0.521965 0
    outer loop
      vertex 19.218 153.908 3
      vertex 19.382 154.176 0
      vertex 19.382 154.176 3
    endloop
  endfacet
  facet normal 0.852967 -0.521965 0
    outer loop
      vertex 19.382 154.176 0
      vertex 19.218 153.908 3
      vertex 19.218 153.908 0
    endloop
  endfacet
  facet normal -0.0796439 0.996823 0
    outer loop
      vertex 21.3129 151.025 0
      vertex 21 151 3
      vertex 21.3129 151.025 3
    endloop
  endfacet
  facet normal -0.0796439 0.996823 0
    outer loop
      vertex 21 151 3
      vertex 21.3129 151.025 0
      vertex 21 151 0
    endloop
  endfacet
  facet normal 0.382352 0.924017 -0
    outer loop
      vertex 20.382 151.098 0
      vertex 20.092 151.218 3
      vertex 20.382 151.098 3
    endloop
  endfacet
  facet normal 0.382352 0.924017 0
    outer loop
      vertex 20.092 151.218 3
      vertex 20.382 151.098 0
      vertex 20.092 151.218 0
    endloop
  endfacet
  facet normal 0.923904 0.382624 0
    outer loop
      vertex 19.218 152.092 3
      vertex 19.0979 152.382 0
      vertex 19.0979 152.382 3
    endloop
  endfacet
  facet normal 0.923904 0.382624 0
    outer loop
      vertex 19.0979 152.382 0
      vertex 19.218 152.092 3
      vertex 19.218 152.092 0
    endloop
  endfacet
  facet normal 0.759572 -0.650423 0
    outer loop
      vertex 19.382 154.176 3
      vertex 19.5858 154.414 0
      vertex 19.5858 154.414 3
    endloop
  endfacet
  facet normal 0.759572 -0.650423 0
    outer loop
      vertex 19.5858 154.414 0
      vertex 19.382 154.176 3
      vertex 19.382 154.176 0
    endloop
  endfacet
  facet normal -0.923904 0.382624 0
    outer loop
      vertex 22.782 152.092 0
      vertex 22.9021 152.382 3
      vertex 22.9021 152.382 0
    endloop
  endfacet
  facet normal -0.923904 0.382624 0
    outer loop
      vertex 22.9021 152.382 3
      vertex 22.782 152.092 0
      vertex 22.782 152.092 3
    endloop
  endfacet
  facet normal 0.522532 0.85262 -0
    outer loop
      vertex 20.092 151.218 0
      vertex 19.8244 151.382 3
      vertex 20.092 151.218 3
    endloop
  endfacet
  facet normal 0.522532 0.85262 0
    outer loop
      vertex 19.8244 151.382 3
      vertex 20.092 151.218 0
      vertex 19.8244 151.382 0
    endloop
  endfacet
  facet normal 0.522532 -0.85262 0
    outer loop
      vertex 19.8244 154.618 0
      vertex 20.092 154.782 3
      vertex 19.8244 154.618 3
    endloop
  endfacet
  facet normal 0.522532 -0.85262 0
    outer loop
      vertex 20.092 154.782 3
      vertex 19.8244 154.618 0
      vertex 20.092 154.782 0
    endloop
  endfacet
  facet normal 0.996926 0.0783526 0
    outer loop
      vertex 19.0246 152.687 3
      vertex 19 153 0
      vertex 19 153 3
    endloop
  endfacet
  facet normal 0.996926 0.0783526 0
    outer loop
      vertex 19 153 0
      vertex 19.0246 152.687 3
      vertex 19.0246 152.687 0
    endloop
  endfacet
  facet normal -0.852967 0.521965 0
    outer loop
      vertex 22.618 151.824 0
      vertex 22.782 152.092 3
      vertex 22.782 152.092 0
    endloop
  endfacet
  facet normal -0.852967 0.521965 0
    outer loop
      vertex 22.782 152.092 3
      vertex 22.618 151.824 0
      vertex 22.618 151.824 3
    endloop
  endfacet
  facet normal 0.649846 -0.760066 0
    outer loop
      vertex 19.5858 154.414 0
      vertex 19.8244 154.618 3
      vertex 19.5858 154.414 3
    endloop
  endfacet
  facet normal 0.649846 -0.760066 0
    outer loop
      vertex 19.8244 154.618 3
      vertex 19.5858 154.414 0
      vertex 19.8244 154.618 0
    endloop
  endfacet
  facet normal 0.759572 0.650423 0
    outer loop
      vertex 19.5858 151.586 3
      vertex 19.382 151.824 0
      vertex 19.382 151.824 3
    endloop
  endfacet
  facet normal 0.759572 0.650423 0
    outer loop
      vertex 19.382 151.824 0
      vertex 19.5858 151.586 3
      vertex 19.5858 151.586 0
    endloop
  endfacet
  facet normal -0.382352 0.924017 0
    outer loop
      vertex 21.908 151.218 0
      vertex 21.618 151.098 3
      vertex 21.908 151.218 3
    endloop
  endfacet
  facet normal -0.382352 0.924017 0
    outer loop
      vertex 21.618 151.098 3
      vertex 21.908 151.218 0
      vertex 21.618 151.098 0
    endloop
  endfacet
  facet normal 0.972315 0.233674 0
    outer loop
      vertex 19.0979 152.382 3
      vertex 19.0246 152.687 0
      vertex 19.0246 152.687 3
    endloop
  endfacet
  facet normal 0.972315 0.233674 0
    outer loop
      vertex 19.0246 152.687 0
      vertex 19.0979 152.382 3
      vertex 19.0979 152.382 0
    endloop
  endfacet
  facet normal -0.852967 -0.521965 0
    outer loop
      vertex 22.782 153.908 0
      vertex 22.618 154.176 3
      vertex 22.618 154.176 0
    endloop
  endfacet
  facet normal -0.852967 -0.521965 0
    outer loop
      vertex 22.618 154.176 3
      vertex 22.782 153.908 0
      vertex 22.782 153.908 3
    endloop
  endfacet
  facet normal 0.382352 -0.924017 0
    outer loop
      vertex 20.092 154.782 0
      vertex 20.382 154.902 3
      vertex 20.092 154.782 3
    endloop
  endfacet
  facet normal 0.382352 -0.924017 0
    outer loop
      vertex 20.382 154.902 3
      vertex 20.092 154.782 0
      vertex 20.382 154.902 0
    endloop
  endfacet
  facet normal 0.232698 -0.972549 0
    outer loop
      vertex 20.382 154.902 0
      vertex 20.6871 154.975 3
      vertex 20.382 154.902 3
    endloop
  endfacet
  facet normal 0.232698 -0.972549 0
    outer loop
      vertex 20.6871 154.975 3
      vertex 20.382 154.902 0
      vertex 20.6871 154.975 0
    endloop
  endfacet
  facet normal -0.232698 -0.972549 0
    outer loop
      vertex 21.3129 154.975 0
      vertex 21.618 154.902 3
      vertex 21.3129 154.975 3
    endloop
  endfacet
  facet normal -0.232698 -0.972549 -0
    outer loop
      vertex 21.618 154.902 3
      vertex 21.3129 154.975 0
      vertex 21.618 154.902 0
    endloop
  endfacet
  facet normal 0.996926 -0.0783526 0
    outer loop
      vertex 19 153 3
      vertex 19.0246 153.313 0
      vertex 19.0246 153.313 3
    endloop
  endfacet
  facet normal 0.996926 -0.0783526 0
    outer loop
      vertex 19.0246 153.313 0
      vertex 19 153 3
      vertex 19 153 0
    endloop
  endfacet
  facet normal -0.382352 -0.924017 0
    outer loop
      vertex 21.618 154.902 0
      vertex 21.908 154.782 3
      vertex 21.618 154.902 3
    endloop
  endfacet
  facet normal -0.382352 -0.924017 -0
    outer loop
      vertex 21.908 154.782 3
      vertex 21.618 154.902 0
      vertex 21.908 154.782 0
    endloop
  endfacet
  facet normal -0.522532 0.85262 0
    outer loop
      vertex 22.1756 151.382 0
      vertex 21.908 151.218 3
      vertex 22.1756 151.382 3
    endloop
  endfacet
  facet normal -0.522532 0.85262 0
    outer loop
      vertex 21.908 151.218 3
      vertex 22.1756 151.382 0
      vertex 21.908 151.218 0
    endloop
  endfacet
  facet normal -0.522532 -0.85262 0
    outer loop
      vertex 21.908 154.782 0
      vertex 22.1756 154.618 3
      vertex 21.908 154.782 3
    endloop
  endfacet
  facet normal -0.522532 -0.85262 -0
    outer loop
      vertex 22.1756 154.618 3
      vertex 21.908 154.782 0
      vertex 22.1756 154.618 0
    endloop
  endfacet
  facet normal -0.649846 -0.760066 0
    outer loop
      vertex 22.1756 154.618 0
      vertex 22.4142 154.414 3
      vertex 22.1756 154.618 3
    endloop
  endfacet
  facet normal -0.649846 -0.760066 -0
    outer loop
      vertex 22.4142 154.414 3
      vertex 22.1756 154.618 0
      vertex 22.4142 154.414 0
    endloop
  endfacet
  facet normal -0.996926 0.0783526 0
    outer loop
      vertex 22.9754 152.687 0
      vertex 23 153 3
      vertex 23 153 0
    endloop
  endfacet
  facet normal -0.996926 0.0783526 0
    outer loop
      vertex 23 153 3
      vertex 22.9754 152.687 0
      vertex 22.9754 152.687 3
    endloop
  endfacet
  facet normal 0.972315 -0.233674 0
    outer loop
      vertex 19.0246 153.313 3
      vertex 19.0979 153.618 0
      vertex 19.0979 153.618 3
    endloop
  endfacet
  facet normal 0.972315 -0.233674 0
    outer loop
      vertex 19.0979 153.618 0
      vertex 19.0246 153.313 3
      vertex 19.0246 153.313 0
    endloop
  endfacet
  facet normal 0.852967 0.521965 0
    outer loop
      vertex 19.382 151.824 3
      vertex 19.218 152.092 0
      vertex 19.218 152.092 3
    endloop
  endfacet
  facet normal 0.852967 0.521965 0
    outer loop
      vertex 19.218 152.092 0
      vertex 19.382 151.824 3
      vertex 19.382 151.824 0
    endloop
  endfacet
  facet normal -0.759572 0.650423 0
    outer loop
      vertex 22.4142 151.586 0
      vertex 22.618 151.824 3
      vertex 22.618 151.824 0
    endloop
  endfacet
  facet normal -0.759572 0.650423 0
    outer loop
      vertex 22.618 151.824 3
      vertex 22.4142 151.586 0
      vertex 22.4142 151.586 3
    endloop
  endfacet
  facet normal 0.0796439 0.996823 -0
    outer loop
      vertex 21 151 0
      vertex 20.6871 151.025 3
      vertex 21 151 3
    endloop
  endfacet
  facet normal 0.0796439 0.996823 0
    outer loop
      vertex 20.6871 151.025 3
      vertex 21 151 0
      vertex 20.6871 151.025 0
    endloop
  endfacet
  facet normal -0.0796439 -0.996823 0
    outer loop
      vertex 21 155 0
      vertex 21.3129 154.975 3
      vertex 21 155 3
    endloop
  endfacet
  facet normal -0.0796439 -0.996823 -0
    outer loop
      vertex 21.3129 154.975 3
      vertex 21 155 0
      vertex 21.3129 154.975 0
    endloop
  endfacet
  facet normal -0.759572 -0.650423 0
    outer loop
      vertex 22.618 154.176 0
      vertex 22.4142 154.414 3
      vertex 22.4142 154.414 0
    endloop
  endfacet
  facet normal -0.759572 -0.650423 0
    outer loop
      vertex 22.4142 154.414 3
      vertex 22.618 154.176 0
      vertex 22.618 154.176 3
    endloop
  endfacet
  facet normal 0.232698 0.972549 -0
    outer loop
      vertex 20.6871 151.025 0
      vertex 20.382 151.098 3
      vertex 20.6871 151.025 3
    endloop
  endfacet
  facet normal 0.232698 0.972549 0
    outer loop
      vertex 20.382 151.098 3
      vertex 20.6871 151.025 0
      vertex 20.382 151.098 0
    endloop
  endfacet
  facet normal -0.649846 0.760066 0
    outer loop
      vertex 22.4142 151.586 0
      vertex 22.1756 151.382 3
      vertex 22.4142 151.586 3
    endloop
  endfacet
  facet normal -0.649846 0.760066 0
    outer loop
      vertex 22.1756 151.382 3
      vertex 22.4142 151.586 0
      vertex 22.1756 151.382 0
    endloop
  endfacet
  facet normal 0.649846 0.760066 -0
    outer loop
      vertex 19.8244 151.382 0
      vertex 19.5858 151.586 3
      vertex 19.8244 151.382 3
    endloop
  endfacet
  facet normal 0.649846 0.760066 0
    outer loop
      vertex 19.5858 151.586 3
      vertex 19.8244 151.382 0
      vertex 19.5858 151.586 0
    endloop
  endfacet
  facet normal -0.972332 0.233602 0
    outer loop
      vertex 68.7354 20.382 0
      vertex 68.8087 20.6871 3
      vertex 68.8087 20.6871 0
    endloop
  endfacet
  facet normal -0.972332 0.233602 0
    outer loop
      vertex 68.8087 20.6871 3
      vertex 68.7354 20.382 0
      vertex 68.7354 20.382 3
    endloop
  endfacet
  facet normal -0.23353 0.97235 0
    outer loop
      vertex 67.4514 19.0979 0
      vertex 67.1462 19.0246 3
      vertex 67.4514 19.0979 3
    endloop
  endfacet
  facet normal -0.23353 0.97235 0
    outer loop
      vertex 67.1462 19.0246 3
      vertex 67.4514 19.0979 0
      vertex 67.1462 19.0246 0
    endloop
  endfacet
  facet normal -0.972332 -0.233602 0
    outer loop
      vertex 68.8087 21.3129 0
      vertex 68.7354 21.618 3
      vertex 68.7354 21.618 0
    endloop
  endfacet
  facet normal -0.972332 -0.233602 0
    outer loop
      vertex 68.7354 21.618 3
      vertex 68.8087 21.3129 0
      vertex 68.8087 21.3129 3
    endloop
  endfacet
  facet normal -0.996924 -0.0783775 0
    outer loop
      vertex 68.8333 21 0
      vertex 68.8087 21.3129 3
      vertex 68.8087 21.3129 0
    endloop
  endfacet
  facet normal -0.996924 -0.0783775 0
    outer loop
      vertex 68.8087 21.3129 3
      vertex 68.8333 21 0
      vertex 68.8333 21 3
    endloop
  endfacet
  facet normal -0.923904 -0.382624 0
    outer loop
      vertex 68.7354 21.618 0
      vertex 68.6153 21.908 3
      vertex 68.6153 21.908 0
    endloop
  endfacet
  facet normal -0.923904 -0.382624 0
    outer loop
      vertex 68.6153 21.908 3
      vertex 68.7354 21.618 0
      vertex 68.7354 21.618 3
    endloop
  endfacet
  facet normal 0.923904 -0.382624 0
    outer loop
      vertex 64.9312 21.618 3
      vertex 65.0513 21.908 0
      vertex 65.0513 21.908 3
    endloop
  endfacet
  facet normal 0.923904 -0.382624 0
    outer loop
      vertex 65.0513 21.908 0
      vertex 64.9312 21.618 3
      vertex 64.9312 21.618 0
    endloop
  endfacet
  facet normal -0.649478 -0.76038 0
    outer loop
      vertex 68.0089 22.618 0
      vertex 68.2475 22.4142 3
      vertex 68.0089 22.618 3
    endloop
  endfacet
  facet normal -0.649478 -0.76038 -0
    outer loop
      vertex 68.2475 22.4142 3
      vertex 68.0089 22.618 0
      vertex 68.2475 22.4142 0
    endloop
  endfacet
  facet normal 0.996899 0.0786942 0
    outer loop
      vertex 64.858 20.6871 3
      vertex 64.8333 21 0
      vertex 64.8333 21 3
    endloop
  endfacet
  facet normal 0.996899 0.0786942 0
    outer loop
      vertex 64.8333 21 0
      vertex 64.858 20.6871 3
      vertex 64.858 20.6871 0
    endloop
  endfacet
  facet normal 0.85262 0.522532 0
    outer loop
      vertex 65.2153 19.8244 3
      vertex 65.0513 20.092 0
      vertex 65.0513 20.092 3
    endloop
  endfacet
  facet normal 0.85262 0.522532 0
    outer loop
      vertex 65.0513 20.092 0
      vertex 65.2153 19.8244 3
      vertex 65.2153 19.8244 0
    endloop
  endfacet
  facet normal 0.0784024 -0.996922 0
    outer loop
      vertex 66.5205 22.9754 0
      vertex 66.8333 23 3
      vertex 66.5205 22.9754 3
    endloop
  endfacet
  facet normal 0.0784024 -0.996922 0
    outer loop
      vertex 66.8333 23 3
      vertex 66.5205 22.9754 0
      vertex 66.8333 23 0
    endloop
  endfacet
  facet normal -0.923904 0.382624 0
    outer loop
      vertex 68.6153 20.092 0
      vertex 68.7354 20.382 3
      vertex 68.7354 20.382 0
    endloop
  endfacet
  facet normal -0.923904 0.382624 0
    outer loop
      vertex 68.7354 20.382 3
      vertex 68.6153 20.092 0
      vertex 68.6153 20.092 3
    endloop
  endfacet
  facet normal 0.996899 -0.0786942 0
    outer loop
      vertex 64.8333 21 3
      vertex 64.858 21.3129 0
      vertex 64.858 21.3129 3
    endloop
  endfacet
  facet normal 0.996899 -0.0786942 0
    outer loop
      vertex 64.858 21.3129 0
      vertex 64.8333 21 3
      vertex 64.8333 21 0
    endloop
  endfacet
  facet normal -0.852762 0.5223 0
    outer loop
      vertex 68.4514 19.8244 0
      vertex 68.6153 20.092 3
      vertex 68.6153 20.092 0
    endloop
  endfacet
  facet normal -0.852762 0.5223 0
    outer loop
      vertex 68.6153 20.092 3
      vertex 68.4514 19.8244 0
      vertex 68.4514 19.8244 3
    endloop
  endfacet
  facet normal -0.382736 0.923858 0
    outer loop
      vertex 67.7413 19.218 0
      vertex 67.4514 19.0979 3
      vertex 67.7413 19.218 3
    endloop
  endfacet
  facet normal -0.382736 0.923858 0
    outer loop
      vertex 67.4514 19.0979 3
      vertex 67.7413 19.218 0
      vertex 67.4514 19.0979 0
    endloop
  endfacet
  facet normal 0.76038 -0.649478 0
    outer loop
      vertex 65.2153 22.1756 3
      vertex 65.4191 22.4142 0
      vertex 65.4191 22.4142 3
    endloop
  endfacet
  facet normal 0.76038 -0.649478 0
    outer loop
      vertex 65.4191 22.4142 0
      vertex 65.2153 22.1756 3
      vertex 65.2153 22.1756 0
    endloop
  endfacet
  facet normal -0.852762 -0.5223 0
    outer loop
      vertex 68.6153 21.908 0
      vertex 68.4514 22.1756 3
      vertex 68.4514 22.1756 0
    endloop
  endfacet
  facet normal -0.852762 -0.5223 0
    outer loop
      vertex 68.4514 22.1756 3
      vertex 68.6153 21.908 0
      vertex 68.6153 21.908 3
    endloop
  endfacet
  facet normal 0.382736 -0.923858 0
    outer loop
      vertex 65.9254 22.782 0
      vertex 66.2153 22.9021 3
      vertex 65.9254 22.782 3
    endloop
  endfacet
  facet normal 0.382736 -0.923858 0
    outer loop
      vertex 66.2153 22.9021 3
      vertex 65.9254 22.782 0
      vertex 66.2153 22.9021 0
    endloop
  endfacet
  facet normal 0.23353 -0.97235 0
    outer loop
      vertex 66.2153 22.9021 0
      vertex 66.5205 22.9754 3
      vertex 66.2153 22.9021 3
    endloop
  endfacet
  facet normal 0.23353 -0.97235 0
    outer loop
      vertex 66.5205 22.9754 3
      vertex 66.2153 22.9021 0
      vertex 66.5205 22.9754 0
    endloop
  endfacet
  facet normal -0.0783775 0.996924 0
    outer loop
      vertex 67.1462 19.0246 0
      vertex 66.8333 19 3
      vertex 67.1462 19.0246 3
    endloop
  endfacet
  facet normal -0.0783775 0.996924 0
    outer loop
      vertex 66.8333 19 3
      vertex 67.1462 19.0246 0
      vertex 66.8333 19 0
    endloop
  endfacet
  facet normal 0.649321 -0.760515 0
    outer loop
      vertex 65.4191 22.4142 0
      vertex 65.6578 22.618 3
      vertex 65.4191 22.4142 3
    endloop
  endfacet
  facet normal 0.649321 -0.760515 0
    outer loop
      vertex 65.6578 22.618 3
      vertex 65.4191 22.4142 0
      vertex 65.6578 22.618 0
    endloop
  endfacet
  facet normal -0.382736 -0.923858 0
    outer loop
      vertex 67.4514 22.9021 0
      vertex 67.7413 22.782 3
      vertex 67.4514 22.9021 3
    endloop
  endfacet
  facet normal -0.382736 -0.923858 -0
    outer loop
      vertex 67.7413 22.782 3
      vertex 67.4514 22.9021 0
      vertex 67.7413 22.782 0
    endloop
  endfacet
  facet normal -0.760223 -0.649662 0
    outer loop
      vertex 68.4514 22.1756 0
      vertex 68.2475 22.4142 3
      vertex 68.2475 22.4142 0
    endloop
  endfacet
  facet normal -0.760223 -0.649662 0
    outer loop
      vertex 68.2475 22.4142 3
      vertex 68.4514 22.1756 0
      vertex 68.4514 22.1756 3
    endloop
  endfacet
  facet normal 0.972405 0.233301 0
    outer loop
      vertex 64.9312 20.382 3
      vertex 64.858 20.6871 0
      vertex 64.858 20.6871 3
    endloop
  endfacet
  facet normal 0.972405 0.233301 0
    outer loop
      vertex 64.858 20.6871 0
      vertex 64.9312 20.382 3
      vertex 64.9312 20.382 0
    endloop
  endfacet
  facet normal -0.522532 0.85262 0
    outer loop
      vertex 68.0089 19.382 0
      vertex 67.7413 19.218 3
      vertex 68.0089 19.382 3
    endloop
  endfacet
  facet normal -0.522532 0.85262 0
    outer loop
      vertex 67.7413 19.218 3
      vertex 68.0089 19.382 0
      vertex 67.7413 19.218 0
    endloop
  endfacet
  facet normal -0.996924 0.0783775 0
    outer loop
      vertex 68.8087 20.6871 0
      vertex 68.8333 21 3
      vertex 68.8333 21 0
    endloop
  endfacet
  facet normal -0.996924 0.0783775 0
    outer loop
      vertex 68.8333 21 3
      vertex 68.8087 20.6871 0
      vertex 68.8087 20.6871 3
    endloop
  endfacet
  facet normal -0.522532 -0.85262 0
    outer loop
      vertex 67.7413 22.782 0
      vertex 68.0089 22.618 3
      vertex 67.7413 22.782 3
    endloop
  endfacet
  facet normal -0.522532 -0.85262 -0
    outer loop
      vertex 68.0089 22.618 3
      vertex 67.7413 22.782 0
      vertex 68.0089 22.618 0
    endloop
  endfacet
  facet normal 0.0784024 0.996922 -0
    outer loop
      vertex 66.8333 19 0
      vertex 66.5205 19.0246 3
      vertex 66.8333 19 3
    endloop
  endfacet
  facet normal 0.0784024 0.996922 0
    outer loop
      vertex 66.5205 19.0246 3
      vertex 66.8333 19 0
      vertex 66.5205 19.0246 0
    endloop
  endfacet
  facet normal 0.85262 -0.522532 0
    outer loop
      vertex 65.0513 21.908 3
      vertex 65.2153 22.1756 0
      vertex 65.2153 22.1756 3
    endloop
  endfacet
  facet normal 0.85262 -0.522532 0
    outer loop
      vertex 65.2153 22.1756 0
      vertex 65.0513 21.908 3
      vertex 65.0513 21.908 0
    endloop
  endfacet
  facet normal 0.76038 0.649478 0
    outer loop
      vertex 65.4191 19.5858 3
      vertex 65.2153 19.8244 0
      vertex 65.2153 19.8244 3
    endloop
  endfacet
  facet normal 0.76038 0.649478 0
    outer loop
      vertex 65.2153 19.8244 0
      vertex 65.4191 19.5858 3
      vertex 65.4191 19.5858 0
    endloop
  endfacet
  facet normal 0.649321 0.760515 -0
    outer loop
      vertex 65.6578 19.382 0
      vertex 65.4191 19.5858 3
      vertex 65.6578 19.382 3
    endloop
  endfacet
  facet normal 0.649321 0.760515 0
    outer loop
      vertex 65.4191 19.5858 3
      vertex 65.6578 19.382 0
      vertex 65.4191 19.5858 0
    endloop
  endfacet
  facet normal 0.522532 -0.85262 0
    outer loop
      vertex 65.6578 22.618 0
      vertex 65.9254 22.782 3
      vertex 65.6578 22.618 3
    endloop
  endfacet
  facet normal 0.522532 -0.85262 0
    outer loop
      vertex 65.9254 22.782 3
      vertex 65.6578 22.618 0
      vertex 65.9254 22.782 0
    endloop
  endfacet
  facet normal -0.23353 -0.97235 0
    outer loop
      vertex 67.1462 22.9754 0
      vertex 67.4514 22.9021 3
      vertex 67.1462 22.9754 3
    endloop
  endfacet
  facet normal -0.23353 -0.97235 -0
    outer loop
      vertex 67.4514 22.9021 3
      vertex 67.1462 22.9754 0
      vertex 67.4514 22.9021 0
    endloop
  endfacet
  facet normal 0.522532 0.85262 -0
    outer loop
      vertex 65.9254 19.218 0
      vertex 65.6578 19.382 3
      vertex 65.9254 19.218 3
    endloop
  endfacet
  facet normal 0.522532 0.85262 0
    outer loop
      vertex 65.6578 19.382 3
      vertex 65.9254 19.218 0
      vertex 65.6578 19.382 0
    endloop
  endfacet
  facet normal -0.760223 0.649662 0
    outer loop
      vertex 68.2475 19.5858 0
      vertex 68.4514 19.8244 3
      vertex 68.4514 19.8244 0
    endloop
  endfacet
  facet normal -0.760223 0.649662 0
    outer loop
      vertex 68.4514 19.8244 3
      vertex 68.2475 19.5858 0
      vertex 68.2475 19.5858 3
    endloop
  endfacet
  facet normal 0.923904 0.382624 0
    outer loop
      vertex 65.0513 20.092 3
      vertex 64.9312 20.382 0
      vertex 64.9312 20.382 3
    endloop
  endfacet
  facet normal 0.923904 0.382624 0
    outer loop
      vertex 64.9312 20.382 0
      vertex 65.0513 20.092 3
      vertex 65.0513 20.092 0
    endloop
  endfacet
  facet normal 0.23353 0.97235 -0
    outer loop
      vertex 66.5205 19.0246 0
      vertex 66.2153 19.0979 3
      vertex 66.5205 19.0246 3
    endloop
  endfacet
  facet normal 0.23353 0.97235 0
    outer loop
      vertex 66.2153 19.0979 3
      vertex 66.5205 19.0246 0
      vertex 66.2153 19.0979 0
    endloop
  endfacet
  facet normal 0.972405 -0.233301 0
    outer loop
      vertex 64.858 21.3129 3
      vertex 64.9312 21.618 0
      vertex 64.9312 21.618 3
    endloop
  endfacet
  facet normal 0.972405 -0.233301 0
    outer loop
      vertex 64.9312 21.618 0
      vertex 64.858 21.3129 3
      vertex 64.858 21.3129 0
    endloop
  endfacet
  facet normal -0.0783775 -0.996924 0
    outer loop
      vertex 66.8333 23 0
      vertex 67.1462 22.9754 3
      vertex 66.8333 23 3
    endloop
  endfacet
  facet normal -0.0783775 -0.996924 -0
    outer loop
      vertex 67.1462 22.9754 3
      vertex 66.8333 23 0
      vertex 67.1462 22.9754 0
    endloop
  endfacet
  facet normal 0.382736 0.923858 -0
    outer loop
      vertex 66.2153 19.0979 0
      vertex 65.9254 19.218 3
      vertex 66.2153 19.0979 3
    endloop
  endfacet
  facet normal 0.382736 0.923858 0
    outer loop
      vertex 65.9254 19.218 3
      vertex 66.2153 19.0979 0
      vertex 65.9254 19.218 0
    endloop
  endfacet
  facet normal -0.649478 0.76038 0
    outer loop
      vertex 68.2475 19.5858 0
      vertex 68.0089 19.382 3
      vertex 68.2475 19.5858 3
    endloop
  endfacet
  facet normal -0.649478 0.76038 0
    outer loop
      vertex 68.0089 19.382 3
      vertex 68.2475 19.5858 0
      vertex 68.0089 19.382 0
    endloop
  endfacet
  facet normal 0.996899 -0.0786942 0
    outer loop
      vertex 64.8333 47.4 3
      vertex 64.858 47.7129 0
      vertex 64.858 47.7129 3
    endloop
  endfacet
  facet normal 0.996899 -0.0786942 0
    outer loop
      vertex 64.858 47.7129 0
      vertex 64.8333 47.4 3
      vertex 64.8333 47.4 0
    endloop
  endfacet
  facet normal -0.972332 -0.233602 0
    outer loop
      vertex 68.8087 47.7129 0
      vertex 68.7354 48.018 3
      vertex 68.7354 48.018 0
    endloop
  endfacet
  facet normal -0.972332 -0.233602 0
    outer loop
      vertex 68.7354 48.018 3
      vertex 68.8087 47.7129 0
      vertex 68.8087 47.7129 3
    endloop
  endfacet
  facet normal -0.996924 -0.0783775 0
    outer loop
      vertex 68.8333 47.4 0
      vertex 68.8087 47.7129 3
      vertex 68.8087 47.7129 0
    endloop
  endfacet
  facet normal -0.996924 -0.0783775 0
    outer loop
      vertex 68.8087 47.7129 3
      vertex 68.8333 47.4 0
      vertex 68.8333 47.4 3
    endloop
  endfacet
  facet normal -0.923904 -0.382624 0
    outer loop
      vertex 68.7354 48.018 0
      vertex 68.6153 48.308 3
      vertex 68.6153 48.308 0
    endloop
  endfacet
  facet normal -0.923904 -0.382624 0
    outer loop
      vertex 68.6153 48.308 3
      vertex 68.7354 48.018 0
      vertex 68.7354 48.018 3
    endloop
  endfacet
  facet normal -0.649478 0.76038 0
    outer loop
      vertex 68.2475 45.9858 0
      vertex 68.0089 45.782 3
      vertex 68.2475 45.9858 3
    endloop
  endfacet
  facet normal -0.649478 0.76038 0
    outer loop
      vertex 68.0089 45.782 3
      vertex 68.2475 45.9858 0
      vertex 68.0089 45.782 0
    endloop
  endfacet
  facet normal -0.23353 0.97235 0
    outer loop
      vertex 67.4514 45.4979 0
      vertex 67.1462 45.4246 3
      vertex 67.4514 45.4979 3
    endloop
  endfacet
  facet normal -0.23353 0.97235 0
    outer loop
      vertex 67.1462 45.4246 3
      vertex 67.4514 45.4979 0
      vertex 67.1462 45.4246 0
    endloop
  endfacet
  facet normal 0.382736 0.923858 -0
    outer loop
      vertex 66.2153 45.4979 0
      vertex 65.9254 45.618 3
      vertex 66.2153 45.4979 3
    endloop
  endfacet
  facet normal 0.382736 0.923858 0
    outer loop
      vertex 65.9254 45.618 3
      vertex 66.2153 45.4979 0
      vertex 65.9254 45.618 0
    endloop
  endfacet
  facet normal -0.760223 0.649662 0
    outer loop
      vertex 68.2475 45.9858 0
      vertex 68.4514 46.2244 3
      vertex 68.4514 46.2244 0
    endloop
  endfacet
  facet normal -0.760223 0.649662 0
    outer loop
      vertex 68.4514 46.2244 3
      vertex 68.2475 45.9858 0
      vertex 68.2475 45.9858 3
    endloop
  endfacet
  facet normal -0.522532 0.85262 0
    outer loop
      vertex 68.0089 45.782 0
      vertex 67.7413 45.618 3
      vertex 68.0089 45.782 3
    endloop
  endfacet
  facet normal -0.522532 0.85262 0
    outer loop
      vertex 67.7413 45.618 3
      vertex 68.0089 45.782 0
      vertex 67.7413 45.618 0
    endloop
  endfacet
  facet normal 0.649321 -0.760515 0
    outer loop
      vertex 65.4191 48.8142 0
      vertex 65.6578 49.018 3
      vertex 65.4191 48.8142 3
    endloop
  endfacet
  facet normal 0.649321 -0.760515 0
    outer loop
      vertex 65.6578 49.018 3
      vertex 65.4191 48.8142 0
      vertex 65.6578 49.018 0
    endloop
  endfacet
  facet normal -0.0783775 -0.996924 0
    outer loop
      vertex 66.8333 49.4 0
      vertex 67.1462 49.3754 3
      vertex 66.8333 49.4 3
    endloop
  endfacet
  facet normal -0.0783775 -0.996924 -0
    outer loop
      vertex 67.1462 49.3754 3
      vertex 66.8333 49.4 0
      vertex 67.1462 49.3754 0
    endloop
  endfacet
  facet normal 0.996899 0.0786942 0
    outer loop
      vertex 64.858 47.0871 3
      vertex 64.8333 47.4 0
      vertex 64.8333 47.4 3
    endloop
  endfacet
  facet normal 0.996899 0.0786942 0
    outer loop
      vertex 64.8333 47.4 0
      vertex 64.858 47.0871 3
      vertex 64.858 47.0871 0
    endloop
  endfacet
  facet normal -0.649478 -0.76038 0
    outer loop
      vertex 68.0089 49.018 0
      vertex 68.2475 48.8142 3
      vertex 68.0089 49.018 3
    endloop
  endfacet
  facet normal -0.649478 -0.76038 -0
    outer loop
      vertex 68.2475 48.8142 3
      vertex 68.0089 49.018 0
      vertex 68.2475 48.8142 0
    endloop
  endfacet
  facet normal 0.85262 -0.522532 0
    outer loop
      vertex 65.0513 48.308 3
      vertex 65.2153 48.5756 0
      vertex 65.2153 48.5756 3
    endloop
  endfacet
  facet normal 0.85262 -0.522532 0
    outer loop
      vertex 65.2153 48.5756 0
      vertex 65.0513 48.308 3
      vertex 65.0513 48.308 0
    endloop
  endfacet
  facet normal 0.522532 -0.85262 0
    outer loop
      vertex 65.6578 49.018 0
      vertex 65.9254 49.182 3
      vertex 65.6578 49.018 3
    endloop
  endfacet
  facet normal 0.522532 -0.85262 0
    outer loop
      vertex 65.9254 49.182 3
      vertex 65.6578 49.018 0
      vertex 65.9254 49.182 0
    endloop
  endfacet
  facet normal 0.522532 0.85262 -0
    outer loop
      vertex 65.9254 45.618 0
      vertex 65.6578 45.782 3
      vertex 65.9254 45.618 3
    endloop
  endfacet
  facet normal 0.522532 0.85262 0
    outer loop
      vertex 65.6578 45.782 3
      vertex 65.9254 45.618 0
      vertex 65.6578 45.782 0
    endloop
  endfacet
  facet normal -0.923904 0.382624 0
    outer loop
      vertex 68.6153 46.492 0
      vertex 68.7354 46.782 3
      vertex 68.7354 46.782 0
    endloop
  endfacet
  facet normal -0.923904 0.382624 0
    outer loop
      vertex 68.7354 46.782 3
      vertex 68.6153 46.492 0
      vertex 68.6153 46.492 3
    endloop
  endfacet
  facet normal 0.649321 0.760515 -0
    outer loop
      vertex 65.6578 45.782 0
      vertex 65.4191 45.9858 3
      vertex 65.6578 45.782 3
    endloop
  endfacet
  facet normal 0.649321 0.760515 0
    outer loop
      vertex 65.4191 45.9858 3
      vertex 65.6578 45.782 0
      vertex 65.4191 45.9858 0
    endloop
  endfacet
  facet normal 0.76038 -0.649478 0
    outer loop
      vertex 65.2153 48.5756 3
      vertex 65.4191 48.8142 0
      vertex 65.4191 48.8142 3
    endloop
  endfacet
  facet normal 0.76038 -0.649478 0
    outer loop
      vertex 65.4191 48.8142 0
      vertex 65.2153 48.5756 3
      vertex 65.2153 48.5756 0
    endloop
  endfacet
  facet normal 0.0784024 -0.996922 0
    outer loop
      vertex 66.5205 49.3754 0
      vertex 66.8333 49.4 3
      vertex 66.5205 49.3754 3
    endloop
  endfacet
  facet normal 0.0784024 -0.996922 0
    outer loop
      vertex 66.8333 49.4 3
      vertex 66.5205 49.3754 0
      vertex 66.8333 49.4 0
    endloop
  endfacet
  facet normal 0.382736 -0.923858 0
    outer loop
      vertex 65.9254 49.182 0
      vertex 66.2153 49.3021 3
      vertex 65.9254 49.182 3
    endloop
  endfacet
  facet normal 0.382736 -0.923858 0
    outer loop
      vertex 66.2153 49.3021 3
      vertex 65.9254 49.182 0
      vertex 66.2153 49.3021 0
    endloop
  endfacet
  facet normal -0.852762 0.5223 0
    outer loop
      vertex 68.4514 46.2244 0
      vertex 68.6153 46.492 3
      vertex 68.6153 46.492 0
    endloop
  endfacet
  facet normal -0.852762 0.5223 0
    outer loop
      vertex 68.6153 46.492 3
      vertex 68.4514 46.2244 0
      vertex 68.4514 46.2244 3
    endloop
  endfacet
  facet normal -0.852762 -0.5223 0
    outer loop
      vertex 68.6153 48.308 0
      vertex 68.4514 48.5756 3
      vertex 68.4514 48.5756 0
    endloop
  endfacet
  facet normal -0.852762 -0.5223 0
    outer loop
      vertex 68.4514 48.5756 3
      vertex 68.6153 48.308 0
      vertex 68.6153 48.308 3
    endloop
  endfacet
  facet normal -0.972332 0.233602 0
    outer loop
      vertex 68.7354 46.782 0
      vertex 68.8087 47.0871 3
      vertex 68.8087 47.0871 0
    endloop
  endfacet
  facet normal -0.972332 0.233602 0
    outer loop
      vertex 68.8087 47.0871 3
      vertex 68.7354 46.782 0
      vertex 68.7354 46.782 3
    endloop
  endfacet
  facet normal -0.382736 -0.923858 0
    outer loop
      vertex 67.4514 49.3021 0
      vertex 67.7413 49.182 3
      vertex 67.4514 49.3021 3
    endloop
  endfacet
  facet normal -0.382736 -0.923858 -0
    outer loop
      vertex 67.7413 49.182 3
      vertex 67.4514 49.3021 0
      vertex 67.7413 49.182 0
    endloop
  endfacet
  facet normal 0.0784024 0.996922 -0
    outer loop
      vertex 66.8333 45.4 0
      vertex 66.5205 45.4246 3
      vertex 66.8333 45.4 3
    endloop
  endfacet
  facet normal 0.0784024 0.996922 0
    outer loop
      vertex 66.5205 45.4246 3
      vertex 66.8333 45.4 0
      vertex 66.5205 45.4246 0
    endloop
  endfacet
  facet normal -0.382736 0.923858 0
    outer loop
      vertex 67.7413 45.618 0
      vertex 67.4514 45.4979 3
      vertex 67.7413 45.618 3
    endloop
  endfacet
  facet normal -0.382736 0.923858 0
    outer loop
      vertex 67.4514 45.4979 3
      vertex 67.7413 45.618 0
      vertex 67.4514 45.4979 0
    endloop
  endfacet
  facet normal -0.522532 -0.85262 0
    outer loop
      vertex 67.7413 49.182 0
      vertex 68.0089 49.018 3
      vertex 67.7413 49.182 3
    endloop
  endfacet
  facet normal -0.522532 -0.85262 -0
    outer loop
      vertex 68.0089 49.018 3
      vertex 67.7413 49.182 0
      vertex 68.0089 49.018 0
    endloop
  endfacet
  facet normal 0.923904 -0.382624 0
    outer loop
      vertex 64.9312 48.018 3
      vertex 65.0513 48.308 0
      vertex 65.0513 48.308 3
    endloop
  endfacet
  facet normal 0.923904 -0.382624 0
    outer loop
      vertex 65.0513 48.308 0
      vertex 64.9312 48.018 3
      vertex 64.9312 48.018 0
    endloop
  endfacet
  facet normal 0.23353 -0.97235 0
    outer loop
      vertex 66.2153 49.3021 0
      vertex 66.5205 49.3754 3
      vertex 66.2153 49.3021 3
    endloop
  endfacet
  facet normal 0.23353 -0.97235 0
    outer loop
      vertex 66.5205 49.3754 3
      vertex 66.2153 49.3021 0
      vertex 66.5205 49.3754 0
    endloop
  endfacet
  facet normal 0.76038 0.649478 0
    outer loop
      vertex 65.4191 45.9858 3
      vertex 65.2153 46.2244 0
      vertex 65.2153 46.2244 3
    endloop
  endfacet
  facet normal 0.76038 0.649478 0
    outer loop
      vertex 65.2153 46.2244 0
      vertex 65.4191 45.9858 3
      vertex 65.4191 45.9858 0
    endloop
  endfacet
  facet normal -0.996924 0.0783775 0
    outer loop
      vertex 68.8087 47.0871 0
      vertex 68.8333 47.4 3
      vertex 68.8333 47.4 0
    endloop
  endfacet
  facet normal -0.996924 0.0783775 0
    outer loop
      vertex 68.8333 47.4 3
      vertex 68.8087 47.0871 0
      vertex 68.8087 47.0871 3
    endloop
  endfacet
  facet normal 0.923904 0.382624 0
    outer loop
      vertex 65.0513 46.492 3
      vertex 64.9312 46.782 0
      vertex 64.9312 46.782 3
    endloop
  endfacet
  facet normal 0.923904 0.382624 0
    outer loop
      vertex 64.9312 46.782 0
      vertex 65.0513 46.492 3
      vertex 65.0513 46.492 0
    endloop
  endfacet
  facet normal 0.972405 0.233301 0
    outer loop
      vertex 64.9312 46.782 3
      vertex 64.858 47.0871 0
      vertex 64.858 47.0871 3
    endloop
  endfacet
  facet normal 0.972405 0.233301 0
    outer loop
      vertex 64.858 47.0871 0
      vertex 64.9312 46.782 3
      vertex 64.9312 46.782 0
    endloop
  endfacet
  facet normal -0.760223 -0.649662 0
    outer loop
      vertex 68.4514 48.5756 0
      vertex 68.2475 48.8142 3
      vertex 68.2475 48.8142 0
    endloop
  endfacet
  facet normal -0.760223 -0.649662 0
    outer loop
      vertex 68.2475 48.8142 3
      vertex 68.4514 48.5756 0
      vertex 68.4514 48.5756 3
    endloop
  endfacet
  facet normal 0.23353 0.97235 -0
    outer loop
      vertex 66.5205 45.4246 0
      vertex 66.2153 45.4979 3
      vertex 66.5205 45.4246 3
    endloop
  endfacet
  facet normal 0.23353 0.97235 0
    outer loop
      vertex 66.2153 45.4979 3
      vertex 66.5205 45.4246 0
      vertex 66.2153 45.4979 0
    endloop
  endfacet
  facet normal 0.85262 0.522532 0
    outer loop
      vertex 65.2153 46.2244 3
      vertex 65.0513 46.492 0
      vertex 65.0513 46.492 3
    endloop
  endfacet
  facet normal 0.85262 0.522532 0
    outer loop
      vertex 65.0513 46.492 0
      vertex 65.2153 46.2244 3
      vertex 65.2153 46.2244 0
    endloop
  endfacet
  facet normal -0.0783775 0.996924 0
    outer loop
      vertex 67.1462 45.4246 0
      vertex 66.8333 45.4 3
      vertex 67.1462 45.4246 3
    endloop
  endfacet
  facet normal -0.0783775 0.996924 0
    outer loop
      vertex 66.8333 45.4 3
      vertex 67.1462 45.4246 0
      vertex 66.8333 45.4 0
    endloop
  endfacet
  facet normal -0.23353 -0.97235 0
    outer loop
      vertex 67.1462 49.3754 0
      vertex 67.4514 49.3021 3
      vertex 67.1462 49.3754 3
    endloop
  endfacet
  facet normal -0.23353 -0.97235 -0
    outer loop
      vertex 67.4514 49.3021 3
      vertex 67.1462 49.3754 0
      vertex 67.4514 49.3021 0
    endloop
  endfacet
  facet normal 0.972405 -0.233301 0
    outer loop
      vertex 64.858 47.7129 3
      vertex 64.9312 48.018 0
      vertex 64.9312 48.018 3
    endloop
  endfacet
  facet normal 0.972405 -0.233301 0
    outer loop
      vertex 64.9312 48.018 0
      vertex 64.858 47.7129 3
      vertex 64.858 47.7129 0
    endloop
  endfacet
  facet normal -0.972332 -0.233602 0
    outer loop
      vertex 68.8087 74.1129 0
      vertex 68.7354 74.418 3
      vertex 68.7354 74.418 0
    endloop
  endfacet
  facet normal -0.972332 -0.233602 0
    outer loop
      vertex 68.7354 74.418 3
      vertex 68.8087 74.1129 0
      vertex 68.8087 74.1129 3
    endloop
  endfacet
  facet normal -0.996924 -0.0783775 0
    outer loop
      vertex 68.8333 73.8 0
      vertex 68.8087 74.1129 3
      vertex 68.8087 74.1129 0
    endloop
  endfacet
  facet normal -0.996924 -0.0783775 0
    outer loop
      vertex 68.8087 74.1129 3
      vertex 68.8333 73.8 0
      vertex 68.8333 73.8 3
    endloop
  endfacet
  facet normal -0.923904 -0.382624 0
    outer loop
      vertex 68.7354 74.418 0
      vertex 68.6153 74.708 3
      vertex 68.6153 74.708 0
    endloop
  endfacet
  facet normal -0.923904 -0.382624 0
    outer loop
      vertex 68.6153 74.708 3
      vertex 68.7354 74.418 0
      vertex 68.7354 74.418 3
    endloop
  endfacet
  facet normal 0.85262 0.522532 0
    outer loop
      vertex 65.2153 72.6244 3
      vertex 65.0513 72.892 0
      vertex 65.0513 72.892 3
    endloop
  endfacet
  facet normal 0.85262 0.522532 0
    outer loop
      vertex 65.0513 72.892 0
      vertex 65.2153 72.6244 3
      vertex 65.2153 72.6244 0
    endloop
  endfacet
  facet normal -0.382736 -0.923858 0
    outer loop
      vertex 67.4514 75.7021 0
      vertex 67.7413 75.582 3
      vertex 67.4514 75.7021 3
    endloop
  endfacet
  facet normal -0.382736 -0.923858 -0
    outer loop
      vertex 67.7413 75.582 3
      vertex 67.4514 75.7021 0
      vertex 67.7413 75.582 0
    endloop
  endfacet
  facet normal -0.760223 -0.649662 0
    outer loop
      vertex 68.4514 74.9756 0
      vertex 68.2475 75.2142 3
      vertex 68.2475 75.2142 0
    endloop
  endfacet
  facet normal -0.760223 -0.649662 0
    outer loop
      vertex 68.2475 75.2142 3
      vertex 68.4514 74.9756 0
      vertex 68.4514 74.9756 3
    endloop
  endfacet
  facet normal -0.0783775 0.996924 0
    outer loop
      vertex 67.1462 71.8246 0
      vertex 66.8333 71.8 3
      vertex 67.1462 71.8246 3
    endloop
  endfacet
  facet normal -0.0783775 0.996924 0
    outer loop
      vertex 66.8333 71.8 3
      vertex 67.1462 71.8246 0
      vertex 66.8333 71.8 0
    endloop
  endfacet
  facet normal 0.23353 -0.97235 0
    outer loop
      vertex 66.2153 75.7021 0
      vertex 66.5205 75.7754 3
      vertex 66.2153 75.7021 3
    endloop
  endfacet
  facet normal 0.23353 -0.97235 0
    outer loop
      vertex 66.5205 75.7754 3
      vertex 66.2153 75.7021 0
      vertex 66.5205 75.7754 0
    endloop
  endfacet
  facet normal 0.972405 -0.233301 0
    outer loop
      vertex 64.858 74.1129 3
      vertex 64.9312 74.418 0
      vertex 64.9312 74.418 3
    endloop
  endfacet
  facet normal 0.972405 -0.233301 0
    outer loop
      vertex 64.9312 74.418 0
      vertex 64.858 74.1129 3
      vertex 64.858 74.1129 0
    endloop
  endfacet
  facet normal -0.852762 -0.5223 0
    outer loop
      vertex 68.6153 74.708 0
      vertex 68.4514 74.9756 3
      vertex 68.4514 74.9756 0
    endloop
  endfacet
  facet normal -0.852762 -0.5223 0
    outer loop
      vertex 68.4514 74.9756 3
      vertex 68.6153 74.708 0
      vertex 68.6153 74.708 3
    endloop
  endfacet
  facet normal -0.852762 0.5223 0
    outer loop
      vertex 68.4514 72.6244 0
      vertex 68.6153 72.892 3
      vertex 68.6153 72.892 0
    endloop
  endfacet
  facet normal -0.852762 0.5223 0
    outer loop
      vertex 68.6153 72.892 3
      vertex 68.4514 72.6244 0
      vertex 68.4514 72.6244 3
    endloop
  endfacet
  facet normal -0.382736 0.923858 0
    outer loop
      vertex 67.7413 72.018 0
      vertex 67.4514 71.8979 3
      vertex 67.7413 72.018 3
    endloop
  endfacet
  facet normal -0.382736 0.923858 0
    outer loop
      vertex 67.4514 71.8979 3
      vertex 67.7413 72.018 0
      vertex 67.4514 71.8979 0
    endloop
  endfacet
  facet normal -0.996924 0.0783775 0
    outer loop
      vertex 68.8087 73.4871 0
      vertex 68.8333 73.8 3
      vertex 68.8333 73.8 0
    endloop
  endfacet
  facet normal -0.996924 0.0783775 0
    outer loop
      vertex 68.8333 73.8 3
      vertex 68.8087 73.4871 0
      vertex 68.8087 73.4871 3
    endloop
  endfacet
  facet normal -0.972332 0.233602 0
    outer loop
      vertex 68.7354 73.182 0
      vertex 68.8087 73.4871 3
      vertex 68.8087 73.4871 0
    endloop
  endfacet
  facet normal -0.972332 0.233602 0
    outer loop
      vertex 68.8087 73.4871 3
      vertex 68.7354 73.182 0
      vertex 68.7354 73.182 3
    endloop
  endfacet
  facet normal 0.85262 -0.522532 0
    outer loop
      vertex 65.0513 74.708 3
      vertex 65.2153 74.9756 0
      vertex 65.2153 74.9756 3
    endloop
  endfacet
  facet normal 0.85262 -0.522532 0
    outer loop
      vertex 65.2153 74.9756 0
      vertex 65.0513 74.708 3
      vertex 65.0513 74.708 0
    endloop
  endfacet
  facet normal 0.649321 0.760515 -0
    outer loop
      vertex 65.6578 72.182 0
      vertex 65.4191 72.3858 3
      vertex 65.6578 72.182 3
    endloop
  endfacet
  facet normal 0.649321 0.760515 0
    outer loop
      vertex 65.4191 72.3858 3
      vertex 65.6578 72.182 0
      vertex 65.4191 72.3858 0
    endloop
  endfacet
  facet normal 0.0784024 -0.996922 0
    outer loop
      vertex 66.5205 75.7754 0
      vertex 66.8333 75.8 3
      vertex 66.5205 75.7754 3
    endloop
  endfacet
  facet normal 0.0784024 -0.996922 0
    outer loop
      vertex 66.8333 75.8 3
      vertex 66.5205 75.7754 0
      vertex 66.8333 75.8 0
    endloop
  endfacet
  facet normal 0.0784024 0.996922 -0
    outer loop
      vertex 66.8333 71.8 0
      vertex 66.5205 71.8246 3
      vertex 66.8333 71.8 3
    endloop
  endfacet
  facet normal 0.0784024 0.996922 0
    outer loop
      vertex 66.5205 71.8246 3
      vertex 66.8333 71.8 0
      vertex 66.5205 71.8246 0
    endloop
  endfacet
  facet normal -0.0783775 -0.996924 0
    outer loop
      vertex 66.8333 75.8 0
      vertex 67.1462 75.7754 3
      vertex 66.8333 75.8 3
    endloop
  endfacet
  facet normal -0.0783775 -0.996924 -0
    outer loop
      vertex 67.1462 75.7754 3
      vertex 66.8333 75.8 0
      vertex 67.1462 75.7754 0
    endloop
  endfacet
  facet normal 0.923904 0.382624 0
    outer loop
      vertex 65.0513 72.892 3
      vertex 64.9312 73.182 0
      vertex 64.9312 73.182 3
    endloop
  endfacet
  facet normal 0.923904 0.382624 0
    outer loop
      vertex 64.9312 73.182 0
      vertex 65.0513 72.892 3
      vertex 65.0513 72.892 0
    endloop
  endfacet
  facet normal 0.649321 -0.760515 0
    outer loop
      vertex 65.4191 75.2142 0
      vertex 65.6578 75.418 3
      vertex 65.4191 75.2142 3
    endloop
  endfacet
  facet normal 0.649321 -0.760515 0
    outer loop
      vertex 65.6578 75.418 3
      vertex 65.4191 75.2142 0
      vertex 65.6578 75.418 0
    endloop
  endfacet
  facet normal -0.23353 0.97235 0
    outer loop
      vertex 67.4514 71.8979 0
      vertex 67.1462 71.8246 3
      vertex 67.4514 71.8979 3
    endloop
  endfacet
  facet normal -0.23353 0.97235 0
    outer loop
      vertex 67.1462 71.8246 3
      vertex 67.4514 71.8979 0
      vertex 67.1462 71.8246 0
    endloop
  endfacet
  facet normal 0.76038 0.649478 0
    outer loop
      vertex 65.4191 72.3858 3
      vertex 65.2153 72.6244 0
      vertex 65.2153 72.6244 3
    endloop
  endfacet
  facet normal 0.76038 0.649478 0
    outer loop
      vertex 65.2153 72.6244 0
      vertex 65.4191 72.3858 3
      vertex 65.4191 72.3858 0
    endloop
  endfacet
  facet normal 0.382736 0.923858 -0
    outer loop
      vertex 66.2153 71.8979 0
      vertex 65.9254 72.018 3
      vertex 66.2153 71.8979 3
    endloop
  endfacet
  facet normal 0.382736 0.923858 0
    outer loop
      vertex 65.9254 72.018 3
      vertex 66.2153 71.8979 0
      vertex 65.9254 72.018 0
    endloop
  endfacet
  facet normal 0.382736 -0.923858 0
    outer loop
      vertex 65.9254 75.582 0
      vertex 66.2153 75.7021 3
      vertex 65.9254 75.582 3
    endloop
  endfacet
  facet normal 0.382736 -0.923858 0
    outer loop
      vertex 66.2153 75.7021 3
      vertex 65.9254 75.582 0
      vertex 66.2153 75.7021 0
    endloop
  endfacet
  facet normal -0.923904 0.382624 0
    outer loop
      vertex 68.6153 72.892 0
      vertex 68.7354 73.182 3
      vertex 68.7354 73.182 0
    endloop
  endfacet
  facet normal -0.923904 0.382624 0
    outer loop
      vertex 68.7354 73.182 3
      vertex 68.6153 72.892 0
      vertex 68.6153 72.892 3
    endloop
  endfacet
  facet normal -0.649478 -0.76038 0
    outer loop
      vertex 68.0089 75.418 0
      vertex 68.2475 75.2142 3
      vertex 68.0089 75.418 3
    endloop
  endfacet
  facet normal -0.649478 -0.76038 -0
    outer loop
      vertex 68.2475 75.2142 3
      vertex 68.0089 75.418 0
      vertex 68.2475 75.2142 0
    endloop
  endfacet
  facet normal -0.522532 0.85262 0
    outer loop
      vertex 68.0089 72.182 0
      vertex 67.7413 72.018 3
      vertex 68.0089 72.182 3
    endloop
  endfacet
  facet normal -0.522532 0.85262 0
    outer loop
      vertex 67.7413 72.018 3
      vertex 68.0089 72.182 0
      vertex 67.7413 72.018 0
    endloop
  endfacet
  facet normal -0.522532 -0.85262 0
    outer loop
      vertex 67.7413 75.582 0
      vertex 68.0089 75.418 3
      vertex 67.7413 75.582 3
    endloop
  endfacet
  facet normal -0.522532 -0.85262 -0
    outer loop
      vertex 68.0089 75.418 3
      vertex 67.7413 75.582 0
      vertex 68.0089 75.418 0
    endloop
  endfacet
  facet normal -0.649478 0.76038 0
    outer loop
      vertex 68.2475 72.3858 0
      vertex 68.0089 72.182 3
      vertex 68.2475 72.3858 3
    endloop
  endfacet
  facet normal -0.649478 0.76038 0
    outer loop
      vertex 68.0089 72.182 3
      vertex 68.2475 72.3858 0
      vertex 68.0089 72.182 0
    endloop
  endfacet
  facet normal 0.522532 -0.85262 0
    outer loop
      vertex 65.6578 75.418 0
      vertex 65.9254 75.582 3
      vertex 65.6578 75.418 3
    endloop
  endfacet
  facet normal 0.522532 -0.85262 0
    outer loop
      vertex 65.9254 75.582 3
      vertex 65.6578 75.418 0
      vertex 65.9254 75.582 0
    endloop
  endfacet
  facet normal 0.76038 -0.649478 0
    outer loop
      vertex 65.2153 74.9756 3
      vertex 65.4191 75.2142 0
      vertex 65.4191 75.2142 3
    endloop
  endfacet
  facet normal 0.76038 -0.649478 0
    outer loop
      vertex 65.4191 75.2142 0
      vertex 65.2153 74.9756 3
      vertex 65.2153 74.9756 0
    endloop
  endfacet
  facet normal -0.23353 -0.97235 0
    outer loop
      vertex 67.1462 75.7754 0
      vertex 67.4514 75.7021 3
      vertex 67.1462 75.7754 3
    endloop
  endfacet
  facet normal -0.23353 -0.97235 -0
    outer loop
      vertex 67.4514 75.7021 3
      vertex 67.1462 75.7754 0
      vertex 67.4514 75.7021 0
    endloop
  endfacet
  facet normal 0.972405 0.233301 0
    outer loop
      vertex 64.9312 73.182 3
      vertex 64.858 73.4871 0
      vertex 64.858 73.4871 3
    endloop
  endfacet
  facet normal 0.972405 0.233301 0
    outer loop
      vertex 64.858 73.4871 0
      vertex 64.9312 73.182 3
      vertex 64.9312 73.182 0
    endloop
  endfacet
  facet normal 0.522532 0.85262 -0
    outer loop
      vertex 65.9254 72.018 0
      vertex 65.6578 72.182 3
      vertex 65.9254 72.018 3
    endloop
  endfacet
  facet normal 0.522532 0.85262 0
    outer loop
      vertex 65.6578 72.182 3
      vertex 65.9254 72.018 0
      vertex 65.6578 72.182 0
    endloop
  endfacet
  facet normal 0.23353 0.97235 -0
    outer loop
      vertex 66.5205 71.8246 0
      vertex 66.2153 71.8979 3
      vertex 66.5205 71.8246 3
    endloop
  endfacet
  facet normal 0.23353 0.97235 0
    outer loop
      vertex 66.2153 71.8979 3
      vertex 66.5205 71.8246 0
      vertex 66.2153 71.8979 0
    endloop
  endfacet
  facet normal 0.996899 -0.0786942 0
    outer loop
      vertex 64.8333 73.8 3
      vertex 64.858 74.1129 0
      vertex 64.858 74.1129 3
    endloop
  endfacet
  facet normal 0.996899 -0.0786942 0
    outer loop
      vertex 64.858 74.1129 0
      vertex 64.8333 73.8 3
      vertex 64.8333 73.8 0
    endloop
  endfacet
  facet normal 0.996899 0.0786942 0
    outer loop
      vertex 64.858 73.4871 3
      vertex 64.8333 73.8 0
      vertex 64.8333 73.8 3
    endloop
  endfacet
  facet normal 0.996899 0.0786942 0
    outer loop
      vertex 64.8333 73.8 0
      vertex 64.858 73.4871 3
      vertex 64.858 73.4871 0
    endloop
  endfacet
  facet normal -0.760223 0.649662 0
    outer loop
      vertex 68.2475 72.3858 0
      vertex 68.4514 72.6244 3
      vertex 68.4514 72.6244 0
    endloop
  endfacet
  facet normal -0.760223 0.649662 0
    outer loop
      vertex 68.4514 72.6244 3
      vertex 68.2475 72.3858 0
      vertex 68.2475 72.3858 3
    endloop
  endfacet
  facet normal 0.923904 -0.382624 0
    outer loop
      vertex 64.9312 74.418 3
      vertex 65.0513 74.708 0
      vertex 65.0513 74.708 3
    endloop
  endfacet
  facet normal 0.923904 -0.382624 0
    outer loop
      vertex 65.0513 74.708 0
      vertex 64.9312 74.418 3
      vertex 64.9312 74.418 0
    endloop
  endfacet
  facet normal 0.996899 0.0786942 0
    outer loop
      vertex 64.858 99.8871 3
      vertex 64.8333 100.2 0
      vertex 64.8333 100.2 3
    endloop
  endfacet
  facet normal 0.996899 0.0786942 0
    outer loop
      vertex 64.8333 100.2 0
      vertex 64.858 99.8871 3
      vertex 64.858 99.8871 0
    endloop
  endfacet
  facet normal -0.972315 -0.233674 0
    outer loop
      vertex 68.8087 100.513 0
      vertex 68.7354 100.818 3
      vertex 68.7354 100.818 0
    endloop
  endfacet
  facet normal -0.972315 -0.233674 0
    outer loop
      vertex 68.7354 100.818 3
      vertex 68.8087 100.513 0
      vertex 68.8087 100.513 3
    endloop
  endfacet
  facet normal -0.996926 -0.0783526 0
    outer loop
      vertex 68.8333 100.2 0
      vertex 68.8087 100.513 3
      vertex 68.8087 100.513 0
    endloop
  endfacet
  facet normal -0.996926 -0.0783526 0
    outer loop
      vertex 68.8087 100.513 3
      vertex 68.8333 100.2 0
      vertex 68.8333 100.2 3
    endloop
  endfacet
  facet normal -0.923904 -0.382624 0
    outer loop
      vertex 68.7354 100.818 0
      vertex 68.6153 101.108 3
      vertex 68.6153 101.108 0
    endloop
  endfacet
  facet normal -0.923904 -0.382624 0
    outer loop
      vertex 68.6153 101.108 3
      vertex 68.7354 100.818 0
      vertex 68.7354 100.818 3
    endloop
  endfacet
  facet normal -0.996924 0.0783775 0
    outer loop
      vertex 68.8087 99.8871 0
      vertex 68.8333 100.2 3
      vertex 68.8333 100.2 0
    endloop
  endfacet
  facet normal -0.996924 0.0783775 0
    outer loop
      vertex 68.8333 100.2 3
      vertex 68.8087 99.8871 0
      vertex 68.8087 99.8871 3
    endloop
  endfacet
  facet normal -0.853109 -0.521733 0
    outer loop
      vertex 68.6153 101.108 0
      vertex 68.4514 101.376 3
      vertex 68.4514 101.376 0
    endloop
  endfacet
  facet normal -0.853109 -0.521733 0
    outer loop
      vertex 68.4514 101.376 3
      vertex 68.6153 101.108 0
      vertex 68.6153 101.108 3
    endloop
  endfacet
  facet normal 0.649689 -0.7602 0
    outer loop
      vertex 65.4191 101.614 0
      vertex 65.6578 101.818 3
      vertex 65.4191 101.614 3
    endloop
  endfacet
  facet normal 0.649689 -0.7602 0
    outer loop
      vertex 65.6578 101.818 3
      vertex 65.4191 101.614 0
      vertex 65.6578 101.818 0
    endloop
  endfacet
  facet normal -0.649478 0.76038 0
    outer loop
      vertex 68.2475 98.7858 0
      vertex 68.0089 98.582 3
      vertex 68.2475 98.7858 3
    endloop
  endfacet
  facet normal -0.649478 0.76038 0
    outer loop
      vertex 68.0089 98.582 3
      vertex 68.2475 98.7858 0
      vertex 68.0089 98.582 0
    endloop
  endfacet
  facet normal 0.382736 0.923858 -0
    outer loop
      vertex 66.2153 98.2979 0
      vertex 65.9254 98.418 3
      vertex 66.2153 98.2979 3
    endloop
  endfacet
  facet normal 0.382736 0.923858 0
    outer loop
      vertex 65.9254 98.418 3
      vertex 66.2153 98.2979 0
      vertex 65.9254 98.418 0
    endloop
  endfacet
  facet normal 0.996901 -0.0786692 0
    outer loop
      vertex 64.8333 100.2 3
      vertex 64.858 100.513 0
      vertex 64.858 100.513 3
    endloop
  endfacet
  facet normal 0.996901 -0.0786692 0
    outer loop
      vertex 64.858 100.513 0
      vertex 64.8333 100.2 3
      vertex 64.8333 100.2 0
    endloop
  endfacet
  facet normal -0.0796439 -0.996823 0
    outer loop
      vertex 66.8333 102.2 0
      vertex 67.1462 102.175 3
      vertex 66.8333 102.2 3
    endloop
  endfacet
  facet normal -0.0796439 -0.996823 -0
    outer loop
      vertex 67.1462 102.175 3
      vertex 66.8333 102.2 0
      vertex 67.1462 102.175 0
    endloop
  endfacet
  facet normal 0.852967 -0.521965 0
    outer loop
      vertex 65.0513 101.108 3
      vertex 65.2153 101.376 0
      vertex 65.2153 101.376 3
    endloop
  endfacet
  facet normal 0.852967 -0.521965 0
    outer loop
      vertex 65.2153 101.376 0
      vertex 65.0513 101.108 3
      vertex 65.0513 101.108 0
    endloop
  endfacet
  facet normal -0.522532 0.85262 0
    outer loop
      vertex 68.0089 98.582 0
      vertex 67.7413 98.418 3
      vertex 68.0089 98.582 3
    endloop
  endfacet
  facet normal -0.522532 0.85262 0
    outer loop
      vertex 67.7413 98.418 3
      vertex 68.0089 98.582 0
      vertex 67.7413 98.418 0
    endloop
  endfacet
  facet normal 0.382464 -0.92397 0
    outer loop
      vertex 65.9254 101.982 0
      vertex 66.2153 102.102 3
      vertex 65.9254 101.982 3
    endloop
  endfacet
  facet normal 0.382464 -0.92397 0
    outer loop
      vertex 66.2153 102.102 3
      vertex 65.9254 101.982 0
      vertex 66.2153 102.102 0
    endloop
  endfacet
  facet normal 0.23353 0.97235 -0
    outer loop
      vertex 66.5205 98.2246 0
      vertex 66.2153 98.2979 3
      vertex 66.5205 98.2246 3
    endloop
  endfacet
  facet normal 0.23353 0.97235 0
    outer loop
      vertex 66.2153 98.2979 3
      vertex 66.5205 98.2246 0
      vertex 66.2153 98.2979 0
    endloop
  endfacet
  facet normal 0.923904 -0.382624 0
    outer loop
      vertex 64.9312 100.818 3
      vertex 65.0513 101.108 0
      vertex 65.0513 101.108 3
    endloop
  endfacet
  facet normal 0.923904 -0.382624 0
    outer loop
      vertex 65.0513 101.108 0
      vertex 64.9312 100.818 3
      vertex 64.9312 100.818 0
    endloop
  endfacet
  facet normal 0.522532 0.85262 -0
    outer loop
      vertex 65.9254 98.418 0
      vertex 65.6578 98.582 3
      vertex 65.9254 98.418 3
    endloop
  endfacet
  facet normal 0.522532 0.85262 0
    outer loop
      vertex 65.6578 98.582 3
      vertex 65.9254 98.418 0
      vertex 65.6578 98.582 0
    endloop
  endfacet
  facet normal -0.23353 0.97235 0
    outer loop
      vertex 67.4514 98.2979 0
      vertex 67.1462 98.2246 3
      vertex 67.4514 98.2979 3
    endloop
  endfacet
  facet normal -0.23353 0.97235 0
    outer loop
      vertex 67.1462 98.2246 3
      vertex 67.4514 98.2979 0
      vertex 67.1462 98.2246 0
    endloop
  endfacet
  facet normal 0.522532 -0.85262 0
    outer loop
      vertex 65.6578 101.818 0
      vertex 65.9254 101.982 3
      vertex 65.6578 101.818 3
    endloop
  endfacet
  facet normal 0.522532 -0.85262 0
    outer loop
      vertex 65.9254 101.982 3
      vertex 65.6578 101.818 0
      vertex 65.9254 101.982 0
    endloop
  endfacet
  facet normal -0.923904 0.382624 0
    outer loop
      vertex 68.6153 99.292 0
      vertex 68.7354 99.582 3
      vertex 68.7354 99.582 0
    endloop
  endfacet
  facet normal -0.923904 0.382624 0
    outer loop
      vertex 68.7354 99.582 3
      vertex 68.6153 99.292 0
      vertex 68.6153 99.292 3
    endloop
  endfacet
  facet normal 0.649321 0.760515 -0
    outer loop
      vertex 65.6578 98.582 0
      vertex 65.4191 98.7858 3
      vertex 65.6578 98.582 3
    endloop
  endfacet
  facet normal 0.649321 0.760515 0
    outer loop
      vertex 65.4191 98.7858 3
      vertex 65.6578 98.582 0
      vertex 65.4191 98.7858 0
    endloop
  endfacet
  facet normal 0.759572 -0.650423 0
    outer loop
      vertex 65.2153 101.376 3
      vertex 65.4191 101.614 0
      vertex 65.4191 101.614 3
    endloop
  endfacet
  facet normal 0.759572 -0.650423 0
    outer loop
      vertex 65.4191 101.614 0
      vertex 65.2153 101.376 3
      vertex 65.2153 101.376 0
    endloop
  endfacet
  facet normal -0.232626 -0.972566 0
    outer loop
      vertex 67.1462 102.175 0
      vertex 67.4514 102.102 3
      vertex 67.1462 102.175 3
    endloop
  endfacet
  facet normal -0.232626 -0.972566 -0
    outer loop
      vertex 67.4514 102.102 3
      vertex 67.1462 102.175 0
      vertex 67.4514 102.102 0
    endloop
  endfacet
  facet normal -0.852762 0.5223 0
    outer loop
      vertex 68.4514 99.0244 0
      vertex 68.6153 99.292 3
      vertex 68.6153 99.292 0
    endloop
  endfacet
  facet normal -0.852762 0.5223 0
    outer loop
      vertex 68.6153 99.292 3
      vertex 68.4514 99.0244 0
      vertex 68.4514 99.0244 3
    endloop
  endfacet
  facet normal 0.0796692 -0.996821 0
    outer loop
      vertex 66.5205 102.175 0
      vertex 66.8333 102.2 3
      vertex 66.5205 102.175 3
    endloop
  endfacet
  facet normal 0.0796692 -0.996821 0
    outer loop
      vertex 66.8333 102.2 3
      vertex 66.5205 102.175 0
      vertex 66.8333 102.2 0
    endloop
  endfacet
  facet normal -0.382464 -0.92397 0
    outer loop
      vertex 67.4514 102.102 0
      vertex 67.7413 101.982 3
      vertex 67.4514 102.102 3
    endloop
  endfacet
  facet normal -0.382464 -0.92397 -0
    outer loop
      vertex 67.7413 101.982 3
      vertex 67.4514 102.102 0
      vertex 67.7413 101.982 0
    endloop
  endfacet
  facet normal -0.759414 -0.650607 0
    outer loop
      vertex 68.4514 101.376 0
      vertex 68.2475 101.614 3
      vertex 68.2475 101.614 0
    endloop
  endfacet
  facet normal -0.759414 -0.650607 0
    outer loop
      vertex 68.2475 101.614 3
      vertex 68.4514 101.376 0
      vertex 68.4514 101.376 3
    endloop
  endfacet
  facet normal -0.382736 0.923858 0
    outer loop
      vertex 67.7413 98.418 0
      vertex 67.4514 98.2979 3
      vertex 67.7413 98.418 3
    endloop
  endfacet
  facet normal -0.382736 0.923858 0
    outer loop
      vertex 67.4514 98.2979 3
      vertex 67.7413 98.418 0
      vertex 67.4514 98.2979 0
    endloop
  endfacet
  facet normal 0.0784024 0.996922 -0
    outer loop
      vertex 66.8333 98.2 0
      vertex 66.5205 98.2246 3
      vertex 66.8333 98.2 3
    endloop
  endfacet
  facet normal 0.0784024 0.996922 0
    outer loop
      vertex 66.5205 98.2246 3
      vertex 66.8333 98.2 0
      vertex 66.5205 98.2246 0
    endloop
  endfacet
  facet normal -0.522532 -0.85262 0
    outer loop
      vertex 67.7413 101.982 0
      vertex 68.0089 101.818 3
      vertex 67.7413 101.982 3
    endloop
  endfacet
  facet normal -0.522532 -0.85262 -0
    outer loop
      vertex 68.0089 101.818 3
      vertex 67.7413 101.982 0
      vertex 68.0089 101.818 0
    endloop
  endfacet
  facet normal 0.85262 0.522532 0
    outer loop
      vertex 65.2153 99.0244 3
      vertex 65.0513 99.292 0
      vertex 65.0513 99.292 3
    endloop
  endfacet
  facet normal 0.85262 0.522532 0
    outer loop
      vertex 65.0513 99.292 0
      vertex 65.2153 99.0244 3
      vertex 65.2153 99.0244 0
    endloop
  endfacet
  facet normal 0.232626 -0.972566 0
    outer loop
      vertex 66.2153 102.102 0
      vertex 66.5205 102.175 3
      vertex 66.2153 102.102 3
    endloop
  endfacet
  facet normal 0.232626 -0.972566 0
    outer loop
      vertex 66.5205 102.175 3
      vertex 66.2153 102.102 0
      vertex 66.5205 102.175 0
    endloop
  endfacet
  facet normal 0.76038 0.649478 0
    outer loop
      vertex 65.4191 98.7858 3
      vertex 65.2153 99.0244 0
      vertex 65.2153 99.0244 3
    endloop
  endfacet
  facet normal 0.76038 0.649478 0
    outer loop
      vertex 65.2153 99.0244 0
      vertex 65.4191 98.7858 3
      vertex 65.4191 98.7858 0
    endloop
  endfacet
  facet normal -0.972332 0.233602 0
    outer loop
      vertex 68.7354 99.582 0
      vertex 68.8087 99.8871 3
      vertex 68.8087 99.8871 0
    endloop
  endfacet
  facet normal -0.972332 0.233602 0
    outer loop
      vertex 68.8087 99.8871 3
      vertex 68.7354 99.582 0
      vertex 68.7354 99.582 3
    endloop
  endfacet
  facet normal -0.760223 0.649662 0
    outer loop
      vertex 68.2475 98.7858 0
      vertex 68.4514 99.0244 3
      vertex 68.4514 99.0244 0
    endloop
  endfacet
  facet normal -0.760223 0.649662 0
    outer loop
      vertex 68.4514 99.0244 3
      vertex 68.2475 98.7858 0
      vertex 68.2475 98.7858 3
    endloop
  endfacet
  facet normal 0.972405 0.233301 0
    outer loop
      vertex 64.9312 99.582 3
      vertex 64.858 99.8871 0
      vertex 64.858 99.8871 3
    endloop
  endfacet
  facet normal 0.972405 0.233301 0
    outer loop
      vertex 64.858 99.8871 0
      vertex 64.9312 99.582 3
      vertex 64.9312 99.582 0
    endloop
  endfacet
  facet normal -0.649846 -0.760066 0
    outer loop
      vertex 68.0089 101.818 0
      vertex 68.2475 101.614 3
      vertex 68.0089 101.818 3
    endloop
  endfacet
  facet normal -0.649846 -0.760066 -0
    outer loop
      vertex 68.2475 101.614 3
      vertex 68.0089 101.818 0
      vertex 68.2475 101.614 0
    endloop
  endfacet
  facet normal 0.923904 0.382624 0
    outer loop
      vertex 65.0513 99.292 3
      vertex 64.9312 99.582 0
      vertex 64.9312 99.582 3
    endloop
  endfacet
  facet normal 0.923904 0.382624 0
    outer loop
      vertex 64.9312 99.582 0
      vertex 65.0513 99.292 3
      vertex 65.0513 99.292 0
    endloop
  endfacet
  facet normal -0.0783775 0.996924 0
    outer loop
      vertex 67.1462 98.2246 0
      vertex 66.8333 98.2 3
      vertex 67.1462 98.2246 3
    endloop
  endfacet
  facet normal -0.0783775 0.996924 0
    outer loop
      vertex 66.8333 98.2 3
      vertex 67.1462 98.2246 0
      vertex 66.8333 98.2 0
    endloop
  endfacet
  facet normal 0.972387 -0.233373 0
    outer loop
      vertex 64.858 100.513 3
      vertex 64.9312 100.818 0
      vertex 64.9312 100.818 3
    endloop
  endfacet
  facet normal 0.972387 -0.233373 0
    outer loop
      vertex 64.9312 100.818 0
      vertex 64.858 100.513 3
      vertex 64.858 100.513 0
    endloop
  endfacet
  facet normal -0.972315 -0.233674 0
    outer loop
      vertex 68.8087 126.913 0
      vertex 68.7354 127.218 3
      vertex 68.7354 127.218 0
    endloop
  endfacet
  facet normal -0.972315 -0.233674 0
    outer loop
      vertex 68.7354 127.218 3
      vertex 68.8087 126.913 0
      vertex 68.8087 126.913 3
    endloop
  endfacet
  facet normal -0.996926 -0.0783526 0
    outer loop
      vertex 68.8333 126.6 0
      vertex 68.8087 126.913 3
      vertex 68.8087 126.913 0
    endloop
  endfacet
  facet normal -0.996926 -0.0783526 0
    outer loop
      vertex 68.8087 126.913 3
      vertex 68.8333 126.6 0
      vertex 68.8333 126.6 3
    endloop
  endfacet
  facet normal -0.923904 -0.382624 0
    outer loop
      vertex 68.7354 127.218 0
      vertex 68.6153 127.508 3
      vertex 68.6153 127.508 0
    endloop
  endfacet
  facet normal -0.923904 -0.382624 0
    outer loop
      vertex 68.6153 127.508 3
      vertex 68.7354 127.218 0
      vertex 68.7354 127.218 3
    endloop
  endfacet
  facet normal 0.996901 -0.0786692 0
    outer loop
      vertex 64.8333 126.6 3
      vertex 64.858 126.913 0
      vertex 64.858 126.913 3
    endloop
  endfacet
  facet normal 0.996901 -0.0786692 0
    outer loop
      vertex 64.858 126.913 0
      vertex 64.8333 126.6 3
      vertex 64.8333 126.6 0
    endloop
  endfacet
  facet normal -0.382464 -0.92397 0
    outer loop
      vertex 67.4514 128.502 0
      vertex 67.7413 128.382 3
      vertex 67.4514 128.502 3
    endloop
  endfacet
  facet normal -0.382464 -0.92397 -0
    outer loop
      vertex 67.7413 128.382 3
      vertex 67.4514 128.502 0
      vertex 67.7413 128.382 0
    endloop
  endfacet
  facet normal 0.649689 0.7602 -0
    outer loop
      vertex 65.6578 124.982 0
      vertex 65.4191 125.186 3
      vertex 65.6578 124.982 3
    endloop
  endfacet
  facet normal 0.649689 0.7602 0
    outer loop
      vertex 65.4191 125.186 3
      vertex 65.6578 124.982 0
      vertex 65.4191 125.186 0
    endloop
  endfacet
  facet normal -0.0796439 -0.996823 0
    outer loop
      vertex 66.8333 128.6 0
      vertex 67.1462 128.575 3
      vertex 66.8333 128.6 3
    endloop
  endfacet
  facet normal -0.0796439 -0.996823 -0
    outer loop
      vertex 67.1462 128.575 3
      vertex 66.8333 128.6 0
      vertex 67.1462 128.575 0
    endloop
  endfacet
  facet normal -0.996926 0.0783526 0
    outer loop
      vertex 68.8087 126.287 0
      vertex 68.8333 126.6 3
      vertex 68.8333 126.6 0
    endloop
  endfacet
  facet normal -0.996926 0.0783526 0
    outer loop
      vertex 68.8333 126.6 3
      vertex 68.8087 126.287 0
      vertex 68.8087 126.287 3
    endloop
  endfacet
  facet normal 0.522532 0.85262 -0
    outer loop
      vertex 65.9254 124.818 0
      vertex 65.6578 124.982 3
      vertex 65.9254 124.818 3
    endloop
  endfacet
  facet normal 0.522532 0.85262 0
    outer loop
      vertex 65.6578 124.982 3
      vertex 65.9254 124.818 0
      vertex 65.6578 124.982 0
    endloop
  endfacet
  facet normal -0.853109 -0.521733 0
    outer loop
      vertex 68.6153 127.508 0
      vertex 68.4514 127.776 3
      vertex 68.4514 127.776 0
    endloop
  endfacet
  facet normal -0.853109 -0.521733 0
    outer loop
      vertex 68.4514 127.776 3
      vertex 68.6153 127.508 0
      vertex 68.6153 127.508 3
    endloop
  endfacet
  facet normal 0.852967 0.521965 0
    outer loop
      vertex 65.2153 125.424 3
      vertex 65.0513 125.692 0
      vertex 65.0513 125.692 3
    endloop
  endfacet
  facet normal 0.852967 0.521965 0
    outer loop
      vertex 65.0513 125.692 0
      vertex 65.2153 125.424 3
      vertex 65.2153 125.424 0
    endloop
  endfacet
  facet normal 0.0796692 -0.996821 0
    outer loop
      vertex 66.5205 128.575 0
      vertex 66.8333 128.6 3
      vertex 66.5205 128.575 3
    endloop
  endfacet
  facet normal 0.0796692 -0.996821 0
    outer loop
      vertex 66.8333 128.6 3
      vertex 66.5205 128.575 0
      vertex 66.8333 128.6 0
    endloop
  endfacet
  facet normal -0.923904 0.382624 0
    outer loop
      vertex 68.6153 125.692 0
      vertex 68.7354 125.982 3
      vertex 68.7354 125.982 0
    endloop
  endfacet
  facet normal -0.923904 0.382624 0
    outer loop
      vertex 68.7354 125.982 3
      vertex 68.6153 125.692 0
      vertex 68.6153 125.692 3
    endloop
  endfacet
  facet normal 0.649689 -0.7602 0
    outer loop
      vertex 65.4191 128.014 0
      vertex 65.6578 128.218 3
      vertex 65.4191 128.014 3
    endloop
  endfacet
  facet normal 0.649689 -0.7602 0
    outer loop
      vertex 65.6578 128.218 3
      vertex 65.4191 128.014 0
      vertex 65.6578 128.218 0
    endloop
  endfacet
  facet normal -0.232626 0.972566 0
    outer loop
      vertex 67.4514 124.698 0
      vertex 67.1462 124.625 3
      vertex 67.4514 124.698 3
    endloop
  endfacet
  facet normal -0.232626 0.972566 0
    outer loop
      vertex 67.1462 124.625 3
      vertex 67.4514 124.698 0
      vertex 67.1462 124.625 0
    endloop
  endfacet
  facet normal 0.382464 0.92397 -0
    outer loop
      vertex 66.2153 124.698 0
      vertex 65.9254 124.818 3
      vertex 66.2153 124.698 3
    endloop
  endfacet
  facet normal 0.382464 0.92397 0
    outer loop
      vertex 65.9254 124.818 3
      vertex 66.2153 124.698 0
      vertex 65.9254 124.818 0
    endloop
  endfacet
  facet normal -0.232626 -0.972566 0
    outer loop
      vertex 67.1462 128.575 0
      vertex 67.4514 128.502 3
      vertex 67.1462 128.575 3
    endloop
  endfacet
  facet normal -0.232626 -0.972566 -0
    outer loop
      vertex 67.4514 128.502 3
      vertex 67.1462 128.575 0
      vertex 67.4514 128.502 0
    endloop
  endfacet
  facet normal 0.923904 0.382624 0
    outer loop
      vertex 65.0513 125.692 3
      vertex 64.9312 125.982 0
      vertex 64.9312 125.982 3
    endloop
  endfacet
  facet normal 0.923904 0.382624 0
    outer loop
      vertex 64.9312 125.982 0
      vertex 65.0513 125.692 3
      vertex 65.0513 125.692 0
    endloop
  endfacet
  facet normal 0.996901 0.0786692 0
    outer loop
      vertex 64.858 126.287 3
      vertex 64.8333 126.6 0
      vertex 64.8333 126.6 3
    endloop
  endfacet
  facet normal 0.996901 0.0786692 0
    outer loop
      vertex 64.8333 126.6 0
      vertex 64.858 126.287 3
      vertex 64.858 126.287 0
    endloop
  endfacet
  facet normal 0.522532 -0.85262 0
    outer loop
      vertex 65.6578 128.218 0
      vertex 65.9254 128.382 3
      vertex 65.6578 128.218 3
    endloop
  endfacet
  facet normal 0.522532 -0.85262 0
    outer loop
      vertex 65.9254 128.382 3
      vertex 65.6578 128.218 0
      vertex 65.9254 128.382 0
    endloop
  endfacet
  facet normal -0.0796439 0.996823 0
    outer loop
      vertex 67.1462 124.625 0
      vertex 66.8333 124.6 3
      vertex 67.1462 124.625 3
    endloop
  endfacet
  facet normal -0.0796439 0.996823 0
    outer loop
      vertex 66.8333 124.6 3
      vertex 67.1462 124.625 0
      vertex 66.8333 124.6 0
    endloop
  endfacet
  facet normal -0.853109 0.521733 0
    outer loop
      vertex 68.4514 125.424 0
      vertex 68.6153 125.692 3
      vertex 68.6153 125.692 0
    endloop
  endfacet
  facet normal -0.853109 0.521733 0
    outer loop
      vertex 68.6153 125.692 3
      vertex 68.4514 125.424 0
      vertex 68.4514 125.424 3
    endloop
  endfacet
  facet normal 0.759572 -0.650423 0
    outer loop
      vertex 65.2153 127.776 3
      vertex 65.4191 128.014 0
      vertex 65.4191 128.014 3
    endloop
  endfacet
  facet normal 0.759572 -0.650423 0
    outer loop
      vertex 65.4191 128.014 0
      vertex 65.2153 127.776 3
      vertex 65.2153 127.776 0
    endloop
  endfacet
  facet normal -0.649846 -0.760066 0
    outer loop
      vertex 68.0089 128.218 0
      vertex 68.2475 128.014 3
      vertex 68.0089 128.218 3
    endloop
  endfacet
  facet normal -0.649846 -0.760066 -0
    outer loop
      vertex 68.2475 128.014 3
      vertex 68.0089 128.218 0
      vertex 68.2475 128.014 0
    endloop
  endfacet
  facet normal -0.382464 0.92397 0
    outer loop
      vertex 67.7413 124.818 0
      vertex 67.4514 124.698 3
      vertex 67.7413 124.818 3
    endloop
  endfacet
  facet normal -0.382464 0.92397 0
    outer loop
      vertex 67.4514 124.698 3
      vertex 67.7413 124.818 0
      vertex 67.4514 124.698 0
    endloop
  endfacet
  facet normal -0.522532 -0.85262 0
    outer loop
      vertex 67.7413 128.382 0
      vertex 68.0089 128.218 3
      vertex 67.7413 128.382 3
    endloop
  endfacet
  facet normal -0.522532 -0.85262 -0
    outer loop
      vertex 68.0089 128.218 3
      vertex 67.7413 128.382 0
      vertex 68.0089 128.218 0
    endloop
  endfacet
  facet normal -0.522532 0.85262 0
    outer loop
      vertex 68.0089 124.982 0
      vertex 67.7413 124.818 3
      vertex 68.0089 124.982 3
    endloop
  endfacet
  facet normal -0.522532 0.85262 0
    outer loop
      vertex 67.7413 124.818 3
      vertex 68.0089 124.982 0
      vertex 67.7413 124.818 0
    endloop
  endfacet
  facet normal 0.232626 -0.972566 0
    outer loop
      vertex 66.2153 128.502 0
      vertex 66.5205 128.575 3
      vertex 66.2153 128.502 3
    endloop
  endfacet
  facet normal 0.232626 -0.972566 0
    outer loop
      vertex 66.5205 128.575 3
      vertex 66.2153 128.502 0
      vertex 66.5205 128.575 0
    endloop
  endfacet
  facet normal -0.759414 -0.650607 0
    outer loop
      vertex 68.4514 127.776 0
      vertex 68.2475 128.014 3
      vertex 68.2475 128.014 0
    endloop
  endfacet
  facet normal -0.759414 -0.650607 0
    outer loop
      vertex 68.2475 128.014 3
      vertex 68.4514 127.776 0
      vertex 68.4514 127.776 3
    endloop
  endfacet
  facet normal 0.759572 0.650423 0
    outer loop
      vertex 65.4191 125.186 3
      vertex 65.2153 125.424 0
      vertex 65.2153 125.424 3
    endloop
  endfacet
  facet normal 0.759572 0.650423 0
    outer loop
      vertex 65.2153 125.424 0
      vertex 65.4191 125.186 3
      vertex 65.4191 125.186 0
    endloop
  endfacet
  facet normal -0.759414 0.650607 0
    outer loop
      vertex 68.2475 125.186 0
      vertex 68.4514 125.424 3
      vertex 68.4514 125.424 0
    endloop
  endfacet
  facet normal -0.759414 0.650607 0
    outer loop
      vertex 68.4514 125.424 3
      vertex 68.2475 125.186 0
      vertex 68.2475 125.186 3
    endloop
  endfacet
  facet normal -0.649846 0.760066 0
    outer loop
      vertex 68.2475 125.186 0
      vertex 68.0089 124.982 3
      vertex 68.2475 125.186 3
    endloop
  endfacet
  facet normal -0.649846 0.760066 0
    outer loop
      vertex 68.0089 124.982 3
      vertex 68.2475 125.186 0
      vertex 68.0089 124.982 0
    endloop
  endfacet
  facet normal -0.972315 0.233674 0
    outer loop
      vertex 68.7354 125.982 0
      vertex 68.8087 126.287 3
      vertex 68.8087 126.287 0
    endloop
  endfacet
  facet normal -0.972315 0.233674 0
    outer loop
      vertex 68.8087 126.287 3
      vertex 68.7354 125.982 0
      vertex 68.7354 125.982 3
    endloop
  endfacet
  facet normal 0.0796692 0.996821 -0
    outer loop
      vertex 66.8333 124.6 0
      vertex 66.5205 124.625 3
      vertex 66.8333 124.6 3
    endloop
  endfacet
  facet normal 0.0796692 0.996821 0
    outer loop
      vertex 66.5205 124.625 3
      vertex 66.8333 124.6 0
      vertex 66.5205 124.625 0
    endloop
  endfacet
  facet normal 0.972387 0.233373 0
    outer loop
      vertex 64.9312 125.982 3
      vertex 64.858 126.287 0
      vertex 64.858 126.287 3
    endloop
  endfacet
  facet normal 0.972387 0.233373 0
    outer loop
      vertex 64.858 126.287 0
      vertex 64.9312 125.982 3
      vertex 64.9312 125.982 0
    endloop
  endfacet
  facet normal 0.232626 0.972566 -0
    outer loop
      vertex 66.5205 124.625 0
      vertex 66.2153 124.698 3
      vertex 66.5205 124.625 3
    endloop
  endfacet
  facet normal 0.232626 0.972566 0
    outer loop
      vertex 66.2153 124.698 3
      vertex 66.5205 124.625 0
      vertex 66.2153 124.698 0
    endloop
  endfacet
  facet normal 0.852967 -0.521965 0
    outer loop
      vertex 65.0513 127.508 3
      vertex 65.2153 127.776 0
      vertex 65.2153 127.776 3
    endloop
  endfacet
  facet normal 0.852967 -0.521965 0
    outer loop
      vertex 65.2153 127.776 0
      vertex 65.0513 127.508 3
      vertex 65.0513 127.508 0
    endloop
  endfacet
  facet normal 0.382464 -0.92397 0
    outer loop
      vertex 65.9254 128.382 0
      vertex 66.2153 128.502 3
      vertex 65.9254 128.382 3
    endloop
  endfacet
  facet normal 0.382464 -0.92397 0
    outer loop
      vertex 66.2153 128.502 3
      vertex 65.9254 128.382 0
      vertex 66.2153 128.502 0
    endloop
  endfacet
  facet normal 0.972387 -0.233373 0
    outer loop
      vertex 64.858 126.913 3
      vertex 64.9312 127.218 0
      vertex 64.9312 127.218 3
    endloop
  endfacet
  facet normal 0.972387 -0.233373 0
    outer loop
      vertex 64.9312 127.218 0
      vertex 64.858 126.913 3
      vertex 64.858 126.913 0
    endloop
  endfacet
  facet normal 0.923904 -0.382624 0
    outer loop
      vertex 64.9312 127.218 3
      vertex 65.0513 127.508 0
      vertex 65.0513 127.508 3
    endloop
  endfacet
  facet normal 0.923904 -0.382624 0
    outer loop
      vertex 65.0513 127.508 0
      vertex 64.9312 127.218 3
      vertex 64.9312 127.218 0
    endloop
  endfacet
  facet normal -0.972315 0.233674 0
    outer loop
      vertex 68.7354 152.382 0
      vertex 68.8087 152.687 3
      vertex 68.8087 152.687 0
    endloop
  endfacet
  facet normal -0.972315 0.233674 0
    outer loop
      vertex 68.8087 152.687 3
      vertex 68.7354 152.382 0
      vertex 68.7354 152.382 3
    endloop
  endfacet
  facet normal -0.232626 0.972566 0
    outer loop
      vertex 67.4514 151.098 0
      vertex 67.1462 151.025 3
      vertex 67.4514 151.098 3
    endloop
  endfacet
  facet normal -0.232626 0.972566 0
    outer loop
      vertex 67.1462 151.025 3
      vertex 67.4514 151.098 0
      vertex 67.1462 151.025 0
    endloop
  endfacet
  facet normal -0.972315 -0.233674 0
    outer loop
      vertex 68.8087 153.313 0
      vertex 68.7354 153.618 3
      vertex 68.7354 153.618 0
    endloop
  endfacet
  facet normal -0.972315 -0.233674 0
    outer loop
      vertex 68.7354 153.618 3
      vertex 68.8087 153.313 0
      vertex 68.8087 153.313 3
    endloop
  endfacet
  facet normal -0.996926 -0.0783526 0
    outer loop
      vertex 68.8333 153 0
      vertex 68.8087 153.313 3
      vertex 68.8087 153.313 0
    endloop
  endfacet
  facet normal -0.996926 -0.0783526 0
    outer loop
      vertex 68.8087 153.313 3
      vertex 68.8333 153 0
      vertex 68.8333 153 3
    endloop
  endfacet
  facet normal -0.923904 -0.382624 0
    outer loop
      vertex 68.7354 153.618 0
      vertex 68.6153 153.908 3
      vertex 68.6153 153.908 0
    endloop
  endfacet
  facet normal -0.923904 -0.382624 0
    outer loop
      vertex 68.6153 153.908 3
      vertex 68.7354 153.618 0
      vertex 68.7354 153.618 3
    endloop
  endfacet
  facet normal 0.923904 -0.382624 0
    outer loop
      vertex 64.9312 153.618 3
      vertex 65.0513 153.908 0
      vertex 65.0513 153.908 3
    endloop
  endfacet
  facet normal 0.923904 -0.382624 0
    outer loop
      vertex 65.0513 153.908 0
      vertex 64.9312 153.618 3
      vertex 64.9312 153.618 0
    endloop
  endfacet
  facet normal -0.649846 -0.760066 0
    outer loop
      vertex 68.0089 154.618 0
      vertex 68.2475 154.414 3
      vertex 68.0089 154.618 3
    endloop
  endfacet
  facet normal -0.649846 -0.760066 -0
    outer loop
      vertex 68.2475 154.414 3
      vertex 68.0089 154.618 0
      vertex 68.2475 154.414 0
    endloop
  endfacet
  facet normal 0.996901 0.0786692 0
    outer loop
      vertex 64.858 152.687 3
      vertex 64.8333 153 0
      vertex 64.8333 153 3
    endloop
  endfacet
  facet normal 0.996901 0.0786692 0
    outer loop
      vertex 64.8333 153 0
      vertex 64.858 152.687 3
      vertex 64.858 152.687 0
    endloop
  endfacet
  facet normal 0.852967 0.521965 0
    outer loop
      vertex 65.2153 151.824 3
      vertex 65.0513 152.092 0
      vertex 65.0513 152.092 3
    endloop
  endfacet
  facet normal 0.852967 0.521965 0
    outer loop
      vertex 65.0513 152.092 0
      vertex 65.2153 151.824 3
      vertex 65.2153 151.824 0
    endloop
  endfacet
  facet normal 0.0796692 -0.996821 0
    outer loop
      vertex 66.5205 154.975 0
      vertex 66.8333 155 3
      vertex 66.5205 154.975 3
    endloop
  endfacet
  facet normal 0.0796692 -0.996821 0
    outer loop
      vertex 66.8333 155 3
      vertex 66.5205 154.975 0
      vertex 66.8333 155 0
    endloop
  endfacet
  facet normal 0.382464 0.92397 -0
    outer loop
      vertex 66.2153 151.098 0
      vertex 65.9254 151.218 3
      vertex 66.2153 151.098 3
    endloop
  endfacet
  facet normal 0.382464 0.92397 0
    outer loop
      vertex 65.9254 151.218 3
      vertex 66.2153 151.098 0
      vertex 65.9254 151.218 0
    endloop
  endfacet
  facet normal -0.923904 0.382624 0
    outer loop
      vertex 68.6153 152.092 0
      vertex 68.7354 152.382 3
      vertex 68.7354 152.382 0
    endloop
  endfacet
  facet normal -0.923904 0.382624 0
    outer loop
      vertex 68.7354 152.382 3
      vertex 68.6153 152.092 0
      vertex 68.6153 152.092 3
    endloop
  endfacet
  facet normal 0.996901 -0.0786692 0
    outer loop
      vertex 64.8333 153 3
      vertex 64.858 153.313 0
      vertex 64.858 153.313 3
    endloop
  endfacet
  facet normal 0.996901 -0.0786692 0
    outer loop
      vertex 64.858 153.313 0
      vertex 64.8333 153 3
      vertex 64.8333 153 0
    endloop
  endfacet
  facet normal -0.853109 0.521733 0
    outer loop
      vertex 68.4514 151.824 0
      vertex 68.6153 152.092 3
      vertex 68.6153 152.092 0
    endloop
  endfacet
  facet normal -0.853109 0.521733 0
    outer loop
      vertex 68.6153 152.092 3
      vertex 68.4514 151.824 0
      vertex 68.4514 151.824 3
    endloop
  endfacet
  facet normal -0.382464 0.92397 0
    outer loop
      vertex 67.7413 151.218 0
      vertex 67.4514 151.098 3
      vertex 67.7413 151.218 3
    endloop
  endfacet
  facet normal -0.382464 0.92397 0
    outer loop
      vertex 67.4514 151.098 3
      vertex 67.7413 151.218 0
      vertex 67.4514 151.098 0
    endloop
  endfacet
  facet normal 0.759572 -0.650423 0
    outer loop
      vertex 65.2153 154.176 3
      vertex 65.4191 154.414 0
      vertex 65.4191 154.414 3
    endloop
  endfacet
  facet normal 0.759572 -0.650423 0
    outer loop
      vertex 65.4191 154.414 0
      vertex 65.2153 154.176 3
      vertex 65.2153 154.176 0
    endloop
  endfacet
  facet normal -0.853109 -0.521733 0
    outer loop
      vertex 68.6153 153.908 0
      vertex 68.4514 154.176 3
      vertex 68.4514 154.176 0
    endloop
  endfacet
  facet normal -0.853109 -0.521733 0
    outer loop
      vertex 68.4514 154.176 3
      vertex 68.6153 153.908 0
      vertex 68.6153 153.908 3
    endloop
  endfacet
  facet normal 0.382464 -0.92397 0
    outer loop
      vertex 65.9254 154.782 0
      vertex 66.2153 154.902 3
      vertex 65.9254 154.782 3
    endloop
  endfacet
  facet normal 0.382464 -0.92397 0
    outer loop
      vertex 66.2153 154.902 3
      vertex 65.9254 154.782 0
      vertex 66.2153 154.902 0
    endloop
  endfacet
  facet normal 0.232626 -0.972566 0
    outer loop
      vertex 66.2153 154.902 0
      vertex 66.5205 154.975 3
      vertex 66.2153 154.902 3
    endloop
  endfacet
  facet normal 0.232626 -0.972566 0
    outer loop
      vertex 66.5205 154.975 3
      vertex 66.2153 154.902 0
      vertex 66.5205 154.975 0
    endloop
  endfacet
  facet normal -0.0796439 0.996823 0
    outer loop
      vertex 67.1462 151.025 0
      vertex 66.8333 151 3
      vertex 67.1462 151.025 3
    endloop
  endfacet
  facet normal -0.0796439 0.996823 0
    outer loop
      vertex 66.8333 151 3
      vertex 67.1462 151.025 0
      vertex 66.8333 151 0
    endloop
  endfacet
  facet normal -0.382464 -0.92397 0
    outer loop
      vertex 67.4514 154.902 0
      vertex 67.7413 154.782 3
      vertex 67.4514 154.902 3
    endloop
  endfacet
  facet normal -0.382464 -0.92397 -0
    outer loop
      vertex 67.7413 154.782 3
      vertex 67.4514 154.902 0
      vertex 67.7413 154.782 0
    endloop
  endfacet
  facet normal -0.759414 -0.650607 0
    outer loop
      vertex 68.4514 154.176 0
      vertex 68.2475 154.414 3
      vertex 68.2475 154.414 0
    endloop
  endfacet
  facet normal -0.759414 -0.650607 0
    outer loop
      vertex 68.2475 154.414 3
      vertex 68.4514 154.176 0
      vertex 68.4514 154.176 3
    endloop
  endfacet
  facet normal 0.972387 0.233373 0
    outer loop
      vertex 64.9312 152.382 3
      vertex 64.858 152.687 0
      vertex 64.858 152.687 3
    endloop
  endfacet
  facet normal 0.972387 0.233373 0
    outer loop
      vertex 64.858 152.687 0
      vertex 64.9312 152.382 3
      vertex 64.9312 152.382 0
    endloop
  endfacet
  facet normal -0.522532 0.85262 0
    outer loop
      vertex 68.0089 151.382 0
      vertex 67.7413 151.218 3
      vertex 68.0089 151.382 3
    endloop
  endfacet
  facet normal -0.522532 0.85262 0
    outer loop
      vertex 67.7413 151.218 3
      vertex 68.0089 151.382 0
      vertex 67.7413 151.218 0
    endloop
  endfacet
  facet normal -0.996926 0.0783526 0
    outer loop
      vertex 68.8087 152.687 0
      vertex 68.8333 153 3
      vertex 68.8333 153 0
    endloop
  endfacet
  facet normal -0.996926 0.0783526 0
    outer loop
      vertex 68.8333 153 3
      vertex 68.8087 152.687 0
      vertex 68.8087 152.687 3
    endloop
  endfacet
  facet normal -0.522532 -0.85262 0
    outer loop
      vertex 67.7413 154.782 0
      vertex 68.0089 154.618 3
      vertex 67.7413 154.782 3
    endloop
  endfacet
  facet normal -0.522532 -0.85262 -0
    outer loop
      vertex 68.0089 154.618 3
      vertex 67.7413 154.782 0
      vertex 68.0089 154.618 0
    endloop
  endfacet
  facet normal 0.0796692 0.996821 -0
    outer loop
      vertex 66.8333 151 0
      vertex 66.5205 151.025 3
      vertex 66.8333 151 3
    endloop
  endfacet
  facet normal 0.0796692 0.996821 0
    outer loop
      vertex 66.5205 151.025 3
      vertex 66.8333 151 0
      vertex 66.5205 151.025 0
    endloop
  endfacet
  facet normal 0.649689 -0.7602 0
    outer loop
      vertex 65.4191 154.414 0
      vertex 65.6578 154.618 3
      vertex 65.4191 154.414 3
    endloop
  endfacet
  facet normal 0.649689 -0.7602 0
    outer loop
      vertex 65.6578 154.618 3
      vertex 65.4191 154.414 0
      vertex 65.6578 154.618 0
    endloop
  endfacet
  facet normal 0.852967 -0.521965 0
    outer loop
      vertex 65.0513 153.908 3
      vertex 65.2153 154.176 0
      vertex 65.2153 154.176 3
    endloop
  endfacet
  facet normal 0.852967 -0.521965 0
    outer loop
      vertex 65.2153 154.176 0
      vertex 65.0513 153.908 3
      vertex 65.0513 153.908 0
    endloop
  endfacet
  facet normal 0.759572 0.650423 0
    outer loop
      vertex 65.4191 151.586 3
      vertex 65.2153 151.824 0
      vertex 65.2153 151.824 3
    endloop
  endfacet
  facet normal 0.759572 0.650423 0
    outer loop
      vertex 65.2153 151.824 0
      vertex 65.4191 151.586 3
      vertex 65.4191 151.586 0
    endloop
  endfacet
  facet normal 0.649689 0.7602 -0
    outer loop
      vertex 65.6578 151.382 0
      vertex 65.4191 151.586 3
      vertex 65.6578 151.382 3
    endloop
  endfacet
  facet normal 0.649689 0.7602 0
    outer loop
      vertex 65.4191 151.586 3
      vertex 65.6578 151.382 0
      vertex 65.4191 151.586 0
    endloop
  endfacet
  facet normal 0.522532 -0.85262 0
    outer loop
      vertex 65.6578 154.618 0
      vertex 65.9254 154.782 3
      vertex 65.6578 154.618 3
    endloop
  endfacet
  facet normal 0.522532 -0.85262 0
    outer loop
      vertex 65.9254 154.782 3
      vertex 65.6578 154.618 0
      vertex 65.9254 154.782 0
    endloop
  endfacet
  facet normal -0.232626 -0.972566 0
    outer loop
      vertex 67.1462 154.975 0
      vertex 67.4514 154.902 3
      vertex 67.1462 154.975 3
    endloop
  endfacet
  facet normal -0.232626 -0.972566 -0
    outer loop
      vertex 67.4514 154.902 3
      vertex 67.1462 154.975 0
      vertex 67.4514 154.902 0
    endloop
  endfacet
  facet normal 0.522532 0.85262 -0
    outer loop
      vertex 65.9254 151.218 0
      vertex 65.6578 151.382 3
      vertex 65.9254 151.218 3
    endloop
  endfacet
  facet normal 0.522532 0.85262 0
    outer loop
      vertex 65.6578 151.382 3
      vertex 65.9254 151.218 0
      vertex 65.6578 151.382 0
    endloop
  endfacet
  facet normal -0.759414 0.650607 0
    outer loop
      vertex 68.2475 151.586 0
      vertex 68.4514 151.824 3
      vertex 68.4514 151.824 0
    endloop
  endfacet
  facet normal -0.759414 0.650607 0
    outer loop
      vertex 68.4514 151.824 3
      vertex 68.2475 151.586 0
      vertex 68.2475 151.586 3
    endloop
  endfacet
  facet normal 0.923904 0.382624 0
    outer loop
      vertex 65.0513 152.092 3
      vertex 64.9312 152.382 0
      vertex 64.9312 152.382 3
    endloop
  endfacet
  facet normal 0.923904 0.382624 0
    outer loop
      vertex 64.9312 152.382 0
      vertex 65.0513 152.092 3
      vertex 65.0513 152.092 0
    endloop
  endfacet
  facet normal 0.232626 0.972566 -0
    outer loop
      vertex 66.5205 151.025 0
      vertex 66.2153 151.098 3
      vertex 66.5205 151.025 3
    endloop
  endfacet
  facet normal 0.232626 0.972566 0
    outer loop
      vertex 66.2153 151.098 3
      vertex 66.5205 151.025 0
      vertex 66.2153 151.098 0
    endloop
  endfacet
  facet normal 0.972387 -0.233373 0
    outer loop
      vertex 64.858 153.313 3
      vertex 64.9312 153.618 0
      vertex 64.9312 153.618 3
    endloop
  endfacet
  facet normal 0.972387 -0.233373 0
    outer loop
      vertex 64.9312 153.618 0
      vertex 64.858 153.313 3
      vertex 64.858 153.313 0
    endloop
  endfacet
  facet normal -0.0796439 -0.996823 0
    outer loop
      vertex 66.8333 155 0
      vertex 67.1462 154.975 3
      vertex 66.8333 155 3
    endloop
  endfacet
  facet normal -0.0796439 -0.996823 -0
    outer loop
      vertex 67.1462 154.975 3
      vertex 66.8333 155 0
      vertex 67.1462 154.975 0
    endloop
  endfacet
  facet normal -0.649846 0.760066 0
    outer loop
      vertex 68.2475 151.586 0
      vertex 68.0089 151.382 3
      vertex 68.2475 151.586 3
    endloop
  endfacet
  facet normal -0.649846 0.760066 0
    outer loop
      vertex 68.0089 151.382 3
      vertex 68.2475 151.586 0
      vertex 68.0089 151.382 0
    endloop
  endfacet
  facet normal 0.76164 -0.648 0
    outer loop
      vertex 111.049 22.1756 3
      vertex 111.252 22.4142 0
      vertex 111.252 22.4142 3
    endloop
  endfacet
  facet normal 0.76164 -0.648 0
    outer loop
      vertex 111.252 22.4142 0
      vertex 111.049 22.1756 3
      vertex 111.049 22.1756 0
    endloop
  endfacet
  facet normal -0.972549 -0.232698 0
    outer loop
      vertex 114.642 21.3129 0
      vertex 114.569 21.618 3
      vertex 114.569 21.618 0
    endloop
  endfacet
  facet normal -0.972549 -0.232698 0
    outer loop
      vertex 114.569 21.618 3
      vertex 114.642 21.3129 0
      vertex 114.642 21.3129 3
    endloop
  endfacet
  facet normal -0.996823 -0.0796439 0
    outer loop
      vertex 114.667 21 0
      vertex 114.642 21.3129 3
      vertex 114.642 21.3129 0
    endloop
  endfacet
  facet normal -0.996823 -0.0796439 0
    outer loop
      vertex 114.642 21.3129 3
      vertex 114.667 21 0
      vertex 114.667 21 3
    endloop
  endfacet
  facet normal -0.924017 -0.382352 0
    outer loop
      vertex 114.569 21.618 0
      vertex 114.449 21.908 3
      vertex 114.449 21.908 0
    endloop
  endfacet
  facet normal -0.924017 -0.382352 0
    outer loop
      vertex 114.449 21.908 3
      vertex 114.569 21.618 0
      vertex 114.569 21.618 3
    endloop
  endfacet
  facet normal -0.85262 0.522532 0
    outer loop
      vertex 114.285 19.8244 0
      vertex 114.449 20.092 3
      vertex 114.449 20.092 0
    endloop
  endfacet
  facet normal -0.85262 0.522532 0
    outer loop
      vertex 114.449 20.092 3
      vertex 114.285 19.8244 0
      vertex 114.285 19.8244 3
    endloop
  endfacet
  facet normal 0.233674 -0.972315 0
    outer loop
      vertex 112.049 22.9021 0
      vertex 112.354 22.9754 3
      vertex 112.049 22.9021 3
    endloop
  endfacet
  facet normal 0.233674 -0.972315 0
    outer loop
      vertex 112.354 22.9754 3
      vertex 112.049 22.9021 0
      vertex 112.354 22.9754 0
    endloop
  endfacet
  facet normal -0.996823 0.0796439 0
    outer loop
      vertex 114.642 20.6871 0
      vertex 114.667 21 3
      vertex 114.667 21 0
    endloop
  endfacet
  facet normal -0.996823 0.0796439 0
    outer loop
      vertex 114.667 21 3
      vertex 114.642 20.6871 0
      vertex 114.642 20.6871 3
    endloop
  endfacet
  facet normal -0.233674 0.972315 0
    outer loop
      vertex 113.285 19.0979 0
      vertex 112.98 19.0246 3
      vertex 113.285 19.0979 3
    endloop
  endfacet
  facet normal -0.233674 0.972315 0
    outer loop
      vertex 112.98 19.0246 3
      vertex 113.285 19.0979 0
      vertex 112.98 19.0246 0
    endloop
  endfacet
  facet normal -0.85262 -0.522532 0
    outer loop
      vertex 114.449 21.908 0
      vertex 114.285 22.1756 3
      vertex 114.285 22.1756 0
    endloop
  endfacet
  facet normal -0.85262 -0.522532 0
    outer loop
      vertex 114.285 22.1756 3
      vertex 114.449 21.908 0
      vertex 114.449 21.908 3
    endloop
  endfacet
  facet normal 0.85262 -0.522532 0
    outer loop
      vertex 110.885 21.908 3
      vertex 111.049 22.1756 0
      vertex 111.049 22.1756 3
    endloop
  endfacet
  facet normal 0.85262 -0.522532 0
    outer loop
      vertex 111.049 22.1756 0
      vertex 110.885 21.908 3
      vertex 110.885 21.908 0
    endloop
  endfacet
  facet normal 0.648849 -0.760917 0
    outer loop
      vertex 111.252 22.4142 0
      vertex 111.491 22.618 3
      vertex 111.252 22.4142 3
    endloop
  endfacet
  facet normal 0.648849 -0.760917 0
    outer loop
      vertex 111.491 22.618 3
      vertex 111.252 22.4142 0
      vertex 111.491 22.618 0
    endloop
  endfacet
  facet normal 0.521965 -0.852967 0
    outer loop
      vertex 111.491 22.618 0
      vertex 111.759 22.782 3
      vertex 111.491 22.618 3
    endloop
  endfacet
  facet normal 0.521965 -0.852967 0
    outer loop
      vertex 111.759 22.782 3
      vertex 111.491 22.618 0
      vertex 111.759 22.782 0
    endloop
  endfacet
  facet normal 0.521965 0.852967 -0
    outer loop
      vertex 111.759 19.218 0
      vertex 111.491 19.382 3
      vertex 111.759 19.218 3
    endloop
  endfacet
  facet normal 0.521965 0.852967 0
    outer loop
      vertex 111.491 19.382 3
      vertex 111.759 19.218 0
      vertex 111.491 19.382 0
    endloop
  endfacet
  facet normal -0.972549 0.232698 0
    outer loop
      vertex 114.569 20.382 0
      vertex 114.642 20.6871 3
      vertex 114.642 20.6871 0
    endloop
  endfacet
  facet normal -0.972549 0.232698 0
    outer loop
      vertex 114.642 20.6871 3
      vertex 114.569 20.382 0
      vertex 114.569 20.382 3
    endloop
  endfacet
  facet normal 0.382624 -0.923904 0
    outer loop
      vertex 111.759 22.782 0
      vertex 112.049 22.9021 3
      vertex 111.759 22.782 3
    endloop
  endfacet
  facet normal 0.382624 -0.923904 0
    outer loop
      vertex 112.049 22.9021 3
      vertex 111.759 22.782 0
      vertex 112.049 22.9021 0
    endloop
  endfacet
  facet normal -0.0783526 -0.996926 0
    outer loop
      vertex 112.667 23 0
      vertex 112.98 22.9754 3
      vertex 112.667 23 3
    endloop
  endfacet
  facet normal -0.0783526 -0.996926 -0
    outer loop
      vertex 112.98 22.9754 3
      vertex 112.667 23 0
      vertex 112.98 22.9754 0
    endloop
  endfacet
  facet normal -0.233674 -0.972315 0
    outer loop
      vertex 112.98 22.9754 0
      vertex 113.285 22.9021 3
      vertex 112.98 22.9754 3
    endloop
  endfacet
  facet normal -0.233674 -0.972315 -0
    outer loop
      vertex 113.285 22.9021 3
      vertex 112.98 22.9754 0
      vertex 113.285 22.9021 0
    endloop
  endfacet
  facet normal -0.382624 -0.923904 0
    outer loop
      vertex 113.285 22.9021 0
      vertex 113.575 22.782 3
      vertex 113.285 22.9021 3
    endloop
  endfacet
  facet normal -0.382624 -0.923904 -0
    outer loop
      vertex 113.575 22.782 3
      vertex 113.285 22.9021 0
      vertex 113.575 22.782 0
    endloop
  endfacet
  facet normal 0.0783526 -0.996926 0
    outer loop
      vertex 112.354 22.9754 0
      vertex 112.667 23 3
      vertex 112.354 22.9754 3
    endloop
  endfacet
  facet normal 0.0783526 -0.996926 0
    outer loop
      vertex 112.667 23 3
      vertex 112.354 22.9754 0
      vertex 112.667 23 0
    endloop
  endfacet
  facet normal 0.76164 0.648 0
    outer loop
      vertex 111.252 19.5858 3
      vertex 111.049 19.8244 0
      vertex 111.049 19.8244 3
    endloop
  endfacet
  facet normal 0.76164 0.648 0
    outer loop
      vertex 111.049 19.8244 0
      vertex 111.252 19.5858 3
      vertex 111.252 19.5858 0
    endloop
  endfacet
  facet normal -0.760066 0.649846 0
    outer loop
      vertex 114.081 19.5858 0
      vertex 114.285 19.8244 3
      vertex 114.285 19.8244 0
    endloop
  endfacet
  facet normal -0.760066 0.649846 0
    outer loop
      vertex 114.285 19.8244 3
      vertex 114.081 19.5858 0
      vertex 114.081 19.5858 3
    endloop
  endfacet
  facet normal 0.85262 0.522532 0
    outer loop
      vertex 111.049 19.8244 3
      vertex 110.885 20.092 0
      vertex 110.885 20.092 3
    endloop
  endfacet
  facet normal 0.85262 0.522532 0
    outer loop
      vertex 110.885 20.092 0
      vertex 111.049 19.8244 3
      vertex 111.049 19.8244 0
    endloop
  endfacet
  facet normal 0.233674 0.972315 -0
    outer loop
      vertex 112.354 19.0246 0
      vertex 112.049 19.0979 3
      vertex 112.354 19.0246 3
    endloop
  endfacet
  facet normal 0.233674 0.972315 0
    outer loop
      vertex 112.049 19.0979 3
      vertex 112.354 19.0246 0
      vertex 112.049 19.0979 0
    endloop
  endfacet
  facet normal -0.382624 0.923904 0
    outer loop
      vertex 113.575 19.218 0
      vertex 113.285 19.0979 3
      vertex 113.575 19.218 3
    endloop
  endfacet
  facet normal -0.382624 0.923904 0
    outer loop
      vertex 113.285 19.0979 3
      vertex 113.575 19.218 0
      vertex 113.285 19.0979 0
    endloop
  endfacet
  facet normal 0.648849 0.760917 -0
    outer loop
      vertex 111.491 19.382 0
      vertex 111.252 19.5858 3
      vertex 111.491 19.382 3
    endloop
  endfacet
  facet normal 0.648849 0.760917 0
    outer loop
      vertex 111.252 19.5858 3
      vertex 111.491 19.382 0
      vertex 111.252 19.5858 0
    endloop
  endfacet
  facet normal 0.997071 0.0764772 0
    outer loop
      vertex 110.691 20.6871 3
      vertex 110.667 21 0
      vertex 110.667 21 3
    endloop
  endfacet
  facet normal 0.997071 0.0764772 0
    outer loop
      vertex 110.667 21 0
      vertex 110.691 20.6871 3
      vertex 110.691 20.6871 0
    endloop
  endfacet
  facet normal -0.760066 -0.649846 0
    outer loop
      vertex 114.285 22.1756 0
      vertex 114.081 22.4142 3
      vertex 114.081 22.4142 0
    endloop
  endfacet
  facet normal -0.760066 -0.649846 0
    outer loop
      vertex 114.081 22.4142 3
      vertex 114.285 22.1756 0
      vertex 114.285 22.1756 3
    endloop
  endfacet
  facet normal -0.648849 0.760917 0
    outer loop
      vertex 114.081 19.5858 0
      vertex 113.842 19.382 3
      vertex 114.081 19.5858 3
    endloop
  endfacet
  facet normal -0.648849 0.760917 0
    outer loop
      vertex 113.842 19.382 3
      vertex 114.081 19.5858 0
      vertex 113.842 19.382 0
    endloop
  endfacet
  facet normal -0.523385 0.852096 0
    outer loop
      vertex 113.842 19.382 0
      vertex 113.575 19.218 3
      vertex 113.842 19.382 3
    endloop
  endfacet
  facet normal -0.523385 0.852096 0
    outer loop
      vertex 113.575 19.218 3
      vertex 113.842 19.382 0
      vertex 113.575 19.218 0
    endloop
  endfacet
  facet normal -0.648849 -0.760917 0
    outer loop
      vertex 113.842 22.618 0
      vertex 114.081 22.4142 3
      vertex 113.842 22.618 3
    endloop
  endfacet
  facet normal -0.648849 -0.760917 -0
    outer loop
      vertex 114.081 22.4142 3
      vertex 113.842 22.618 0
      vertex 114.081 22.4142 0
    endloop
  endfacet
  facet normal -0.924017 0.382352 0
    outer loop
      vertex 114.449 20.092 0
      vertex 114.569 20.382 3
      vertex 114.569 20.382 0
    endloop
  endfacet
  facet normal -0.924017 0.382352 0
    outer loop
      vertex 114.569 20.382 3
      vertex 114.449 20.092 0
      vertex 114.449 20.092 3
    endloop
  endfacet
  facet normal 0.971824 -0.235709 0
    outer loop
      vertex 110.691 21.3129 3
      vertex 110.765 21.618 0
      vertex 110.765 21.618 3
    endloop
  endfacet
  facet normal 0.971824 -0.235709 0
    outer loop
      vertex 110.765 21.618 0
      vertex 110.691 21.3129 3
      vertex 110.691 21.3129 0
    endloop
  endfacet
  facet normal 0.0783526 0.996926 -0
    outer loop
      vertex 112.667 19 0
      vertex 112.354 19.0246 3
      vertex 112.667 19 3
    endloop
  endfacet
  facet normal 0.0783526 0.996926 0
    outer loop
      vertex 112.354 19.0246 3
      vertex 112.667 19 0
      vertex 112.354 19.0246 0
    endloop
  endfacet
  facet normal 0.924017 -0.382352 0
    outer loop
      vertex 110.765 21.618 3
      vertex 110.885 21.908 0
      vertex 110.885 21.908 3
    endloop
  endfacet
  facet normal 0.924017 -0.382352 0
    outer loop
      vertex 110.885 21.908 0
      vertex 110.765 21.618 3
      vertex 110.765 21.618 0
    endloop
  endfacet
  facet normal -0.523385 -0.852096 0
    outer loop
      vertex 113.575 22.782 0
      vertex 113.842 22.618 3
      vertex 113.575 22.782 3
    endloop
  endfacet
  facet normal -0.523385 -0.852096 -0
    outer loop
      vertex 113.842 22.618 3
      vertex 113.575 22.782 0
      vertex 113.842 22.618 0
    endloop
  endfacet
  facet normal -0.0783526 0.996926 0
    outer loop
      vertex 112.98 19.0246 0
      vertex 112.667 19 3
      vertex 112.98 19.0246 3
    endloop
  endfacet
  facet normal -0.0783526 0.996926 0
    outer loop
      vertex 112.667 19 3
      vertex 112.98 19.0246 0
      vertex 112.667 19 0
    endloop
  endfacet
  facet normal 0.382624 0.923904 -0
    outer loop
      vertex 112.049 19.0979 0
      vertex 111.759 19.218 3
      vertex 112.049 19.0979 3
    endloop
  endfacet
  facet normal 0.382624 0.923904 0
    outer loop
      vertex 111.759 19.218 3
      vertex 112.049 19.0979 0
      vertex 111.759 19.218 0
    endloop
  endfacet
  facet normal 0.997071 -0.0764772 0
    outer loop
      vertex 110.667 21 3
      vertex 110.691 21.3129 0
      vertex 110.691 21.3129 3
    endloop
  endfacet
  facet normal 0.997071 -0.0764772 0
    outer loop
      vertex 110.691 21.3129 0
      vertex 110.667 21 3
      vertex 110.667 21 0
    endloop
  endfacet
  facet normal 0.971824 0.235709 0
    outer loop
      vertex 110.765 20.382 3
      vertex 110.691 20.6871 0
      vertex 110.691 20.6871 3
    endloop
  endfacet
  facet normal 0.971824 0.235709 0
    outer loop
      vertex 110.691 20.6871 0
      vertex 110.765 20.382 3
      vertex 110.765 20.382 0
    endloop
  endfacet
  facet normal 0.924017 0.382352 0
    outer loop
      vertex 110.885 20.092 3
      vertex 110.765 20.382 0
      vertex 110.765 20.382 3
    endloop
  endfacet
  facet normal 0.924017 0.382352 0
    outer loop
      vertex 110.765 20.382 0
      vertex 110.885 20.092 3
      vertex 110.885 20.092 0
    endloop
  endfacet
  facet normal 0.233674 0.972315 -0
    outer loop
      vertex 112.354 45.4246 0
      vertex 112.049 45.4979 3
      vertex 112.354 45.4246 3
    endloop
  endfacet
  facet normal 0.233674 0.972315 0
    outer loop
      vertex 112.049 45.4979 3
      vertex 112.354 45.4246 0
      vertex 112.049 45.4979 0
    endloop
  endfacet
  facet normal -0.972549 -0.232698 0
    outer loop
      vertex 114.642 47.7129 0
      vertex 114.569 48.018 3
      vertex 114.569 48.018 0
    endloop
  endfacet
  facet normal -0.972549 -0.232698 0
    outer loop
      vertex 114.569 48.018 3
      vertex 114.642 47.7129 0
      vertex 114.642 47.7129 3
    endloop
  endfacet
  facet normal -0.996823 -0.0796439 0
    outer loop
      vertex 114.667 47.4 0
      vertex 114.642 47.7129 3
      vertex 114.642 47.7129 0
    endloop
  endfacet
  facet normal -0.996823 -0.0796439 0
    outer loop
      vertex 114.642 47.7129 3
      vertex 114.667 47.4 0
      vertex 114.667 47.4 3
    endloop
  endfacet
  facet normal -0.85262 -0.522532 0
    outer loop
      vertex 114.449 48.308 0
      vertex 114.285 48.5756 3
      vertex 114.285 48.5756 0
    endloop
  endfacet
  facet normal -0.85262 -0.522532 0
    outer loop
      vertex 114.285 48.5756 3
      vertex 114.449 48.308 0
      vertex 114.449 48.308 3
    endloop
  endfacet
  facet normal 0.85262 0.522532 0
    outer loop
      vertex 111.049 46.2244 3
      vertex 110.885 46.492 0
      vertex 110.885 46.492 3
    endloop
  endfacet
  facet normal 0.85262 0.522532 0
    outer loop
      vertex 110.885 46.492 0
      vertex 111.049 46.2244 3
      vertex 111.049 46.2244 0
    endloop
  endfacet
  facet normal -0.996823 0.0796439 0
    outer loop
      vertex 114.642 47.0871 0
      vertex 114.667 47.4 3
      vertex 114.667 47.4 0
    endloop
  endfacet
  facet normal -0.996823 0.0796439 0
    outer loop
      vertex 114.667 47.4 3
      vertex 114.642 47.0871 0
      vertex 114.642 47.0871 3
    endloop
  endfacet
  facet normal 0.0783526 -0.996926 0
    outer loop
      vertex 112.354 49.3754 0
      vertex 112.667 49.4 3
      vertex 112.354 49.3754 3
    endloop
  endfacet
  facet normal 0.0783526 -0.996926 0
    outer loop
      vertex 112.667 49.4 3
      vertex 112.354 49.3754 0
      vertex 112.667 49.4 0
    endloop
  endfacet
  facet normal -0.760066 -0.649846 0
    outer loop
      vertex 114.285 48.5756 0
      vertex 114.081 48.8142 3
      vertex 114.081 48.8142 0
    endloop
  endfacet
  facet normal -0.760066 -0.649846 0
    outer loop
      vertex 114.081 48.8142 3
      vertex 114.285 48.5756 0
      vertex 114.285 48.5756 3
    endloop
  endfacet
  facet normal 0.971824 0.235709 0
    outer loop
      vertex 110.765 46.782 3
      vertex 110.691 47.0871 0
      vertex 110.691 47.0871 3
    endloop
  endfacet
  facet normal 0.971824 0.235709 0
    outer loop
      vertex 110.691 47.0871 0
      vertex 110.765 46.782 3
      vertex 110.765 46.782 0
    endloop
  endfacet
  facet normal 0.648849 -0.760917 0
    outer loop
      vertex 111.252 48.8142 0
      vertex 111.491 49.018 3
      vertex 111.252 48.8142 3
    endloop
  endfacet
  facet normal 0.648849 -0.760917 0
    outer loop
      vertex 111.491 49.018 3
      vertex 111.252 48.8142 0
      vertex 111.491 49.018 0
    endloop
  endfacet
  facet normal 0.76164 0.648 0
    outer loop
      vertex 111.252 45.9858 3
      vertex 111.049 46.2244 0
      vertex 111.049 46.2244 3
    endloop
  endfacet
  facet normal 0.76164 0.648 0
    outer loop
      vertex 111.049 46.2244 0
      vertex 111.252 45.9858 3
      vertex 111.252 45.9858 0
    endloop
  endfacet
  facet normal -0.85262 0.522532 0
    outer loop
      vertex 114.285 46.2244 0
      vertex 114.449 46.492 3
      vertex 114.449 46.492 0
    endloop
  endfacet
  facet normal -0.85262 0.522532 0
    outer loop
      vertex 114.449 46.492 3
      vertex 114.285 46.2244 0
      vertex 114.285 46.2244 3
    endloop
  endfacet
  facet normal -0.972549 0.232698 0
    outer loop
      vertex 114.569 46.782 0
      vertex 114.642 47.0871 3
      vertex 114.642 47.0871 0
    endloop
  endfacet
  facet normal -0.972549 0.232698 0
    outer loop
      vertex 114.642 47.0871 3
      vertex 114.569 46.782 0
      vertex 114.569 46.782 3
    endloop
  endfacet
  facet normal 0.521965 -0.852967 0
    outer loop
      vertex 111.491 49.018 0
      vertex 111.759 49.182 3
      vertex 111.491 49.018 3
    endloop
  endfacet
  facet normal 0.521965 -0.852967 0
    outer loop
      vertex 111.759 49.182 3
      vertex 111.491 49.018 0
      vertex 111.759 49.182 0
    endloop
  endfacet
  facet normal 0.997071 0.0764772 0
    outer loop
      vertex 110.691 47.0871 3
      vertex 110.667 47.4 0
      vertex 110.667 47.4 3
    endloop
  endfacet
  facet normal 0.997071 0.0764772 0
    outer loop
      vertex 110.667 47.4 0
      vertex 110.691 47.0871 3
      vertex 110.691 47.0871 0
    endloop
  endfacet
  facet normal 0.382624 -0.923904 0
    outer loop
      vertex 111.759 49.182 0
      vertex 112.049 49.3021 3
      vertex 111.759 49.182 3
    endloop
  endfacet
  facet normal 0.382624 -0.923904 0
    outer loop
      vertex 112.049 49.3021 3
      vertex 111.759 49.182 0
      vertex 112.049 49.3021 0
    endloop
  endfacet
  facet normal -0.233674 0.972315 0
    outer loop
      vertex 113.285 45.4979 0
      vertex 112.98 45.4246 3
      vertex 113.285 45.4979 3
    endloop
  endfacet
  facet normal -0.233674 0.972315 0
    outer loop
      vertex 112.98 45.4246 3
      vertex 113.285 45.4979 0
      vertex 112.98 45.4246 0
    endloop
  endfacet
  facet normal -0.382624 -0.923904 0
    outer loop
      vertex 113.285 49.3021 0
      vertex 113.575 49.182 3
      vertex 113.285 49.3021 3
    endloop
  endfacet
  facet normal -0.382624 -0.923904 -0
    outer loop
      vertex 113.575 49.182 3
      vertex 113.285 49.3021 0
      vertex 113.575 49.182 0
    endloop
  endfacet
  facet normal -0.382624 0.923904 0
    outer loop
      vertex 113.575 45.618 0
      vertex 113.285 45.4979 3
      vertex 113.575 45.618 3
    endloop
  endfacet
  facet normal -0.382624 0.923904 0
    outer loop
      vertex 113.285 45.4979 3
      vertex 113.575 45.618 0
      vertex 113.285 45.4979 0
    endloop
  endfacet
  facet normal 0.0783526 0.996926 -0
    outer loop
      vertex 112.667 45.4 0
      vertex 112.354 45.4246 3
      vertex 112.667 45.4 3
    endloop
  endfacet
  facet normal 0.0783526 0.996926 0
    outer loop
      vertex 112.354 45.4246 3
      vertex 112.667 45.4 0
      vertex 112.354 45.4246 0
    endloop
  endfacet
  facet normal 0.971824 -0.235709 0
    outer loop
      vertex 110.691 47.7129 3
      vertex 110.765 48.018 0
      vertex 110.765 48.018 3
    endloop
  endfacet
  facet normal 0.971824 -0.235709 0
    outer loop
      vertex 110.765 48.018 0
      vertex 110.691 47.7129 3
      vertex 110.691 47.7129 0
    endloop
  endfacet
  facet normal -0.924017 0.382352 0
    outer loop
      vertex 114.449 46.492 0
      vertex 114.569 46.782 3
      vertex 114.569 46.782 0
    endloop
  endfacet
  facet normal -0.924017 0.382352 0
    outer loop
      vertex 114.569 46.782 3
      vertex 114.449 46.492 0
      vertex 114.449 46.492 3
    endloop
  endfacet
  facet normal -0.648849 -0.760917 0
    outer loop
      vertex 113.842 49.018 0
      vertex 114.081 48.8142 3
      vertex 113.842 49.018 3
    endloop
  endfacet
  facet normal -0.648849 -0.760917 -0
    outer loop
      vertex 114.081 48.8142 3
      vertex 113.842 49.018 0
      vertex 114.081 48.8142 0
    endloop
  endfacet
  facet normal 0.233674 -0.972315 0
    outer loop
      vertex 112.049 49.3021 0
      vertex 112.354 49.3754 3
      vertex 112.049 49.3021 3
    endloop
  endfacet
  facet normal 0.233674 -0.972315 0
    outer loop
      vertex 112.354 49.3754 3
      vertex 112.049 49.3021 0
      vertex 112.354 49.3754 0
    endloop
  endfacet
  facet normal -0.523385 -0.852096 0
    outer loop
      vertex 113.575 49.182 0
      vertex 113.842 49.018 3
      vertex 113.575 49.182 3
    endloop
  endfacet
  facet normal -0.523385 -0.852096 -0
    outer loop
      vertex 113.842 49.018 3
      vertex 113.575 49.182 0
      vertex 113.842 49.018 0
    endloop
  endfacet
  facet normal -0.523385 0.852096 0
    outer loop
      vertex 113.842 45.782 0
      vertex 113.575 45.618 3
      vertex 113.842 45.782 3
    endloop
  endfacet
  facet normal -0.523385 0.852096 0
    outer loop
      vertex 113.575 45.618 3
      vertex 113.842 45.782 0
      vertex 113.575 45.618 0
    endloop
  endfacet
  facet normal -0.648849 0.760917 0
    outer loop
      vertex 114.081 45.9858 0
      vertex 113.842 45.782 3
      vertex 114.081 45.9858 3
    endloop
  endfacet
  facet normal -0.648849 0.760917 0
    outer loop
      vertex 113.842 45.782 3
      vertex 114.081 45.9858 0
      vertex 113.842 45.782 0
    endloop
  endfacet
  facet normal 0.648849 0.760917 -0
    outer loop
      vertex 111.491 45.782 0
      vertex 111.252 45.9858 3
      vertex 111.491 45.782 3
    endloop
  endfacet
  facet normal 0.648849 0.760917 0
    outer loop
      vertex 111.252 45.9858 3
      vertex 111.491 45.782 0
      vertex 111.252 45.9858 0
    endloop
  endfacet
  facet normal -0.0783526 0.996926 0
    outer loop
      vertex 112.98 45.4246 0
      vertex 112.667 45.4 3
      vertex 112.98 45.4246 3
    endloop
  endfacet
  facet normal -0.0783526 0.996926 0
    outer loop
      vertex 112.667 45.4 3
      vertex 112.98 45.4246 0
      vertex 112.667 45.4 0
    endloop
  endfacet
  facet normal -0.760066 0.649846 0
    outer loop
      vertex 114.081 45.9858 0
      vertex 114.285 46.2244 3
      vertex 114.285 46.2244 0
    endloop
  endfacet
  facet normal -0.760066 0.649846 0
    outer loop
      vertex 114.285 46.2244 3
      vertex 114.081 45.9858 0
      vertex 114.081 45.9858 3
    endloop
  endfacet
  facet normal 0.924017 -0.382352 0
    outer loop
      vertex 110.765 48.018 3
      vertex 110.885 48.308 0
      vertex 110.885 48.308 3
    endloop
  endfacet
  facet normal 0.924017 -0.382352 0
    outer loop
      vertex 110.885 48.308 0
      vertex 110.765 48.018 3
      vertex 110.765 48.018 0
    endloop
  endfacet
  facet normal -0.924017 -0.382352 0
    outer loop
      vertex 114.569 48.018 0
      vertex 114.449 48.308 3
      vertex 114.449 48.308 0
    endloop
  endfacet
  facet normal -0.924017 -0.382352 0
    outer loop
      vertex 114.449 48.308 3
      vertex 114.569 48.018 0
      vertex 114.569 48.018 3
    endloop
  endfacet
  facet normal 0.924017 0.382352 0
    outer loop
      vertex 110.885 46.492 3
      vertex 110.765 46.782 0
      vertex 110.765 46.782 3
    endloop
  endfacet
  facet normal 0.924017 0.382352 0
    outer loop
      vertex 110.765 46.782 0
      vertex 110.885 46.492 3
      vertex 110.885 46.492 0
    endloop
  endfacet
  facet normal 0.76164 -0.648 0
    outer loop
      vertex 111.049 48.5756 3
      vertex 111.252 48.8142 0
      vertex 111.252 48.8142 3
    endloop
  endfacet
  facet normal 0.76164 -0.648 0
    outer loop
      vertex 111.252 48.8142 0
      vertex 111.049 48.5756 3
      vertex 111.049 48.5756 0
    endloop
  endfacet
  facet normal -0.233674 -0.972315 0
    outer loop
      vertex 112.98 49.3754 0
      vertex 113.285 49.3021 3
      vertex 112.98 49.3754 3
    endloop
  endfacet
  facet normal -0.233674 -0.972315 -0
    outer loop
      vertex 113.285 49.3021 3
      vertex 112.98 49.3754 0
      vertex 113.285 49.3021 0
    endloop
  endfacet
  facet normal -0.0783526 -0.996926 0
    outer loop
      vertex 112.667 49.4 0
      vertex 112.98 49.3754 3
      vertex 112.667 49.4 3
    endloop
  endfacet
  facet normal -0.0783526 -0.996926 -0
    outer loop
      vertex 112.98 49.3754 3
      vertex 112.667 49.4 0
      vertex 112.98 49.3754 0
    endloop
  endfacet
  facet normal 0.382624 0.923904 -0
    outer loop
      vertex 112.049 45.4979 0
      vertex 111.759 45.618 3
      vertex 112.049 45.4979 3
    endloop
  endfacet
  facet normal 0.382624 0.923904 0
    outer loop
      vertex 111.759 45.618 3
      vertex 112.049 45.4979 0
      vertex 111.759 45.618 0
    endloop
  endfacet
  facet normal 0.997071 -0.0764772 0
    outer loop
      vertex 110.667 47.4 3
      vertex 110.691 47.7129 0
      vertex 110.691 47.7129 3
    endloop
  endfacet
  facet normal 0.997071 -0.0764772 0
    outer loop
      vertex 110.691 47.7129 0
      vertex 110.667 47.4 3
      vertex 110.667 47.4 0
    endloop
  endfacet
  facet normal 0.521965 0.852967 -0
    outer loop
      vertex 111.759 45.618 0
      vertex 111.491 45.782 3
      vertex 111.759 45.618 3
    endloop
  endfacet
  facet normal 0.521965 0.852967 0
    outer loop
      vertex 111.491 45.782 3
      vertex 111.759 45.618 0
      vertex 111.491 45.782 0
    endloop
  endfacet
  facet normal 0.85262 -0.522532 0
    outer loop
      vertex 110.885 48.308 3
      vertex 111.049 48.5756 0
      vertex 111.049 48.5756 3
    endloop
  endfacet
  facet normal 0.85262 -0.522532 0
    outer loop
      vertex 111.049 48.5756 0
      vertex 110.885 48.308 3
      vertex 110.885 48.308 0
    endloop
  endfacet
  facet normal -0.972549 -0.232698 0
    outer loop
      vertex 114.642 74.1129 0
      vertex 114.569 74.418 3
      vertex 114.569 74.418 0
    endloop
  endfacet
  facet normal -0.972549 -0.232698 0
    outer loop
      vertex 114.569 74.418 3
      vertex 114.642 74.1129 0
      vertex 114.642 74.1129 3
    endloop
  endfacet
  facet normal -0.996823 -0.0796439 0
    outer loop
      vertex 114.667 73.8 0
      vertex 114.642 74.1129 3
      vertex 114.642 74.1129 0
    endloop
  endfacet
  facet normal -0.996823 -0.0796439 0
    outer loop
      vertex 114.642 74.1129 3
      vertex 114.667 73.8 0
      vertex 114.667 73.8 3
    endloop
  endfacet
  facet normal 0.0783526 -0.996926 0
    outer loop
      vertex 112.354 75.7754 0
      vertex 112.667 75.8 3
      vertex 112.354 75.7754 3
    endloop
  endfacet
  facet normal 0.0783526 -0.996926 0
    outer loop
      vertex 112.667 75.8 3
      vertex 112.354 75.7754 0
      vertex 112.667 75.8 0
    endloop
  endfacet
  facet normal -0.85262 0.522532 0
    outer loop
      vertex 114.285 72.6244 0
      vertex 114.449 72.892 3
      vertex 114.449 72.892 0
    endloop
  endfacet
  facet normal -0.85262 0.522532 0
    outer loop
      vertex 114.449 72.892 3
      vertex 114.285 72.6244 0
      vertex 114.285 72.6244 3
    endloop
  endfacet
  facet normal 0.648849 -0.760917 0
    outer loop
      vertex 111.252 75.2142 0
      vertex 111.491 75.418 3
      vertex 111.252 75.2142 3
    endloop
  endfacet
  facet normal 0.648849 -0.760917 0
    outer loop
      vertex 111.491 75.418 3
      vertex 111.252 75.2142 0
      vertex 111.491 75.418 0
    endloop
  endfacet
  facet normal -0.523385 -0.852096 0
    outer loop
      vertex 113.575 75.582 0
      vertex 113.842 75.418 3
      vertex 113.575 75.582 3
    endloop
  endfacet
  facet normal -0.523385 -0.852096 -0
    outer loop
      vertex 113.842 75.418 3
      vertex 113.575 75.582 0
      vertex 113.842 75.418 0
    endloop
  endfacet
  facet normal -0.382624 0.923904 0
    outer loop
      vertex 113.575 72.018 0
      vertex 113.285 71.8979 3
      vertex 113.575 72.018 3
    endloop
  endfacet
  facet normal -0.382624 0.923904 0
    outer loop
      vertex 113.285 71.8979 3
      vertex 113.575 72.018 0
      vertex 113.285 71.8979 0
    endloop
  endfacet
  facet normal 0.997071 -0.0764772 0
    outer loop
      vertex 110.667 73.8 3
      vertex 110.691 74.1129 0
      vertex 110.691 74.1129 3
    endloop
  endfacet
  facet normal 0.997071 -0.0764772 0
    outer loop
      vertex 110.691 74.1129 0
      vertex 110.667 73.8 3
      vertex 110.667 73.8 0
    endloop
  endfacet
  facet normal 0.648849 0.760917 -0
    outer loop
      vertex 111.491 72.182 0
      vertex 111.252 72.3858 3
      vertex 111.491 72.182 3
    endloop
  endfacet
  facet normal 0.648849 0.760917 0
    outer loop
      vertex 111.252 72.3858 3
      vertex 111.491 72.182 0
      vertex 111.252 72.3858 0
    endloop
  endfacet
  facet normal -0.0783526 0.996926 0
    outer loop
      vertex 112.98 71.8246 0
      vertex 112.667 71.8 3
      vertex 112.98 71.8246 3
    endloop
  endfacet
  facet normal -0.0783526 0.996926 0
    outer loop
      vertex 112.667 71.8 3
      vertex 112.98 71.8246 0
      vertex 112.667 71.8 0
    endloop
  endfacet
  facet normal -0.996823 0.0796439 0
    outer loop
      vertex 114.642 73.4871 0
      vertex 114.667 73.8 3
      vertex 114.667 73.8 0
    endloop
  endfacet
  facet normal -0.996823 0.0796439 0
    outer loop
      vertex 114.667 73.8 3
      vertex 114.642 73.4871 0
      vertex 114.642 73.4871 3
    endloop
  endfacet
  facet normal 0.971824 -0.235709 0
    outer loop
      vertex 110.691 74.1129 3
      vertex 110.765 74.418 0
      vertex 110.765 74.418 3
    endloop
  endfacet
  facet normal 0.971824 -0.235709 0
    outer loop
      vertex 110.765 74.418 0
      vertex 110.691 74.1129 3
      vertex 110.691 74.1129 0
    endloop
  endfacet
  facet normal 0.924017 -0.382352 0
    outer loop
      vertex 110.765 74.418 3
      vertex 110.885 74.708 0
      vertex 110.885 74.708 3
    endloop
  endfacet
  facet normal 0.924017 -0.382352 0
    outer loop
      vertex 110.885 74.708 0
      vertex 110.765 74.418 3
      vertex 110.765 74.418 0
    endloop
  endfacet
  facet normal 0.521965 0.852967 -0
    outer loop
      vertex 111.759 72.018 0
      vertex 111.491 72.182 3
      vertex 111.759 72.018 3
    endloop
  endfacet
  facet normal 0.521965 0.852967 0
    outer loop
      vertex 111.491 72.182 3
      vertex 111.759 72.018 0
      vertex 111.491 72.182 0
    endloop
  endfacet
  facet normal 0.521965 -0.852967 0
    outer loop
      vertex 111.491 75.418 0
      vertex 111.759 75.582 3
      vertex 111.491 75.418 3
    endloop
  endfacet
  facet normal 0.521965 -0.852967 0
    outer loop
      vertex 111.759 75.582 3
      vertex 111.491 75.418 0
      vertex 111.759 75.582 0
    endloop
  endfacet
  facet normal 0.924017 0.382352 0
    outer loop
      vertex 110.885 72.892 3
      vertex 110.765 73.182 0
      vertex 110.765 73.182 3
    endloop
  endfacet
  facet normal 0.924017 0.382352 0
    outer loop
      vertex 110.765 73.182 0
      vertex 110.885 72.892 3
      vertex 110.885 72.892 0
    endloop
  endfacet
  facet normal 0.971824 0.235709 0
    outer loop
      vertex 110.765 73.182 3
      vertex 110.691 73.4871 0
      vertex 110.691 73.4871 3
    endloop
  endfacet
  facet normal 0.971824 0.235709 0
    outer loop
      vertex 110.691 73.4871 0
      vertex 110.765 73.182 3
      vertex 110.765 73.182 0
    endloop
  endfacet
  facet normal -0.760066 -0.649846 0
    outer loop
      vertex 114.285 74.9756 0
      vertex 114.081 75.2142 3
      vertex 114.081 75.2142 0
    endloop
  endfacet
  facet normal -0.760066 -0.649846 0
    outer loop
      vertex 114.081 75.2142 3
      vertex 114.285 74.9756 0
      vertex 114.285 74.9756 3
    endloop
  endfacet
  facet normal -0.233674 -0.972315 0
    outer loop
      vertex 112.98 75.7754 0
      vertex 113.285 75.7021 3
      vertex 112.98 75.7754 3
    endloop
  endfacet
  facet normal -0.233674 -0.972315 -0
    outer loop
      vertex 113.285 75.7021 3
      vertex 112.98 75.7754 0
      vertex 113.285 75.7021 0
    endloop
  endfacet
  facet normal -0.924017 0.382352 0
    outer loop
      vertex 114.449 72.892 0
      vertex 114.569 73.182 3
      vertex 114.569 73.182 0
    endloop
  endfacet
  facet normal -0.924017 0.382352 0
    outer loop
      vertex 114.569 73.182 3
      vertex 114.449 72.892 0
      vertex 114.449 72.892 3
    endloop
  endfacet
  facet normal -0.648849 -0.760917 0
    outer loop
      vertex 113.842 75.418 0
      vertex 114.081 75.2142 3
      vertex 113.842 75.418 3
    endloop
  endfacet
  facet normal -0.648849 -0.760917 -0
    outer loop
      vertex 114.081 75.2142 3
      vertex 113.842 75.418 0
      vertex 114.081 75.2142 0
    endloop
  endfacet
  facet normal 0.997071 0.0764772 0
    outer loop
      vertex 110.691 73.4871 3
      vertex 110.667 73.8 0
      vertex 110.667 73.8 3
    endloop
  endfacet
  facet normal 0.997071 0.0764772 0
    outer loop
      vertex 110.667 73.8 0
      vertex 110.691 73.4871 3
      vertex 110.691 73.4871 0
    endloop
  endfacet
  facet normal -0.523385 0.852096 0
    outer loop
      vertex 113.842 72.182 0
      vertex 113.575 72.018 3
      vertex 113.842 72.182 3
    endloop
  endfacet
  facet normal -0.523385 0.852096 0
    outer loop
      vertex 113.575 72.018 3
      vertex 113.842 72.182 0
      vertex 113.575 72.018 0
    endloop
  endfacet
  facet normal -0.760066 0.649846 0
    outer loop
      vertex 114.081 72.3858 0
      vertex 114.285 72.6244 3
      vertex 114.285 72.6244 0
    endloop
  endfacet
  facet normal -0.760066 0.649846 0
    outer loop
      vertex 114.285 72.6244 3
      vertex 114.081 72.3858 0
      vertex 114.081 72.3858 3
    endloop
  endfacet
  facet normal 0.382624 -0.923904 0
    outer loop
      vertex 111.759 75.582 0
      vertex 112.049 75.7021 3
      vertex 111.759 75.582 3
    endloop
  endfacet
  facet normal 0.382624 -0.923904 0
    outer loop
      vertex 112.049 75.7021 3
      vertex 111.759 75.582 0
      vertex 112.049 75.7021 0
    endloop
  endfacet
  facet normal -0.972549 0.232698 0
    outer loop
      vertex 114.569 73.182 0
      vertex 114.642 73.4871 3
      vertex 114.642 73.4871 0
    endloop
  endfacet
  facet normal -0.972549 0.232698 0
    outer loop
      vertex 114.642 73.4871 3
      vertex 114.569 73.182 0
      vertex 114.569 73.182 3
    endloop
  endfacet
  facet normal 0.233674 -0.972315 0
    outer loop
      vertex 112.049 75.7021 0
      vertex 112.354 75.7754 3
      vertex 112.049 75.7021 3
    endloop
  endfacet
  facet normal 0.233674 -0.972315 0
    outer loop
      vertex 112.354 75.7754 3
      vertex 112.049 75.7021 0
      vertex 112.354 75.7754 0
    endloop
  endfacet
  facet normal 0.85262 0.522532 0
    outer loop
      vertex 111.049 72.6244 3
      vertex 110.885 72.892 0
      vertex 110.885 72.892 3
    endloop
  endfacet
  facet normal 0.85262 0.522532 0
    outer loop
      vertex 110.885 72.892 0
      vertex 111.049 72.6244 3
      vertex 111.049 72.6244 0
    endloop
  endfacet
  facet normal 0.76164 0.648 0
    outer loop
      vertex 111.252 72.3858 3
      vertex 111.049 72.6244 0
      vertex 111.049 72.6244 3
    endloop
  endfacet
  facet normal 0.76164 0.648 0
    outer loop
      vertex 111.049 72.6244 0
      vertex 111.252 72.3858 3
      vertex 111.252 72.3858 0
    endloop
  endfacet
  facet normal -0.233674 0.972315 0
    outer loop
      vertex 113.285 71.8979 0
      vertex 112.98 71.8246 3
      vertex 113.285 71.8979 3
    endloop
  endfacet
  facet normal -0.233674 0.972315 0
    outer loop
      vertex 112.98 71.8246 3
      vertex 113.285 71.8979 0
      vertex 112.98 71.8246 0
    endloop
  endfacet
  facet normal -0.85262 -0.522532 0
    outer loop
      vertex 114.449 74.708 0
      vertex 114.285 74.9756 3
      vertex 114.285 74.9756 0
    endloop
  endfacet
  facet normal -0.85262 -0.522532 0
    outer loop
      vertex 114.285 74.9756 3
      vertex 114.449 74.708 0
      vertex 114.449 74.708 3
    endloop
  endfacet
  facet normal 0.76164 -0.648 0
    outer loop
      vertex 111.049 74.9756 3
      vertex 111.252 75.2142 0
      vertex 111.252 75.2142 3
    endloop
  endfacet
  facet normal 0.76164 -0.648 0
    outer loop
      vertex 111.252 75.2142 0
      vertex 111.049 74.9756 3
      vertex 111.049 74.9756 0
    endloop
  endfacet
  facet normal -0.382624 -0.923904 0
    outer loop
      vertex 113.285 75.7021 0
      vertex 113.575 75.582 3
      vertex 113.285 75.7021 3
    endloop
  endfacet
  facet normal -0.382624 -0.923904 -0
    outer loop
      vertex 113.575 75.582 3
      vertex 113.285 75.7021 0
      vertex 113.575 75.582 0
    endloop
  endfacet
  facet normal -0.648849 0.760917 0
    outer loop
      vertex 114.081 72.3858 0
      vertex 113.842 72.182 3
      vertex 114.081 72.3858 3
    endloop
  endfacet
  facet normal -0.648849 0.760917 0
    outer loop
      vertex 113.842 72.182 3
      vertex 114.081 72.3858 0
      vertex 113.842 72.182 0
    endloop
  endfacet
  facet normal -0.0783526 -0.996926 0
    outer loop
      vertex 112.667 75.8 0
      vertex 112.98 75.7754 3
      vertex 112.667 75.8 3
    endloop
  endfacet
  facet normal -0.0783526 -0.996926 -0
    outer loop
      vertex 112.98 75.7754 3
      vertex 112.667 75.8 0
      vertex 112.98 75.7754 0
    endloop
  endfacet
  facet normal -0.924017 -0.382352 0
    outer loop
      vertex 114.569 74.418 0
      vertex 114.449 74.708 3
      vertex 114.449 74.708 0
    endloop
  endfacet
  facet normal -0.924017 -0.382352 0
    outer loop
      vertex 114.449 74.708 3
      vertex 114.569 74.418 0
      vertex 114.569 74.418 3
    endloop
  endfacet
  facet normal 0.382624 0.923904 -0
    outer loop
      vertex 112.049 71.8979 0
      vertex 111.759 72.018 3
      vertex 112.049 71.8979 3
    endloop
  endfacet
  facet normal 0.382624 0.923904 0
    outer loop
      vertex 111.759 72.018 3
      vertex 112.049 71.8979 0
      vertex 111.759 72.018 0
    endloop
  endfacet
  facet normal 0.0783526 0.996926 -0
    outer loop
      vertex 112.667 71.8 0
      vertex 112.354 71.8246 3
      vertex 112.667 71.8 3
    endloop
  endfacet
  facet normal 0.0783526 0.996926 0
    outer loop
      vertex 112.354 71.8246 3
      vertex 112.667 71.8 0
      vertex 112.354 71.8246 0
    endloop
  endfacet
  facet normal 0.233674 0.972315 -0
    outer loop
      vertex 112.354 71.8246 0
      vertex 112.049 71.8979 3
      vertex 112.354 71.8246 3
    endloop
  endfacet
  facet normal 0.233674 0.972315 0
    outer loop
      vertex 112.049 71.8979 3
      vertex 112.354 71.8246 0
      vertex 112.049 71.8979 0
    endloop
  endfacet
  facet normal 0.85262 -0.522532 0
    outer loop
      vertex 110.885 74.708 3
      vertex 111.049 74.9756 0
      vertex 111.049 74.9756 3
    endloop
  endfacet
  facet normal 0.85262 -0.522532 0
    outer loop
      vertex 111.049 74.9756 0
      vertex 110.885 74.708 3
      vertex 110.885 74.708 0
    endloop
  endfacet
  facet normal -0.972532 -0.23277 0
    outer loop
      vertex 114.642 100.513 0
      vertex 114.569 100.818 3
      vertex 114.569 100.818 0
    endloop
  endfacet
  facet normal -0.972532 -0.23277 0
    outer loop
      vertex 114.569 100.818 3
      vertex 114.642 100.513 0
      vertex 114.642 100.513 3
    endloop
  endfacet
  facet normal -0.996825 -0.0796186 0
    outer loop
      vertex 114.667 100.2 0
      vertex 114.642 100.513 3
      vertex 114.642 100.513 0
    endloop
  endfacet
  facet normal -0.996825 -0.0796186 0
    outer loop
      vertex 114.642 100.513 3
      vertex 114.667 100.2 0
      vertex 114.667 100.2 3
    endloop
  endfacet
  facet normal -0.924017 -0.382352 0
    outer loop
      vertex 114.569 100.818 0
      vertex 114.449 101.108 3
      vertex 114.449 101.108 0
    endloop
  endfacet
  facet normal -0.924017 -0.382352 0
    outer loop
      vertex 114.449 101.108 3
      vertex 114.569 100.818 0
      vertex 114.569 100.818 3
    endloop
  endfacet
  facet normal 0.76164 0.648 0
    outer loop
      vertex 111.252 98.7858 3
      vertex 111.049 99.0244 0
      vertex 111.049 99.0244 3
    endloop
  endfacet
  facet normal 0.76164 0.648 0
    outer loop
      vertex 111.049 99.0244 0
      vertex 111.252 98.7858 3
      vertex 111.252 98.7858 0
    endloop
  endfacet
  facet normal -0.760066 0.649846 0
    outer loop
      vertex 114.081 98.7858 0
      vertex 114.285 99.0244 3
      vertex 114.285 99.0244 0
    endloop
  endfacet
  facet normal -0.760066 0.649846 0
    outer loop
      vertex 114.285 99.0244 3
      vertex 114.081 98.7858 0
      vertex 114.081 98.7858 3
    endloop
  endfacet
  facet normal -0.996823 0.0796439 0
    outer loop
      vertex 114.642 99.8871 0
      vertex 114.667 100.2 3
      vertex 114.667 100.2 0
    endloop
  endfacet
  facet normal -0.996823 0.0796439 0
    outer loop
      vertex 114.667 100.2 3
      vertex 114.642 99.8871 0
      vertex 114.642 99.8871 3
    endloop
  endfacet
  facet normal 0.0783526 0.996926 -0
    outer loop
      vertex 112.667 98.2 0
      vertex 112.354 98.2246 3
      vertex 112.667 98.2 3
    endloop
  endfacet
  facet normal 0.0783526 0.996926 0
    outer loop
      vertex 112.354 98.2246 3
      vertex 112.667 98.2 0
      vertex 112.354 98.2246 0
    endloop
  endfacet
  facet normal -0.852967 -0.521965 0
    outer loop
      vertex 114.449 101.108 0
      vertex 114.285 101.376 3
      vertex 114.285 101.376 0
    endloop
  endfacet
  facet normal -0.852967 -0.521965 0
    outer loop
      vertex 114.285 101.376 3
      vertex 114.449 101.108 0
      vertex 114.449 101.108 3
    endloop
  endfacet
  facet normal 0.649217 -0.760603 0
    outer loop
      vertex 111.252 101.614 0
      vertex 111.491 101.818 3
      vertex 111.252 101.614 3
    endloop
  endfacet
  facet normal 0.649217 -0.760603 0
    outer loop
      vertex 111.491 101.818 3
      vertex 111.252 101.614 0
      vertex 111.491 101.818 0
    endloop
  endfacet
  facet normal 0.971824 0.235709 0
    outer loop
      vertex 110.765 99.582 3
      vertex 110.691 99.8871 0
      vertex 110.691 99.8871 3
    endloop
  endfacet
  facet normal 0.971824 0.235709 0
    outer loop
      vertex 110.691 99.8871 0
      vertex 110.765 99.582 3
      vertex 110.765 99.582 0
    endloop
  endfacet
  facet normal -0.85262 0.522532 0
    outer loop
      vertex 114.285 99.0244 0
      vertex 114.449 99.292 3
      vertex 114.449 99.292 0
    endloop
  endfacet
  facet normal -0.85262 0.522532 0
    outer loop
      vertex 114.449 99.292 3
      vertex 114.285 99.0244 0
      vertex 114.285 99.0244 3
    endloop
  endfacet
  facet normal -0.972549 0.232698 0
    outer loop
      vertex 114.569 99.582 0
      vertex 114.642 99.8871 3
      vertex 114.642 99.8871 0
    endloop
  endfacet
  facet normal -0.972549 0.232698 0
    outer loop
      vertex 114.642 99.8871 3
      vertex 114.569 99.582 0
      vertex 114.569 99.582 3
    endloop
  endfacet
  facet normal 0.521965 -0.852967 0
    outer loop
      vertex 111.491 101.818 0
      vertex 111.759 101.982 3
      vertex 111.491 101.818 3
    endloop
  endfacet
  facet normal 0.521965 -0.852967 0
    outer loop
      vertex 111.759 101.982 3
      vertex 111.491 101.818 0
      vertex 111.759 101.982 0
    endloop
  endfacet
  facet normal 0.997071 0.0764772 0
    outer loop
      vertex 110.691 99.8871 3
      vertex 110.667 100.2 0
      vertex 110.667 100.2 3
    endloop
  endfacet
  facet normal 0.997071 0.0764772 0
    outer loop
      vertex 110.667 100.2 0
      vertex 110.691 99.8871 3
      vertex 110.691 99.8871 0
    endloop
  endfacet
  facet normal 0.382352 -0.924017 0
    outer loop
      vertex 111.759 101.982 0
      vertex 112.049 102.102 3
      vertex 111.759 101.982 3
    endloop
  endfacet
  facet normal 0.382352 -0.924017 0
    outer loop
      vertex 112.049 102.102 3
      vertex 111.759 101.982 0
      vertex 112.049 102.102 0
    endloop
  endfacet
  facet normal 0.997073 -0.0764529 0
    outer loop
      vertex 110.667 100.2 3
      vertex 110.691 100.513 0
      vertex 110.691 100.513 3
    endloop
  endfacet
  facet normal 0.997073 -0.0764529 0
    outer loop
      vertex 110.691 100.513 0
      vertex 110.667 100.2 3
      vertex 110.667 100.2 0
    endloop
  endfacet
  facet normal 0.23277 -0.972532 0
    outer loop
      vertex 112.049 102.102 0
      vertex 112.354 102.175 3
      vertex 112.049 102.102 3
    endloop
  endfacet
  facet normal 0.23277 -0.972532 0
    outer loop
      vertex 112.354 102.175 3
      vertex 112.049 102.102 0
      vertex 112.354 102.175 0
    endloop
  endfacet
  facet normal -0.233674 0.972315 0
    outer loop
      vertex 113.285 98.2979 0
      vertex 112.98 98.2246 3
      vertex 113.285 98.2979 3
    endloop
  endfacet
  facet normal -0.233674 0.972315 0
    outer loop
      vertex 112.98 98.2246 3
      vertex 113.285 98.2979 0
      vertex 112.98 98.2246 0
    endloop
  endfacet
  facet normal -0.382352 -0.924017 0
    outer loop
      vertex 113.285 102.102 0
      vertex 113.575 101.982 3
      vertex 113.285 102.102 3
    endloop
  endfacet
  facet normal -0.382352 -0.924017 -0
    outer loop
      vertex 113.575 101.982 3
      vertex 113.285 102.102 0
      vertex 113.575 101.982 0
    endloop
  endfacet
  facet normal -0.382624 0.923904 0
    outer loop
      vertex 113.575 98.418 0
      vertex 113.285 98.2979 3
      vertex 113.575 98.418 3
    endloop
  endfacet
  facet normal -0.382624 0.923904 0
    outer loop
      vertex 113.285 98.2979 3
      vertex 113.575 98.418 0
      vertex 113.285 98.2979 0
    endloop
  endfacet
  facet normal 0.971806 -0.235782 0
    outer loop
      vertex 110.691 100.513 3
      vertex 110.765 100.818 0
      vertex 110.765 100.818 3
    endloop
  endfacet
  facet normal 0.971806 -0.235782 0
    outer loop
      vertex 110.765 100.818 0
      vertex 110.691 100.513 3
      vertex 110.691 100.513 0
    endloop
  endfacet
  facet normal 0.924017 -0.382352 0
    outer loop
      vertex 110.765 100.818 3
      vertex 110.885 101.108 0
      vertex 110.885 101.108 3
    endloop
  endfacet
  facet normal 0.924017 -0.382352 0
    outer loop
      vertex 110.885 101.108 0
      vertex 110.765 100.818 3
      vertex 110.765 100.818 0
    endloop
  endfacet
  facet normal -0.924017 0.382352 0
    outer loop
      vertex 114.449 99.292 0
      vertex 114.569 99.582 3
      vertex 114.569 99.582 0
    endloop
  endfacet
  facet normal -0.924017 0.382352 0
    outer loop
      vertex 114.569 99.582 3
      vertex 114.449 99.292 0
      vertex 114.449 99.292 3
    endloop
  endfacet
  facet normal -0.759257 -0.650791 0
    outer loop
      vertex 114.285 101.376 0
      vertex 114.081 101.614 3
      vertex 114.081 101.614 0
    endloop
  endfacet
  facet normal -0.759257 -0.650791 0
    outer loop
      vertex 114.081 101.614 3
      vertex 114.285 101.376 0
      vertex 114.285 101.376 3
    endloop
  endfacet
  facet normal -0.648849 0.760917 0
    outer loop
      vertex 114.081 98.7858 0
      vertex 113.842 98.582 3
      vertex 114.081 98.7858 3
    endloop
  endfacet
  facet normal -0.648849 0.760917 0
    outer loop
      vertex 113.842 98.582 3
      vertex 114.081 98.7858 0
      vertex 113.842 98.582 0
    endloop
  endfacet
  facet normal -0.523385 0.852096 0
    outer loop
      vertex 113.842 98.582 0
      vertex 113.575 98.418 3
      vertex 113.842 98.582 3
    endloop
  endfacet
  facet normal -0.523385 0.852096 0
    outer loop
      vertex 113.575 98.418 3
      vertex 113.842 98.582 0
      vertex 113.575 98.418 0
    endloop
  endfacet
  facet normal -0.0796186 -0.996825 0
    outer loop
      vertex 112.667 102.2 0
      vertex 112.98 102.175 3
      vertex 112.667 102.2 3
    endloop
  endfacet
  facet normal -0.0796186 -0.996825 -0
    outer loop
      vertex 112.98 102.175 3
      vertex 112.667 102.2 0
      vertex 112.98 102.175 0
    endloop
  endfacet
  facet normal -0.523385 -0.852096 0
    outer loop
      vertex 113.575 101.982 0
      vertex 113.842 101.818 3
      vertex 113.575 101.982 3
    endloop
  endfacet
  facet normal -0.523385 -0.852096 -0
    outer loop
      vertex 113.842 101.818 3
      vertex 113.575 101.982 0
      vertex 113.842 101.818 0
    endloop
  endfacet
  facet normal 0.233674 0.972315 -0
    outer loop
      vertex 112.354 98.2246 0
      vertex 112.049 98.2979 3
      vertex 112.354 98.2246 3
    endloop
  endfacet
  facet normal 0.233674 0.972315 0
    outer loop
      vertex 112.049 98.2979 3
      vertex 112.354 98.2246 0
      vertex 112.049 98.2979 0
    endloop
  endfacet
  facet normal 0.648849 0.760917 -0
    outer loop
      vertex 111.491 98.582 0
      vertex 111.252 98.7858 3
      vertex 111.491 98.582 3
    endloop
  endfacet
  facet normal 0.648849 0.760917 0
    outer loop
      vertex 111.252 98.7858 3
      vertex 111.491 98.582 0
      vertex 111.252 98.7858 0
    endloop
  endfacet
  facet normal -0.0783526 0.996926 0
    outer loop
      vertex 112.98 98.2246 0
      vertex 112.667 98.2 3
      vertex 112.98 98.2246 3
    endloop
  endfacet
  facet normal -0.0783526 0.996926 0
    outer loop
      vertex 112.667 98.2 3
      vertex 112.98 98.2246 0
      vertex 112.667 98.2 0
    endloop
  endfacet
  facet normal 0.0796186 -0.996825 0
    outer loop
      vertex 112.354 102.175 0
      vertex 112.667 102.2 3
      vertex 112.354 102.175 3
    endloop
  endfacet
  facet normal 0.0796186 -0.996825 0
    outer loop
      vertex 112.667 102.2 3
      vertex 112.354 102.175 0
      vertex 112.667 102.2 0
    endloop
  endfacet
  facet normal -0.23277 -0.972532 0
    outer loop
      vertex 112.98 102.175 0
      vertex 113.285 102.102 3
      vertex 112.98 102.175 3
    endloop
  endfacet
  facet normal -0.23277 -0.972532 -0
    outer loop
      vertex 113.285 102.102 3
      vertex 112.98 102.175 0
      vertex 113.285 102.102 0
    endloop
  endfacet
  facet normal -0.649217 -0.760603 0
    outer loop
      vertex 113.842 101.818 0
      vertex 114.081 101.614 3
      vertex 113.842 101.818 3
    endloop
  endfacet
  facet normal -0.649217 -0.760603 -0
    outer loop
      vertex 114.081 101.614 3
      vertex 113.842 101.818 0
      vertex 114.081 101.614 0
    endloop
  endfacet
  facet normal 0.382624 0.923904 -0
    outer loop
      vertex 112.049 98.2979 0
      vertex 111.759 98.418 3
      vertex 112.049 98.2979 3
    endloop
  endfacet
  facet normal 0.382624 0.923904 0
    outer loop
      vertex 111.759 98.418 3
      vertex 112.049 98.2979 0
      vertex 111.759 98.418 0
    endloop
  endfacet
  facet normal 0.924017 0.382352 0
    outer loop
      vertex 110.885 99.292 3
      vertex 110.765 99.582 0
      vertex 110.765 99.582 3
    endloop
  endfacet
  facet normal 0.924017 0.382352 0
    outer loop
      vertex 110.765 99.582 0
      vertex 110.885 99.292 3
      vertex 110.885 99.292 0
    endloop
  endfacet
  facet normal 0.852967 -0.521965 0
    outer loop
      vertex 110.885 101.108 3
      vertex 111.049 101.376 0
      vertex 111.049 101.376 3
    endloop
  endfacet
  facet normal 0.852967 -0.521965 0
    outer loop
      vertex 111.049 101.376 0
      vertex 110.885 101.108 3
      vertex 110.885 101.108 0
    endloop
  endfacet
  facet normal 0.521965 0.852967 -0
    outer loop
      vertex 111.759 98.418 0
      vertex 111.491 98.582 3
      vertex 111.759 98.418 3
    endloop
  endfacet
  facet normal 0.521965 0.852967 0
    outer loop
      vertex 111.491 98.582 3
      vertex 111.759 98.418 0
      vertex 111.491 98.582 0
    endloop
  endfacet
  facet normal 0.85262 0.522532 0
    outer loop
      vertex 111.049 99.0244 3
      vertex 110.885 99.292 0
      vertex 110.885 99.292 3
    endloop
  endfacet
  facet normal 0.85262 0.522532 0
    outer loop
      vertex 110.885 99.292 0
      vertex 111.049 99.0244 3
      vertex 111.049 99.0244 0
    endloop
  endfacet
  facet normal 0.760834 -0.648947 0
    outer loop
      vertex 111.049 101.376 3
      vertex 111.252 101.614 0
      vertex 111.252 101.614 3
    endloop
  endfacet
  facet normal 0.760834 -0.648947 0
    outer loop
      vertex 111.252 101.614 0
      vertex 111.049 101.376 3
      vertex 111.049 101.376 0
    endloop
  endfacet
  facet normal -0.972532 -0.23277 0
    outer loop
      vertex 114.642 126.913 0
      vertex 114.569 127.218 3
      vertex 114.569 127.218 0
    endloop
  endfacet
  facet normal -0.972532 -0.23277 0
    outer loop
      vertex 114.569 127.218 3
      vertex 114.642 126.913 0
      vertex 114.642 126.913 3
    endloop
  endfacet
  facet normal -0.996825 -0.0796186 0
    outer loop
      vertex 114.667 126.6 0
      vertex 114.642 126.913 3
      vertex 114.642 126.913 0
    endloop
  endfacet
  facet normal -0.996825 -0.0796186 0
    outer loop
      vertex 114.642 126.913 3
      vertex 114.667 126.6 0
      vertex 114.667 126.6 3
    endloop
  endfacet
  facet normal -0.23277 0.972532 0
    outer loop
      vertex 113.285 124.698 0
      vertex 112.98 124.625 3
      vertex 113.285 124.698 3
    endloop
  endfacet
  facet normal -0.23277 0.972532 0
    outer loop
      vertex 112.98 124.625 3
      vertex 113.285 124.698 0
      vertex 112.98 124.625 0
    endloop
  endfacet
  facet normal -0.382352 0.924017 0
    outer loop
      vertex 113.575 124.818 0
      vertex 113.285 124.698 3
      vertex 113.575 124.818 3
    endloop
  endfacet
  facet normal -0.382352 0.924017 0
    outer loop
      vertex 113.285 124.698 3
      vertex 113.575 124.818 0
      vertex 113.285 124.698 0
    endloop
  endfacet
  facet normal 0.971806 0.235782 0
    outer loop
      vertex 110.765 125.982 3
      vertex 110.691 126.287 0
      vertex 110.691 126.287 3
    endloop
  endfacet
  facet normal 0.971806 0.235782 0
    outer loop
      vertex 110.691 126.287 0
      vertex 110.765 125.982 3
      vertex 110.765 125.982 0
    endloop
  endfacet
  facet normal -0.0796186 -0.996825 0
    outer loop
      vertex 112.667 128.6 0
      vertex 112.98 128.575 3
      vertex 112.667 128.6 3
    endloop
  endfacet
  facet normal -0.0796186 -0.996825 -0
    outer loop
      vertex 112.98 128.575 3
      vertex 112.667 128.6 0
      vertex 112.98 128.575 0
    endloop
  endfacet
  facet normal -0.523385 -0.852096 0
    outer loop
      vertex 113.575 128.382 0
      vertex 113.842 128.218 3
      vertex 113.575 128.382 3
    endloop
  endfacet
  facet normal -0.523385 -0.852096 -0
    outer loop
      vertex 113.842 128.218 3
      vertex 113.575 128.382 0
      vertex 113.842 128.218 0
    endloop
  endfacet
  facet normal 0.521965 -0.852967 0
    outer loop
      vertex 111.491 128.218 0
      vertex 111.759 128.382 3
      vertex 111.491 128.218 3
    endloop
  endfacet
  facet normal 0.521965 -0.852967 0
    outer loop
      vertex 111.759 128.382 3
      vertex 111.491 128.218 0
      vertex 111.759 128.382 0
    endloop
  endfacet
  facet normal 0.924017 -0.382352 0
    outer loop
      vertex 110.765 127.218 3
      vertex 110.885 127.508 0
      vertex 110.885 127.508 3
    endloop
  endfacet
  facet normal 0.924017 -0.382352 0
    outer loop
      vertex 110.885 127.508 0
      vertex 110.765 127.218 3
      vertex 110.765 127.218 0
    endloop
  endfacet
  facet normal 0.760834 -0.648947 0
    outer loop
      vertex 111.049 127.776 3
      vertex 111.252 128.014 0
      vertex 111.252 128.014 3
    endloop
  endfacet
  facet normal 0.760834 -0.648947 0
    outer loop
      vertex 111.252 128.014 0
      vertex 111.049 127.776 3
      vertex 111.049 127.776 0
    endloop
  endfacet
  facet normal -0.972532 0.23277 0
    outer loop
      vertex 114.569 125.982 0
      vertex 114.642 126.287 3
      vertex 114.642 126.287 0
    endloop
  endfacet
  facet normal -0.972532 0.23277 0
    outer loop
      vertex 114.642 126.287 3
      vertex 114.569 125.982 0
      vertex 114.569 125.982 3
    endloop
  endfacet
  facet normal 0.997073 0.0764529 0
    outer loop
      vertex 110.691 126.287 3
      vertex 110.667 126.6 0
      vertex 110.667 126.6 3
    endloop
  endfacet
  facet normal 0.997073 0.0764529 0
    outer loop
      vertex 110.667 126.6 0
      vertex 110.691 126.287 3
      vertex 110.691 126.287 0
    endloop
  endfacet
  facet normal -0.649217 -0.760603 0
    outer loop
      vertex 113.842 128.218 0
      vertex 114.081 128.014 3
      vertex 113.842 128.218 3
    endloop
  endfacet
  facet normal -0.649217 -0.760603 -0
    outer loop
      vertex 114.081 128.014 3
      vertex 113.842 128.218 0
      vertex 114.081 128.014 0
    endloop
  endfacet
  facet normal 0.521965 0.852967 -0
    outer loop
      vertex 111.759 124.818 0
      vertex 111.491 124.982 3
      vertex 111.759 124.818 3
    endloop
  endfacet
  facet normal 0.521965 0.852967 0
    outer loop
      vertex 111.491 124.982 3
      vertex 111.759 124.818 0
      vertex 111.491 124.982 0
    endloop
  endfacet
  facet normal -0.924017 0.382352 0
    outer loop
      vertex 114.449 125.692 0
      vertex 114.569 125.982 3
      vertex 114.569 125.982 0
    endloop
  endfacet
  facet normal -0.924017 0.382352 0
    outer loop
      vertex 114.569 125.982 3
      vertex 114.449 125.692 0
      vertex 114.449 125.692 3
    endloop
  endfacet
  facet normal 0.0796186 -0.996825 0
    outer loop
      vertex 112.354 128.575 0
      vertex 112.667 128.6 3
      vertex 112.354 128.575 3
    endloop
  endfacet
  facet normal 0.0796186 -0.996825 0
    outer loop
      vertex 112.667 128.6 3
      vertex 112.354 128.575 0
      vertex 112.667 128.6 0
    endloop
  endfacet
  facet normal 0.649217 0.760603 -0
    outer loop
      vertex 111.491 124.982 0
      vertex 111.252 125.186 3
      vertex 111.491 124.982 3
    endloop
  endfacet
  facet normal 0.649217 0.760603 0
    outer loop
      vertex 111.252 125.186 3
      vertex 111.491 124.982 0
      vertex 111.252 125.186 0
    endloop
  endfacet
  facet normal 0.649217 -0.760603 0
    outer loop
      vertex 111.252 128.014 0
      vertex 111.491 128.218 3
      vertex 111.252 128.014 3
    endloop
  endfacet
  facet normal 0.649217 -0.760603 0
    outer loop
      vertex 111.491 128.218 3
      vertex 111.252 128.014 0
      vertex 111.491 128.218 0
    endloop
  endfacet
  facet normal 0.997073 -0.0764529 0
    outer loop
      vertex 110.667 126.6 3
      vertex 110.691 126.913 0
      vertex 110.691 126.913 3
    endloop
  endfacet
  facet normal 0.997073 -0.0764529 0
    outer loop
      vertex 110.691 126.913 0
      vertex 110.667 126.6 3
      vertex 110.667 126.6 0
    endloop
  endfacet
  facet normal -0.759257 -0.650791 0
    outer loop
      vertex 114.285 127.776 0
      vertex 114.081 128.014 3
      vertex 114.081 128.014 0
    endloop
  endfacet
  facet normal -0.759257 -0.650791 0
    outer loop
      vertex 114.081 128.014 3
      vertex 114.285 127.776 0
      vertex 114.285 127.776 3
    endloop
  endfacet
  facet normal -0.23277 -0.972532 0
    outer loop
      vertex 112.98 128.575 0
      vertex 113.285 128.502 3
      vertex 112.98 128.575 3
    endloop
  endfacet
  facet normal -0.23277 -0.972532 -0
    outer loop
      vertex 113.285 128.502 3
      vertex 112.98 128.575 0
      vertex 113.285 128.502 0
    endloop
  endfacet
  facet normal 0.0796186 0.996825 -0
    outer loop
      vertex 112.667 124.6 0
      vertex 112.354 124.625 3
      vertex 112.667 124.6 3
    endloop
  endfacet
  facet normal 0.0796186 0.996825 0
    outer loop
      vertex 112.354 124.625 3
      vertex 112.667 124.6 0
      vertex 112.354 124.625 0
    endloop
  endfacet
  facet normal 0.852967 0.521965 0
    outer loop
      vertex 111.049 125.424 3
      vertex 110.885 125.692 0
      vertex 110.885 125.692 3
    endloop
  endfacet
  facet normal 0.852967 0.521965 0
    outer loop
      vertex 110.885 125.692 0
      vertex 111.049 125.424 3
      vertex 111.049 125.424 0
    endloop
  endfacet
  facet normal -0.523385 0.852096 0
    outer loop
      vertex 113.842 124.982 0
      vertex 113.575 124.818 3
      vertex 113.842 124.982 3
    endloop
  endfacet
  facet normal -0.523385 0.852096 0
    outer loop
      vertex 113.575 124.818 3
      vertex 113.842 124.982 0
      vertex 113.575 124.818 0
    endloop
  endfacet
  facet normal -0.852967 0.521965 0
    outer loop
      vertex 114.285 125.424 0
      vertex 114.449 125.692 3
      vertex 114.449 125.692 0
    endloop
  endfacet
  facet normal -0.852967 0.521965 0
    outer loop
      vertex 114.449 125.692 3
      vertex 114.285 125.424 0
      vertex 114.285 125.424 3
    endloop
  endfacet
  facet normal -0.0796186 0.996825 0
    outer loop
      vertex 112.98 124.625 0
      vertex 112.667 124.6 3
      vertex 112.98 124.625 3
    endloop
  endfacet
  facet normal -0.0796186 0.996825 0
    outer loop
      vertex 112.667 124.6 3
      vertex 112.98 124.625 0
      vertex 112.667 124.6 0
    endloop
  endfacet
  facet normal 0.382352 -0.924017 0
    outer loop
      vertex 111.759 128.382 0
      vertex 112.049 128.502 3
      vertex 111.759 128.382 3
    endloop
  endfacet
  facet normal 0.382352 -0.924017 0
    outer loop
      vertex 112.049 128.502 3
      vertex 111.759 128.382 0
      vertex 112.049 128.502 0
    endloop
  endfacet
  facet normal 0.23277 -0.972532 0
    outer loop
      vertex 112.049 128.502 0
      vertex 112.354 128.575 3
      vertex 112.049 128.502 3
    endloop
  endfacet
  facet normal 0.23277 -0.972532 0
    outer loop
      vertex 112.354 128.575 3
      vertex 112.049 128.502 0
      vertex 112.354 128.575 0
    endloop
  endfacet
  facet normal 0.924017 0.382352 0
    outer loop
      vertex 110.885 125.692 3
      vertex 110.765 125.982 0
      vertex 110.765 125.982 3
    endloop
  endfacet
  facet normal 0.924017 0.382352 0
    outer loop
      vertex 110.765 125.982 0
      vertex 110.885 125.692 3
      vertex 110.885 125.692 0
    endloop
  endfacet
  facet normal -0.996825 0.0796186 0
    outer loop
      vertex 114.642 126.287 0
      vertex 114.667 126.6 3
      vertex 114.667 126.6 0
    endloop
  endfacet
  facet normal -0.996825 0.0796186 0
    outer loop
      vertex 114.667 126.6 3
      vertex 114.642 126.287 0
      vertex 114.642 126.287 3
    endloop
  endfacet
  facet normal -0.924017 -0.382352 0
    outer loop
      vertex 114.569 127.218 0
      vertex 114.449 127.508 3
      vertex 114.449 127.508 0
    endloop
  endfacet
  facet normal -0.924017 -0.382352 0
    outer loop
      vertex 114.449 127.508 3
      vertex 114.569 127.218 0
      vertex 114.569 127.218 3
    endloop
  endfacet
  facet normal -0.852967 -0.521965 0
    outer loop
      vertex 114.449 127.508 0
      vertex 114.285 127.776 3
      vertex 114.285 127.776 0
    endloop
  endfacet
  facet normal -0.852967 -0.521965 0
    outer loop
      vertex 114.285 127.776 3
      vertex 114.449 127.508 0
      vertex 114.449 127.508 3
    endloop
  endfacet
  facet normal -0.382352 -0.924017 0
    outer loop
      vertex 113.285 128.502 0
      vertex 113.575 128.382 3
      vertex 113.285 128.502 3
    endloop
  endfacet
  facet normal -0.382352 -0.924017 -0
    outer loop
      vertex 113.575 128.382 3
      vertex 113.285 128.502 0
      vertex 113.575 128.382 0
    endloop
  endfacet
  facet normal 0.971806 -0.235782 0
    outer loop
      vertex 110.691 126.913 3
      vertex 110.765 127.218 0
      vertex 110.765 127.218 3
    endloop
  endfacet
  facet normal 0.971806 -0.235782 0
    outer loop
      vertex 110.765 127.218 0
      vertex 110.691 126.913 3
      vertex 110.691 126.913 0
    endloop
  endfacet
  facet normal 0.760834 0.648947 0
    outer loop
      vertex 111.252 125.186 3
      vertex 111.049 125.424 0
      vertex 111.049 125.424 3
    endloop
  endfacet
  facet normal 0.760834 0.648947 0
    outer loop
      vertex 111.049 125.424 0
      vertex 111.252 125.186 3
      vertex 111.252 125.186 0
    endloop
  endfacet
  facet normal 0.382352 0.924017 -0
    outer loop
      vertex 112.049 124.698 0
      vertex 111.759 124.818 3
      vertex 112.049 124.698 3
    endloop
  endfacet
  facet normal 0.382352 0.924017 0
    outer loop
      vertex 111.759 124.818 3
      vertex 112.049 124.698 0
      vertex 111.759 124.818 0
    endloop
  endfacet
  facet normal 0.23277 0.972532 -0
    outer loop
      vertex 112.354 124.625 0
      vertex 112.049 124.698 3
      vertex 112.354 124.625 3
    endloop
  endfacet
  facet normal 0.23277 0.972532 0
    outer loop
      vertex 112.049 124.698 3
      vertex 112.354 124.625 0
      vertex 112.049 124.698 0
    endloop
  endfacet
  facet normal -0.649217 0.760603 0
    outer loop
      vertex 114.081 125.186 0
      vertex 113.842 124.982 3
      vertex 114.081 125.186 3
    endloop
  endfacet
  facet normal -0.649217 0.760603 0
    outer loop
      vertex 113.842 124.982 3
      vertex 114.081 125.186 0
      vertex 113.842 124.982 0
    endloop
  endfacet
  facet normal -0.759257 0.650791 0
    outer loop
      vertex 114.081 125.186 0
      vertex 114.285 125.424 3
      vertex 114.285 125.424 0
    endloop
  endfacet
  facet normal -0.759257 0.650791 0
    outer loop
      vertex 114.285 125.424 3
      vertex 114.081 125.186 0
      vertex 114.081 125.186 3
    endloop
  endfacet
  facet normal 0.852967 -0.521965 0
    outer loop
      vertex 110.885 127.508 3
      vertex 111.049 127.776 0
      vertex 111.049 127.776 3
    endloop
  endfacet
  facet normal 0.852967 -0.521965 0
    outer loop
      vertex 111.049 127.776 0
      vertex 110.885 127.508 3
      vertex 110.885 127.508 0
    endloop
  endfacet
  facet normal 0.760834 -0.648947 0
    outer loop
      vertex 111.049 154.176 3
      vertex 111.252 154.414 0
      vertex 111.252 154.414 3
    endloop
  endfacet
  facet normal 0.760834 -0.648947 0
    outer loop
      vertex 111.252 154.414 0
      vertex 111.049 154.176 3
      vertex 111.049 154.176 0
    endloop
  endfacet
  facet normal -0.972532 -0.23277 0
    outer loop
      vertex 114.642 153.313 0
      vertex 114.569 153.618 3
      vertex 114.569 153.618 0
    endloop
  endfacet
  facet normal -0.972532 -0.23277 0
    outer loop
      vertex 114.569 153.618 3
      vertex 114.642 153.313 0
      vertex 114.642 153.313 3
    endloop
  endfacet
  facet normal -0.996825 -0.0796186 0
    outer loop
      vertex 114.667 153 0
      vertex 114.642 153.313 3
      vertex 114.642 153.313 0
    endloop
  endfacet
  facet normal -0.996825 -0.0796186 0
    outer loop
      vertex 114.642 153.313 3
      vertex 114.667 153 0
      vertex 114.667 153 3
    endloop
  endfacet
  facet normal -0.924017 -0.382352 0
    outer loop
      vertex 114.569 153.618 0
      vertex 114.449 153.908 3
      vertex 114.449 153.908 0
    endloop
  endfacet
  facet normal -0.924017 -0.382352 0
    outer loop
      vertex 114.449 153.908 3
      vertex 114.569 153.618 0
      vertex 114.569 153.618 3
    endloop
  endfacet
  facet normal -0.852967 0.521965 0
    outer loop
      vertex 114.285 151.824 0
      vertex 114.449 152.092 3
      vertex 114.449 152.092 0
    endloop
  endfacet
  facet normal -0.852967 0.521965 0
    outer loop
      vertex 114.449 152.092 3
      vertex 114.285 151.824 0
      vertex 114.285 151.824 3
    endloop
  endfacet
  facet normal 0.23277 -0.972532 0
    outer loop
      vertex 112.049 154.902 0
      vertex 112.354 154.975 3
      vertex 112.049 154.902 3
    endloop
  endfacet
  facet normal 0.23277 -0.972532 0
    outer loop
      vertex 112.354 154.975 3
      vertex 112.049 154.902 0
      vertex 112.354 154.975 0
    endloop
  endfacet
  facet normal -0.996825 0.0796186 0
    outer loop
      vertex 114.642 152.687 0
      vertex 114.667 153 3
      vertex 114.667 153 0
    endloop
  endfacet
  facet normal -0.996825 0.0796186 0
    outer loop
      vertex 114.667 153 3
      vertex 114.642 152.687 0
      vertex 114.642 152.687 3
    endloop
  endfacet
  facet normal -0.23277 0.972532 0
    outer loop
      vertex 113.285 151.098 0
      vertex 112.98 151.025 3
      vertex 113.285 151.098 3
    endloop
  endfacet
  facet normal -0.23277 0.972532 0
    outer loop
      vertex 112.98 151.025 3
      vertex 113.285 151.098 0
      vertex 112.98 151.025 0
    endloop
  endfacet
  facet normal -0.852967 -0.521965 0
    outer loop
      vertex 114.449 153.908 0
      vertex 114.285 154.176 3
      vertex 114.285 154.176 0
    endloop
  endfacet
  facet normal -0.852967 -0.521965 0
    outer loop
      vertex 114.285 154.176 3
      vertex 114.449 153.908 0
      vertex 114.449 153.908 3
    endloop
  endfacet
  facet normal 0.852967 -0.521965 0
    outer loop
      vertex 110.885 153.908 3
      vertex 111.049 154.176 0
      vertex 111.049 154.176 3
    endloop
  endfacet
  facet normal 0.852967 -0.521965 0
    outer loop
      vertex 111.049 154.176 0
      vertex 110.885 153.908 3
      vertex 110.885 153.908 0
    endloop
  endfacet
  facet normal 0.649217 -0.760603 0
    outer loop
      vertex 111.252 154.414 0
      vertex 111.491 154.618 3
      vertex 111.252 154.414 3
    endloop
  endfacet
  facet normal 0.649217 -0.760603 0
    outer loop
      vertex 111.491 154.618 3
      vertex 111.252 154.414 0
      vertex 111.491 154.618 0
    endloop
  endfacet
  facet normal 0.521965 -0.852967 0
    outer loop
      vertex 111.491 154.618 0
      vertex 111.759 154.782 3
      vertex 111.491 154.618 3
    endloop
  endfacet
  facet normal 0.521965 -0.852967 0
    outer loop
      vertex 111.759 154.782 3
      vertex 111.491 154.618 0
      vertex 111.759 154.782 0
    endloop
  endfacet
  facet normal 0.521965 0.852967 -0
    outer loop
      vertex 111.759 151.218 0
      vertex 111.491 151.382 3
      vertex 111.759 151.218 3
    endloop
  endfacet
  facet normal 0.521965 0.852967 0
    outer loop
      vertex 111.491 151.382 3
      vertex 111.759 151.218 0
      vertex 111.491 151.382 0
    endloop
  endfacet
  facet normal -0.972532 0.23277 0
    outer loop
      vertex 114.569 152.382 0
      vertex 114.642 152.687 3
      vertex 114.642 152.687 0
    endloop
  endfacet
  facet normal -0.972532 0.23277 0
    outer loop
      vertex 114.642 152.687 3
      vertex 114.569 152.382 0
      vertex 114.569 152.382 3
    endloop
  endfacet
  facet normal 0.382352 -0.924017 0
    outer loop
      vertex 111.759 154.782 0
      vertex 112.049 154.902 3
      vertex 111.759 154.782 3
    endloop
  endfacet
  facet normal 0.382352 -0.924017 0
    outer loop
      vertex 112.049 154.902 3
      vertex 111.759 154.782 0
      vertex 112.049 154.902 0
    endloop
  endfacet
  facet normal -0.0796186 -0.996825 0
    outer loop
      vertex 112.667 155 0
      vertex 112.98 154.975 3
      vertex 112.667 155 3
    endloop
  endfacet
  facet normal -0.0796186 -0.996825 -0
    outer loop
      vertex 112.98 154.975 3
      vertex 112.667 155 0
      vertex 112.98 154.975 0
    endloop
  endfacet
  facet normal -0.23277 -0.972532 0
    outer loop
      vertex 112.98 154.975 0
      vertex 113.285 154.902 3
      vertex 112.98 154.975 3
    endloop
  endfacet
  facet normal -0.23277 -0.972532 -0
    outer loop
      vertex 113.285 154.902 3
      vertex 112.98 154.975 0
      vertex 113.285 154.902 0
    endloop
  endfacet
  facet normal -0.382352 -0.924017 0
    outer loop
      vertex 113.285 154.902 0
      vertex 113.575 154.782 3
      vertex 113.285 154.902 3
    endloop
  endfacet
  facet normal -0.382352 -0.924017 -0
    outer loop
      vertex 113.575 154.782 3
      vertex 113.285 154.902 0
      vertex 113.575 154.782 0
    endloop
  endfacet
  facet normal 0.0796186 -0.996825 0
    outer loop
      vertex 112.354 154.975 0
      vertex 112.667 155 3
      vertex 112.354 154.975 3
    endloop
  endfacet
  facet normal 0.0796186 -0.996825 0
    outer loop
      vertex 112.667 155 3
      vertex 112.354 154.975 0
      vertex 112.667 155 0
    endloop
  endfacet
  facet normal 0.760834 0.648947 0
    outer loop
      vertex 111.252 151.586 3
      vertex 111.049 151.824 0
      vertex 111.049 151.824 3
    endloop
  endfacet
  facet normal 0.760834 0.648947 0
    outer loop
      vertex 111.049 151.824 0
      vertex 111.252 151.586 3
      vertex 111.252 151.586 0
    endloop
  endfacet
  facet normal -0.759257 0.650791 0
    outer loop
      vertex 114.081 151.586 0
      vertex 114.285 151.824 3
      vertex 114.285 151.824 0
    endloop
  endfacet
  facet normal -0.759257 0.650791 0
    outer loop
      vertex 114.285 151.824 3
      vertex 114.081 151.586 0
      vertex 114.081 151.586 3
    endloop
  endfacet
  facet normal 0.852967 0.521965 0
    outer loop
      vertex 111.049 151.824 3
      vertex 110.885 152.092 0
      vertex 110.885 152.092 3
    endloop
  endfacet
  facet normal 0.852967 0.521965 0
    outer loop
      vertex 110.885 152.092 0
      vertex 111.049 151.824 3
      vertex 111.049 151.824 0
    endloop
  endfacet
  facet normal 0.23277 0.972532 -0
    outer loop
      vertex 112.354 151.025 0
      vertex 112.049 151.098 3
      vertex 112.354 151.025 3
    endloop
  endfacet
  facet normal 0.23277 0.972532 0
    outer loop
      vertex 112.049 151.098 3
      vertex 112.354 151.025 0
      vertex 112.049 151.098 0
    endloop
  endfacet
  facet normal -0.382352 0.924017 0
    outer loop
      vertex 113.575 151.218 0
      vertex 113.285 151.098 3
      vertex 113.575 151.218 3
    endloop
  endfacet
  facet normal -0.382352 0.924017 0
    outer loop
      vertex 113.285 151.098 3
      vertex 113.575 151.218 0
      vertex 113.285 151.098 0
    endloop
  endfacet
  facet normal 0.649217 0.760603 -0
    outer loop
      vertex 111.491 151.382 0
      vertex 111.252 151.586 3
      vertex 111.491 151.382 3
    endloop
  endfacet
  facet normal 0.649217 0.760603 0
    outer loop
      vertex 111.252 151.586 3
      vertex 111.491 151.382 0
      vertex 111.252 151.586 0
    endloop
  endfacet
  facet normal 0.997073 0.0764529 0
    outer loop
      vertex 110.691 152.687 3
      vertex 110.667 153 0
      vertex 110.667 153 3
    endloop
  endfacet
  facet normal 0.997073 0.0764529 0
    outer loop
      vertex 110.667 153 0
      vertex 110.691 152.687 3
      vertex 110.691 152.687 0
    endloop
  endfacet
  facet normal -0.759257 -0.650791 0
    outer loop
      vertex 114.285 154.176 0
      vertex 114.081 154.414 3
      vertex 114.081 154.414 0
    endloop
  endfacet
  facet normal -0.759257 -0.650791 0
    outer loop
      vertex 114.081 154.414 3
      vertex 114.285 154.176 0
      vertex 114.285 154.176 3
    endloop
  endfacet
  facet normal -0.649217 0.760603 0
    outer loop
      vertex 114.081 151.586 0
      vertex 113.842 151.382 3
      vertex 114.081 151.586 3
    endloop
  endfacet
  facet normal -0.649217 0.760603 0
    outer loop
      vertex 113.842 151.382 3
      vertex 114.081 151.586 0
      vertex 113.842 151.382 0
    endloop
  endfacet
  facet normal -0.523385 0.852096 0
    outer loop
      vertex 113.842 151.382 0
      vertex 113.575 151.218 3
      vertex 113.842 151.382 3
    endloop
  endfacet
  facet normal -0.523385 0.852096 0
    outer loop
      vertex 113.575 151.218 3
      vertex 113.842 151.382 0
      vertex 113.575 151.218 0
    endloop
  endfacet
  facet normal -0.649217 -0.760603 0
    outer loop
      vertex 113.842 154.618 0
      vertex 114.081 154.414 3
      vertex 113.842 154.618 3
    endloop
  endfacet
  facet normal -0.649217 -0.760603 -0
    outer loop
      vertex 114.081 154.414 3
      vertex 113.842 154.618 0
      vertex 114.081 154.414 0
    endloop
  endfacet
  facet normal -0.924017 0.382352 0
    outer loop
      vertex 114.449 152.092 0
      vertex 114.569 152.382 3
      vertex 114.569 152.382 0
    endloop
  endfacet
  facet normal -0.924017 0.382352 0
    outer loop
      vertex 114.569 152.382 3
      vertex 114.449 152.092 0
      vertex 114.449 152.092 3
    endloop
  endfacet
  facet normal 0.971806 -0.235782 0
    outer loop
      vertex 110.691 153.313 3
      vertex 110.765 153.618 0
      vertex 110.765 153.618 3
    endloop
  endfacet
  facet normal 0.971806 -0.235782 0
    outer loop
      vertex 110.765 153.618 0
      vertex 110.691 153.313 3
      vertex 110.691 153.313 0
    endloop
  endfacet
  facet normal 0.0796186 0.996825 -0
    outer loop
      vertex 112.667 151 0
      vertex 112.354 151.025 3
      vertex 112.667 151 3
    endloop
  endfacet
  facet normal 0.0796186 0.996825 0
    outer loop
      vertex 112.354 151.025 3
      vertex 112.667 151 0
      vertex 112.354 151.025 0
    endloop
  endfacet
  facet normal 0.924017 -0.382352 0
    outer loop
      vertex 110.765 153.618 3
      vertex 110.885 153.908 0
      vertex 110.885 153.908 3
    endloop
  endfacet
  facet normal 0.924017 -0.382352 0
    outer loop
      vertex 110.885 153.908 0
      vertex 110.765 153.618 3
      vertex 110.765 153.618 0
    endloop
  endfacet
  facet normal -0.523385 -0.852096 0
    outer loop
      vertex 113.575 154.782 0
      vertex 113.842 154.618 3
      vertex 113.575 154.782 3
    endloop
  endfacet
  facet normal -0.523385 -0.852096 -0
    outer loop
      vertex 113.842 154.618 3
      vertex 113.575 154.782 0
      vertex 113.842 154.618 0
    endloop
  endfacet
  facet normal -0.0796186 0.996825 0
    outer loop
      vertex 112.98 151.025 0
      vertex 112.667 151 3
      vertex 112.98 151.025 3
    endloop
  endfacet
  facet normal -0.0796186 0.996825 0
    outer loop
      vertex 112.667 151 3
      vertex 112.98 151.025 0
      vertex 112.667 151 0
    endloop
  endfacet
  facet normal 0.382352 0.924017 -0
    outer loop
      vertex 112.049 151.098 0
      vertex 111.759 151.218 3
      vertex 112.049 151.098 3
    endloop
  endfacet
  facet normal 0.382352 0.924017 0
    outer loop
      vertex 111.759 151.218 3
      vertex 112.049 151.098 0
      vertex 111.759 151.218 0
    endloop
  endfacet
  facet normal 0.997073 -0.0764529 0
    outer loop
      vertex 110.667 153 3
      vertex 110.691 153.313 0
      vertex 110.691 153.313 3
    endloop
  endfacet
  facet normal 0.997073 -0.0764529 0
    outer loop
      vertex 110.691 153.313 0
      vertex 110.667 153 3
      vertex 110.667 153 0
    endloop
  endfacet
  facet normal 0.971806 0.235782 0
    outer loop
      vertex 110.765 152.382 3
      vertex 110.691 152.687 0
      vertex 110.691 152.687 3
    endloop
  endfacet
  facet normal 0.971806 0.235782 0
    outer loop
      vertex 110.691 152.687 0
      vertex 110.765 152.382 3
      vertex 110.765 152.382 0
    endloop
  endfacet
  facet normal 0.924017 0.382352 0
    outer loop
      vertex 110.885 152.092 3
      vertex 110.765 152.382 0
      vertex 110.765 152.382 3
    endloop
  endfacet
  facet normal 0.924017 0.382352 0
    outer loop
      vertex 110.765 152.382 0
      vertex 110.885 152.092 3
      vertex 110.885 152.092 0
    endloop
  endfacet
  facet normal -0.972549 0.232698 0
    outer loop
      vertex 160.402 20.382 0
      vertex 160.475 20.6871 3
      vertex 160.475 20.6871 0
    endloop
  endfacet
  facet normal -0.972549 0.232698 0
    outer loop
      vertex 160.475 20.6871 3
      vertex 160.402 20.382 0
      vertex 160.402 20.382 3
    endloop
  endfacet
  facet normal -0.233674 0.972315 0
    outer loop
      vertex 159.118 19.0979 0
      vertex 158.813 19.0246 3
      vertex 159.118 19.0979 3
    endloop
  endfacet
  facet normal -0.233674 0.972315 0
    outer loop
      vertex 158.813 19.0246 3
      vertex 159.118 19.0979 0
      vertex 158.813 19.0246 0
    endloop
  endfacet
  facet normal -0.972549 -0.232698 0
    outer loop
      vertex 160.475 21.3129 0
      vertex 160.402 21.618 3
      vertex 160.402 21.618 0
    endloop
  endfacet
  facet normal -0.972549 -0.232698 0
    outer loop
      vertex 160.402 21.618 3
      vertex 160.475 21.3129 0
      vertex 160.475 21.3129 3
    endloop
  endfacet
  facet normal -0.996823 -0.0796439 0
    outer loop
      vertex 160.5 21 0
      vertex 160.475 21.3129 3
      vertex 160.475 21.3129 0
    endloop
  endfacet
  facet normal -0.996823 -0.0796439 0
    outer loop
      vertex 160.475 21.3129 3
      vertex 160.5 21 0
      vertex 160.5 21 3
    endloop
  endfacet
  facet normal -0.924017 -0.382352 0
    outer loop
      vertex 160.402 21.618 0
      vertex 160.282 21.908 3
      vertex 160.282 21.908 0
    endloop
  endfacet
  facet normal -0.924017 -0.382352 0
    outer loop
      vertex 160.282 21.908 3
      vertex 160.402 21.618 0
      vertex 160.402 21.618 3
    endloop
  endfacet
  facet normal 0.0783526 -0.996926 0
    outer loop
      vertex 158.187 22.9754 0
      vertex 158.5 23 3
      vertex 158.187 22.9754 3
    endloop
  endfacet
  facet normal 0.0783526 -0.996926 0
    outer loop
      vertex 158.5 23 3
      vertex 158.187 22.9754 0
      vertex 158.5 23 0
    endloop
  endfacet
  facet normal 0.924017 -0.382352 0
    outer loop
      vertex 156.598 21.618 3
      vertex 156.718 21.908 0
      vertex 156.718 21.908 3
    endloop
  endfacet
  facet normal 0.924017 -0.382352 0
    outer loop
      vertex 156.718 21.908 0
      vertex 156.598 21.618 3
      vertex 156.598 21.618 0
    endloop
  endfacet
  facet normal 0.85262 -0.522532 0
    outer loop
      vertex 156.718 21.908 3
      vertex 156.882 22.1756 0
      vertex 156.882 22.1756 3
    endloop
  endfacet
  facet normal 0.85262 -0.522532 0
    outer loop
      vertex 156.882 22.1756 0
      vertex 156.718 21.908 3
      vertex 156.718 21.908 0
    endloop
  endfacet
  facet normal -0.0783526 0.996926 0
    outer loop
      vertex 158.813 19.0246 0
      vertex 158.5 19 3
      vertex 158.813 19.0246 3
    endloop
  endfacet
  facet normal -0.0783526 0.996926 0
    outer loop
      vertex 158.5 19 3
      vertex 158.813 19.0246 0
      vertex 158.5 19 0
    endloop
  endfacet
  facet normal 0.382624 0.923904 -0
    outer loop
      vertex 157.882 19.0979 0
      vertex 157.592 19.218 3
      vertex 157.882 19.0979 3
    endloop
  endfacet
  facet normal 0.382624 0.923904 0
    outer loop
      vertex 157.592 19.218 3
      vertex 157.882 19.0979 0
      vertex 157.592 19.218 0
    endloop
  endfacet
  facet normal 0.924017 0.382352 0
    outer loop
      vertex 156.718 20.092 3
      vertex 156.598 20.382 0
      vertex 156.598 20.382 3
    endloop
  endfacet
  facet normal 0.924017 0.382352 0
    outer loop
      vertex 156.598 20.382 0
      vertex 156.718 20.092 3
      vertex 156.718 20.092 0
    endloop
  endfacet
  facet normal 0.760066 -0.649846 0
    outer loop
      vertex 156.882 22.1756 3
      vertex 157.086 22.4142 0
      vertex 157.086 22.4142 3
    endloop
  endfacet
  facet normal 0.760066 -0.649846 0
    outer loop
      vertex 157.086 22.4142 0
      vertex 156.882 22.1756 3
      vertex 156.882 22.1756 0
    endloop
  endfacet
  facet normal -0.924017 0.382352 0
    outer loop
      vertex 160.282 20.092 0
      vertex 160.402 20.382 3
      vertex 160.402 20.382 0
    endloop
  endfacet
  facet normal -0.924017 0.382352 0
    outer loop
      vertex 160.402 20.382 3
      vertex 160.282 20.092 0
      vertex 160.282 20.092 3
    endloop
  endfacet
  facet normal 0.521965 0.852967 -0
    outer loop
      vertex 157.592 19.218 0
      vertex 157.324 19.382 3
      vertex 157.592 19.218 3
    endloop
  endfacet
  facet normal 0.521965 0.852967 0
    outer loop
      vertex 157.324 19.382 3
      vertex 157.592 19.218 0
      vertex 157.324 19.382 0
    endloop
  endfacet
  facet normal 0.521965 -0.852967 0
    outer loop
      vertex 157.324 22.618 0
      vertex 157.592 22.782 3
      vertex 157.324 22.618 3
    endloop
  endfacet
  facet normal 0.521965 -0.852967 0
    outer loop
      vertex 157.592 22.782 3
      vertex 157.324 22.618 0
      vertex 157.592 22.782 0
    endloop
  endfacet
  facet normal 0.996823 0.0796439 0
    outer loop
      vertex 156.525 20.6871 3
      vertex 156.5 21 0
      vertex 156.5 21 3
    endloop
  endfacet
  facet normal 0.996823 0.0796439 0
    outer loop
      vertex 156.5 21 0
      vertex 156.525 20.6871 3
      vertex 156.525 20.6871 0
    endloop
  endfacet
  facet normal -0.85262 0.522532 0
    outer loop
      vertex 160.118 19.8244 0
      vertex 160.282 20.092 3
      vertex 160.282 20.092 0
    endloop
  endfacet
  facet normal -0.85262 0.522532 0
    outer loop
      vertex 160.282 20.092 3
      vertex 160.118 19.8244 0
      vertex 160.118 19.8244 3
    endloop
  endfacet
  facet normal 0.650423 -0.759572 0
    outer loop
      vertex 157.086 22.4142 0
      vertex 157.324 22.618 3
      vertex 157.086 22.4142 3
    endloop
  endfacet
  facet normal 0.650423 -0.759572 0
    outer loop
      vertex 157.324 22.618 3
      vertex 157.086 22.4142 0
      vertex 157.324 22.618 0
    endloop
  endfacet
  facet normal 0.760066 0.649846 0
    outer loop
      vertex 157.086 19.5858 3
      vertex 156.882 19.8244 0
      vertex 156.882 19.8244 3
    endloop
  endfacet
  facet normal 0.760066 0.649846 0
    outer loop
      vertex 156.882 19.8244 0
      vertex 157.086 19.5858 3
      vertex 157.086 19.5858 0
    endloop
  endfacet
  facet normal -0.382624 0.923904 0
    outer loop
      vertex 159.408 19.218 0
      vertex 159.118 19.0979 3
      vertex 159.408 19.218 3
    endloop
  endfacet
  facet normal -0.382624 0.923904 0
    outer loop
      vertex 159.118 19.0979 3
      vertex 159.408 19.218 0
      vertex 159.118 19.0979 0
    endloop
  endfacet
  facet normal 0.972549 0.232698 0
    outer loop
      vertex 156.598 20.382 3
      vertex 156.525 20.6871 0
      vertex 156.525 20.6871 3
    endloop
  endfacet
  facet normal 0.972549 0.232698 0
    outer loop
      vertex 156.525 20.6871 0
      vertex 156.598 20.382 3
      vertex 156.598 20.382 0
    endloop
  endfacet
  facet normal -0.85262 -0.522532 0
    outer loop
      vertex 160.282 21.908 0
      vertex 160.118 22.1756 3
      vertex 160.118 22.1756 0
    endloop
  endfacet
  facet normal -0.85262 -0.522532 0
    outer loop
      vertex 160.118 22.1756 3
      vertex 160.282 21.908 0
      vertex 160.282 21.908 3
    endloop
  endfacet
  facet normal 0.382624 -0.923904 0
    outer loop
      vertex 157.592 22.782 0
      vertex 157.882 22.9021 3
      vertex 157.592 22.782 3
    endloop
  endfacet
  facet normal 0.382624 -0.923904 0
    outer loop
      vertex 157.882 22.9021 3
      vertex 157.592 22.782 0
      vertex 157.882 22.9021 0
    endloop
  endfacet
  facet normal 0.233674 -0.972315 0
    outer loop
      vertex 157.882 22.9021 0
      vertex 158.187 22.9754 3
      vertex 157.882 22.9021 3
    endloop
  endfacet
  facet normal 0.233674 -0.972315 0
    outer loop
      vertex 158.187 22.9754 3
      vertex 157.882 22.9021 0
      vertex 158.187 22.9754 0
    endloop
  endfacet
  facet normal -0.233674 -0.972315 0
    outer loop
      vertex 158.813 22.9754 0
      vertex 159.118 22.9021 3
      vertex 158.813 22.9754 3
    endloop
  endfacet
  facet normal -0.233674 -0.972315 -0
    outer loop
      vertex 159.118 22.9021 3
      vertex 158.813 22.9754 0
      vertex 159.118 22.9021 0
    endloop
  endfacet
  facet normal 0.996823 -0.0796439 0
    outer loop
      vertex 156.5 21 3
      vertex 156.525 21.3129 0
      vertex 156.525 21.3129 3
    endloop
  endfacet
  facet normal 0.996823 -0.0796439 0
    outer loop
      vertex 156.525 21.3129 0
      vertex 156.5 21 3
      vertex 156.5 21 0
    endloop
  endfacet
  facet normal -0.382624 -0.923904 0
    outer loop
      vertex 159.118 22.9021 0
      vertex 159.408 22.782 3
      vertex 159.118 22.9021 3
    endloop
  endfacet
  facet normal -0.382624 -0.923904 -0
    outer loop
      vertex 159.408 22.782 3
      vertex 159.118 22.9021 0
      vertex 159.408 22.782 0
    endloop
  endfacet
  facet normal -0.521965 0.852967 0
    outer loop
      vertex 159.676 19.382 0
      vertex 159.408 19.218 3
      vertex 159.676 19.382 3
    endloop
  endfacet
  facet normal -0.521965 0.852967 0
    outer loop
      vertex 159.408 19.218 3
      vertex 159.676 19.382 0
      vertex 159.408 19.218 0
    endloop
  endfacet
  facet normal -0.521965 -0.852967 0
    outer loop
      vertex 159.408 22.782 0
      vertex 159.676 22.618 3
      vertex 159.408 22.782 3
    endloop
  endfacet
  facet normal -0.521965 -0.852967 -0
    outer loop
      vertex 159.676 22.618 3
      vertex 159.408 22.782 0
      vertex 159.676 22.618 0
    endloop
  endfacet
  facet normal -0.650423 -0.759572 0
    outer loop
      vertex 159.676 22.618 0
      vertex 159.914 22.4142 3
      vertex 159.676 22.618 3
    endloop
  endfacet
  facet normal -0.650423 -0.759572 -0
    outer loop
      vertex 159.914 22.4142 3
      vertex 159.676 22.618 0
      vertex 159.914 22.4142 0
    endloop
  endfacet
  facet normal -0.996823 0.0796439 0
    outer loop
      vertex 160.475 20.6871 0
      vertex 160.5 21 3
      vertex 160.5 21 0
    endloop
  endfacet
  facet normal -0.996823 0.0796439 0
    outer loop
      vertex 160.5 21 3
      vertex 160.475 20.6871 0
      vertex 160.475 20.6871 3
    endloop
  endfacet
  facet normal 0.972549 -0.232698 0
    outer loop
      vertex 156.525 21.3129 3
      vertex 156.598 21.618 0
      vertex 156.598 21.618 3
    endloop
  endfacet
  facet normal 0.972549 -0.232698 0
    outer loop
      vertex 156.598 21.618 0
      vertex 156.525 21.3129 3
      vertex 156.525 21.3129 0
    endloop
  endfacet
  facet normal 0.85262 0.522532 0
    outer loop
      vertex 156.882 19.8244 3
      vertex 156.718 20.092 0
      vertex 156.718 20.092 3
    endloop
  endfacet
  facet normal 0.85262 0.522532 0
    outer loop
      vertex 156.718 20.092 0
      vertex 156.882 19.8244 3
      vertex 156.882 19.8244 0
    endloop
  endfacet
  facet normal -0.760066 0.649846 0
    outer loop
      vertex 159.914 19.5858 0
      vertex 160.118 19.8244 3
      vertex 160.118 19.8244 0
    endloop
  endfacet
  facet normal -0.760066 0.649846 0
    outer loop
      vertex 160.118 19.8244 3
      vertex 159.914 19.5858 0
      vertex 159.914 19.5858 3
    endloop
  endfacet
  facet normal 0.0783526 0.996926 -0
    outer loop
      vertex 158.5 19 0
      vertex 158.187 19.0246 3
      vertex 158.5 19 3
    endloop
  endfacet
  facet normal 0.0783526 0.996926 0
    outer loop
      vertex 158.187 19.0246 3
      vertex 158.5 19 0
      vertex 158.187 19.0246 0
    endloop
  endfacet
  facet normal -0.0783526 -0.996926 0
    outer loop
      vertex 158.5 23 0
      vertex 158.813 22.9754 3
      vertex 158.5 23 3
    endloop
  endfacet
  facet normal -0.0783526 -0.996926 -0
    outer loop
      vertex 158.813 22.9754 3
      vertex 158.5 23 0
      vertex 158.813 22.9754 0
    endloop
  endfacet
  facet normal -0.760066 -0.649846 0
    outer loop
      vertex 160.118 22.1756 0
      vertex 159.914 22.4142 3
      vertex 159.914 22.4142 0
    endloop
  endfacet
  facet normal -0.760066 -0.649846 0
    outer loop
      vertex 159.914 22.4142 3
      vertex 160.118 22.1756 0
      vertex 160.118 22.1756 3
    endloop
  endfacet
  facet normal 0.233674 0.972315 -0
    outer loop
      vertex 158.187 19.0246 0
      vertex 157.882 19.0979 3
      vertex 158.187 19.0246 3
    endloop
  endfacet
  facet normal 0.233674 0.972315 0
    outer loop
      vertex 157.882 19.0979 3
      vertex 158.187 19.0246 0
      vertex 157.882 19.0979 0
    endloop
  endfacet
  facet normal -0.650423 0.759572 0
    outer loop
      vertex 159.914 19.5858 0
      vertex 159.676 19.382 3
      vertex 159.914 19.5858 3
    endloop
  endfacet
  facet normal -0.650423 0.759572 0
    outer loop
      vertex 159.676 19.382 3
      vertex 159.914 19.5858 0
      vertex 159.676 19.382 0
    endloop
  endfacet
  facet normal 0.650423 0.759572 -0
    outer loop
      vertex 157.324 19.382 0
      vertex 157.086 19.5858 3
      vertex 157.324 19.382 3
    endloop
  endfacet
  facet normal 0.650423 0.759572 0
    outer loop
      vertex 157.086 19.5858 3
      vertex 157.324 19.382 0
      vertex 157.086 19.5858 0
    endloop
  endfacet
  facet normal -0.972549 -0.232698 0
    outer loop
      vertex 160.475 47.7129 0
      vertex 160.402 48.018 3
      vertex 160.402 48.018 0
    endloop
  endfacet
  facet normal -0.972549 -0.232698 0
    outer loop
      vertex 160.402 48.018 3
      vertex 160.475 47.7129 0
      vertex 160.475 47.7129 3
    endloop
  endfacet
  facet normal -0.996823 -0.0796439 0
    outer loop
      vertex 160.5 47.4 0
      vertex 160.475 47.7129 3
      vertex 160.475 47.7129 0
    endloop
  endfacet
  facet normal -0.996823 -0.0796439 0
    outer loop
      vertex 160.475 47.7129 3
      vertex 160.5 47.4 0
      vertex 160.5 47.4 3
    endloop
  endfacet
  facet normal -0.924017 -0.382352 0
    outer loop
      vertex 160.402 48.018 0
      vertex 160.282 48.308 3
      vertex 160.282 48.308 0
    endloop
  endfacet
  facet normal -0.924017 -0.382352 0
    outer loop
      vertex 160.282 48.308 3
      vertex 160.402 48.018 0
      vertex 160.402 48.018 3
    endloop
  endfacet
  facet normal -0.650423 0.759572 0
    outer loop
      vertex 159.914 45.9858 0
      vertex 159.676 45.782 3
      vertex 159.914 45.9858 3
    endloop
  endfacet
  facet normal -0.650423 0.759572 0
    outer loop
      vertex 159.676 45.782 3
      vertex 159.914 45.9858 0
      vertex 159.676 45.782 0
    endloop
  endfacet
  facet normal 0.760066 0.649846 0
    outer loop
      vertex 157.086 45.9858 3
      vertex 156.882 46.2244 0
      vertex 156.882 46.2244 3
    endloop
  endfacet
  facet normal 0.760066 0.649846 0
    outer loop
      vertex 156.882 46.2244 0
      vertex 157.086 45.9858 3
      vertex 157.086 45.9858 0
    endloop
  endfacet
  facet normal 0.382624 -0.923904 0
    outer loop
      vertex 157.592 49.182 0
      vertex 157.882 49.3021 3
      vertex 157.592 49.182 3
    endloop
  endfacet
  facet normal 0.382624 -0.923904 0
    outer loop
      vertex 157.882 49.3021 3
      vertex 157.592 49.182 0
      vertex 157.882 49.3021 0
    endloop
  endfacet
  facet normal -0.521965 0.852967 0
    outer loop
      vertex 159.676 45.782 0
      vertex 159.408 45.618 3
      vertex 159.676 45.782 3
    endloop
  endfacet
  facet normal -0.521965 0.852967 0
    outer loop
      vertex 159.408 45.618 3
      vertex 159.676 45.782 0
      vertex 159.408 45.618 0
    endloop
  endfacet
  facet normal 0.996823 0.0796439 0
    outer loop
      vertex 156.525 47.0871 3
      vertex 156.5 47.4 0
      vertex 156.5 47.4 3
    endloop
  endfacet
  facet normal 0.996823 0.0796439 0
    outer loop
      vertex 156.5 47.4 0
      vertex 156.525 47.0871 3
      vertex 156.525 47.0871 0
    endloop
  endfacet
  facet normal 0.521965 0.852967 -0
    outer loop
      vertex 157.592 45.618 0
      vertex 157.324 45.782 3
      vertex 157.592 45.618 3
    endloop
  endfacet
  facet normal 0.521965 0.852967 0
    outer loop
      vertex 157.324 45.782 3
      vertex 157.592 45.618 0
      vertex 157.324 45.782 0
    endloop
  endfacet
  facet normal 0.650423 -0.759572 0
    outer loop
      vertex 157.086 48.8142 0
      vertex 157.324 49.018 3
      vertex 157.086 48.8142 3
    endloop
  endfacet
  facet normal 0.650423 -0.759572 0
    outer loop
      vertex 157.324 49.018 3
      vertex 157.086 48.8142 0
      vertex 157.324 49.018 0
    endloop
  endfacet
  facet normal 0.0783526 0.996926 -0
    outer loop
      vertex 158.5 45.4 0
      vertex 158.187 45.4246 3
      vertex 158.5 45.4 3
    endloop
  endfacet
  facet normal 0.0783526 0.996926 0
    outer loop
      vertex 158.187 45.4246 3
      vertex 158.5 45.4 0
      vertex 158.187 45.4246 0
    endloop
  endfacet
  facet normal -0.650423 -0.759572 0
    outer loop
      vertex 159.676 49.018 0
      vertex 159.914 48.8142 3
      vertex 159.676 49.018 3
    endloop
  endfacet
  facet normal -0.650423 -0.759572 -0
    outer loop
      vertex 159.914 48.8142 3
      vertex 159.676 49.018 0
      vertex 159.914 48.8142 0
    endloop
  endfacet
  facet normal 0.924017 0.382352 0
    outer loop
      vertex 156.718 46.492 3
      vertex 156.598 46.782 0
      vertex 156.598 46.782 3
    endloop
  endfacet
  facet normal 0.924017 0.382352 0
    outer loop
      vertex 156.598 46.782 0
      vertex 156.718 46.492 3
      vertex 156.718 46.492 0
    endloop
  endfacet
  facet normal -0.233674 0.972315 0
    outer loop
      vertex 159.118 45.4979 0
      vertex 158.813 45.4246 3
      vertex 159.118 45.4979 3
    endloop
  endfacet
  facet normal -0.233674 0.972315 0
    outer loop
      vertex 158.813 45.4246 3
      vertex 159.118 45.4979 0
      vertex 158.813 45.4246 0
    endloop
  endfacet
  facet normal 0.996823 -0.0796439 0
    outer loop
      vertex 156.5 47.4 3
      vertex 156.525 47.7129 0
      vertex 156.525 47.7129 3
    endloop
  endfacet
  facet normal 0.996823 -0.0796439 0
    outer loop
      vertex 156.525 47.7129 0
      vertex 156.5 47.4 3
      vertex 156.5 47.4 0
    endloop
  endfacet
  facet normal -0.0783526 -0.996926 0
    outer loop
      vertex 158.5 49.4 0
      vertex 158.813 49.3754 3
      vertex 158.5 49.4 3
    endloop
  endfacet
  facet normal -0.0783526 -0.996926 -0
    outer loop
      vertex 158.813 49.3754 3
      vertex 158.5 49.4 0
      vertex 158.813 49.3754 0
    endloop
  endfacet
  facet normal -0.924017 0.382352 0
    outer loop
      vertex 160.282 46.492 0
      vertex 160.402 46.782 3
      vertex 160.402 46.782 0
    endloop
  endfacet
  facet normal -0.924017 0.382352 0
    outer loop
      vertex 160.402 46.782 3
      vertex 160.282 46.492 0
      vertex 160.282 46.492 3
    endloop
  endfacet
  facet normal 0.650423 0.759572 -0
    outer loop
      vertex 157.324 45.782 0
      vertex 157.086 45.9858 3
      vertex 157.324 45.782 3
    endloop
  endfacet
  facet normal 0.650423 0.759572 0
    outer loop
      vertex 157.086 45.9858 3
      vertex 157.324 45.782 0
      vertex 157.086 45.9858 0
    endloop
  endfacet
  facet normal 0.760066 -0.649846 0
    outer loop
      vertex 156.882 48.5756 3
      vertex 157.086 48.8142 0
      vertex 157.086 48.8142 3
    endloop
  endfacet
  facet normal 0.760066 -0.649846 0
    outer loop
      vertex 157.086 48.8142 0
      vertex 156.882 48.5756 3
      vertex 156.882 48.5756 0
    endloop
  endfacet
  facet normal -0.972549 0.232698 0
    outer loop
      vertex 160.402 46.782 0
      vertex 160.475 47.0871 3
      vertex 160.475 47.0871 0
    endloop
  endfacet
  facet normal -0.972549 0.232698 0
    outer loop
      vertex 160.475 47.0871 3
      vertex 160.402 46.782 0
      vertex 160.402 46.782 3
    endloop
  endfacet
  facet normal -0.85262 0.522532 0
    outer loop
      vertex 160.118 46.2244 0
      vertex 160.282 46.492 3
      vertex 160.282 46.492 0
    endloop
  endfacet
  facet normal -0.85262 0.522532 0
    outer loop
      vertex 160.282 46.492 3
      vertex 160.118 46.2244 0
      vertex 160.118 46.2244 3
    endloop
  endfacet
  facet normal -0.85262 -0.522532 0
    outer loop
      vertex 160.282 48.308 0
      vertex 160.118 48.5756 3
      vertex 160.118 48.5756 0
    endloop
  endfacet
  facet normal -0.85262 -0.522532 0
    outer loop
      vertex 160.118 48.5756 3
      vertex 160.282 48.308 0
      vertex 160.282 48.308 3
    endloop
  endfacet
  facet normal -0.760066 -0.649846 0
    outer loop
      vertex 160.118 48.5756 0
      vertex 159.914 48.8142 3
      vertex 159.914 48.8142 0
    endloop
  endfacet
  facet normal -0.760066 -0.649846 0
    outer loop
      vertex 159.914 48.8142 3
      vertex 160.118 48.5756 0
      vertex 160.118 48.5756 3
    endloop
  endfacet
  facet normal -0.0783526 0.996926 0
    outer loop
      vertex 158.813 45.4246 0
      vertex 158.5 45.4 3
      vertex 158.813 45.4246 3
    endloop
  endfacet
  facet normal -0.0783526 0.996926 0
    outer loop
      vertex 158.5 45.4 3
      vertex 158.813 45.4246 0
      vertex 158.5 45.4 0
    endloop
  endfacet
  facet normal -0.996823 0.0796439 0
    outer loop
      vertex 160.475 47.0871 0
      vertex 160.5 47.4 3
      vertex 160.5 47.4 0
    endloop
  endfacet
  facet normal -0.996823 0.0796439 0
    outer loop
      vertex 160.5 47.4 3
      vertex 160.475 47.0871 0
      vertex 160.475 47.0871 3
    endloop
  endfacet
  facet normal -0.382624 -0.923904 0
    outer loop
      vertex 159.118 49.3021 0
      vertex 159.408 49.182 3
      vertex 159.118 49.3021 3
    endloop
  endfacet
  facet normal -0.382624 -0.923904 -0
    outer loop
      vertex 159.408 49.182 3
      vertex 159.118 49.3021 0
      vertex 159.408 49.182 0
    endloop
  endfacet
  facet normal -0.521965 -0.852967 0
    outer loop
      vertex 159.408 49.182 0
      vertex 159.676 49.018 3
      vertex 159.408 49.182 3
    endloop
  endfacet
  facet normal -0.521965 -0.852967 -0
    outer loop
      vertex 159.676 49.018 3
      vertex 159.408 49.182 0
      vertex 159.676 49.018 0
    endloop
  endfacet
  facet normal 0.521965 -0.852967 0
    outer loop
      vertex 157.324 49.018 0
      vertex 157.592 49.182 3
      vertex 157.324 49.018 3
    endloop
  endfacet
  facet normal 0.521965 -0.852967 0
    outer loop
      vertex 157.592 49.182 3
      vertex 157.324 49.018 0
      vertex 157.592 49.182 0
    endloop
  endfacet
  facet normal -0.382624 0.923904 0
    outer loop
      vertex 159.408 45.618 0
      vertex 159.118 45.4979 3
      vertex 159.408 45.618 3
    endloop
  endfacet
  facet normal -0.382624 0.923904 0
    outer loop
      vertex 159.118 45.4979 3
      vertex 159.408 45.618 0
      vertex 159.118 45.4979 0
    endloop
  endfacet
  facet normal -0.233674 -0.972315 0
    outer loop
      vertex 158.813 49.3754 0
      vertex 159.118 49.3021 3
      vertex 158.813 49.3754 3
    endloop
  endfacet
  facet normal -0.233674 -0.972315 -0
    outer loop
      vertex 159.118 49.3021 3
      vertex 158.813 49.3754 0
      vertex 159.118 49.3021 0
    endloop
  endfacet
  facet normal 0.382624 0.923904 -0
    outer loop
      vertex 157.882 45.4979 0
      vertex 157.592 45.618 3
      vertex 157.882 45.4979 3
    endloop
  endfacet
  facet normal 0.382624 0.923904 0
    outer loop
      vertex 157.592 45.618 3
      vertex 157.882 45.4979 0
      vertex 157.592 45.618 0
    endloop
  endfacet
  facet normal 0.233674 -0.972315 0
    outer loop
      vertex 157.882 49.3021 0
      vertex 158.187 49.3754 3
      vertex 157.882 49.3021 3
    endloop
  endfacet
  facet normal 0.233674 -0.972315 0
    outer loop
      vertex 158.187 49.3754 3
      vertex 157.882 49.3021 0
      vertex 158.187 49.3754 0
    endloop
  endfacet
  facet normal 0.85262 -0.522532 0
    outer loop
      vertex 156.718 48.308 3
      vertex 156.882 48.5756 0
      vertex 156.882 48.5756 3
    endloop
  endfacet
  facet normal 0.85262 -0.522532 0
    outer loop
      vertex 156.882 48.5756 0
      vertex 156.718 48.308 3
      vertex 156.718 48.308 0
    endloop
  endfacet
  facet normal 0.0783526 -0.996926 0
    outer loop
      vertex 158.187 49.3754 0
      vertex 158.5 49.4 3
      vertex 158.187 49.3754 3
    endloop
  endfacet
  facet normal 0.0783526 -0.996926 0
    outer loop
      vertex 158.5 49.4 3
      vertex 158.187 49.3754 0
      vertex 158.5 49.4 0
    endloop
  endfacet
  facet normal 0.972549 -0.232698 0
    outer loop
      vertex 156.525 47.7129 3
      vertex 156.598 48.018 0
      vertex 156.598 48.018 3
    endloop
  endfacet
  facet normal 0.972549 -0.232698 0
    outer loop
      vertex 156.598 48.018 0
      vertex 156.525 47.7129 3
      vertex 156.525 47.7129 0
    endloop
  endfacet
  facet normal 0.85262 0.522532 0
    outer loop
      vertex 156.882 46.2244 3
      vertex 156.718 46.492 0
      vertex 156.718 46.492 3
    endloop
  endfacet
  facet normal 0.85262 0.522532 0
    outer loop
      vertex 156.718 46.492 0
      vertex 156.882 46.2244 3
      vertex 156.882 46.2244 0
    endloop
  endfacet
  facet normal -0.760066 0.649846 0
    outer loop
      vertex 159.914 45.9858 0
      vertex 160.118 46.2244 3
      vertex 160.118 46.2244 0
    endloop
  endfacet
  facet normal -0.760066 0.649846 0
    outer loop
      vertex 160.118 46.2244 3
      vertex 159.914 45.9858 0
      vertex 159.914 45.9858 3
    endloop
  endfacet
  facet normal 0.972549 0.232698 0
    outer loop
      vertex 156.598 46.782 3
      vertex 156.525 47.0871 0
      vertex 156.525 47.0871 3
    endloop
  endfacet
  facet normal 0.972549 0.232698 0
    outer loop
      vertex 156.525 47.0871 0
      vertex 156.598 46.782 3
      vertex 156.598 46.782 0
    endloop
  endfacet
  facet normal 0.924017 -0.382352 0
    outer loop
      vertex 156.598 48.018 3
      vertex 156.718 48.308 0
      vertex 156.718 48.308 3
    endloop
  endfacet
  facet normal 0.924017 -0.382352 0
    outer loop
      vertex 156.718 48.308 0
      vertex 156.598 48.018 3
      vertex 156.598 48.018 0
    endloop
  endfacet
  facet normal 0.233674 0.972315 -0
    outer loop
      vertex 158.187 45.4246 0
      vertex 157.882 45.4979 3
      vertex 158.187 45.4246 3
    endloop
  endfacet
  facet normal 0.233674 0.972315 0
    outer loop
      vertex 157.882 45.4979 3
      vertex 158.187 45.4246 0
      vertex 157.882 45.4979 0
    endloop
  endfacet
  facet normal -0.972549 -0.232698 0
    outer loop
      vertex 160.475 74.1129 0
      vertex 160.402 74.418 3
      vertex 160.402 74.418 0
    endloop
  endfacet
  facet normal -0.972549 -0.232698 0
    outer loop
      vertex 160.402 74.418 3
      vertex 160.475 74.1129 0
      vertex 160.475 74.1129 3
    endloop
  endfacet
  facet normal -0.996823 -0.0796439 0
    outer loop
      vertex 160.5 73.8 0
      vertex 160.475 74.1129 3
      vertex 160.475 74.1129 0
    endloop
  endfacet
  facet normal -0.996823 -0.0796439 0
    outer loop
      vertex 160.475 74.1129 3
      vertex 160.5 73.8 0
      vertex 160.5 73.8 3
    endloop
  endfacet
  facet normal -0.924017 -0.382352 0
    outer loop
      vertex 160.402 74.418 0
      vertex 160.282 74.708 3
      vertex 160.282 74.708 0
    endloop
  endfacet
  facet normal -0.924017 -0.382352 0
    outer loop
      vertex 160.282 74.708 3
      vertex 160.402 74.418 0
      vertex 160.402 74.418 3
    endloop
  endfacet
  facet normal -0.0783526 0.996926 0
    outer loop
      vertex 158.813 71.8246 0
      vertex 158.5 71.8 3
      vertex 158.813 71.8246 3
    endloop
  endfacet
  facet normal -0.0783526 0.996926 0
    outer loop
      vertex 158.5 71.8 3
      vertex 158.813 71.8246 0
      vertex 158.5 71.8 0
    endloop
  endfacet
  facet normal -0.233674 0.972315 0
    outer loop
      vertex 159.118 71.8979 0
      vertex 158.813 71.8246 3
      vertex 159.118 71.8979 3
    endloop
  endfacet
  facet normal -0.233674 0.972315 0
    outer loop
      vertex 158.813 71.8246 3
      vertex 159.118 71.8979 0
      vertex 158.813 71.8246 0
    endloop
  endfacet
  facet normal 0.85262 0.522532 0
    outer loop
      vertex 156.882 72.6244 3
      vertex 156.718 72.892 0
      vertex 156.718 72.892 3
    endloop
  endfacet
  facet normal 0.85262 0.522532 0
    outer loop
      vertex 156.718 72.892 0
      vertex 156.882 72.6244 3
      vertex 156.882 72.6244 0
    endloop
  endfacet
  facet normal -0.382624 -0.923904 0
    outer loop
      vertex 159.118 75.7021 0
      vertex 159.408 75.582 3
      vertex 159.118 75.7021 3
    endloop
  endfacet
  facet normal -0.382624 -0.923904 -0
    outer loop
      vertex 159.408 75.582 3
      vertex 159.118 75.7021 0
      vertex 159.408 75.582 0
    endloop
  endfacet
  facet normal 0.382624 0.923904 -0
    outer loop
      vertex 157.882 71.8979 0
      vertex 157.592 72.018 3
      vertex 157.882 71.8979 3
    endloop
  endfacet
  facet normal 0.382624 0.923904 0
    outer loop
      vertex 157.592 72.018 3
      vertex 157.882 71.8979 0
      vertex 157.592 72.018 0
    endloop
  endfacet
  facet normal 0.972549 -0.232698 0
    outer loop
      vertex 156.525 74.1129 3
      vertex 156.598 74.418 0
      vertex 156.598 74.418 3
    endloop
  endfacet
  facet normal 0.972549 -0.232698 0
    outer loop
      vertex 156.598 74.418 0
      vertex 156.525 74.1129 3
      vertex 156.525 74.1129 0
    endloop
  endfacet
  facet normal 0.233674 0.972315 -0
    outer loop
      vertex 158.187 71.8246 0
      vertex 157.882 71.8979 3
      vertex 158.187 71.8246 3
    endloop
  endfacet
  facet normal 0.233674 0.972315 0
    outer loop
      vertex 157.882 71.8979 3
      vertex 158.187 71.8246 0
      vertex 157.882 71.8979 0
    endloop
  endfacet
  facet normal 0.924017 -0.382352 0
    outer loop
      vertex 156.598 74.418 3
      vertex 156.718 74.708 0
      vertex 156.718 74.708 3
    endloop
  endfacet
  facet normal 0.924017 -0.382352 0
    outer loop
      vertex 156.718 74.708 0
      vertex 156.598 74.418 3
      vertex 156.598 74.418 0
    endloop
  endfacet
  facet normal -0.996823 0.0796439 0
    outer loop
      vertex 160.475 73.4871 0
      vertex 160.5 73.8 3
      vertex 160.5 73.8 0
    endloop
  endfacet
  facet normal -0.996823 0.0796439 0
    outer loop
      vertex 160.5 73.8 3
      vertex 160.475 73.4871 0
      vertex 160.475 73.4871 3
    endloop
  endfacet
  facet normal -0.760066 0.649846 0
    outer loop
      vertex 159.914 72.3858 0
      vertex 160.118 72.6244 3
      vertex 160.118 72.6244 0
    endloop
  endfacet
  facet normal -0.760066 0.649846 0
    outer loop
      vertex 160.118 72.6244 3
      vertex 159.914 72.3858 0
      vertex 159.914 72.3858 3
    endloop
  endfacet
  facet normal 0.233674 -0.972315 0
    outer loop
      vertex 157.882 75.7021 0
      vertex 158.187 75.7754 3
      vertex 157.882 75.7021 3
    endloop
  endfacet
  facet normal 0.233674 -0.972315 0
    outer loop
      vertex 158.187 75.7754 3
      vertex 157.882 75.7021 0
      vertex 158.187 75.7754 0
    endloop
  endfacet
  facet normal -0.972549 0.232698 0
    outer loop
      vertex 160.402 73.182 0
      vertex 160.475 73.4871 3
      vertex 160.475 73.4871 0
    endloop
  endfacet
  facet normal -0.972549 0.232698 0
    outer loop
      vertex 160.475 73.4871 3
      vertex 160.402 73.182 0
      vertex 160.402 73.182 3
    endloop
  endfacet
  facet normal -0.924017 0.382352 0
    outer loop
      vertex 160.282 72.892 0
      vertex 160.402 73.182 3
      vertex 160.402 73.182 0
    endloop
  endfacet
  facet normal -0.924017 0.382352 0
    outer loop
      vertex 160.402 73.182 3
      vertex 160.282 72.892 0
      vertex 160.282 72.892 3
    endloop
  endfacet
  facet normal -0.650423 0.759572 0
    outer loop
      vertex 159.914 72.3858 0
      vertex 159.676 72.182 3
      vertex 159.914 72.3858 3
    endloop
  endfacet
  facet normal -0.650423 0.759572 0
    outer loop
      vertex 159.676 72.182 3
      vertex 159.914 72.3858 0
      vertex 159.676 72.182 0
    endloop
  endfacet
  facet normal 0.996823 -0.0796439 0
    outer loop
      vertex 156.5 73.8 3
      vertex 156.525 74.1129 0
      vertex 156.525 74.1129 3
    endloop
  endfacet
  facet normal 0.996823 -0.0796439 0
    outer loop
      vertex 156.525 74.1129 0
      vertex 156.5 73.8 3
      vertex 156.5 73.8 0
    endloop
  endfacet
  facet normal 0.924017 0.382352 0
    outer loop
      vertex 156.718 72.892 3
      vertex 156.598 73.182 0
      vertex 156.598 73.182 3
    endloop
  endfacet
  facet normal 0.924017 0.382352 0
    outer loop
      vertex 156.598 73.182 0
      vertex 156.718 72.892 3
      vertex 156.718 72.892 0
    endloop
  endfacet
  facet normal -0.382624 0.923904 0
    outer loop
      vertex 159.408 72.018 0
      vertex 159.118 71.8979 3
      vertex 159.408 72.018 3
    endloop
  endfacet
  facet normal -0.382624 0.923904 0
    outer loop
      vertex 159.118 71.8979 3
      vertex 159.408 72.018 0
      vertex 159.118 71.8979 0
    endloop
  endfacet
  facet normal 0.650423 0.759572 -0
    outer loop
      vertex 157.324 72.182 0
      vertex 157.086 72.3858 3
      vertex 157.324 72.182 3
    endloop
  endfacet
  facet normal 0.650423 0.759572 0
    outer loop
      vertex 157.086 72.3858 3
      vertex 157.324 72.182 0
      vertex 157.086 72.3858 0
    endloop
  endfacet
  facet normal 0.650423 -0.759572 0
    outer loop
      vertex 157.086 75.2142 0
      vertex 157.324 75.418 3
      vertex 157.086 75.2142 3
    endloop
  endfacet
  facet normal 0.650423 -0.759572 0
    outer loop
      vertex 157.324 75.418 3
      vertex 157.086 75.2142 0
      vertex 157.324 75.418 0
    endloop
  endfacet
  facet normal 0.521965 0.852967 -0
    outer loop
      vertex 157.592 72.018 0
      vertex 157.324 72.182 3
      vertex 157.592 72.018 3
    endloop
  endfacet
  facet normal 0.521965 0.852967 0
    outer loop
      vertex 157.324 72.182 3
      vertex 157.592 72.018 0
      vertex 157.324 72.182 0
    endloop
  endfacet
  facet normal 0.521965 -0.852967 0
    outer loop
      vertex 157.324 75.418 0
      vertex 157.592 75.582 3
      vertex 157.324 75.418 3
    endloop
  endfacet
  facet normal 0.521965 -0.852967 0
    outer loop
      vertex 157.592 75.582 3
      vertex 157.324 75.418 0
      vertex 157.592 75.582 0
    endloop
  endfacet
  facet normal 0.85262 -0.522532 0
    outer loop
      vertex 156.718 74.708 3
      vertex 156.882 74.9756 0
      vertex 156.882 74.9756 3
    endloop
  endfacet
  facet normal 0.85262 -0.522532 0
    outer loop
      vertex 156.882 74.9756 0
      vertex 156.718 74.708 3
      vertex 156.718 74.708 0
    endloop
  endfacet
  facet normal -0.650423 -0.759572 0
    outer loop
      vertex 159.676 75.418 0
      vertex 159.914 75.2142 3
      vertex 159.676 75.418 3
    endloop
  endfacet
  facet normal -0.650423 -0.759572 -0
    outer loop
      vertex 159.914 75.2142 3
      vertex 159.676 75.418 0
      vertex 159.914 75.2142 0
    endloop
  endfacet
  facet normal 0.382624 -0.923904 0
    outer loop
      vertex 157.592 75.582 0
      vertex 157.882 75.7021 3
      vertex 157.592 75.582 3
    endloop
  endfacet
  facet normal 0.382624 -0.923904 0
    outer loop
      vertex 157.882 75.7021 3
      vertex 157.592 75.582 0
      vertex 157.882 75.7021 0
    endloop
  endfacet
  facet normal -0.521965 -0.852967 0
    outer loop
      vertex 159.408 75.582 0
      vertex 159.676 75.418 3
      vertex 159.408 75.582 3
    endloop
  endfacet
  facet normal -0.521965 -0.852967 -0
    outer loop
      vertex 159.676 75.418 3
      vertex 159.408 75.582 0
      vertex 159.676 75.418 0
    endloop
  endfacet
  facet normal 0.0783526 -0.996926 0
    outer loop
      vertex 158.187 75.7754 0
      vertex 158.5 75.8 3
      vertex 158.187 75.7754 3
    endloop
  endfacet
  facet normal 0.0783526 -0.996926 0
    outer loop
      vertex 158.5 75.8 3
      vertex 158.187 75.7754 0
      vertex 158.5 75.8 0
    endloop
  endfacet
  facet normal 0.996823 0.0796439 0
    outer loop
      vertex 156.525 73.4871 3
      vertex 156.5 73.8 0
      vertex 156.5 73.8 3
    endloop
  endfacet
  facet normal 0.996823 0.0796439 0
    outer loop
      vertex 156.5 73.8 0
      vertex 156.525 73.4871 3
      vertex 156.525 73.4871 0
    endloop
  endfacet
  facet normal -0.521965 0.852967 0
    outer loop
      vertex 159.676 72.182 0
      vertex 159.408 72.018 3
      vertex 159.676 72.182 3
    endloop
  endfacet
  facet normal -0.521965 0.852967 0
    outer loop
      vertex 159.408 72.018 3
      vertex 159.676 72.182 0
      vertex 159.408 72.018 0
    endloop
  endfacet
  facet normal -0.233674 -0.972315 0
    outer loop
      vertex 158.813 75.7754 0
      vertex 159.118 75.7021 3
      vertex 158.813 75.7754 3
    endloop
  endfacet
  facet normal -0.233674 -0.972315 -0
    outer loop
      vertex 159.118 75.7021 3
      vertex 158.813 75.7754 0
      vertex 159.118 75.7021 0
    endloop
  endfacet
  facet normal -0.85262 0.522532 0
    outer loop
      vertex 160.118 72.6244 0
      vertex 160.282 72.892 3
      vertex 160.282 72.892 0
    endloop
  endfacet
  facet normal -0.85262 0.522532 0
    outer loop
      vertex 160.282 72.892 3
      vertex 160.118 72.6244 0
      vertex 160.118 72.6244 3
    endloop
  endfacet
  facet normal 0.972549 0.232698 0
    outer loop
      vertex 156.598 73.182 3
      vertex 156.525 73.4871 0
      vertex 156.525 73.4871 3
    endloop
  endfacet
  facet normal 0.972549 0.232698 0
    outer loop
      vertex 156.525 73.4871 0
      vertex 156.598 73.182 3
      vertex 156.598 73.182 0
    endloop
  endfacet
  facet normal 0.760066 -0.649846 0
    outer loop
      vertex 156.882 74.9756 3
      vertex 157.086 75.2142 0
      vertex 157.086 75.2142 3
    endloop
  endfacet
  facet normal 0.760066 -0.649846 0
    outer loop
      vertex 157.086 75.2142 0
      vertex 156.882 74.9756 3
      vertex 156.882 74.9756 0
    endloop
  endfacet
  facet normal -0.0783526 -0.996926 0
    outer loop
      vertex 158.5 75.8 0
      vertex 158.813 75.7754 3
      vertex 158.5 75.8 3
    endloop
  endfacet
  facet normal -0.0783526 -0.996926 -0
    outer loop
      vertex 158.813 75.7754 3
      vertex 158.5 75.8 0
      vertex 158.813 75.7754 0
    endloop
  endfacet
  facet normal -0.85262 -0.522532 0
    outer loop
      vertex 160.282 74.708 0
      vertex 160.118 74.9756 3
      vertex 160.118 74.9756 0
    endloop
  endfacet
  facet normal -0.85262 -0.522532 0
    outer loop
      vertex 160.118 74.9756 3
      vertex 160.282 74.708 0
      vertex 160.282 74.708 3
    endloop
  endfacet
  facet normal 0.0783526 0.996926 -0
    outer loop
      vertex 158.5 71.8 0
      vertex 158.187 71.8246 3
      vertex 158.5 71.8 3
    endloop
  endfacet
  facet normal 0.0783526 0.996926 0
    outer loop
      vertex 158.187 71.8246 3
      vertex 158.5 71.8 0
      vertex 158.187 71.8246 0
    endloop
  endfacet
  facet normal -0.760066 -0.649846 0
    outer loop
      vertex 160.118 74.9756 0
      vertex 159.914 75.2142 3
      vertex 159.914 75.2142 0
    endloop
  endfacet
  facet normal -0.760066 -0.649846 0
    outer loop
      vertex 159.914 75.2142 3
      vertex 160.118 74.9756 0
      vertex 160.118 74.9756 3
    endloop
  endfacet
  facet normal 0.760066 0.649846 0
    outer loop
      vertex 157.086 72.3858 3
      vertex 156.882 72.6244 0
      vertex 156.882 72.6244 3
    endloop
  endfacet
  facet normal 0.760066 0.649846 0
    outer loop
      vertex 156.882 72.6244 0
      vertex 157.086 72.3858 3
      vertex 157.086 72.3858 0
    endloop
  endfacet
  facet normal -0.972532 -0.23277 0
    outer loop
      vertex 160.475 100.513 0
      vertex 160.402 100.818 3
      vertex 160.402 100.818 0
    endloop
  endfacet
  facet normal -0.972532 -0.23277 0
    outer loop
      vertex 160.402 100.818 3
      vertex 160.475 100.513 0
      vertex 160.475 100.513 3
    endloop
  endfacet
  facet normal -0.996825 -0.0796186 0
    outer loop
      vertex 160.5 100.2 0
      vertex 160.475 100.513 3
      vertex 160.475 100.513 0
    endloop
  endfacet
  facet normal -0.996825 -0.0796186 0
    outer loop
      vertex 160.475 100.513 3
      vertex 160.5 100.2 0
      vertex 160.5 100.2 3
    endloop
  endfacet
  facet normal -0.924017 -0.382352 0
    outer loop
      vertex 160.402 100.818 0
      vertex 160.282 101.108 3
      vertex 160.282 101.108 0
    endloop
  endfacet
  facet normal -0.924017 -0.382352 0
    outer loop
      vertex 160.282 101.108 3
      vertex 160.402 100.818 0
      vertex 160.402 100.818 3
    endloop
  endfacet
  facet normal -0.650791 -0.759257 0
    outer loop
      vertex 159.676 101.818 0
      vertex 159.914 101.614 3
      vertex 159.676 101.818 3
    endloop
  endfacet
  facet normal -0.650791 -0.759257 -0
    outer loop
      vertex 159.914 101.614 3
      vertex 159.676 101.818 0
      vertex 159.914 101.614 0
    endloop
  endfacet
  facet normal -0.650423 0.759572 0
    outer loop
      vertex 159.914 98.7858 0
      vertex 159.676 98.582 3
      vertex 159.914 98.7858 3
    endloop
  endfacet
  facet normal -0.650423 0.759572 0
    outer loop
      vertex 159.676 98.582 3
      vertex 159.914 98.7858 0
      vertex 159.676 98.582 0
    endloop
  endfacet
  facet normal 0.760066 0.649846 0
    outer loop
      vertex 157.086 98.7858 3
      vertex 156.882 99.0244 0
      vertex 156.882 99.0244 3
    endloop
  endfacet
  facet normal 0.760066 0.649846 0
    outer loop
      vertex 156.882 99.0244 0
      vertex 157.086 98.7858 3
      vertex 157.086 98.7858 0
    endloop
  endfacet
  facet normal 0.0783526 0.996926 -0
    outer loop
      vertex 158.5 98.2 0
      vertex 158.187 98.2246 3
      vertex 158.5 98.2 3
    endloop
  endfacet
  facet normal 0.0783526 0.996926 0
    outer loop
      vertex 158.187 98.2246 3
      vertex 158.5 98.2 0
      vertex 158.187 98.2246 0
    endloop
  endfacet
  facet normal -0.521965 0.852967 0
    outer loop
      vertex 159.676 98.582 0
      vertex 159.408 98.418 3
      vertex 159.676 98.582 3
    endloop
  endfacet
  facet normal -0.521965 0.852967 0
    outer loop
      vertex 159.408 98.418 3
      vertex 159.676 98.582 0
      vertex 159.408 98.418 0
    endloop
  endfacet
  facet normal 0.996823 0.0796439 0
    outer loop
      vertex 156.525 99.8871 3
      vertex 156.5 100.2 0
      vertex 156.5 100.2 3
    endloop
  endfacet
  facet normal 0.996823 0.0796439 0
    outer loop
      vertex 156.5 100.2 0
      vertex 156.525 99.8871 3
      vertex 156.525 99.8871 0
    endloop
  endfacet
  facet normal 0.382352 -0.924017 0
    outer loop
      vertex 157.592 101.982 0
      vertex 157.882 102.102 3
      vertex 157.592 101.982 3
    endloop
  endfacet
  facet normal 0.382352 -0.924017 0
    outer loop
      vertex 157.882 102.102 3
      vertex 157.592 101.982 0
      vertex 157.882 102.102 0
    endloop
  endfacet
  facet normal 0.521965 -0.852967 0
    outer loop
      vertex 157.324 101.818 0
      vertex 157.592 101.982 3
      vertex 157.324 101.818 3
    endloop
  endfacet
  facet normal 0.521965 -0.852967 0
    outer loop
      vertex 157.592 101.982 3
      vertex 157.324 101.818 0
      vertex 157.592 101.982 0
    endloop
  endfacet
  facet normal 0.650791 -0.759257 0
    outer loop
      vertex 157.086 101.614 0
      vertex 157.324 101.818 3
      vertex 157.086 101.614 3
    endloop
  endfacet
  facet normal 0.650791 -0.759257 0
    outer loop
      vertex 157.324 101.818 3
      vertex 157.086 101.614 0
      vertex 157.324 101.818 0
    endloop
  endfacet
  facet normal 0.759257 -0.650791 0
    outer loop
      vertex 156.882 101.376 3
      vertex 157.086 101.614 0
      vertex 157.086 101.614 3
    endloop
  endfacet
  facet normal 0.759257 -0.650791 0
    outer loop
      vertex 157.086 101.614 0
      vertex 156.882 101.376 3
      vertex 156.882 101.376 0
    endloop
  endfacet
  facet normal 0.924017 0.382352 0
    outer loop
      vertex 156.718 99.292 3
      vertex 156.598 99.582 0
      vertex 156.598 99.582 3
    endloop
  endfacet
  facet normal 0.924017 0.382352 0
    outer loop
      vertex 156.598 99.582 0
      vertex 156.718 99.292 3
      vertex 156.718 99.292 0
    endloop
  endfacet
  facet normal -0.233674 0.972315 0
    outer loop
      vertex 159.118 98.2979 0
      vertex 158.813 98.2246 3
      vertex 159.118 98.2979 3
    endloop
  endfacet
  facet normal -0.233674 0.972315 0
    outer loop
      vertex 158.813 98.2246 3
      vertex 159.118 98.2979 0
      vertex 158.813 98.2246 0
    endloop
  endfacet
  facet normal 0.996825 -0.0796186 0
    outer loop
      vertex 156.5 100.2 3
      vertex 156.525 100.513 0
      vertex 156.525 100.513 3
    endloop
  endfacet
  facet normal 0.996825 -0.0796186 0
    outer loop
      vertex 156.525 100.513 0
      vertex 156.5 100.2 3
      vertex 156.5 100.2 0
    endloop
  endfacet
  facet normal -0.924017 0.382352 0
    outer loop
      vertex 160.282 99.292 0
      vertex 160.402 99.582 3
      vertex 160.402 99.582 0
    endloop
  endfacet
  facet normal -0.924017 0.382352 0
    outer loop
      vertex 160.402 99.582 3
      vertex 160.282 99.292 0
      vertex 160.282 99.292 3
    endloop
  endfacet
  facet normal 0.650423 0.759572 -0
    outer loop
      vertex 157.324 98.582 0
      vertex 157.086 98.7858 3
      vertex 157.324 98.582 3
    endloop
  endfacet
  facet normal 0.650423 0.759572 0
    outer loop
      vertex 157.086 98.7858 3
      vertex 157.324 98.582 0
      vertex 157.086 98.7858 0
    endloop
  endfacet
  facet normal -0.972549 0.232698 0
    outer loop
      vertex 160.402 99.582 0
      vertex 160.475 99.8871 3
      vertex 160.475 99.8871 0
    endloop
  endfacet
  facet normal -0.972549 0.232698 0
    outer loop
      vertex 160.475 99.8871 3
      vertex 160.402 99.582 0
      vertex 160.402 99.582 3
    endloop
  endfacet
  facet normal -0.85262 0.522532 0
    outer loop
      vertex 160.118 99.0244 0
      vertex 160.282 99.292 3
      vertex 160.282 99.292 0
    endloop
  endfacet
  facet normal -0.85262 0.522532 0
    outer loop
      vertex 160.282 99.292 3
      vertex 160.118 99.0244 0
      vertex 160.118 99.0244 3
    endloop
  endfacet
  facet normal -0.852967 -0.521965 0
    outer loop
      vertex 160.282 101.108 0
      vertex 160.118 101.376 3
      vertex 160.118 101.376 0
    endloop
  endfacet
  facet normal -0.852967 -0.521965 0
    outer loop
      vertex 160.118 101.376 3
      vertex 160.282 101.108 0
      vertex 160.282 101.108 3
    endloop
  endfacet
  facet normal -0.23277 -0.972532 0
    outer loop
      vertex 158.813 102.175 0
      vertex 159.118 102.102 3
      vertex 158.813 102.175 3
    endloop
  endfacet
  facet normal -0.23277 -0.972532 -0
    outer loop
      vertex 159.118 102.102 3
      vertex 158.813 102.175 0
      vertex 159.118 102.102 0
    endloop
  endfacet
  facet normal -0.759257 -0.650791 0
    outer loop
      vertex 160.118 101.376 0
      vertex 159.914 101.614 3
      vertex 159.914 101.614 0
    endloop
  endfacet
  facet normal -0.759257 -0.650791 0
    outer loop
      vertex 159.914 101.614 3
      vertex 160.118 101.376 0
      vertex 160.118 101.376 3
    endloop
  endfacet
  facet normal -0.0796186 -0.996825 0
    outer loop
      vertex 158.5 102.2 0
      vertex 158.813 102.175 3
      vertex 158.5 102.2 3
    endloop
  endfacet
  facet normal -0.0796186 -0.996825 -0
    outer loop
      vertex 158.813 102.175 3
      vertex 158.5 102.2 0
      vertex 158.813 102.175 0
    endloop
  endfacet
  facet normal -0.0783526 0.996926 0
    outer loop
      vertex 158.813 98.2246 0
      vertex 158.5 98.2 3
      vertex 158.813 98.2246 3
    endloop
  endfacet
  facet normal -0.0783526 0.996926 0
    outer loop
      vertex 158.5 98.2 3
      vertex 158.813 98.2246 0
      vertex 158.5 98.2 0
    endloop
  endfacet
  facet normal -0.996823 0.0796439 0
    outer loop
      vertex 160.475 99.8871 0
      vertex 160.5 100.2 3
      vertex 160.5 100.2 0
    endloop
  endfacet
  facet normal -0.996823 0.0796439 0
    outer loop
      vertex 160.5 100.2 3
      vertex 160.475 99.8871 0
      vertex 160.475 99.8871 3
    endloop
  endfacet
  facet normal -0.382352 -0.924017 0
    outer loop
      vertex 159.118 102.102 0
      vertex 159.408 101.982 3
      vertex 159.118 102.102 3
    endloop
  endfacet
  facet normal -0.382352 -0.924017 -0
    outer loop
      vertex 159.408 101.982 3
      vertex 159.118 102.102 0
      vertex 159.408 101.982 0
    endloop
  endfacet
  facet normal -0.521965 -0.852967 0
    outer loop
      vertex 159.408 101.982 0
      vertex 159.676 101.818 3
      vertex 159.408 101.982 3
    endloop
  endfacet
  facet normal -0.521965 -0.852967 -0
    outer loop
      vertex 159.676 101.818 3
      vertex 159.408 101.982 0
      vertex 159.676 101.818 0
    endloop
  endfacet
  facet normal -0.382624 0.923904 0
    outer loop
      vertex 159.408 98.418 0
      vertex 159.118 98.2979 3
      vertex 159.408 98.418 3
    endloop
  endfacet
  facet normal -0.382624 0.923904 0
    outer loop
      vertex 159.118 98.2979 3
      vertex 159.408 98.418 0
      vertex 159.118 98.2979 0
    endloop
  endfacet
  facet normal 0.382624 0.923904 -0
    outer loop
      vertex 157.882 98.2979 0
      vertex 157.592 98.418 3
      vertex 157.882 98.2979 3
    endloop
  endfacet
  facet normal 0.382624 0.923904 0
    outer loop
      vertex 157.592 98.418 3
      vertex 157.882 98.2979 0
      vertex 157.592 98.418 0
    endloop
  endfacet
  facet normal 0.23277 -0.972532 0
    outer loop
      vertex 157.882 102.102 0
      vertex 158.187 102.175 3
      vertex 157.882 102.102 3
    endloop
  endfacet
  facet normal 0.23277 -0.972532 0
    outer loop
      vertex 158.187 102.175 3
      vertex 157.882 102.102 0
      vertex 158.187 102.175 0
    endloop
  endfacet
  facet normal 0.852967 -0.521965 0
    outer loop
      vertex 156.718 101.108 3
      vertex 156.882 101.376 0
      vertex 156.882 101.376 3
    endloop
  endfacet
  facet normal 0.852967 -0.521965 0
    outer loop
      vertex 156.882 101.376 0
      vertex 156.718 101.108 3
      vertex 156.718 101.108 0
    endloop
  endfacet
  facet normal 0.0796186 -0.996825 0
    outer loop
      vertex 158.187 102.175 0
      vertex 158.5 102.2 3
      vertex 158.187 102.175 3
    endloop
  endfacet
  facet normal 0.0796186 -0.996825 0
    outer loop
      vertex 158.5 102.2 3
      vertex 158.187 102.175 0
      vertex 158.5 102.2 0
    endloop
  endfacet
  facet normal 0.972532 -0.23277 0
    outer loop
      vertex 156.525 100.513 3
      vertex 156.598 100.818 0
      vertex 156.598 100.818 3
    endloop
  endfacet
  facet normal 0.972532 -0.23277 0
    outer loop
      vertex 156.598 100.818 0
      vertex 156.525 100.513 3
      vertex 156.525 100.513 0
    endloop
  endfacet
  facet normal 0.85262 0.522532 0
    outer loop
      vertex 156.882 99.0244 3
      vertex 156.718 99.292 0
      vertex 156.718 99.292 3
    endloop
  endfacet
  facet normal 0.85262 0.522532 0
    outer loop
      vertex 156.718 99.292 0
      vertex 156.882 99.0244 3
      vertex 156.882 99.0244 0
    endloop
  endfacet
  facet normal -0.760066 0.649846 0
    outer loop
      vertex 159.914 98.7858 0
      vertex 160.118 99.0244 3
      vertex 160.118 99.0244 0
    endloop
  endfacet
  facet normal -0.760066 0.649846 0
    outer loop
      vertex 160.118 99.0244 3
      vertex 159.914 98.7858 0
      vertex 159.914 98.7858 3
    endloop
  endfacet
  facet normal 0.972549 0.232698 0
    outer loop
      vertex 156.598 99.582 3
      vertex 156.525 99.8871 0
      vertex 156.525 99.8871 3
    endloop
  endfacet
  facet normal 0.972549 0.232698 0
    outer loop
      vertex 156.525 99.8871 0
      vertex 156.598 99.582 3
      vertex 156.598 99.582 0
    endloop
  endfacet
  facet normal 0.521965 0.852967 -0
    outer loop
      vertex 157.592 98.418 0
      vertex 157.324 98.582 3
      vertex 157.592 98.418 3
    endloop
  endfacet
  facet normal 0.521965 0.852967 0
    outer loop
      vertex 157.324 98.582 3
      vertex 157.592 98.418 0
      vertex 157.324 98.582 0
    endloop
  endfacet
  facet normal 0.924017 -0.382352 0
    outer loop
      vertex 156.598 100.818 3
      vertex 156.718 101.108 0
      vertex 156.718 101.108 3
    endloop
  endfacet
  facet normal 0.924017 -0.382352 0
    outer loop
      vertex 156.718 101.108 0
      vertex 156.598 100.818 3
      vertex 156.598 100.818 0
    endloop
  endfacet
  facet normal 0.233674 0.972315 -0
    outer loop
      vertex 158.187 98.2246 0
      vertex 157.882 98.2979 3
      vertex 158.187 98.2246 3
    endloop
  endfacet
  facet normal 0.233674 0.972315 0
    outer loop
      vertex 157.882 98.2979 3
      vertex 158.187 98.2246 0
      vertex 157.882 98.2979 0
    endloop
  endfacet
  facet normal -0.972532 -0.23277 0
    outer loop
      vertex 160.475 126.913 0
      vertex 160.402 127.218 3
      vertex 160.402 127.218 0
    endloop
  endfacet
  facet normal -0.972532 -0.23277 0
    outer loop
      vertex 160.402 127.218 3
      vertex 160.475 126.913 0
      vertex 160.475 126.913 3
    endloop
  endfacet
  facet normal -0.996825 -0.0796186 0
    outer loop
      vertex 160.5 126.6 0
      vertex 160.475 126.913 3
      vertex 160.475 126.913 0
    endloop
  endfacet
  facet normal -0.996825 -0.0796186 0
    outer loop
      vertex 160.475 126.913 3
      vertex 160.5 126.6 0
      vertex 160.5 126.6 3
    endloop
  endfacet
  facet normal -0.924017 -0.382352 0
    outer loop
      vertex 160.402 127.218 0
      vertex 160.282 127.508 3
      vertex 160.282 127.508 0
    endloop
  endfacet
  facet normal -0.924017 -0.382352 0
    outer loop
      vertex 160.282 127.508 3
      vertex 160.402 127.218 0
      vertex 160.402 127.218 3
    endloop
  endfacet
  facet normal 0.0796186 -0.996825 0
    outer loop
      vertex 158.187 128.575 0
      vertex 158.5 128.6 3
      vertex 158.187 128.575 3
    endloop
  endfacet
  facet normal 0.0796186 -0.996825 0
    outer loop
      vertex 158.5 128.6 3
      vertex 158.187 128.575 0
      vertex 158.5 128.6 0
    endloop
  endfacet
  facet normal 0.972532 -0.23277 0
    outer loop
      vertex 156.525 126.913 3
      vertex 156.598 127.218 0
      vertex 156.598 127.218 3
    endloop
  endfacet
  facet normal 0.972532 -0.23277 0
    outer loop
      vertex 156.598 127.218 0
      vertex 156.525 126.913 3
      vertex 156.525 126.913 0
    endloop
  endfacet
  facet normal -0.0796186 0.996825 0
    outer loop
      vertex 158.813 124.625 0
      vertex 158.5 124.6 3
      vertex 158.813 124.625 3
    endloop
  endfacet
  facet normal -0.0796186 0.996825 0
    outer loop
      vertex 158.5 124.6 3
      vertex 158.813 124.625 0
      vertex 158.5 124.6 0
    endloop
  endfacet
  facet normal -0.382352 -0.924017 0
    outer loop
      vertex 159.118 128.502 0
      vertex 159.408 128.382 3
      vertex 159.118 128.502 3
    endloop
  endfacet
  facet normal -0.382352 -0.924017 -0
    outer loop
      vertex 159.408 128.382 3
      vertex 159.118 128.502 0
      vertex 159.408 128.382 0
    endloop
  endfacet
  facet normal 0.924017 0.382352 0
    outer loop
      vertex 156.718 125.692 3
      vertex 156.598 125.982 0
      vertex 156.598 125.982 3
    endloop
  endfacet
  facet normal 0.924017 0.382352 0
    outer loop
      vertex 156.598 125.982 0
      vertex 156.718 125.692 3
      vertex 156.718 125.692 0
    endloop
  endfacet
  facet normal -0.0796186 -0.996825 0
    outer loop
      vertex 158.5 128.6 0
      vertex 158.813 128.575 3
      vertex 158.5 128.6 3
    endloop
  endfacet
  facet normal -0.0796186 -0.996825 -0
    outer loop
      vertex 158.813 128.575 3
      vertex 158.5 128.6 0
      vertex 158.813 128.575 0
    endloop
  endfacet
  facet normal 0.382352 0.924017 -0
    outer loop
      vertex 157.882 124.698 0
      vertex 157.592 124.818 3
      vertex 157.882 124.698 3
    endloop
  endfacet
  facet normal 0.382352 0.924017 0
    outer loop
      vertex 157.592 124.818 3
      vertex 157.882 124.698 0
      vertex 157.592 124.818 0
    endloop
  endfacet
  facet normal 0.521965 -0.852967 0
    outer loop
      vertex 157.324 128.218 0
      vertex 157.592 128.382 3
      vertex 157.324 128.218 3
    endloop
  endfacet
  facet normal 0.521965 -0.852967 0
    outer loop
      vertex 157.592 128.382 3
      vertex 157.324 128.218 0
      vertex 157.592 128.382 0
    endloop
  endfacet
  facet normal -0.852967 -0.521965 0
    outer loop
      vertex 160.282 127.508 0
      vertex 160.118 127.776 3
      vertex 160.118 127.776 0
    endloop
  endfacet
  facet normal -0.852967 -0.521965 0
    outer loop
      vertex 160.118 127.776 3
      vertex 160.282 127.508 0
      vertex 160.282 127.508 3
    endloop
  endfacet
  facet normal 0.759257 0.650791 0
    outer loop
      vertex 157.086 125.186 3
      vertex 156.882 125.424 0
      vertex 156.882 125.424 3
    endloop
  endfacet
  facet normal 0.759257 0.650791 0
    outer loop
      vertex 156.882 125.424 0
      vertex 157.086 125.186 3
      vertex 157.086 125.186 0
    endloop
  endfacet
  facet normal -0.972532 0.23277 0
    outer loop
      vertex 160.402 125.982 0
      vertex 160.475 126.287 3
      vertex 160.475 126.287 0
    endloop
  endfacet
  facet normal -0.972532 0.23277 0
    outer loop
      vertex 160.475 126.287 3
      vertex 160.402 125.982 0
      vertex 160.402 125.982 3
    endloop
  endfacet
  facet normal -0.924017 0.382352 0
    outer loop
      vertex 160.282 125.692 0
      vertex 160.402 125.982 3
      vertex 160.402 125.982 0
    endloop
  endfacet
  facet normal -0.924017 0.382352 0
    outer loop
      vertex 160.402 125.982 3
      vertex 160.282 125.692 0
      vertex 160.282 125.692 3
    endloop
  endfacet
  facet normal 0.996825 0.0796186 0
    outer loop
      vertex 156.525 126.287 3
      vertex 156.5 126.6 0
      vertex 156.5 126.6 3
    endloop
  endfacet
  facet normal 0.996825 0.0796186 0
    outer loop
      vertex 156.5 126.6 0
      vertex 156.525 126.287 3
      vertex 156.525 126.287 0
    endloop
  endfacet
  facet normal 0.23277 -0.972532 0
    outer loop
      vertex 157.882 128.502 0
      vertex 158.187 128.575 3
      vertex 157.882 128.502 3
    endloop
  endfacet
  facet normal 0.23277 -0.972532 0
    outer loop
      vertex 158.187 128.575 3
      vertex 157.882 128.502 0
      vertex 158.187 128.575 0
    endloop
  endfacet
  facet normal 0.650791 -0.759257 0
    outer loop
      vertex 157.086 128.014 0
      vertex 157.324 128.218 3
      vertex 157.086 128.014 3
    endloop
  endfacet
  facet normal 0.650791 -0.759257 0
    outer loop
      vertex 157.324 128.218 3
      vertex 157.086 128.014 0
      vertex 157.324 128.218 0
    endloop
  endfacet
  facet normal -0.23277 0.972532 0
    outer loop
      vertex 159.118 124.698 0
      vertex 158.813 124.625 3
      vertex 159.118 124.698 3
    endloop
  endfacet
  facet normal -0.23277 0.972532 0
    outer loop
      vertex 158.813 124.625 3
      vertex 159.118 124.698 0
      vertex 158.813 124.625 0
    endloop
  endfacet
  facet normal 0.924017 -0.382352 0
    outer loop
      vertex 156.598 127.218 3
      vertex 156.718 127.508 0
      vertex 156.718 127.508 3
    endloop
  endfacet
  facet normal 0.924017 -0.382352 0
    outer loop
      vertex 156.718 127.508 0
      vertex 156.598 127.218 3
      vertex 156.598 127.218 0
    endloop
  endfacet
  facet normal -0.521965 0.852967 0
    outer loop
      vertex 159.676 124.982 0
      vertex 159.408 124.818 3
      vertex 159.676 124.982 3
    endloop
  endfacet
  facet normal -0.521965 0.852967 0
    outer loop
      vertex 159.408 124.818 3
      vertex 159.676 124.982 0
      vertex 159.408 124.818 0
    endloop
  endfacet
  facet normal 0.996825 -0.0796186 0
    outer loop
      vertex 156.5 126.6 3
      vertex 156.525 126.913 0
      vertex 156.525 126.913 3
    endloop
  endfacet
  facet normal 0.996825 -0.0796186 0
    outer loop
      vertex 156.525 126.913 0
      vertex 156.5 126.6 3
      vertex 156.5 126.6 0
    endloop
  endfacet
  facet normal -0.23277 -0.972532 0
    outer loop
      vertex 158.813 128.575 0
      vertex 159.118 128.502 3
      vertex 158.813 128.575 3
    endloop
  endfacet
  facet normal -0.23277 -0.972532 -0
    outer loop
      vertex 159.118 128.502 3
      vertex 158.813 128.575 0
      vertex 159.118 128.502 0
    endloop
  endfacet
  facet normal -0.650791 0.759257 0
    outer loop
      vertex 159.914 125.186 0
      vertex 159.676 124.982 3
      vertex 159.914 125.186 3
    endloop
  endfacet
  facet normal -0.650791 0.759257 0
    outer loop
      vertex 159.676 124.982 3
      vertex 159.914 125.186 0
      vertex 159.676 124.982 0
    endloop
  endfacet
  facet normal -0.852967 0.521965 0
    outer loop
      vertex 160.118 125.424 0
      vertex 160.282 125.692 3
      vertex 160.282 125.692 0
    endloop
  endfacet
  facet normal -0.852967 0.521965 0
    outer loop
      vertex 160.282 125.692 3
      vertex 160.118 125.424 0
      vertex 160.118 125.424 3
    endloop
  endfacet
  facet normal 0.759257 -0.650791 0
    outer loop
      vertex 156.882 127.776 3
      vertex 157.086 128.014 0
      vertex 157.086 128.014 3
    endloop
  endfacet
  facet normal 0.759257 -0.650791 0
    outer loop
      vertex 157.086 128.014 0
      vertex 156.882 127.776 3
      vertex 156.882 127.776 0
    endloop
  endfacet
  facet normal -0.650791 -0.759257 0
    outer loop
      vertex 159.676 128.218 0
      vertex 159.914 128.014 3
      vertex 159.676 128.218 3
    endloop
  endfacet
  facet normal -0.650791 -0.759257 -0
    outer loop
      vertex 159.914 128.014 3
      vertex 159.676 128.218 0
      vertex 159.914 128.014 0
    endloop
  endfacet
  facet normal -0.382352 0.924017 0
    outer loop
      vertex 159.408 124.818 0
      vertex 159.118 124.698 3
      vertex 159.408 124.818 3
    endloop
  endfacet
  facet normal -0.382352 0.924017 0
    outer loop
      vertex 159.118 124.698 3
      vertex 159.408 124.818 0
      vertex 159.118 124.698 0
    endloop
  endfacet
  facet normal -0.521965 -0.852967 0
    outer loop
      vertex 159.408 128.382 0
      vertex 159.676 128.218 3
      vertex 159.408 128.382 3
    endloop
  endfacet
  facet normal -0.521965 -0.852967 -0
    outer loop
      vertex 159.676 128.218 3
      vertex 159.408 128.382 0
      vertex 159.676 128.218 0
    endloop
  endfacet
  facet normal 0.382352 -0.924017 0
    outer loop
      vertex 157.592 128.382 0
      vertex 157.882 128.502 3
      vertex 157.592 128.382 3
    endloop
  endfacet
  facet normal 0.382352 -0.924017 0
    outer loop
      vertex 157.882 128.502 3
      vertex 157.592 128.382 0
      vertex 157.882 128.502 0
    endloop
  endfacet
  facet normal -0.759257 0.650791 0
    outer loop
      vertex 159.914 125.186 0
      vertex 160.118 125.424 3
      vertex 160.118 125.424 0
    endloop
  endfacet
  facet normal -0.759257 0.650791 0
    outer loop
      vertex 160.118 125.424 3
      vertex 159.914 125.186 0
      vertex 159.914 125.186 3
    endloop
  endfacet
  facet normal -0.759257 -0.650791 0
    outer loop
      vertex 160.118 127.776 0
      vertex 159.914 128.014 3
      vertex 159.914 128.014 0
    endloop
  endfacet
  facet normal -0.759257 -0.650791 0
    outer loop
      vertex 159.914 128.014 3
      vertex 160.118 127.776 0
      vertex 160.118 127.776 3
    endloop
  endfacet
  facet normal 0.852967 0.521965 0
    outer loop
      vertex 156.882 125.424 3
      vertex 156.718 125.692 0
      vertex 156.718 125.692 3
    endloop
  endfacet
  facet normal 0.852967 0.521965 0
    outer loop
      vertex 156.718 125.692 0
      vertex 156.882 125.424 3
      vertex 156.882 125.424 0
    endloop
  endfacet
  facet normal -0.996825 0.0796186 0
    outer loop
      vertex 160.475 126.287 0
      vertex 160.5 126.6 3
      vertex 160.5 126.6 0
    endloop
  endfacet
  facet normal -0.996825 0.0796186 0
    outer loop
      vertex 160.5 126.6 3
      vertex 160.475 126.287 0
      vertex 160.475 126.287 3
    endloop
  endfacet
  facet normal 0.0796186 0.996825 -0
    outer loop
      vertex 158.5 124.6 0
      vertex 158.187 124.625 3
      vertex 158.5 124.6 3
    endloop
  endfacet
  facet normal 0.0796186 0.996825 0
    outer loop
      vertex 158.187 124.625 3
      vertex 158.5 124.6 0
      vertex 158.187 124.625 0
    endloop
  endfacet
  facet normal 0.23277 0.972532 -0
    outer loop
      vertex 158.187 124.625 0
      vertex 157.882 124.698 3
      vertex 158.187 124.625 3
    endloop
  endfacet
  facet normal 0.23277 0.972532 0
    outer loop
      vertex 157.882 124.698 3
      vertex 158.187 124.625 0
      vertex 157.882 124.698 0
    endloop
  endfacet
  facet normal 0.972532 0.23277 0
    outer loop
      vertex 156.598 125.982 3
      vertex 156.525 126.287 0
      vertex 156.525 126.287 3
    endloop
  endfacet
  facet normal 0.972532 0.23277 0
    outer loop
      vertex 156.525 126.287 0
      vertex 156.598 125.982 3
      vertex 156.598 125.982 0
    endloop
  endfacet
  facet normal 0.521965 0.852967 -0
    outer loop
      vertex 157.592 124.818 0
      vertex 157.324 124.982 3
      vertex 157.592 124.818 3
    endloop
  endfacet
  facet normal 0.521965 0.852967 0
    outer loop
      vertex 157.324 124.982 3
      vertex 157.592 124.818 0
      vertex 157.324 124.982 0
    endloop
  endfacet
  facet normal 0.650791 0.759257 -0
    outer loop
      vertex 157.324 124.982 0
      vertex 157.086 125.186 3
      vertex 157.324 124.982 3
    endloop
  endfacet
  facet normal 0.650791 0.759257 0
    outer loop
      vertex 157.086 125.186 3
      vertex 157.324 124.982 0
      vertex 157.086 125.186 0
    endloop
  endfacet
  facet normal 0.852967 -0.521965 0
    outer loop
      vertex 156.718 127.508 3
      vertex 156.882 127.776 0
      vertex 156.882 127.776 3
    endloop
  endfacet
  facet normal 0.852967 -0.521965 0
    outer loop
      vertex 156.882 127.776 0
      vertex 156.718 127.508 3
      vertex 156.718 127.508 0
    endloop
  endfacet
  facet normal -0.972532 0.23277 0
    outer loop
      vertex 160.402 152.382 0
      vertex 160.475 152.687 3
      vertex 160.475 152.687 0
    endloop
  endfacet
  facet normal -0.972532 0.23277 0
    outer loop
      vertex 160.475 152.687 3
      vertex 160.402 152.382 0
      vertex 160.402 152.382 3
    endloop
  endfacet
  facet normal -0.23277 0.972532 0
    outer loop
      vertex 159.118 151.098 0
      vertex 158.813 151.025 3
      vertex 159.118 151.098 3
    endloop
  endfacet
  facet normal -0.23277 0.972532 0
    outer loop
      vertex 158.813 151.025 3
      vertex 159.118 151.098 0
      vertex 158.813 151.025 0
    endloop
  endfacet
  facet normal -0.972532 -0.23277 0
    outer loop
      vertex 160.475 153.313 0
      vertex 160.402 153.618 3
      vertex 160.402 153.618 0
    endloop
  endfacet
  facet normal -0.972532 -0.23277 0
    outer loop
      vertex 160.402 153.618 3
      vertex 160.475 153.313 0
      vertex 160.475 153.313 3
    endloop
  endfacet
  facet normal -0.996825 -0.0796186 0
    outer loop
      vertex 160.5 153 0
      vertex 160.475 153.313 3
      vertex 160.475 153.313 0
    endloop
  endfacet
  facet normal -0.996825 -0.0796186 0
    outer loop
      vertex 160.475 153.313 3
      vertex 160.5 153 0
      vertex 160.5 153 3
    endloop
  endfacet
  facet normal -0.924017 -0.382352 0
    outer loop
      vertex 160.402 153.618 0
      vertex 160.282 153.908 3
      vertex 160.282 153.908 0
    endloop
  endfacet
  facet normal -0.924017 -0.382352 0
    outer loop
      vertex 160.282 153.908 3
      vertex 160.402 153.618 0
      vertex 160.402 153.618 3
    endloop
  endfacet
  facet normal 0.0796186 -0.996825 0
    outer loop
      vertex 158.187 154.975 0
      vertex 158.5 155 3
      vertex 158.187 154.975 3
    endloop
  endfacet
  facet normal 0.0796186 -0.996825 0
    outer loop
      vertex 158.5 155 3
      vertex 158.187 154.975 0
      vertex 158.5 155 0
    endloop
  endfacet
  facet normal 0.924017 -0.382352 0
    outer loop
      vertex 156.598 153.618 3
      vertex 156.718 153.908 0
      vertex 156.718 153.908 3
    endloop
  endfacet
  facet normal 0.924017 -0.382352 0
    outer loop
      vertex 156.718 153.908 0
      vertex 156.598 153.618 3
      vertex 156.598 153.618 0
    endloop
  endfacet
  facet normal 0.852967 -0.521965 0
    outer loop
      vertex 156.718 153.908 3
      vertex 156.882 154.176 0
      vertex 156.882 154.176 3
    endloop
  endfacet
  facet normal 0.852967 -0.521965 0
    outer loop
      vertex 156.882 154.176 0
      vertex 156.718 153.908 3
      vertex 156.718 153.908 0
    endloop
  endfacet
  facet normal -0.0796186 0.996825 0
    outer loop
      vertex 158.813 151.025 0
      vertex 158.5 151 3
      vertex 158.813 151.025 3
    endloop
  endfacet
  facet normal -0.0796186 0.996825 0
    outer loop
      vertex 158.5 151 3
      vertex 158.813 151.025 0
      vertex 158.5 151 0
    endloop
  endfacet
  facet normal 0.382352 0.924017 -0
    outer loop
      vertex 157.882 151.098 0
      vertex 157.592 151.218 3
      vertex 157.882 151.098 3
    endloop
  endfacet
  facet normal 0.382352 0.924017 0
    outer loop
      vertex 157.592 151.218 3
      vertex 157.882 151.098 0
      vertex 157.592 151.218 0
    endloop
  endfacet
  facet normal 0.924017 0.382352 0
    outer loop
      vertex 156.718 152.092 3
      vertex 156.598 152.382 0
      vertex 156.598 152.382 3
    endloop
  endfacet
  facet normal 0.924017 0.382352 0
    outer loop
      vertex 156.598 152.382 0
      vertex 156.718 152.092 3
      vertex 156.718 152.092 0
    endloop
  endfacet
  facet normal 0.759257 -0.650791 0
    outer loop
      vertex 156.882 154.176 3
      vertex 157.086 154.414 0
      vertex 157.086 154.414 3
    endloop
  endfacet
  facet normal 0.759257 -0.650791 0
    outer loop
      vertex 157.086 154.414 0
      vertex 156.882 154.176 3
      vertex 156.882 154.176 0
    endloop
  endfacet
  facet normal -0.924017 0.382352 0
    outer loop
      vertex 160.282 152.092 0
      vertex 160.402 152.382 3
      vertex 160.402 152.382 0
    endloop
  endfacet
  facet normal -0.924017 0.382352 0
    outer loop
      vertex 160.402 152.382 3
      vertex 160.282 152.092 0
      vertex 160.282 152.092 3
    endloop
  endfacet
  facet normal 0.521965 0.852967 -0
    outer loop
      vertex 157.592 151.218 0
      vertex 157.324 151.382 3
      vertex 157.592 151.218 3
    endloop
  endfacet
  facet normal 0.521965 0.852967 0
    outer loop
      vertex 157.324 151.382 3
      vertex 157.592 151.218 0
      vertex 157.324 151.382 0
    endloop
  endfacet
  facet normal 0.521965 -0.852967 0
    outer loop
      vertex 157.324 154.618 0
      vertex 157.592 154.782 3
      vertex 157.324 154.618 3
    endloop
  endfacet
  facet normal 0.521965 -0.852967 0
    outer loop
      vertex 157.592 154.782 3
      vertex 157.324 154.618 0
      vertex 157.592 154.782 0
    endloop
  endfacet
  facet normal 0.996825 0.0796186 0
    outer loop
      vertex 156.525 152.687 3
      vertex 156.5 153 0
      vertex 156.5 153 3
    endloop
  endfacet
  facet normal 0.996825 0.0796186 0
    outer loop
      vertex 156.5 153 0
      vertex 156.525 152.687 3
      vertex 156.525 152.687 0
    endloop
  endfacet
  facet normal -0.852967 0.521965 0
    outer loop
      vertex 160.118 151.824 0
      vertex 160.282 152.092 3
      vertex 160.282 152.092 0
    endloop
  endfacet
  facet normal -0.852967 0.521965 0
    outer loop
      vertex 160.282 152.092 3
      vertex 160.118 151.824 0
      vertex 160.118 151.824 3
    endloop
  endfacet
  facet normal 0.650791 -0.759257 0
    outer loop
      vertex 157.086 154.414 0
      vertex 157.324 154.618 3
      vertex 157.086 154.414 3
    endloop
  endfacet
  facet normal 0.650791 -0.759257 0
    outer loop
      vertex 157.324 154.618 3
      vertex 157.086 154.414 0
      vertex 157.324 154.618 0
    endloop
  endfacet
  facet normal 0.759257 0.650791 0
    outer loop
      vertex 157.086 151.586 3
      vertex 156.882 151.824 0
      vertex 156.882 151.824 3
    endloop
  endfacet
  facet normal 0.759257 0.650791 0
    outer loop
      vertex 156.882 151.824 0
      vertex 157.086 151.586 3
      vertex 157.086 151.586 0
    endloop
  endfacet
  facet normal -0.382352 0.924017 0
    outer loop
      vertex 159.408 151.218 0
      vertex 159.118 151.098 3
      vertex 159.408 151.218 3
    endloop
  endfacet
  facet normal -0.382352 0.924017 0
    outer loop
      vertex 159.118 151.098 3
      vertex 159.408 151.218 0
      vertex 159.118 151.098 0
    endloop
  endfacet
  facet normal 0.972532 0.23277 0
    outer loop
      vertex 156.598 152.382 3
      vertex 156.525 152.687 0
      vertex 156.525 152.687 3
    endloop
  endfacet
  facet normal 0.972532 0.23277 0
    outer loop
      vertex 156.525 152.687 0
      vertex 156.598 152.382 3
      vertex 156.598 152.382 0
    endloop
  endfacet
  facet normal -0.852967 -0.521965 0
    outer loop
      vertex 160.282 153.908 0
      vertex 160.118 154.176 3
      vertex 160.118 154.176 0
    endloop
  endfacet
  facet normal -0.852967 -0.521965 0
    outer loop
      vertex 160.118 154.176 3
      vertex 160.282 153.908 0
      vertex 160.282 153.908 3
    endloop
  endfacet
  facet normal 0.382352 -0.924017 0
    outer loop
      vertex 157.592 154.782 0
      vertex 157.882 154.902 3
      vertex 157.592 154.782 3
    endloop
  endfacet
  facet normal 0.382352 -0.924017 0
    outer loop
      vertex 157.882 154.902 3
      vertex 157.592 154.782 0
      vertex 157.882 154.902 0
    endloop
  endfacet
  facet normal 0.23277 -0.972532 0
    outer loop
      vertex 157.882 154.902 0
      vertex 158.187 154.975 3
      vertex 157.882 154.902 3
    endloop
  endfacet
  facet normal 0.23277 -0.972532 0
    outer loop
      vertex 158.187 154.975 3
      vertex 157.882 154.902 0
      vertex 158.187 154.975 0
    endloop
  endfacet
  facet normal -0.23277 -0.972532 0
    outer loop
      vertex 158.813 154.975 0
      vertex 159.118 154.902 3
      vertex 158.813 154.975 3
    endloop
  endfacet
  facet normal -0.23277 -0.972532 -0
    outer loop
      vertex 159.118 154.902 3
      vertex 158.813 154.975 0
      vertex 159.118 154.902 0
    endloop
  endfacet
  facet normal 0.996825 -0.0796186 0
    outer loop
      vertex 156.5 153 3
      vertex 156.525 153.313 0
      vertex 156.525 153.313 3
    endloop
  endfacet
  facet normal 0.996825 -0.0796186 0
    outer loop
      vertex 156.525 153.313 0
      vertex 156.5 153 3
      vertex 156.5 153 0
    endloop
  endfacet
  facet normal -0.382352 -0.924017 0
    outer loop
      vertex 159.118 154.902 0
      vertex 159.408 154.782 3
      vertex 159.118 154.902 3
    endloop
  endfacet
  facet normal -0.382352 -0.924017 -0
    outer loop
      vertex 159.408 154.782 3
      vertex 159.118 154.902 0
      vertex 159.408 154.782 0
    endloop
  endfacet
  facet normal -0.521965 0.852967 0
    outer loop
      vertex 159.676 151.382 0
      vertex 159.408 151.218 3
      vertex 159.676 151.382 3
    endloop
  endfacet
  facet normal -0.521965 0.852967 0
    outer loop
      vertex 159.408 151.218 3
      vertex 159.676 151.382 0
      vertex 159.408 151.218 0
    endloop
  endfacet
  facet normal -0.996825 0.0796186 0
    outer loop
      vertex 160.475 152.687 0
      vertex 160.5 153 3
      vertex 160.5 153 0
    endloop
  endfacet
  facet normal -0.996825 0.0796186 0
    outer loop
      vertex 160.5 153 3
      vertex 160.475 152.687 0
      vertex 160.475 152.687 3
    endloop
  endfacet
  facet normal -0.521965 -0.852967 0
    outer loop
      vertex 159.408 154.782 0
      vertex 159.676 154.618 3
      vertex 159.408 154.782 3
    endloop
  endfacet
  facet normal -0.521965 -0.852967 -0
    outer loop
      vertex 159.676 154.618 3
      vertex 159.408 154.782 0
      vertex 159.676 154.618 0
    endloop
  endfacet
  facet normal -0.650791 -0.759257 0
    outer loop
      vertex 159.676 154.618 0
      vertex 159.914 154.414 3
      vertex 159.676 154.618 3
    endloop
  endfacet
  facet normal -0.650791 -0.759257 -0
    outer loop
      vertex 159.914 154.414 3
      vertex 159.676 154.618 0
      vertex 159.914 154.414 0
    endloop
  endfacet
  facet normal 0.972532 -0.23277 0
    outer loop
      vertex 156.525 153.313 3
      vertex 156.598 153.618 0
      vertex 156.598 153.618 3
    endloop
  endfacet
  facet normal 0.972532 -0.23277 0
    outer loop
      vertex 156.598 153.618 0
      vertex 156.525 153.313 3
      vertex 156.525 153.313 0
    endloop
  endfacet
  facet normal 0.852967 0.521965 0
    outer loop
      vertex 156.882 151.824 3
      vertex 156.718 152.092 0
      vertex 156.718 152.092 3
    endloop
  endfacet
  facet normal 0.852967 0.521965 0
    outer loop
      vertex 156.718 152.092 0
      vertex 156.882 151.824 3
      vertex 156.882 151.824 0
    endloop
  endfacet
  facet normal -0.759257 0.650791 0
    outer loop
      vertex 159.914 151.586 0
      vertex 160.118 151.824 3
      vertex 160.118 151.824 0
    endloop
  endfacet
  facet normal -0.759257 0.650791 0
    outer loop
      vertex 160.118 151.824 3
      vertex 159.914 151.586 0
      vertex 159.914 151.586 3
    endloop
  endfacet
  facet normal 0.0796186 0.996825 -0
    outer loop
      vertex 158.5 151 0
      vertex 158.187 151.025 3
      vertex 158.5 151 3
    endloop
  endfacet
  facet normal 0.0796186 0.996825 0
    outer loop
      vertex 158.187 151.025 3
      vertex 158.5 151 0
      vertex 158.187 151.025 0
    endloop
  endfacet
  facet normal -0.0796186 -0.996825 0
    outer loop
      vertex 158.5 155 0
      vertex 158.813 154.975 3
      vertex 158.5 155 3
    endloop
  endfacet
  facet normal -0.0796186 -0.996825 -0
    outer loop
      vertex 158.813 154.975 3
      vertex 158.5 155 0
      vertex 158.813 154.975 0
    endloop
  endfacet
  facet normal -0.759257 -0.650791 0
    outer loop
      vertex 160.118 154.176 0
      vertex 159.914 154.414 3
      vertex 159.914 154.414 0
    endloop
  endfacet
  facet normal -0.759257 -0.650791 0
    outer loop
      vertex 159.914 154.414 3
      vertex 160.118 154.176 0
      vertex 160.118 154.176 3
    endloop
  endfacet
  facet normal 0.23277 0.972532 -0
    outer loop
      vertex 158.187 151.025 0
      vertex 157.882 151.098 3
      vertex 158.187 151.025 3
    endloop
  endfacet
  facet normal 0.23277 0.972532 0
    outer loop
      vertex 157.882 151.098 3
      vertex 158.187 151.025 0
      vertex 157.882 151.098 0
    endloop
  endfacet
  facet normal -0.650791 0.759257 0
    outer loop
      vertex 159.914 151.586 0
      vertex 159.676 151.382 3
      vertex 159.914 151.586 3
    endloop
  endfacet
  facet normal -0.650791 0.759257 0
    outer loop
      vertex 159.676 151.382 3
      vertex 159.914 151.586 0
      vertex 159.676 151.382 0
    endloop
  endfacet
  facet normal 0.650791 0.759257 -0
    outer loop
      vertex 157.324 151.382 0
      vertex 157.086 151.586 3
      vertex 157.324 151.382 3
    endloop
  endfacet
  facet normal 0.650791 0.759257 0
    outer loop
      vertex 157.086 151.586 3
      vertex 157.324 151.382 0
      vertex 157.086 151.586 0
    endloop
  endfacet
  facet normal 0.233421 0 0.972376
    outer loop
      vertex 87.5869 4 24.3426
      vertex 88.655 0 24.0862
      vertex 88.655 4 24.0862
    endloop
  endfacet
  facet normal 0.233421 0 0.972376
    outer loop
      vertex 88.655 0 24.0862
      vertex 87.5869 4 24.3426
      vertex 87.5869 0 24.3426
    endloop
  endfacet
  facet normal -0.972311 0 0.233689
    outer loop
      vertex 96.4074 0 28.8369
      vertex 96.4466 4 29
      vertex 96.4074 4 28.8369
    endloop
  endfacet
  facet normal -0.972311 0 0.233689
    outer loop
      vertex 96.4466 4 29
      vertex 96.4074 0 28.8369
      vertex 96.4466 0 29
    endloop
  endfacet
  facet normal -0.923861 0 0.382727
    outer loop
      vertex 95.987 0 27.8221
      vertex 96.4074 4 28.8369
      vertex 95.987 4 27.8221
    endloop
  endfacet
  facet normal -0.923861 0 0.382727
    outer loop
      vertex 96.4074 4 28.8369
      vertex 95.987 0 27.8221
      vertex 96.4074 0 28.8369
    endloop
  endfacet
  facet normal -0.0784787 0 0.996916
    outer loop
      vertex 89.75 4 24
      vertex 90.845 0 24.0862
      vertex 90.845 4 24.0862
    endloop
  endfacet
  facet normal -0.0784787 0 0.996916
    outer loop
      vertex 90.845 0 24.0862
      vertex 89.75 4 24
      vertex 89.75 0 24
    endloop
  endfacet
  facet normal 0.760374 -0 0.649486
    outer loop
      vertex 84.0869 0 26.8855
      vertex 84.8003 4 26.0503
      vertex 84.0869 4 26.8855
    endloop
  endfacet
  facet normal 0.760374 0 0.649486
    outer loop
      vertex 84.8003 4 26.0503
      vertex 84.0869 0 26.8855
      vertex 84.8003 0 26.0503
    endloop
  endfacet
  facet normal 0.382727 0 0.923861
    outer loop
      vertex 86.5721 4 24.763
      vertex 87.5869 0 24.3426
      vertex 87.5869 4 24.3426
    endloop
  endfacet
  facet normal 0.382727 0 0.923861
    outer loop
      vertex 87.5869 0 24.3426
      vertex 86.5721 4 24.763
      vertex 86.5721 0 24.763
    endloop
  endfacet
  facet normal -0.85266 0 0.522466
    outer loop
      vertex 95.4131 0 26.8855
      vertex 95.987 4 27.8221
      vertex 95.4131 4 26.8855
    endloop
  endfacet
  facet normal -0.85266 0 0.522466
    outer loop
      vertex 95.987 4 27.8221
      vertex 95.4131 0 26.8855
      vertex 95.987 0 27.8221
    endloop
  endfacet
  facet normal -0.233421 0 0.972376
    outer loop
      vertex 90.845 4 24.0862
      vertex 91.9131 0 24.3426
      vertex 91.9131 4 24.3426
    endloop
  endfacet
  facet normal -0.233421 0 0.972376
    outer loop
      vertex 91.9131 0 24.3426
      vertex 90.845 4 24.0862
      vertex 90.845 0 24.0862
    endloop
  endfacet
  facet normal -0.649486 0 0.760374
    outer loop
      vertex 93.8645 4 25.3369
      vertex 94.6997 0 26.0503
      vertex 94.6997 4 26.0503
    endloop
  endfacet
  facet normal -0.649486 0 0.760374
    outer loop
      vertex 94.6997 0 26.0503
      vertex 93.8645 4 25.3369
      vertex 93.8645 0 25.3369
    endloop
  endfacet
  facet normal 0.0784787 0 0.996916
    outer loop
      vertex 88.655 4 24.0862
      vertex 89.75 0 24
      vertex 89.75 4 24
    endloop
  endfacet
  facet normal 0.0784787 0 0.996916
    outer loop
      vertex 89.75 0 24
      vertex 88.655 4 24.0862
      vertex 88.655 0 24.0862
    endloop
  endfacet
  facet normal -0.522466 0 0.85266
    outer loop
      vertex 92.9279 4 24.763
      vertex 93.8645 0 25.3369
      vertex 93.8645 4 25.3369
    endloop
  endfacet
  facet normal -0.522466 0 0.85266
    outer loop
      vertex 93.8645 0 25.3369
      vertex 92.9279 4 24.763
      vertex 92.9279 0 24.763
    endloop
  endfacet
  facet normal 0.972311 -0 0.233689
    outer loop
      vertex 83.0534 0 29
      vertex 83.0926 4 28.8369
      vertex 83.0534 4 29
    endloop
  endfacet
  facet normal 0.972311 0 0.233689
    outer loop
      vertex 83.0926 4 28.8369
      vertex 83.0534 0 29
      vertex 83.0926 0 28.8369
    endloop
  endfacet
  facet normal -0.760374 0 0.649486
    outer loop
      vertex 94.6997 0 26.0503
      vertex 95.4131 4 26.8855
      vertex 94.6997 4 26.0503
    endloop
  endfacet
  facet normal -0.760374 0 0.649486
    outer loop
      vertex 95.4131 4 26.8855
      vertex 94.6997 0 26.0503
      vertex 95.4131 0 26.8855
    endloop
  endfacet
  facet normal -0.382727 0 0.923861
    outer loop
      vertex 91.9131 4 24.3426
      vertex 92.9279 0 24.763
      vertex 92.9279 4 24.763
    endloop
  endfacet
  facet normal -0.382727 0 0.923861
    outer loop
      vertex 92.9279 0 24.763
      vertex 91.9131 4 24.3426
      vertex 91.9131 0 24.3426
    endloop
  endfacet
  facet normal 0.923861 -0 0.382727
    outer loop
      vertex 83.0926 0 28.8369
      vertex 83.513 4 27.8221
      vertex 83.0926 4 28.8369
    endloop
  endfacet
  facet normal 0.923861 0 0.382727
    outer loop
      vertex 83.513 4 27.8221
      vertex 83.0926 0 28.8369
      vertex 83.513 0 27.8221
    endloop
  endfacet
  facet normal 0.522466 0 0.85266
    outer loop
      vertex 85.6355 4 25.3369
      vertex 86.5721 0 24.763
      vertex 86.5721 4 24.763
    endloop
  endfacet
  facet normal 0.522466 0 0.85266
    outer loop
      vertex 86.5721 0 24.763
      vertex 85.6355 4 25.3369
      vertex 85.6355 0 25.3369
    endloop
  endfacet
  facet normal 0.649486 0 0.760374
    outer loop
      vertex 84.8003 4 26.0503
      vertex 85.6355 0 25.3369
      vertex 85.6355 4 25.3369
    endloop
  endfacet
  facet normal 0.649486 0 0.760374
    outer loop
      vertex 85.6355 0 25.3369
      vertex 84.8003 4 26.0503
      vertex 84.8003 0 26.0503
    endloop
  endfacet
  facet normal 0.85266 -0 0.522466
    outer loop
      vertex 83.513 0 27.8221
      vertex 84.0869 4 26.8855
      vertex 83.513 4 27.8221
    endloop
  endfacet
  facet normal 0.85266 0 0.522466
    outer loop
      vertex 84.0869 4 26.8855
      vertex 83.513 0 27.8221
      vertex 84.0869 0 26.8855
    endloop
  endfacet
  facet normal -1 0 0
    outer loop
      vertex 121.75 0 8.84
      vertex 121.75 1.3 5
      vertex 121.75 0 5
    endloop
  endfacet
  facet normal -1 0 0
    outer loop
      vertex 121.75 1.3 5
      vertex 121.75 0 8.84
      vertex 121.75 1.3 17
    endloop
  endfacet
  facet normal -1 0 0
    outer loop
      vertex 121.75 -0.0999994 17
      vertex 121.75 0 8.84
      vertex 121.75 -0.0999994 8.84
    endloop
  endfacet
  facet normal -1 0 0
    outer loop
      vertex 121.75 0 8.84
      vertex 121.75 -0.0999994 17
      vertex 121.75 1.3 17
    endloop
  endfacet
  facet normal 0 0 -1
    outer loop
      vertex 57.75 -0.0999994 17
      vertex 121.75 1.3 17
      vertex 121.75 -0.0999994 17
    endloop
  endfacet
  facet normal -0 0 -1
    outer loop
      vertex 121.75 1.3 17
      vertex 57.75 -0.0999994 17
      vertex 57.75 1.3 17
    endloop
  endfacet
  facet normal -0 0 1
    outer loop
      vertex 57.75 1.3 5
      vertex 121.75 0 5
      vertex 121.75 1.3 5
    endloop
  endfacet
  facet normal 0 0 1
    outer loop
      vertex 121.75 0 5
      vertex 57.75 1.3 5
      vertex 57.75 0 5
    endloop
  endfacet
  facet normal 1 0 0
    outer loop
      vertex 57.75 1.3 17
      vertex 57.75 0 8.84
      vertex 57.75 1.3 5
    endloop
  endfacet
  facet normal 1 -0 0
    outer loop
      vertex 57.75 -0.0999994 17
      vertex 57.75 0 8.84
      vertex 57.75 1.3 17
    endloop
  endfacet
  facet normal 1 0 0
    outer loop
      vertex 57.75 0 8.84
      vertex 57.75 -0.0999994 17
      vertex 57.75 -0.0999994 8.84
    endloop
  endfacet
  facet normal 1 0 0
    outer loop
      vertex 57.75 1.3 5
      vertex 57.75 0 8.84
      vertex 57.75 0 5
    endloop
  endfacet
  facet normal 0 -1 0
    outer loop
      vertex 57.75 1.3 5
      vertex 121.75 1.3 17
      vertex 57.75 1.3 17
    endloop
  endfacet
  facet normal 0 -1 -0
    outer loop
      vertex 121.75 1.3 17
      vertex 57.75 1.3 5
      vertex 121.75 1.3 5
    endloop
  endfacet
  facet normal 0 1 -0
    outer loop
      vertex 121.75 -0.0999994 8.84
      vertex 57.75 -0.0999994 17
      vertex 121.75 -0.0999994 17
    endloop
  endfacet
  facet normal 0 1 0
    outer loop
      vertex 57.75 -0.0999994 17
      vertex 121.75 -0.0999994 8.84
      vertex 57.75 -0.0999994 8.84
    endloop
  endfacet
  facet normal -0 0.233447 0.97237
    outer loop
      vertex 17.75 23.8887 6.12681
      vertex 161.75 22.3171 6.50412
      vertex 161.75 23.8887 6.12681
    endloop
  endfacet
  facet normal 0 0.233447 0.97237
    outer loop
      vertex 161.75 22.3171 6.50412
      vertex 17.75 23.8887 6.12681
      vertex 17.75 22.3171 6.50412
    endloop
  endfacet
  facet normal 0 0.972371 0.233441
    outer loop
      vertex 161.75 15.7041 13.1171
      vertex 17.75 15.3268 14.6887
      vertex 161.75 15.3268 14.6887
    endloop
  endfacet
  facet normal 0 0.972371 0.233441
    outer loop
      vertex 17.75 15.3268 14.6887
      vertex 161.75 15.7041 13.1171
      vertex 17.75 15.7041 13.1171
    endloop
  endfacet
  facet normal 0 -0.382687 0.923878
    outer loop
      vertex 17.75 30.1761 7.12263
      vertex 161.75 28.6829 6.50412
      vertex 161.75 30.1761 7.12263
    endloop
  endfacet
  facet normal 0 -0.382687 0.923878
    outer loop
      vertex 161.75 28.6829 6.50412
      vertex 17.75 30.1761 7.12263
      vertex 17.75 28.6829 6.50412
    endloop
  endfacet
  facet normal 0 0.760395 0.649461
    outer loop
      vertex 161.75 18.2168 9.0168
      vertex 17.75 17.1671 10.2458
      vertex 161.75 17.1671 10.2458
    endloop
  endfacet
  facet normal 0 0.760395 0.649461
    outer loop
      vertex 17.75 17.1671 10.2458
      vertex 161.75 18.2168 9.0168
      vertex 17.75 18.2168 9.0168
    endloop
  endfacet
  facet normal 0 0.996918 -0.0784517
    outer loop
      vertex 161.75 15.2 16.3
      vertex 17.75 15.3268 17.9113
      vertex 161.75 15.3268 17.9113
    endloop
  endfacet
  facet normal 0 0.996918 -0.0784517
    outer loop
      vertex 17.75 15.3268 17.9113
      vertex 161.75 15.2 16.3
      vertex 17.75 15.2 16.3
    endloop
  endfacet
  facet normal 0 -0.0784578 0.996917
    outer loop
      vertex 17.75 27.1113 6.12681
      vertex 161.75 25.5 6
      vertex 161.75 27.1113 6.12681
    endloop
  endfacet
  facet normal 0 -0.0784578 0.996917
    outer loop
      vertex 161.75 25.5 6
      vertex 17.75 27.1113 6.12681
      vertex 17.75 25.5 6
    endloop
  endfacet
  facet normal 0 0.97237 -0.233447
    outer loop
      vertex 161.75 15.3268 17.9113
      vertex 17.75 15.6602 19.3
      vertex 161.75 15.6602 19.3
    endloop
  endfacet
  facet normal 0 0.97237 -0.233447
    outer loop
      vertex 17.75 15.6602 19.3
      vertex 161.75 15.3268 17.9113
      vertex 17.75 15.3268 17.9113
    endloop
  endfacet
  facet normal 0 -0.972371 0.233441
    outer loop
      vertex 17.75 35.2959 13.1171
      vertex 161.75 35.6732 14.6887
      vertex 17.75 35.6732 14.6887
    endloop
  endfacet
  facet normal 0 -0.972371 0.233441
    outer loop
      vertex 161.75 35.6732 14.6887
      vertex 17.75 35.2959 13.1171
      vertex 161.75 35.2959 13.1171
    endloop
  endfacet
  facet normal -0 0.382687 0.923878
    outer loop
      vertex 17.75 22.3171 6.50412
      vertex 161.75 20.8239 7.12263
      vertex 161.75 22.3171 6.50412
    endloop
  endfacet
  facet normal 0 0.382687 0.923878
    outer loop
      vertex 161.75 20.8239 7.12263
      vertex 17.75 22.3171 6.50412
      vertex 17.75 20.8239 7.12263
    endloop
  endfacet
  facet normal -0 0.649453 0.760401
    outer loop
      vertex 17.75 19.4458 7.96712
      vertex 161.75 18.2168 9.0168
      vertex 161.75 19.4458 7.96712
    endloop
  endfacet
  facet normal 0 0.649453 0.760401
    outer loop
      vertex 161.75 18.2168 9.0168
      vertex 17.75 19.4458 7.96712
      vertex 17.75 18.2168 9.0168
    endloop
  endfacet
  facet normal 0 -0.996918 0.0784517
    outer loop
      vertex 17.75 35.6732 14.6887
      vertex 161.75 35.8 16.3
      vertex 17.75 35.8 16.3
    endloop
  endfacet
  facet normal 0 -0.996918 0.0784517
    outer loop
      vertex 161.75 35.8 16.3
      vertex 17.75 35.6732 14.6887
      vertex 161.75 35.6732 14.6887
    endloop
  endfacet
  facet normal -0 0.522494 0.852643
    outer loop
      vertex 17.75 20.8239 7.12263
      vertex 161.75 19.4458 7.96712
      vertex 161.75 20.8239 7.12263
    endloop
  endfacet
  facet normal 0 0.522494 0.852643
    outer loop
      vertex 161.75 19.4458 7.96712
      vertex 17.75 20.8239 7.12263
      vertex 17.75 19.4458 7.96712
    endloop
  endfacet
  facet normal 0 -0.97237 -0.233447
    outer loop
      vertex 17.75 35.6732 17.9113
      vertex 161.75 35.3398 19.3
      vertex 17.75 35.3398 19.3
    endloop
  endfacet
  facet normal 0 -0.97237 -0.233447
    outer loop
      vertex 161.75 35.3398 19.3
      vertex 17.75 35.6732 17.9113
      vertex 161.75 35.6732 17.9113
    endloop
  endfacet
  facet normal 0 -0.522494 0.852643
    outer loop
      vertex 17.75 31.5542 7.96712
      vertex 161.75 30.1761 7.12263
      vertex 161.75 31.5542 7.96712
    endloop
  endfacet
  facet normal 0 -0.522494 0.852643
    outer loop
      vertex 161.75 30.1761 7.12263
      vertex 17.75 31.5542 7.96712
      vertex 17.75 30.1761 7.12263
    endloop
  endfacet
  facet normal 0 -0.233447 0.97237
    outer loop
      vertex 17.75 28.6829 6.50412
      vertex 161.75 27.1113 6.12681
      vertex 161.75 28.6829 6.50412
    endloop
  endfacet
  facet normal 0 -0.233447 0.97237
    outer loop
      vertex 161.75 27.1113 6.12681
      vertex 17.75 28.6829 6.50412
      vertex 17.75 27.1113 6.12681
    endloop
  endfacet
  facet normal 0 -0.996918 -0.0784517
    outer loop
      vertex 17.75 35.8 16.3
      vertex 161.75 35.6732 17.9113
      vertex 17.75 35.6732 17.9113
    endloop
  endfacet
  facet normal 0 -0.996918 -0.0784517
    outer loop
      vertex 161.75 35.6732 17.9113
      vertex 17.75 35.8 16.3
      vertex 161.75 35.8 16.3
    endloop
  endfacet
  facet normal 0 -0.760395 0.649461
    outer loop
      vertex 17.75 32.7832 9.0168
      vertex 161.75 33.8329 10.2458
      vertex 17.75 33.8329 10.2458
    endloop
  endfacet
  facet normal 0 -0.760395 0.649461
    outer loop
      vertex 161.75 33.8329 10.2458
      vertex 17.75 32.7832 9.0168
      vertex 161.75 32.7832 9.0168
    endloop
  endfacet
  facet normal -0 0.0784578 0.996917
    outer loop
      vertex 17.75 25.5 6
      vertex 161.75 23.8887 6.12681
      vertex 161.75 25.5 6
    endloop
  endfacet
  facet normal 0 0.0784578 0.996917
    outer loop
      vertex 161.75 23.8887 6.12681
      vertex 17.75 25.5 6
      vertex 17.75 23.8887 6.12681
    endloop
  endfacet
  facet normal 0 0.85264 0.522498
    outer loop
      vertex 161.75 17.1671 10.2458
      vertex 17.75 16.3226 11.6239
      vertex 161.75 16.3226 11.6239
    endloop
  endfacet
  facet normal 0 0.85264 0.522498
    outer loop
      vertex 17.75 16.3226 11.6239
      vertex 161.75 17.1671 10.2458
      vertex 17.75 17.1671 10.2458
    endloop
  endfacet
  facet normal 0 -0.92388 0.382681
    outer loop
      vertex 17.75 34.6774 11.6239
      vertex 161.75 35.2959 13.1171
      vertex 17.75 35.2959 13.1171
    endloop
  endfacet
  facet normal 0 -0.92388 0.382681
    outer loop
      vertex 161.75 35.2959 13.1171
      vertex 17.75 34.6774 11.6239
      vertex 161.75 34.6774 11.6239
    endloop
  endfacet
  facet normal 0 -0.85264 0.522498
    outer loop
      vertex 17.75 33.8329 10.2458
      vertex 161.75 34.6774 11.6239
      vertex 17.75 34.6774 11.6239
    endloop
  endfacet
  facet normal 0 -0.85264 0.522498
    outer loop
      vertex 161.75 34.6774 11.6239
      vertex 17.75 33.8329 10.2458
      vertex 161.75 33.8329 10.2458
    endloop
  endfacet
  facet normal 0 0.92388 0.382681
    outer loop
      vertex 161.75 16.3226 11.6239
      vertex 17.75 15.7041 13.1171
      vertex 161.75 15.7041 13.1171
    endloop
  endfacet
  facet normal 0 0.92388 0.382681
    outer loop
      vertex 17.75 15.7041 13.1171
      vertex 161.75 16.3226 11.6239
      vertex 17.75 16.3226 11.6239
    endloop
  endfacet
  facet normal 1 0 0
    outer loop
      vertex 17.75 35.6732 17.9113
      vertex 17.75 35.6732 14.6887
      vertex 17.75 35.8 16.3
    endloop
  endfacet
  facet normal 1 0 0
    outer loop
      vertex 17.75 35.3398 19.3
      vertex 17.75 35.6732 14.6887
      vertex 17.75 35.6732 17.9113
    endloop
  endfacet
  facet normal 1 0 0
    outer loop
      vertex 17.75 35.3398 19.3
      vertex 17.75 35.2959 13.1171
      vertex 17.75 35.6732 14.6887
    endloop
  endfacet
  facet normal 1 0 0
    outer loop
      vertex 17.75 35.3398 19.3
      vertex 17.75 34.6774 11.6239
      vertex 17.75 35.2959 13.1171
    endloop
  endfacet
  facet normal 1 0 0
    outer loop
      vertex 17.75 35.3398 19.3
      vertex 17.75 33.8329 10.2458
      vertex 17.75 34.6774 11.6239
    endloop
  endfacet
  facet normal 1 0 0
    outer loop
      vertex 17.75 35.3398 19.3
      vertex 17.75 32.7832 9.0168
      vertex 17.75 33.8329 10.2458
    endloop
  endfacet
  facet normal 1 0 0
    outer loop
      vertex 17.75 35.3398 19.3
      vertex 17.75 31.5542 7.96712
      vertex 17.75 32.7832 9.0168
    endloop
  endfacet
  facet normal 1 0 0
    outer loop
      vertex 17.75 35.3398 19.3
      vertex 17.75 30.1761 7.12263
      vertex 17.75 31.5542 7.96712
    endloop
  endfacet
  facet normal 1 0 0
    outer loop
      vertex 17.75 35.3398 19.3
      vertex 17.75 28.6829 6.50412
      vertex 17.75 30.1761 7.12263
    endloop
  endfacet
  facet normal 1 0 0
    outer loop
      vertex 17.75 35.3398 19.3
      vertex 17.75 27.1113 6.12681
      vertex 17.75 28.6829 6.50412
    endloop
  endfacet
  facet normal 1 0 0
    outer loop
      vertex 17.75 35.3398 19.3
      vertex 17.75 25.5 6
      vertex 17.75 27.1113 6.12681
    endloop
  endfacet
  facet normal 1 0 0
    outer loop
      vertex 17.75 35.3398 19.3
      vertex 17.75 23.8887 6.12681
      vertex 17.75 25.5 6
    endloop
  endfacet
  facet normal 1 0 0
    outer loop
      vertex 17.75 35.3398 19.3
      vertex 17.75 22.3171 6.50412
      vertex 17.75 23.8887 6.12681
    endloop
  endfacet
  facet normal 1 0 0
    outer loop
      vertex 17.75 35.3398 19.3
      vertex 17.75 20.8239 7.12263
      vertex 17.75 22.3171 6.50412
    endloop
  endfacet
  facet normal 1 0 0
    outer loop
      vertex 17.75 35.3398 19.3
      vertex 17.75 19.4458 7.96712
      vertex 17.75 20.8239 7.12263
    endloop
  endfacet
  facet normal 1 0 0
    outer loop
      vertex 17.75 35.3398 19.3
      vertex 17.75 18.2168 9.0168
      vertex 17.75 19.4458 7.96712
    endloop
  endfacet
  facet normal 1 0 0
    outer loop
      vertex 17.75 35.3398 19.3
      vertex 17.75 17.1671 10.2458
      vertex 17.75 18.2168 9.0168
    endloop
  endfacet
  facet normal 1 0 0
    outer loop
      vertex 17.75 35.3398 19.3
      vertex 17.75 16.3226 11.6239
      vertex 17.75 17.1671 10.2458
    endloop
  endfacet
  facet normal 1 0 0
    outer loop
      vertex 17.75 35.3398 19.3
      vertex 17.75 15.7041 13.1171
      vertex 17.75 16.3226 11.6239
    endloop
  endfacet
  facet normal 1 -0 0
    outer loop
      vertex 17.75 15.6602 19.3
      vertex 17.75 15.7041 13.1171
      vertex 17.75 35.3398 19.3
    endloop
  endfacet
  facet normal 1 -0 0
    outer loop
      vertex 17.75 15.3268 17.9113
      vertex 17.75 15.7041 13.1171
      vertex 17.75 15.6602 19.3
    endloop
  endfacet
  facet normal 1 0 0
    outer loop
      vertex 17.75 15.3268 17.9113
      vertex 17.75 15.3268 14.6887
      vertex 17.75 15.7041 13.1171
    endloop
  endfacet
  facet normal 1 0 -0
    outer loop
      vertex 17.75 15.3268 14.6887
      vertex 17.75 15.3268 17.9113
      vertex 17.75 15.2 16.3
    endloop
  endfacet
  facet normal 0 0.996918 0.0784517
    outer loop
      vertex 161.75 15.3268 14.6887
      vertex 17.75 15.2 16.3
      vertex 161.75 15.2 16.3
    endloop
  endfacet
  facet normal 0 0.996918 0.0784517
    outer loop
      vertex 17.75 15.2 16.3
      vertex 161.75 15.3268 14.6887
      vertex 17.75 15.3268 14.6887
    endloop
  endfacet
  facet normal 0 -0.649453 0.760401
    outer loop
      vertex 17.75 32.7832 9.0168
      vertex 161.75 31.5542 7.96712
      vertex 161.75 32.7832 9.0168
    endloop
  endfacet
  facet normal 0 -0.649453 0.760401
    outer loop
      vertex 161.75 31.5542 7.96712
      vertex 17.75 32.7832 9.0168
      vertex 17.75 31.5542 7.96712
    endloop
  endfacet
  facet normal -1 0 0
    outer loop
      vertex 161.75 35.6732 14.6887
      vertex 161.75 35.6732 17.9113
      vertex 161.75 35.8 16.3
    endloop
  endfacet
  facet normal -1 0 0
    outer loop
      vertex 161.75 35.6732 14.6887
      vertex 161.75 35.3398 19.3
      vertex 161.75 35.6732 17.9113
    endloop
  endfacet
  facet normal -1 0 0
    outer loop
      vertex 161.75 35.2959 13.1171
      vertex 161.75 35.3398 19.3
      vertex 161.75 35.6732 14.6887
    endloop
  endfacet
  facet normal -1 0 0
    outer loop
      vertex 161.75 34.6774 11.6239
      vertex 161.75 35.3398 19.3
      vertex 161.75 35.2959 13.1171
    endloop
  endfacet
  facet normal -1 0 0
    outer loop
      vertex 161.75 33.8329 10.2458
      vertex 161.75 35.3398 19.3
      vertex 161.75 34.6774 11.6239
    endloop
  endfacet
  facet normal -1 0 0
    outer loop
      vertex 161.75 32.7832 9.0168
      vertex 161.75 35.3398 19.3
      vertex 161.75 33.8329 10.2458
    endloop
  endfacet
  facet normal -1 0 0
    outer loop
      vertex 161.75 31.5542 7.96712
      vertex 161.75 35.3398 19.3
      vertex 161.75 32.7832 9.0168
    endloop
  endfacet
  facet normal -1 0 0
    outer loop
      vertex 161.75 30.1761 7.12263
      vertex 161.75 35.3398 19.3
      vertex 161.75 31.5542 7.96712
    endloop
  endfacet
  facet normal -1 0 0
    outer loop
      vertex 161.75 28.6829 6.50412
      vertex 161.75 35.3398 19.3
      vertex 161.75 30.1761 7.12263
    endloop
  endfacet
  facet normal -1 0 0
    outer loop
      vertex 161.75 27.1113 6.12681
      vertex 161.75 35.3398 19.3
      vertex 161.75 28.6829 6.50412
    endloop
  endfacet
  facet normal -1 0 0
    outer loop
      vertex 161.75 25.5 6
      vertex 161.75 35.3398 19.3
      vertex 161.75 27.1113 6.12681
    endloop
  endfacet
  facet normal -1 0 0
    outer loop
      vertex 161.75 23.8887 6.12681
      vertex 161.75 35.3398 19.3
      vertex 161.75 25.5 6
    endloop
  endfacet
  facet normal -1 0 0
    outer loop
      vertex 161.75 22.3171 6.50412
      vertex 161.75 35.3398 19.3
      vertex 161.75 23.8887 6.12681
    endloop
  endfacet
  facet normal -1 0 0
    outer loop
      vertex 161.75 20.8239 7.12263
      vertex 161.75 35.3398 19.3
      vertex 161.75 22.3171 6.50412
    endloop
  endfacet
  facet normal -1 0 0
    outer loop
      vertex 161.75 19.4458 7.96712
      vertex 161.75 35.3398 19.3
      vertex 161.75 20.8239 7.12263
    endloop
  endfacet
  facet normal -1 0 0
    outer loop
      vertex 161.75 18.2168 9.0168
      vertex 161.75 35.3398 19.3
      vertex 161.75 19.4458 7.96712
    endloop
  endfacet
  facet normal -1 0 0
    outer loop
      vertex 161.75 17.1671 10.2458
      vertex 161.75 35.3398 19.3
      vertex 161.75 18.2168 9.0168
    endloop
  endfacet
  facet normal -1 0 0
    outer loop
      vertex 161.75 16.3226 11.6239
      vertex 161.75 35.3398 19.3
      vertex 161.75 17.1671 10.2458
    endloop
  endfacet
  facet normal -1 0 0
    outer loop
      vertex 161.75 15.7041 13.1171
      vertex 161.75 35.3398 19.3
      vertex 161.75 16.3226 11.6239
    endloop
  endfacet
  facet normal -1 0 0
    outer loop
      vertex 161.75 15.7041 13.1171
      vertex 161.75 15.6602 19.3
      vertex 161.75 35.3398 19.3
    endloop
  endfacet
  facet normal -1 0 0
    outer loop
      vertex 161.75 15.3268 14.6887
      vertex 161.75 15.6602 19.3
      vertex 161.75 15.7041 13.1171
    endloop
  endfacet
  facet normal -1 0 0
    outer loop
      vertex 161.75 15.3268 14.6887
      vertex 161.75 15.3268 17.9113
      vertex 161.75 15.6602 19.3
    endloop
  endfacet
  facet normal -1 0 -0
    outer loop
      vertex 161.75 15.3268 17.9113
      vertex 161.75 15.3268 14.6887
      vertex 161.75 15.2 16.3
    endloop
  endfacet
  facet normal -0 0.233447 0.97237
    outer loop
      vertex 17.75 48.4887 6.12681
      vertex 161.75 46.9171 6.50412
      vertex 161.75 48.4887 6.12681
    endloop
  endfacet
  facet normal 0 0.233447 0.97237
    outer loop
      vertex 161.75 46.9171 6.50412
      vertex 17.75 48.4887 6.12681
      vertex 17.75 46.9171 6.50412
    endloop
  endfacet
  facet normal 0 0.996918 0.0784517
    outer loop
      vertex 161.75 39.9268 14.6887
      vertex 17.75 39.8 16.3
      vertex 161.75 39.8 16.3
    endloop
  endfacet
  facet normal 0 0.996918 0.0784517
    outer loop
      vertex 17.75 39.8 16.3
      vertex 161.75 39.9268 14.6887
      vertex 17.75 39.9268 14.6887
    endloop
  endfacet
  facet normal 0 -0.382687 0.923878
    outer loop
      vertex 17.75 54.7761 7.12263
      vertex 161.75 53.2829 6.50412
      vertex 161.75 54.7761 7.12263
    endloop
  endfacet
  facet normal 0 -0.382687 0.923878
    outer loop
      vertex 161.75 53.2829 6.50412
      vertex 17.75 54.7761 7.12263
      vertex 17.75 53.2829 6.50412
    endloop
  endfacet
  facet normal 0 -0.0784578 0.996917
    outer loop
      vertex 17.75 51.7113 6.12681
      vertex 161.75 50.1 6
      vertex 161.75 51.7113 6.12681
    endloop
  endfacet
  facet normal 0 -0.0784578 0.996917
    outer loop
      vertex 161.75 50.1 6
      vertex 17.75 51.7113 6.12681
      vertex 17.75 50.1 6
    endloop
  endfacet
  facet normal 0 0.760395 0.649461
    outer loop
      vertex 161.75 42.8168 9.0168
      vertex 17.75 41.7671 10.2458
      vertex 161.75 41.7671 10.2458
    endloop
  endfacet
  facet normal 0 0.760395 0.649461
    outer loop
      vertex 17.75 41.7671 10.2458
      vertex 161.75 42.8168 9.0168
      vertex 17.75 42.8168 9.0168
    endloop
  endfacet
  facet normal 0 -0.972371 0.233441
    outer loop
      vertex 17.75 59.8959 13.1171
      vertex 161.75 60.2732 14.6887
      vertex 17.75 60.2732 14.6887
    endloop
  endfacet
  facet normal 0 -0.972371 0.233441
    outer loop
      vertex 161.75 60.2732 14.6887
      vertex 17.75 59.8959 13.1171
      vertex 161.75 59.8959 13.1171
    endloop
  endfacet
  facet normal 0 0.972371 0.233441
    outer loop
      vertex 161.75 40.3041 13.1171
      vertex 17.75 39.9268 14.6887
      vertex 161.75 39.9268 14.6887
    endloop
  endfacet
  facet normal 0 0.972371 0.233441
    outer loop
      vertex 17.75 39.9268 14.6887
      vertex 161.75 40.3041 13.1171
      vertex 17.75 40.3041 13.1171
    endloop
  endfacet
  facet normal -0 0.382687 0.923878
    outer loop
      vertex 17.75 46.9171 6.50412
      vertex 161.75 45.4239 7.12263
      vertex 161.75 46.9171 6.50412
    endloop
  endfacet
  facet normal 0 0.382687 0.923878
    outer loop
      vertex 161.75 45.4239 7.12263
      vertex 17.75 46.9171 6.50412
      vertex 17.75 45.4239 7.12263
    endloop
  endfacet
  facet normal -1 0 0
    outer loop
      vertex 161.75 60.2732 14.6887
      vertex 161.75 60.2732 17.9113
      vertex 161.75 60.4 16.3
    endloop
  endfacet
  facet normal -1 0 0
    outer loop
      vertex 161.75 60.2732 14.6887
      vertex 161.75 59.9398 19.3
      vertex 161.75 60.2732 17.9113
    endloop
  endfacet
  facet normal -1 0 0
    outer loop
      vertex 161.75 59.8959 13.1171
      vertex 161.75 59.9398 19.3
      vertex 161.75 60.2732 14.6887
    endloop
  endfacet
  facet normal -1 0 0
    outer loop
      vertex 161.75 59.2774 11.6239
      vertex 161.75 59.9398 19.3
      vertex 161.75 59.8959 13.1171
    endloop
  endfacet
  facet normal -1 0 0
    outer loop
      vertex 161.75 58.4329 10.2458
      vertex 161.75 59.9398 19.3
      vertex 161.75 59.2774 11.6239
    endloop
  endfacet
  facet normal -1 0 0
    outer loop
      vertex 161.75 57.3832 9.0168
      vertex 161.75 59.9398 19.3
      vertex 161.75 58.4329 10.2458
    endloop
  endfacet
  facet normal -1 0 0
    outer loop
      vertex 161.75 56.1542 7.96712
      vertex 161.75 59.9398 19.3
      vertex 161.75 57.3832 9.0168
    endloop
  endfacet
  facet normal -1 0 0
    outer loop
      vertex 161.75 54.7761 7.12263
      vertex 161.75 59.9398 19.3
      vertex 161.75 56.1542 7.96712
    endloop
  endfacet
  facet normal -1 0 0
    outer loop
      vertex 161.75 53.2829 6.50412
      vertex 161.75 59.9398 19.3
      vertex 161.75 54.7761 7.12263
    endloop
  endfacet
  facet normal -1 0 0
    outer loop
      vertex 161.75 51.7113 6.12681
      vertex 161.75 59.9398 19.3
      vertex 161.75 53.2829 6.50412
    endloop
  endfacet
  facet normal -1 0 0
    outer loop
      vertex 161.75 50.1 6
      vertex 161.75 59.9398 19.3
      vertex 161.75 51.7113 6.12681
    endloop
  endfacet
  facet normal -1 0 0
    outer loop
      vertex 161.75 48.4887 6.12681
      vertex 161.75 59.9398 19.3
      vertex 161.75 50.1 6
    endloop
  endfacet
  facet normal -1 0 0
    outer loop
      vertex 161.75 46.9171 6.50412
      vertex 161.75 59.9398 19.3
      vertex 161.75 48.4887 6.12681
    endloop
  endfacet
  facet normal -1 0 0
    outer loop
      vertex 161.75 45.4239 7.12263
      vertex 161.75 59.9398 19.3
      vertex 161.75 46.9171 6.50412
    endloop
  endfacet
  facet normal -1 0 0
    outer loop
      vertex 161.75 44.0458 7.96712
      vertex 161.75 59.9398 19.3
      vertex 161.75 45.4239 7.12263
    endloop
  endfacet
  facet normal -1 0 0
    outer loop
      vertex 161.75 42.8168 9.0168
      vertex 161.75 59.9398 19.3
      vertex 161.75 44.0458 7.96712
    endloop
  endfacet
  facet normal -1 0 0
    outer loop
      vertex 161.75 41.7671 10.2458
      vertex 161.75 59.9398 19.3
      vertex 161.75 42.8168 9.0168
    endloop
  endfacet
  facet normal -1 0 0
    outer loop
      vertex 161.75 40.9226 11.6239
      vertex 161.75 59.9398 19.3
      vertex 161.75 41.7671 10.2458
    endloop
  endfacet
  facet normal -1 0 0
    outer loop
      vertex 161.75 40.3041 13.1171
      vertex 161.75 59.9398 19.3
      vertex 161.75 40.9226 11.6239
    endloop
  endfacet
  facet normal -1 0 0
    outer loop
      vertex 161.75 40.3041 13.1171
      vertex 161.75 40.2602 19.3
      vertex 161.75 59.9398 19.3
    endloop
  endfacet
  facet normal -1 0 0
    outer loop
      vertex 161.75 39.9268 14.6887
      vertex 161.75 40.2602 19.3
      vertex 161.75 40.3041 13.1171
    endloop
  endfacet
  facet normal -1 0 0
    outer loop
      vertex 161.75 39.9268 14.6887
      vertex 161.75 39.9268 17.9113
      vertex 161.75 40.2602 19.3
    endloop
  endfacet
  facet normal -1 0 -0
    outer loop
      vertex 161.75 39.9268 17.9113
      vertex 161.75 39.9268 14.6887
      vertex 161.75 39.8 16.3
    endloop
  endfacet
  facet normal -0 0.522494 0.852643
    outer loop
      vertex 17.75 45.4239 7.12263
      vertex 161.75 44.0458 7.96712
      vertex 161.75 45.4239 7.12263
    endloop
  endfacet
  facet normal 0 0.522494 0.852643
    outer loop
      vertex 161.75 44.0458 7.96712
      vertex 17.75 45.4239 7.12263
      vertex 17.75 44.0458 7.96712
    endloop
  endfacet
  facet normal 0 -0.97237 -0.233447
    outer loop
      vertex 17.75 60.2732 17.9113
      vertex 161.75 59.9398 19.3
      vertex 17.75 59.9398 19.3
    endloop
  endfacet
  facet normal 0 -0.97237 -0.233447
    outer loop
      vertex 161.75 59.9398 19.3
      vertex 17.75 60.2732 17.9113
      vertex 161.75 60.2732 17.9113
    endloop
  endfacet
  facet normal 0 -0.522494 0.852643
    outer loop
      vertex 17.75 56.1542 7.96712
      vertex 161.75 54.7761 7.12263
      vertex 161.75 56.1542 7.96712
    endloop
  endfacet
  facet normal 0 -0.522494 0.852643
    outer loop
      vertex 161.75 54.7761 7.12263
      vertex 17.75 56.1542 7.96712
      vertex 17.75 54.7761 7.12263
    endloop
  endfacet
  facet normal 0 -0.233447 0.97237
    outer loop
      vertex 17.75 53.2829 6.50412
      vertex 161.75 51.7113 6.12681
      vertex 161.75 53.2829 6.50412
    endloop
  endfacet
  facet normal 0 -0.233447 0.97237
    outer loop
      vertex 161.75 51.7113 6.12681
      vertex 17.75 53.2829 6.50412
      vertex 17.75 51.7113 6.12681
    endloop
  endfacet
  facet normal 0 -0.996918 -0.0784517
    outer loop
      vertex 17.75 60.4 16.3
      vertex 161.75 60.2732 17.9113
      vertex 17.75 60.2732 17.9113
    endloop
  endfacet
  facet normal 0 -0.996918 -0.0784517
    outer loop
      vertex 161.75 60.2732 17.9113
      vertex 17.75 60.4 16.3
      vertex 161.75 60.4 16.3
    endloop
  endfacet
  facet normal 0 -0.996918 0.0784517
    outer loop
      vertex 17.75 60.2732 14.6887
      vertex 161.75 60.4 16.3
      vertex 17.75 60.4 16.3
    endloop
  endfacet
  facet normal 0 -0.996918 0.0784517
    outer loop
      vertex 161.75 60.4 16.3
      vertex 17.75 60.2732 14.6887
      vertex 161.75 60.2732 14.6887
    endloop
  endfacet
  facet normal 0 -0.760395 0.649461
    outer loop
      vertex 17.75 57.3832 9.0168
      vertex 161.75 58.4329 10.2458
      vertex 17.75 58.4329 10.2458
    endloop
  endfacet
  facet normal 0 -0.760395 0.649461
    outer loop
      vertex 161.75 58.4329 10.2458
      vertex 17.75 57.3832 9.0168
      vertex 161.75 57.3832 9.0168
    endloop
  endfacet
  facet normal 0 0.85264 0.522498
    outer loop
      vertex 161.75 41.7671 10.2458
      vertex 17.75 40.9226 11.6239
      vertex 161.75 40.9226 11.6239
    endloop
  endfacet
  facet normal 0 0.85264 0.522498
    outer loop
      vertex 17.75 40.9226 11.6239
      vertex 161.75 41.7671 10.2458
      vertex 17.75 41.7671 10.2458
    endloop
  endfacet
  facet normal 0 0.92388 0.382681
    outer loop
      vertex 161.75 40.9226 11.6239
      vertex 17.75 40.3041 13.1171
      vertex 161.75 40.3041 13.1171
    endloop
  endfacet
  facet normal 0 0.92388 0.382681
    outer loop
      vertex 17.75 40.3041 13.1171
      vertex 161.75 40.9226 11.6239
      vertex 17.75 40.9226 11.6239
    endloop
  endfacet
  facet normal -0 0.0784578 0.996917
    outer loop
      vertex 17.75 50.1 6
      vertex 161.75 48.4887 6.12681
      vertex 161.75 50.1 6
    endloop
  endfacet
  facet normal 0 0.0784578 0.996917
    outer loop
      vertex 161.75 48.4887 6.12681
      vertex 17.75 50.1 6
      vertex 17.75 48.4887 6.12681
    endloop
  endfacet
  facet normal 0 0.97237 -0.233447
    outer loop
      vertex 161.75 39.9268 17.9113
      vertex 17.75 40.2602 19.3
      vertex 161.75 40.2602 19.3
    endloop
  endfacet
  facet normal 0 0.97237 -0.233447
    outer loop
      vertex 17.75 40.2602 19.3
      vertex 161.75 39.9268 17.9113
      vertex 17.75 39.9268 17.9113
    endloop
  endfacet
  facet normal 0 -0.85264 0.522498
    outer loop
      vertex 17.75 58.4329 10.2458
      vertex 161.75 59.2774 11.6239
      vertex 17.75 59.2774 11.6239
    endloop
  endfacet
  facet normal 0 -0.85264 0.522498
    outer loop
      vertex 161.75 59.2774 11.6239
      vertex 17.75 58.4329 10.2458
      vertex 161.75 58.4329 10.2458
    endloop
  endfacet
  facet normal 0 0.996918 -0.0784517
    outer loop
      vertex 161.75 39.8 16.3
      vertex 17.75 39.9268 17.9113
      vertex 161.75 39.9268 17.9113
    endloop
  endfacet
  facet normal 0 0.996918 -0.0784517
    outer loop
      vertex 17.75 39.9268 17.9113
      vertex 161.75 39.8 16.3
      vertex 17.75 39.8 16.3
    endloop
  endfacet
  facet normal 0 -0.649453 0.760401
    outer loop
      vertex 17.75 57.3832 9.0168
      vertex 161.75 56.1542 7.96712
      vertex 161.75 57.3832 9.0168
    endloop
  endfacet
  facet normal 0 -0.649453 0.760401
    outer loop
      vertex 161.75 56.1542 7.96712
      vertex 17.75 57.3832 9.0168
      vertex 17.75 56.1542 7.96712
    endloop
  endfacet
  facet normal 0 -0.92388 0.382681
    outer loop
      vertex 17.75 59.2774 11.6239
      vertex 161.75 59.8959 13.1171
      vertex 17.75 59.8959 13.1171
    endloop
  endfacet
  facet normal 0 -0.92388 0.382681
    outer loop
      vertex 161.75 59.8959 13.1171
      vertex 17.75 59.2774 11.6239
      vertex 161.75 59.2774 11.6239
    endloop
  endfacet
  facet normal -0 0.649453 0.760401
    outer loop
      vertex 17.75 44.0458 7.96712
      vertex 161.75 42.8168 9.0168
      vertex 161.75 44.0458 7.96712
    endloop
  endfacet
  facet normal 0 0.649453 0.760401
    outer loop
      vertex 161.75 42.8168 9.0168
      vertex 17.75 44.0458 7.96712
      vertex 17.75 42.8168 9.0168
    endloop
  endfacet
  facet normal 1 0 0
    outer loop
      vertex 17.75 60.2732 17.9113
      vertex 17.75 60.2732 14.6887
      vertex 17.75 60.4 16.3
    endloop
  endfacet
  facet normal 1 0 0
    outer loop
      vertex 17.75 59.9398 19.3
      vertex 17.75 60.2732 14.6887
      vertex 17.75 60.2732 17.9113
    endloop
  endfacet
  facet normal 1 0 0
    outer loop
      vertex 17.75 59.9398 19.3
      vertex 17.75 59.8959 13.1171
      vertex 17.75 60.2732 14.6887
    endloop
  endfacet
  facet normal 1 0 0
    outer loop
      vertex 17.75 59.9398 19.3
      vertex 17.75 59.2774 11.6239
      vertex 17.75 59.8959 13.1171
    endloop
  endfacet
  facet normal 1 0 0
    outer loop
      vertex 17.75 59.9398 19.3
      vertex 17.75 58.4329 10.2458
      vertex 17.75 59.2774 11.6239
    endloop
  endfacet
  facet normal 1 0 0
    outer loop
      vertex 17.75 59.9398 19.3
      vertex 17.75 57.3832 9.0168
      vertex 17.75 58.4329 10.2458
    endloop
  endfacet
  facet normal 1 0 0
    outer loop
      vertex 17.75 59.9398 19.3
      vertex 17.75 56.1542 7.96712
      vertex 17.75 57.3832 9.0168
    endloop
  endfacet
  facet normal 1 0 0
    outer loop
      vertex 17.75 59.9398 19.3
      vertex 17.75 54.7761 7.12263
      vertex 17.75 56.1542 7.96712
    endloop
  endfacet
  facet normal 1 0 0
    outer loop
      vertex 17.75 59.9398 19.3
      vertex 17.75 53.2829 6.50412
      vertex 17.75 54.7761 7.12263
    endloop
  endfacet
  facet normal 1 0 0
    outer loop
      vertex 17.75 59.9398 19.3
      vertex 17.75 51.7113 6.12681
      vertex 17.75 53.2829 6.50412
    endloop
  endfacet
  facet normal 1 0 0
    outer loop
      vertex 17.75 59.9398 19.3
      vertex 17.75 50.1 6
      vertex 17.75 51.7113 6.12681
    endloop
  endfacet
  facet normal 1 0 0
    outer loop
      vertex 17.75 59.9398 19.3
      vertex 17.75 48.4887 6.12681
      vertex 17.75 50.1 6
    endloop
  endfacet
  facet normal 1 0 0
    outer loop
      vertex 17.75 59.9398 19.3
      vertex 17.75 46.9171 6.50412
      vertex 17.75 48.4887 6.12681
    endloop
  endfacet
  facet normal 1 0 0
    outer loop
      vertex 17.75 59.9398 19.3
      vertex 17.75 45.4239 7.12263
      vertex 17.75 46.9171 6.50412
    endloop
  endfacet
  facet normal 1 0 0
    outer loop
      vertex 17.75 59.9398 19.3
      vertex 17.75 44.0458 7.96712
      vertex 17.75 45.4239 7.12263
    endloop
  endfacet
  facet normal 1 0 0
    outer loop
      vertex 17.75 59.9398 19.3
      vertex 17.75 42.8168 9.0168
      vertex 17.75 44.0458 7.96712
    endloop
  endfacet
  facet normal 1 0 0
    outer loop
      vertex 17.75 59.9398 19.3
      vertex 17.75 41.7671 10.2458
      vertex 17.75 42.8168 9.0168
    endloop
  endfacet
  facet normal 1 0 0
    outer loop
      vertex 17.75 59.9398 19.3
      vertex 17.75 40.9226 11.6239
      vertex 17.75 41.7671 10.2458
    endloop
  endfacet
  facet normal 1 0 0
    outer loop
      vertex 17.75 59.9398 19.3
      vertex 17.75 40.3041 13.1171
      vertex 17.75 40.9226 11.6239
    endloop
  endfacet
  facet normal 1 -0 0
    outer loop
      vertex 17.75 40.2602 19.3
      vertex 17.75 40.3041 13.1171
      vertex 17.75 59.9398 19.3
    endloop
  endfacet
  facet normal 1 -0 0
    outer loop
      vertex 17.75 39.9268 17.9113
      vertex 17.75 40.3041 13.1171
      vertex 17.75 40.2602 19.3
    endloop
  endfacet
  facet normal 1 0 0
    outer loop
      vertex 17.75 39.9268 17.9113
      vertex 17.75 39.9268 14.6887
      vertex 17.75 40.3041 13.1171
    endloop
  endfacet
  facet normal 1 0 -0
    outer loop
      vertex 17.75 39.9268 14.6887
      vertex 17.75 39.9268 17.9113
      vertex 17.75 39.8 16.3
    endloop
  endfacet
  facet normal -0 0.233447 0.97237
    outer loop
      vertex 17.75 73.0887 6.12681
      vertex 161.75 71.5171 6.50412
      vertex 161.75 73.0887 6.12681
    endloop
  endfacet
  facet normal 0 0.233447 0.97237
    outer loop
      vertex 161.75 71.5171 6.50412
      vertex 17.75 73.0887 6.12681
      vertex 17.75 71.5171 6.50412
    endloop
  endfacet
  facet normal 0 0.972371 0.233441
    outer loop
      vertex 161.75 64.9041 13.1171
      vertex 17.75 64.5268 14.6887
      vertex 161.75 64.5268 14.6887
    endloop
  endfacet
  facet normal 0 0.972371 0.233441
    outer loop
      vertex 17.75 64.5268 14.6887
      vertex 161.75 64.9041 13.1171
      vertex 17.75 64.9041 13.1171
    endloop
  endfacet
  facet normal 0 -0.382687 0.923878
    outer loop
      vertex 17.75 79.3761 7.12263
      vertex 161.75 77.8829 6.50412
      vertex 161.75 79.3761 7.12263
    endloop
  endfacet
  facet normal 0 -0.382687 0.923878
    outer loop
      vertex 161.75 77.8829 6.50412
      vertex 17.75 79.3761 7.12263
      vertex 17.75 77.8829 6.50412
    endloop
  endfacet
  facet normal 0 0.760395 0.649461
    outer loop
      vertex 161.75 67.4168 9.0168
      vertex 17.75 66.3671 10.2458
      vertex 161.75 66.3671 10.2458
    endloop
  endfacet
  facet normal 0 0.760395 0.649461
    outer loop
      vertex 17.75 66.3671 10.2458
      vertex 161.75 67.4168 9.0168
      vertex 17.75 67.4168 9.0168
    endloop
  endfacet
  facet normal 0 0.92388 0.382681
    outer loop
      vertex 161.75 65.5226 11.6239
      vertex 17.75 64.9041 13.1171
      vertex 161.75 64.9041 13.1171
    endloop
  endfacet
  facet normal 0 0.92388 0.382681
    outer loop
      vertex 17.75 64.9041 13.1171
      vertex 161.75 65.5226 11.6239
      vertex 17.75 65.5226 11.6239
    endloop
  endfacet
  facet normal 0 -0.0784578 0.996917
    outer loop
      vertex 17.75 76.3113 6.12681
      vertex 161.75 74.7 6
      vertex 161.75 76.3113 6.12681
    endloop
  endfacet
  facet normal 0 -0.0784578 0.996917
    outer loop
      vertex 161.75 74.7 6
      vertex 17.75 76.3113 6.12681
      vertex 17.75 74.7 6
    endloop
  endfacet
  facet normal 0 0.97237 -0.233447
    outer loop
      vertex 161.75 64.5268 17.9113
      vertex 17.75 64.8602 19.3
      vertex 161.75 64.8602 19.3
    endloop
  endfacet
  facet normal 0 0.97237 -0.233447
    outer loop
      vertex 17.75 64.8602 19.3
      vertex 161.75 64.5268 17.9113
      vertex 17.75 64.5268 17.9113
    endloop
  endfacet
  facet normal 0 -0.92388 0.382681
    outer loop
      vertex 17.75 83.8774 11.6239
      vertex 161.75 84.4959 13.1171
      vertex 17.75 84.4959 13.1171
    endloop
  endfacet
  facet normal 0 -0.92388 0.382681
    outer loop
      vertex 161.75 84.4959 13.1171
      vertex 17.75 83.8774 11.6239
      vertex 161.75 83.8774 11.6239
    endloop
  endfacet
  facet normal -0 0.382687 0.923878
    outer loop
      vertex 17.75 71.5171 6.50412
      vertex 161.75 70.0239 7.12263
      vertex 161.75 71.5171 6.50412
    endloop
  endfacet
  facet normal 0 0.382687 0.923878
    outer loop
      vertex 161.75 70.0239 7.12263
      vertex 17.75 71.5171 6.50412
      vertex 17.75 70.0239 7.12263
    endloop
  endfacet
  facet normal -0 0.649453 0.760401
    outer loop
      vertex 17.75 68.6458 7.96712
      vertex 161.75 67.4168 9.0168
      vertex 161.75 68.6458 7.96712
    endloop
  endfacet
  facet normal 0 0.649453 0.760401
    outer loop
      vertex 161.75 67.4168 9.0168
      vertex 17.75 68.6458 7.96712
      vertex 17.75 67.4168 9.0168
    endloop
  endfacet
  facet normal -0 0.522494 0.852643
    outer loop
      vertex 17.75 70.0239 7.12263
      vertex 161.75 68.6458 7.96712
      vertex 161.75 70.0239 7.12263
    endloop
  endfacet
  facet normal 0 0.522494 0.852643
    outer loop
      vertex 161.75 68.6458 7.96712
      vertex 17.75 70.0239 7.12263
      vertex 17.75 68.6458 7.96712
    endloop
  endfacet
  facet normal 0 -0.97237 -0.233447
    outer loop
      vertex 17.75 84.8732 17.9113
      vertex 161.75 84.5398 19.3
      vertex 17.75 84.5398 19.3
    endloop
  endfacet
  facet normal 0 -0.97237 -0.233447
    outer loop
      vertex 161.75 84.5398 19.3
      vertex 17.75 84.8732 17.9113
      vertex 161.75 84.8732 17.9113
    endloop
  endfacet
  facet normal 0 -0.522494 0.852643
    outer loop
      vertex 17.75 80.7542 7.96712
      vertex 161.75 79.3761 7.12263
      vertex 161.75 80.7542 7.96712
    endloop
  endfacet
  facet normal 0 -0.522494 0.852643
    outer loop
      vertex 161.75 79.3761 7.12263
      vertex 17.75 80.7542 7.96712
      vertex 17.75 79.3761 7.12263
    endloop
  endfacet
  facet normal 0 -0.233447 0.97237
    outer loop
      vertex 17.75 77.8829 6.50412
      vertex 161.75 76.3113 6.12681
      vertex 161.75 77.8829 6.50412
    endloop
  endfacet
  facet normal 0 -0.233447 0.97237
    outer loop
      vertex 161.75 76.3113 6.12681
      vertex 17.75 77.8829 6.50412
      vertex 17.75 76.3113 6.12681
    endloop
  endfacet
  facet normal 0 0.996918 -0.0784517
    outer loop
      vertex 161.75 64.4 16.3
      vertex 17.75 64.5268 17.9113
      vertex 161.75 64.5268 17.9113
    endloop
  endfacet
  facet normal 0 0.996918 -0.0784517
    outer loop
      vertex 17.75 64.5268 17.9113
      vertex 161.75 64.4 16.3
      vertex 17.75 64.4 16.3
    endloop
  endfacet
  facet normal 0 -0.996918 0.0784517
    outer loop
      vertex 17.75 84.8732 14.6887
      vertex 161.75 85 16.3
      vertex 17.75 85 16.3
    endloop
  endfacet
  facet normal 0 -0.996918 0.0784517
    outer loop
      vertex 161.75 85 16.3
      vertex 17.75 84.8732 14.6887
      vertex 161.75 84.8732 14.6887
    endloop
  endfacet
  facet normal 0 -0.760395 0.649461
    outer loop
      vertex 17.75 81.9832 9.0168
      vertex 161.75 83.0329 10.2458
      vertex 17.75 83.0329 10.2458
    endloop
  endfacet
  facet normal 0 -0.760395 0.649461
    outer loop
      vertex 161.75 83.0329 10.2458
      vertex 17.75 81.9832 9.0168
      vertex 161.75 81.9832 9.0168
    endloop
  endfacet
  facet normal 0 -0.996918 -0.0784517
    outer loop
      vertex 17.75 85 16.3
      vertex 161.75 84.8732 17.9113
      vertex 17.75 84.8732 17.9113
    endloop
  endfacet
  facet normal 0 -0.996918 -0.0784517
    outer loop
      vertex 161.75 84.8732 17.9113
      vertex 17.75 85 16.3
      vertex 161.75 85 16.3
    endloop
  endfacet
  facet normal -1 0 0
    outer loop
      vertex 161.75 84.8732 14.6887
      vertex 161.75 84.8732 17.9113
      vertex 161.75 85 16.3
    endloop
  endfacet
  facet normal -1 0 0
    outer loop
      vertex 161.75 84.8732 14.6887
      vertex 161.75 84.5398 19.3
      vertex 161.75 84.8732 17.9113
    endloop
  endfacet
  facet normal -1 0 0
    outer loop
      vertex 161.75 84.4959 13.1171
      vertex 161.75 84.5398 19.3
      vertex 161.75 84.8732 14.6887
    endloop
  endfacet
  facet normal -1 0 0
    outer loop
      vertex 161.75 83.8774 11.6239
      vertex 161.75 84.5398 19.3
      vertex 161.75 84.4959 13.1171
    endloop
  endfacet
  facet normal -1 0 0
    outer loop
      vertex 161.75 83.0329 10.2458
      vertex 161.75 84.5398 19.3
      vertex 161.75 83.8774 11.6239
    endloop
  endfacet
  facet normal -1 0 0
    outer loop
      vertex 161.75 81.9832 9.0168
      vertex 161.75 84.5398 19.3
      vertex 161.75 83.0329 10.2458
    endloop
  endfacet
  facet normal -1 0 0
    outer loop
      vertex 161.75 80.7542 7.96712
      vertex 161.75 84.5398 19.3
      vertex 161.75 81.9832 9.0168
    endloop
  endfacet
  facet normal -1 0 0
    outer loop
      vertex 161.75 79.3761 7.12263
      vertex 161.75 84.5398 19.3
      vertex 161.75 80.7542 7.96712
    endloop
  endfacet
  facet normal -1 0 0
    outer loop
      vertex 161.75 77.8829 6.50412
      vertex 161.75 84.5398 19.3
      vertex 161.75 79.3761 7.12263
    endloop
  endfacet
  facet normal -1 0 0
    outer loop
      vertex 161.75 76.3113 6.12681
      vertex 161.75 84.5398 19.3
      vertex 161.75 77.8829 6.50412
    endloop
  endfacet
  facet normal -1 0 0
    outer loop
      vertex 161.75 74.7 6
      vertex 161.75 84.5398 19.3
      vertex 161.75 76.3113 6.12681
    endloop
  endfacet
  facet normal -1 0 0
    outer loop
      vertex 161.75 73.0887 6.12681
      vertex 161.75 84.5398 19.3
      vertex 161.75 74.7 6
    endloop
  endfacet
  facet normal -1 0 0
    outer loop
      vertex 161.75 71.5171 6.50412
      vertex 161.75 84.5398 19.3
      vertex 161.75 73.0887 6.12681
    endloop
  endfacet
  facet normal -1 0 0
    outer loop
      vertex 161.75 70.0239 7.12263
      vertex 161.75 84.5398 19.3
      vertex 161.75 71.5171 6.50412
    endloop
  endfacet
  facet normal -1 0 0
    outer loop
      vertex 161.75 68.6458 7.96712
      vertex 161.75 84.5398 19.3
      vertex 161.75 70.0239 7.12263
    endloop
  endfacet
  facet normal -1 0 0
    outer loop
      vertex 161.75 67.4168 9.0168
      vertex 161.75 84.5398 19.3
      vertex 161.75 68.6458 7.96712
    endloop
  endfacet
  facet normal -1 0 0
    outer loop
      vertex 161.75 66.3671 10.2458
      vertex 161.75 84.5398 19.3
      vertex 161.75 67.4168 9.0168
    endloop
  endfacet
  facet normal -1 0 0
    outer loop
      vertex 161.75 65.5226 11.6239
      vertex 161.75 84.5398 19.3
      vertex 161.75 66.3671 10.2458
    endloop
  endfacet
  facet normal -1 0 0
    outer loop
      vertex 161.75 64.9041 13.1171
      vertex 161.75 84.5398 19.3
      vertex 161.75 65.5226 11.6239
    endloop
  endfacet
  facet normal -1 0 0
    outer loop
      vertex 161.75 64.9041 13.1171
      vertex 161.75 64.8602 19.3
      vertex 161.75 84.5398 19.3
    endloop
  endfacet
  facet normal -1 0 0
    outer loop
      vertex 161.75 64.5268 14.6887
      vertex 161.75 64.8602 19.3
      vertex 161.75 64.9041 13.1171
    endloop
  endfacet
  facet normal -1 0 0
    outer loop
      vertex 161.75 64.5268 14.6887
      vertex 161.75 64.5268 17.9113
      vertex 161.75 64.8602 19.3
    endloop
  endfacet
  facet normal -1 0 -0
    outer loop
      vertex 161.75 64.5268 17.9113
      vertex 161.75 64.5268 14.6887
      vertex 161.75 64.4 16.3
    endloop
  endfacet
  facet normal -0 0.0784578 0.996917
    outer loop
      vertex 17.75 74.7 6
      vertex 161.75 73.0887 6.12681
      vertex 161.75 74.7 6
    endloop
  endfacet
  facet normal 0 0.0784578 0.996917
    outer loop
      vertex 161.75 73.0887 6.12681
      vertex 17.75 74.7 6
      vertex 17.75 73.0887 6.12681
    endloop
  endfacet
  facet normal 0 -0.85264 0.522498
    outer loop
      vertex 17.75 83.0329 10.2458
      vertex 161.75 83.8774 11.6239
      vertex 17.75 83.8774 11.6239
    endloop
  endfacet
  facet normal 0 -0.85264 0.522498
    outer loop
      vertex 161.75 83.8774 11.6239
      vertex 17.75 83.0329 10.2458
      vertex 161.75 83.0329 10.2458
    endloop
  endfacet
  facet normal 0 0.85264 0.522498
    outer loop
      vertex 161.75 66.3671 10.2458
      vertex 17.75 65.5226 11.6239
      vertex 161.75 65.5226 11.6239
    endloop
  endfacet
  facet normal 0 0.85264 0.522498
    outer loop
      vertex 17.75 65.5226 11.6239
      vertex 161.75 66.3671 10.2458
      vertex 17.75 66.3671 10.2458
    endloop
  endfacet
  facet normal 0 -0.649453 0.760401
    outer loop
      vertex 17.75 81.9832 9.0168
      vertex 161.75 80.7542 7.96712
      vertex 161.75 81.9832 9.0168
    endloop
  endfacet
  facet normal 0 -0.649453 0.760401
    outer loop
      vertex 161.75 80.7542 7.96712
      vertex 17.75 81.9832 9.0168
      vertex 17.75 80.7542 7.96712
    endloop
  endfacet
  facet normal 0 -0.972371 0.233441
    outer loop
      vertex 17.75 84.4959 13.1171
      vertex 161.75 84.8732 14.6887
      vertex 17.75 84.8732 14.6887
    endloop
  endfacet
  facet normal 0 -0.972371 0.233441
    outer loop
      vertex 161.75 84.8732 14.6887
      vertex 17.75 84.4959 13.1171
      vertex 161.75 84.4959 13.1171
    endloop
  endfacet
  facet normal 0 0.996918 0.0784517
    outer loop
      vertex 161.75 64.5268 14.6887
      vertex 17.75 64.4 16.3
      vertex 161.75 64.4 16.3
    endloop
  endfacet
  facet normal 0 0.996918 0.0784517
    outer loop
      vertex 17.75 64.4 16.3
      vertex 161.75 64.5268 14.6887
      vertex 17.75 64.5268 14.6887
    endloop
  endfacet
  facet normal 1 0 0
    outer loop
      vertex 17.75 84.8732 17.9113
      vertex 17.75 84.8732 14.6887
      vertex 17.75 85 16.3
    endloop
  endfacet
  facet normal 1 0 0
    outer loop
      vertex 17.75 84.5398 19.3
      vertex 17.75 84.8732 14.6887
      vertex 17.75 84.8732 17.9113
    endloop
  endfacet
  facet normal 1 0 0
    outer loop
      vertex 17.75 84.5398 19.3
      vertex 17.75 84.4959 13.1171
      vertex 17.75 84.8732 14.6887
    endloop
  endfacet
  facet normal 1 0 0
    outer loop
      vertex 17.75 84.5398 19.3
      vertex 17.75 83.8774 11.6239
      vertex 17.75 84.4959 13.1171
    endloop
  endfacet
  facet normal 1 0 0
    outer loop
      vertex 17.75 84.5398 19.3
      vertex 17.75 83.0329 10.2458
      vertex 17.75 83.8774 11.6239
    endloop
  endfacet
  facet normal 1 0 0
    outer loop
      vertex 17.75 84.5398 19.3
      vertex 17.75 81.9832 9.0168
      vertex 17.75 83.0329 10.2458
    endloop
  endfacet
  facet normal 1 0 0
    outer loop
      vertex 17.75 84.5398 19.3
      vertex 17.75 80.7542 7.96712
      vertex 17.75 81.9832 9.0168
    endloop
  endfacet
  facet normal 1 0 0
    outer loop
      vertex 17.75 84.5398 19.3
      vertex 17.75 79.3761 7.12263
      vertex 17.75 80.7542 7.96712
    endloop
  endfacet
  facet normal 1 0 0
    outer loop
      vertex 17.75 84.5398 19.3
      vertex 17.75 77.8829 6.50412
      vertex 17.75 79.3761 7.12263
    endloop
  endfacet
  facet normal 1 0 0
    outer loop
      vertex 17.75 84.5398 19.3
      vertex 17.75 76.3113 6.12681
      vertex 17.75 77.8829 6.50412
    endloop
  endfacet
  facet normal 1 0 0
    outer loop
      vertex 17.75 84.5398 19.3
      vertex 17.75 74.7 6
      vertex 17.75 76.3113 6.12681
    endloop
  endfacet
  facet normal 1 0 0
    outer loop
      vertex 17.75 84.5398 19.3
      vertex 17.75 73.0887 6.12681
      vertex 17.75 74.7 6
    endloop
  endfacet
  facet normal 1 0 0
    outer loop
      vertex 17.75 84.5398 19.3
      vertex 17.75 71.5171 6.50412
      vertex 17.75 73.0887 6.12681
    endloop
  endfacet
  facet normal 1 0 0
    outer loop
      vertex 17.75 84.5398 19.3
      vertex 17.75 70.0239 7.12263
      vertex 17.75 71.5171 6.50412
    endloop
  endfacet
  facet normal 1 0 0
    outer loop
      vertex 17.75 84.5398 19.3
      vertex 17.75 68.6458 7.96712
      vertex 17.75 70.0239 7.12263
    endloop
  endfacet
  facet normal 1 0 0
    outer loop
      vertex 17.75 84.5398 19.3
      vertex 17.75 67.4168 9.0168
      vertex 17.75 68.6458 7.96712
    endloop
  endfacet
  facet normal 1 0 0
    outer loop
      vertex 17.75 84.5398 19.3
      vertex 17.75 66.3671 10.2458
      vertex 17.75 67.4168 9.0168
    endloop
  endfacet
  facet normal 1 0 0
    outer loop
      vertex 17.75 84.5398 19.3
      vertex 17.75 65.5226 11.6239
      vertex 17.75 66.3671 10.2458
    endloop
  endfacet
  facet normal 1 0 0
    outer loop
      vertex 17.75 84.5398 19.3
      vertex 17.75 64.9041 13.1171
      vertex 17.75 65.5226 11.6239
    endloop
  endfacet
  facet normal 1 -0 0
    outer loop
      vertex 17.75 64.8602 19.3
      vertex 17.75 64.9041 13.1171
      vertex 17.75 84.5398 19.3
    endloop
  endfacet
  facet normal 1 -0 0
    outer loop
      vertex 17.75 64.5268 17.9113
      vertex 17.75 64.9041 13.1171
      vertex 17.75 64.8602 19.3
    endloop
  endfacet
  facet normal 1 0 0
    outer loop
      vertex 17.75 64.5268 17.9113
      vertex 17.75 64.5268 14.6887
      vertex 17.75 64.9041 13.1171
    endloop
  endfacet
  facet normal 1 0 -0
    outer loop
      vertex 17.75 64.5268 14.6887
      vertex 17.75 64.5268 17.9113
      vertex 17.75 64.4 16.3
    endloop
  endfacet
  facet normal 0 0.92388 0.382681
    outer loop
      vertex 161.75 90.1226 11.6239
      vertex 17.75 89.5041 13.1171
      vertex 161.75 89.5041 13.1171
    endloop
  endfacet
  facet normal 0 0.92388 0.382681
    outer loop
      vertex 17.75 89.5041 13.1171
      vertex 161.75 90.1226 11.6239
      vertex 17.75 90.1226 11.6239
    endloop
  endfacet
  facet normal 0 -0.972433 -0.233182
    outer loop
      vertex 17.75 109.473 17.9113
      vertex 161.75 109.14 19.3
      vertex 17.75 109.14 19.3
    endloop
  endfacet
  facet normal 0 -0.972433 -0.233182
    outer loop
      vertex 161.75 109.14 19.3
      vertex 17.75 109.473 17.9113
      vertex 161.75 109.473 17.9113
    endloop
  endfacet
  facet normal 0 -0.382731 0.92386
    outer loop
      vertex 17.75 103.976 7.12263
      vertex 161.75 102.483 6.50412
      vertex 161.75 103.976 7.12263
    endloop
  endfacet
  facet normal 0 -0.382731 0.92386
    outer loop
      vertex 161.75 102.483 6.50412
      vertex 17.75 103.976 7.12263
      vertex 17.75 102.483 6.50412
    endloop
  endfacet
  facet normal 0 -0.996908 -0.0785747
    outer loop
      vertex 17.75 109.6 16.3
      vertex 161.75 109.473 17.9113
      vertex 17.75 109.473 17.9113
    endloop
  endfacet
  facet normal 0 -0.996908 -0.0785747
    outer loop
      vertex 161.75 109.473 17.9113
      vertex 17.75 109.6 16.3
      vertex 161.75 109.6 16.3
    endloop
  endfacet
  facet normal 0 -0.972413 0.233265
    outer loop
      vertex 17.75 109.096 13.1171
      vertex 161.75 109.473 14.6887
      vertex 17.75 109.473 14.6887
    endloop
  endfacet
  facet normal 0 -0.972413 0.233265
    outer loop
      vertex 161.75 109.473 14.6887
      vertex 17.75 109.096 13.1171
      vertex 161.75 109.096 13.1171
    endloop
  endfacet
  facet normal -0 0.649453 0.760401
    outer loop
      vertex 17.75 93.2458 7.96712
      vertex 161.75 92.0168 9.0168
      vertex 161.75 93.2458 7.96712
    endloop
  endfacet
  facet normal 0 0.649453 0.760401
    outer loop
      vertex 161.75 92.0168 9.0168
      vertex 17.75 93.2458 7.96712
      vertex 17.75 92.0168 9.0168
    endloop
  endfacet
  facet normal 0 -0.0784723 0.996916
    outer loop
      vertex 17.75 100.911 6.12681
      vertex 161.75 99.3 6
      vertex 161.75 100.911 6.12681
    endloop
  endfacet
  facet normal 0 -0.0784723 0.996916
    outer loop
      vertex 161.75 99.3 6
      vertex 17.75 100.911 6.12681
      vertex 17.75 99.3 6
    endloop
  endfacet
  facet normal -1 0 0
    outer loop
      vertex 161.75 109.473 14.6887
      vertex 161.75 109.473 17.9113
      vertex 161.75 109.6 16.3
    endloop
  endfacet
  facet normal -1 0 0
    outer loop
      vertex 161.75 109.473 14.6887
      vertex 161.75 109.14 19.3
      vertex 161.75 109.473 17.9113
    endloop
  endfacet
  facet normal -1 0 0
    outer loop
      vertex 161.75 109.096 13.1171
      vertex 161.75 109.14 19.3
      vertex 161.75 109.473 14.6887
    endloop
  endfacet
  facet normal -1 0 0
    outer loop
      vertex 161.75 108.477 11.6239
      vertex 161.75 109.14 19.3
      vertex 161.75 109.096 13.1171
    endloop
  endfacet
  facet normal -1 0 0
    outer loop
      vertex 161.75 107.633 10.2458
      vertex 161.75 109.14 19.3
      vertex 161.75 108.477 11.6239
    endloop
  endfacet
  facet normal -1 0 0
    outer loop
      vertex 161.75 106.583 9.0168
      vertex 161.75 109.14 19.3
      vertex 161.75 107.633 10.2458
    endloop
  endfacet
  facet normal -1 0 0
    outer loop
      vertex 161.75 105.354 7.96712
      vertex 161.75 109.14 19.3
      vertex 161.75 106.583 9.0168
    endloop
  endfacet
  facet normal -1 0 0
    outer loop
      vertex 161.75 103.976 7.12263
      vertex 161.75 109.14 19.3
      vertex 161.75 105.354 7.96712
    endloop
  endfacet
  facet normal -1 0 0
    outer loop
      vertex 161.75 102.483 6.50412
      vertex 161.75 109.14 19.3
      vertex 161.75 103.976 7.12263
    endloop
  endfacet
  facet normal -1 0 0
    outer loop
      vertex 161.75 100.911 6.12681
      vertex 161.75 109.14 19.3
      vertex 161.75 102.483 6.50412
    endloop
  endfacet
  facet normal -1 0 0
    outer loop
      vertex 161.75 99.3 6
      vertex 161.75 109.14 19.3
      vertex 161.75 100.911 6.12681
    endloop
  endfacet
  facet normal -1 0 0
    outer loop
      vertex 161.75 97.6887 6.12681
      vertex 161.75 109.14 19.3
      vertex 161.75 99.3 6
    endloop
  endfacet
  facet normal -1 0 0
    outer loop
      vertex 161.75 96.1171 6.50412
      vertex 161.75 109.14 19.3
      vertex 161.75 97.6887 6.12681
    endloop
  endfacet
  facet normal -1 0 0
    outer loop
      vertex 161.75 94.6239 7.12263
      vertex 161.75 109.14 19.3
      vertex 161.75 96.1171 6.50412
    endloop
  endfacet
  facet normal -1 0 0
    outer loop
      vertex 161.75 93.2458 7.96712
      vertex 161.75 109.14 19.3
      vertex 161.75 94.6239 7.12263
    endloop
  endfacet
  facet normal -1 0 0
    outer loop
      vertex 161.75 92.0168 9.0168
      vertex 161.75 109.14 19.3
      vertex 161.75 93.2458 7.96712
    endloop
  endfacet
  facet normal -1 0 0
    outer loop
      vertex 161.75 90.9671 10.2458
      vertex 161.75 109.14 19.3
      vertex 161.75 92.0168 9.0168
    endloop
  endfacet
  facet normal -1 0 0
    outer loop
      vertex 161.75 90.1226 11.6239
      vertex 161.75 109.14 19.3
      vertex 161.75 90.9671 10.2458
    endloop
  endfacet
  facet normal -1 0 0
    outer loop
      vertex 161.75 89.5041 13.1171
      vertex 161.75 109.14 19.3
      vertex 161.75 90.1226 11.6239
    endloop
  endfacet
  facet normal -1 0 0
    outer loop
      vertex 161.75 89.5041 13.1171
      vertex 161.75 89.4602 19.3
      vertex 161.75 109.14 19.3
    endloop
  endfacet
  facet normal -1 0 0
    outer loop
      vertex 161.75 89.1268 14.6887
      vertex 161.75 89.4602 19.3
      vertex 161.75 89.5041 13.1171
    endloop
  endfacet
  facet normal -1 0 0
    outer loop
      vertex 161.75 89.1268 14.6887
      vertex 161.75 89.1268 17.9113
      vertex 161.75 89.4602 19.3
    endloop
  endfacet
  facet normal -1 0 -0
    outer loop
      vertex 161.75 89.1268 17.9113
      vertex 161.75 89.1268 14.6887
      vertex 161.75 89 16.3
    endloop
  endfacet
  facet normal -0 0.382687 0.923878
    outer loop
      vertex 17.75 96.1171 6.50412
      vertex 161.75 94.6239 7.12263
      vertex 161.75 96.1171 6.50412
    endloop
  endfacet
  facet normal 0 0.382687 0.923878
    outer loop
      vertex 161.75 94.6239 7.12263
      vertex 17.75 96.1171 6.50412
      vertex 17.75 94.6239 7.12263
    endloop
  endfacet
  facet normal 0 -0.522521 0.852626
    outer loop
      vertex 17.75 105.354 7.96712
      vertex 161.75 103.976 7.12263
      vertex 161.75 105.354 7.96712
    endloop
  endfacet
  facet normal 0 -0.522521 0.852626
    outer loop
      vertex 161.75 103.976 7.12263
      vertex 17.75 105.354 7.96712
      vertex 17.75 103.976 7.12263
    endloop
  endfacet
  facet normal 0 -0.996908 0.0785747
    outer loop
      vertex 17.75 109.473 14.6887
      vertex 161.75 109.6 16.3
      vertex 17.75 109.6 16.3
    endloop
  endfacet
  facet normal 0 -0.996908 0.0785747
    outer loop
      vertex 161.75 109.6 16.3
      vertex 17.75 109.473 14.6887
      vertex 161.75 109.473 14.6887
    endloop
  endfacet
  facet normal -0 0.522494 0.852643
    outer loop
      vertex 17.75 94.6239 7.12263
      vertex 161.75 93.2458 7.96712
      vertex 161.75 94.6239 7.12263
    endloop
  endfacet
  facet normal 0 0.522494 0.852643
    outer loop
      vertex 161.75 93.2458 7.96712
      vertex 17.75 94.6239 7.12263
      vertex 17.75 93.2458 7.96712
    endloop
  endfacet
  facet normal 1 0 0
    outer loop
      vertex 17.75 109.473 17.9113
      vertex 17.75 109.473 14.6887
      vertex 17.75 109.6 16.3
    endloop
  endfacet
  facet normal 1 0 0
    outer loop
      vertex 17.75 109.14 19.3
      vertex 17.75 109.473 14.6887
      vertex 17.75 109.473 17.9113
    endloop
  endfacet
  facet normal 1 0 0
    outer loop
      vertex 17.75 109.14 19.3
      vertex 17.75 109.096 13.1171
      vertex 17.75 109.473 14.6887
    endloop
  endfacet
  facet normal 1 0 0
    outer loop
      vertex 17.75 109.14 19.3
      vertex 17.75 108.477 11.6239
      vertex 17.75 109.096 13.1171
    endloop
  endfacet
  facet normal 1 0 0
    outer loop
      vertex 17.75 109.14 19.3
      vertex 17.75 107.633 10.2458
      vertex 17.75 108.477 11.6239
    endloop
  endfacet
  facet normal 1 0 0
    outer loop
      vertex 17.75 109.14 19.3
      vertex 17.75 106.583 9.0168
      vertex 17.75 107.633 10.2458
    endloop
  endfacet
  facet normal 1 0 0
    outer loop
      vertex 17.75 109.14 19.3
      vertex 17.75 105.354 7.96712
      vertex 17.75 106.583 9.0168
    endloop
  endfacet
  facet normal 1 0 0
    outer loop
      vertex 17.75 109.14 19.3
      vertex 17.75 103.976 7.12263
      vertex 17.75 105.354 7.96712
    endloop
  endfacet
  facet normal 1 0 0
    outer loop
      vertex 17.75 109.14 19.3
      vertex 17.75 102.483 6.50412
      vertex 17.75 103.976 7.12263
    endloop
  endfacet
  facet normal 1 0 0
    outer loop
      vertex 17.75 109.14 19.3
      vertex 17.75 100.911 6.12681
      vertex 17.75 102.483 6.50412
    endloop
  endfacet
  facet normal 1 0 0
    outer loop
      vertex 17.75 109.14 19.3
      vertex 17.75 99.3 6
      vertex 17.75 100.911 6.12681
    endloop
  endfacet
  facet normal 1 0 0
    outer loop
      vertex 17.75 109.14 19.3
      vertex 17.75 97.6887 6.12681
      vertex 17.75 99.3 6
    endloop
  endfacet
  facet normal 1 0 0
    outer loop
      vertex 17.75 109.14 19.3
      vertex 17.75 96.1171 6.50412
      vertex 17.75 97.6887 6.12681
    endloop
  endfacet
  facet normal 1 0 0
    outer loop
      vertex 17.75 109.14 19.3
      vertex 17.75 94.6239 7.12263
      vertex 17.75 96.1171 6.50412
    endloop
  endfacet
  facet normal 1 0 0
    outer loop
      vertex 17.75 109.14 19.3
      vertex 17.75 93.2458 7.96712
      vertex 17.75 94.6239 7.12263
    endloop
  endfacet
  facet normal 1 0 0
    outer loop
      vertex 17.75 109.14 19.3
      vertex 17.75 92.0168 9.0168
      vertex 17.75 93.2458 7.96712
    endloop
  endfacet
  facet normal 1 0 0
    outer loop
      vertex 17.75 109.14 19.3
      vertex 17.75 90.9671 10.2458
      vertex 17.75 92.0168 9.0168
    endloop
  endfacet
  facet normal 1 0 0
    outer loop
      vertex 17.75 109.14 19.3
      vertex 17.75 90.1226 11.6239
      vertex 17.75 90.9671 10.2458
    endloop
  endfacet
  facet normal 1 0 0
    outer loop
      vertex 17.75 109.14 19.3
      vertex 17.75 89.5041 13.1171
      vertex 17.75 90.1226 11.6239
    endloop
  endfacet
  facet normal 1 -0 0
    outer loop
      vertex 17.75 89.4602 19.3
      vertex 17.75 89.5041 13.1171
      vertex 17.75 109.14 19.3
    endloop
  endfacet
  facet normal 1 -0 0
    outer loop
      vertex 17.75 89.1268 17.9113
      vertex 17.75 89.5041 13.1171
      vertex 17.75 89.4602 19.3
    endloop
  endfacet
  facet normal 1 0 0
    outer loop
      vertex 17.75 89.1268 17.9113
      vertex 17.75 89.1268 14.6887
      vertex 17.75 89.5041 13.1171
    endloop
  endfacet
  facet normal 1 0 -0
    outer loop
      vertex 17.75 89.1268 14.6887
      vertex 17.75 89.1268 17.9113
      vertex 17.75 89 16.3
    endloop
  endfacet
  facet normal 0 -0.852778 0.522273
    outer loop
      vertex 17.75 107.633 10.2458
      vertex 161.75 108.477 11.6239
      vertex 17.75 108.477 11.6239
    endloop
  endfacet
  facet normal 0 -0.852778 0.522273
    outer loop
      vertex 161.75 108.477 11.6239
      vertex 17.75 107.633 10.2458
      vertex 161.75 107.633 10.2458
    endloop
  endfacet
  facet normal 0 -0.23339 0.972383
    outer loop
      vertex 17.75 102.483 6.50412
      vertex 161.75 100.911 6.12681
      vertex 161.75 102.483 6.50412
    endloop
  endfacet
  facet normal 0 -0.23339 0.972383
    outer loop
      vertex 161.75 100.911 6.12681
      vertex 17.75 102.483 6.50412
      vertex 17.75 100.911 6.12681
    endloop
  endfacet
  facet normal 0 0.760395 0.649461
    outer loop
      vertex 161.75 92.0168 9.0168
      vertex 17.75 90.9671 10.2458
      vertex 161.75 90.9671 10.2458
    endloop
  endfacet
  facet normal 0 0.760395 0.649461
    outer loop
      vertex 17.75 90.9671 10.2458
      vertex 161.75 92.0168 9.0168
      vertex 17.75 92.0168 9.0168
    endloop
  endfacet
  facet normal 0 0.996918 -0.0784517
    outer loop
      vertex 161.75 89 16.3
      vertex 17.75 89.1268 17.9113
      vertex 161.75 89.1268 17.9113
    endloop
  endfacet
  facet normal 0 0.996918 -0.0784517
    outer loop
      vertex 17.75 89.1268 17.9113
      vertex 161.75 89 16.3
      vertex 17.75 89 16.3
    endloop
  endfacet
  facet normal 0 0.972371 0.233441
    outer loop
      vertex 161.75 89.5041 13.1171
      vertex 17.75 89.1268 14.6887
      vertex 161.75 89.1268 14.6887
    endloop
  endfacet
  facet normal 0 0.972371 0.233441
    outer loop
      vertex 17.75 89.1268 14.6887
      vertex 161.75 89.5041 13.1171
      vertex 17.75 89.5041 13.1171
    endloop
  endfacet
  facet normal 0 -0.923771 0.382945
    outer loop
      vertex 17.75 108.477 11.6239
      vertex 161.75 109.096 13.1171
      vertex 17.75 109.096 13.1171
    endloop
  endfacet
  facet normal 0 -0.923771 0.382945
    outer loop
      vertex 161.75 109.096 13.1171
      vertex 17.75 108.477 11.6239
      vertex 161.75 108.477 11.6239
    endloop
  endfacet
  facet normal 0 0.97237 -0.233447
    outer loop
      vertex 161.75 89.1268 17.9113
      vertex 17.75 89.4602 19.3
      vertex 161.75 89.4602 19.3
    endloop
  endfacet
  facet normal 0 0.97237 -0.233447
    outer loop
      vertex 17.75 89.4602 19.3
      vertex 161.75 89.1268 17.9113
      vertex 17.75 89.1268 17.9113
    endloop
  endfacet
  facet normal 0 -0.760304 0.649568
    outer loop
      vertex 17.75 106.583 9.0168
      vertex 161.75 107.633 10.2458
      vertex 17.75 107.633 10.2458
    endloop
  endfacet
  facet normal 0 -0.760304 0.649568
    outer loop
      vertex 161.75 107.633 10.2458
      vertex 17.75 106.583 9.0168
      vertex 161.75 106.583 9.0168
    endloop
  endfacet
  facet normal -0 0.233447 0.97237
    outer loop
      vertex 17.75 97.6887 6.12681
      vertex 161.75 96.1171 6.50412
      vertex 161.75 97.6887 6.12681
    endloop
  endfacet
  facet normal 0 0.233447 0.97237
    outer loop
      vertex 161.75 96.1171 6.50412
      vertex 17.75 97.6887 6.12681
      vertex 17.75 96.1171 6.50412
    endloop
  endfacet
  facet normal 0 0.85264 0.522498
    outer loop
      vertex 161.75 90.9671 10.2458
      vertex 17.75 90.1226 11.6239
      vertex 161.75 90.1226 11.6239
    endloop
  endfacet
  facet normal 0 0.85264 0.522498
    outer loop
      vertex 17.75 90.1226 11.6239
      vertex 161.75 90.9671 10.2458
      vertex 17.75 90.9671 10.2458
    endloop
  endfacet
  facet normal -0 0.0784578 0.996917
    outer loop
      vertex 17.75 99.3 6
      vertex 161.75 97.6887 6.12681
      vertex 161.75 99.3 6
    endloop
  endfacet
  facet normal 0 0.0784578 0.996917
    outer loop
      vertex 161.75 97.6887 6.12681
      vertex 17.75 99.3 6
      vertex 17.75 97.6887 6.12681
    endloop
  endfacet
  facet normal 0 0.996918 0.0784517
    outer loop
      vertex 161.75 89.1268 14.6887
      vertex 17.75 89 16.3
      vertex 161.75 89 16.3
    endloop
  endfacet
  facet normal 0 0.996918 0.0784517
    outer loop
      vertex 17.75 89 16.3
      vertex 161.75 89.1268 14.6887
      vertex 17.75 89.1268 14.6887
    endloop
  endfacet
  facet normal 0 -0.649453 0.760401
    outer loop
      vertex 17.75 106.583 9.0168
      vertex 161.75 105.354 7.96712
      vertex 161.75 106.583 9.0168
    endloop
  endfacet
  facet normal 0 -0.649453 0.760401
    outer loop
      vertex 161.75 105.354 7.96712
      vertex 17.75 106.583 9.0168
      vertex 17.75 105.354 7.96712
    endloop
  endfacet
  facet normal 0 -0.382731 0.92386
    outer loop
      vertex 17.75 128.576 7.12263
      vertex 161.75 127.083 6.50412
      vertex 161.75 128.576 7.12263
    endloop
  endfacet
  facet normal 0 -0.382731 0.92386
    outer loop
      vertex 161.75 127.083 6.50412
      vertex 17.75 128.576 7.12263
      vertex 17.75 127.083 6.50412
    endloop
  endfacet
  facet normal 0 0.972413 0.233265
    outer loop
      vertex 161.75 114.104 13.1171
      vertex 17.75 113.727 14.6887
      vertex 161.75 113.727 14.6887
    endloop
  endfacet
  facet normal 0 0.972413 0.233265
    outer loop
      vertex 17.75 113.727 14.6887
      vertex 161.75 114.104 13.1171
      vertex 17.75 114.104 13.1171
    endloop
  endfacet
  facet normal 0 -0.996908 0.0785747
    outer loop
      vertex 17.75 134.073 14.6887
      vertex 161.75 134.2 16.3
      vertex 17.75 134.2 16.3
    endloop
  endfacet
  facet normal 0 -0.996908 0.0785747
    outer loop
      vertex 161.75 134.2 16.3
      vertex 17.75 134.073 14.6887
      vertex 161.75 134.073 14.6887
    endloop
  endfacet
  facet normal -0 0.23339 0.972383
    outer loop
      vertex 17.75 122.289 6.12681
      vertex 161.75 120.717 6.50412
      vertex 161.75 122.289 6.12681
    endloop
  endfacet
  facet normal 0 0.23339 0.972383
    outer loop
      vertex 161.75 120.717 6.50412
      vertex 17.75 122.289 6.12681
      vertex 17.75 120.717 6.50412
    endloop
  endfacet
  facet normal 0 -0.852778 0.522273
    outer loop
      vertex 17.75 132.233 10.2458
      vertex 161.75 133.077 11.6239
      vertex 17.75 133.077 11.6239
    endloop
  endfacet
  facet normal 0 -0.852778 0.522273
    outer loop
      vertex 161.75 133.077 11.6239
      vertex 17.75 132.233 10.2458
      vertex 161.75 132.233 10.2458
    endloop
  endfacet
  facet normal 0 -0.0784723 0.996916
    outer loop
      vertex 17.75 125.511 6.12681
      vertex 161.75 123.9 6
      vertex 161.75 125.511 6.12681
    endloop
  endfacet
  facet normal 0 -0.0784723 0.996916
    outer loop
      vertex 161.75 123.9 6
      vertex 17.75 125.511 6.12681
      vertex 17.75 123.9 6
    endloop
  endfacet
  facet normal 0 -0.972413 0.233265
    outer loop
      vertex 17.75 133.696 13.1171
      vertex 161.75 134.073 14.6887
      vertex 17.75 134.073 14.6887
    endloop
  endfacet
  facet normal 0 -0.972413 0.233265
    outer loop
      vertex 161.75 134.073 14.6887
      vertex 17.75 133.696 13.1171
      vertex 161.75 133.696 13.1171
    endloop
  endfacet
  facet normal -0 0.0784723 0.996916
    outer loop
      vertex 17.75 123.9 6
      vertex 161.75 122.289 6.12681
      vertex 161.75 123.9 6
    endloop
  endfacet
  facet normal 0 0.0784723 0.996916
    outer loop
      vertex 161.75 122.289 6.12681
      vertex 17.75 123.9 6
      vertex 17.75 122.289 6.12681
    endloop
  endfacet
  facet normal 0 0.996908 -0.0785747
    outer loop
      vertex 161.75 113.6 16.3
      vertex 17.75 113.727 17.9113
      vertex 161.75 113.727 17.9113
    endloop
  endfacet
  facet normal 0 0.996908 -0.0785747
    outer loop
      vertex 17.75 113.727 17.9113
      vertex 161.75 113.6 16.3
      vertex 17.75 113.6 16.3
    endloop
  endfacet
  facet normal 0 0.852778 0.522273
    outer loop
      vertex 161.75 115.567 10.2458
      vertex 17.75 114.723 11.6239
      vertex 161.75 114.723 11.6239
    endloop
  endfacet
  facet normal 0 0.852778 0.522273
    outer loop
      vertex 17.75 114.723 11.6239
      vertex 161.75 115.567 10.2458
      vertex 17.75 115.567 10.2458
    endloop
  endfacet
  facet normal 0 0.996908 0.0785747
    outer loop
      vertex 161.75 113.727 14.6887
      vertex 17.75 113.6 16.3
      vertex 161.75 113.6 16.3
    endloop
  endfacet
  facet normal 0 0.996908 0.0785747
    outer loop
      vertex 17.75 113.6 16.3
      vertex 161.75 113.727 14.6887
      vertex 17.75 113.727 14.6887
    endloop
  endfacet
  facet normal 0 -0.23339 0.972383
    outer loop
      vertex 17.75 127.083 6.50412
      vertex 161.75 125.511 6.12681
      vertex 161.75 127.083 6.50412
    endloop
  endfacet
  facet normal 0 -0.23339 0.972383
    outer loop
      vertex 161.75 125.511 6.12681
      vertex 17.75 127.083 6.50412
      vertex 17.75 125.511 6.12681
    endloop
  endfacet
  facet normal 0 0.923771 0.382945
    outer loop
      vertex 161.75 114.723 11.6239
      vertex 17.75 114.104 13.1171
      vertex 161.75 114.104 13.1171
    endloop
  endfacet
  facet normal 0 0.923771 0.382945
    outer loop
      vertex 17.75 114.104 13.1171
      vertex 161.75 114.723 11.6239
      vertex 17.75 114.723 11.6239
    endloop
  endfacet
  facet normal 0 -0.522521 0.852626
    outer loop
      vertex 17.75 129.954 7.96712
      vertex 161.75 128.576 7.12263
      vertex 161.75 129.954 7.96712
    endloop
  endfacet
  facet normal 0 -0.522521 0.852626
    outer loop
      vertex 161.75 128.576 7.12263
      vertex 17.75 129.954 7.96712
      vertex 17.75 128.576 7.12263
    endloop
  endfacet
  facet normal 0 -0.760304 0.649568
    outer loop
      vertex 17.75 131.183 9.0168
      vertex 161.75 132.233 10.2458
      vertex 17.75 132.233 10.2458
    endloop
  endfacet
  facet normal 0 -0.760304 0.649568
    outer loop
      vertex 161.75 132.233 10.2458
      vertex 17.75 131.183 9.0168
      vertex 161.75 131.183 9.0168
    endloop
  endfacet
  facet normal -0 0.522521 0.852626
    outer loop
      vertex 17.75 119.224 7.12263
      vertex 161.75 117.846 7.96712
      vertex 161.75 119.224 7.12263
    endloop
  endfacet
  facet normal 0 0.522521 0.852626
    outer loop
      vertex 161.75 117.846 7.96712
      vertex 17.75 119.224 7.12263
      vertex 17.75 117.846 7.96712
    endloop
  endfacet
  facet normal -0 0.649453 0.760401
    outer loop
      vertex 17.75 117.846 7.96712
      vertex 161.75 116.617 9.0168
      vertex 161.75 117.846 7.96712
    endloop
  endfacet
  facet normal 0 0.649453 0.760401
    outer loop
      vertex 161.75 116.617 9.0168
      vertex 17.75 117.846 7.96712
      vertex 17.75 116.617 9.0168
    endloop
  endfacet
  facet normal 0 -0.972433 -0.233182
    outer loop
      vertex 17.75 134.073 17.9113
      vertex 161.75 133.74 19.3
      vertex 17.75 133.74 19.3
    endloop
  endfacet
  facet normal 0 -0.972433 -0.233182
    outer loop
      vertex 161.75 133.74 19.3
      vertex 17.75 134.073 17.9113
      vertex 161.75 134.073 17.9113
    endloop
  endfacet
  facet normal -1 0 0
    outer loop
      vertex 161.75 134.073 14.6887
      vertex 161.75 134.073 17.9113
      vertex 161.75 134.2 16.3
    endloop
  endfacet
  facet normal -1 0 0
    outer loop
      vertex 161.75 134.073 14.6887
      vertex 161.75 133.74 19.3
      vertex 161.75 134.073 17.9113
    endloop
  endfacet
  facet normal -1 0 0
    outer loop
      vertex 161.75 133.696 13.1171
      vertex 161.75 133.74 19.3
      vertex 161.75 134.073 14.6887
    endloop
  endfacet
  facet normal -1 0 0
    outer loop
      vertex 161.75 133.077 11.6239
      vertex 161.75 133.74 19.3
      vertex 161.75 133.696 13.1171
    endloop
  endfacet
  facet normal -1 0 0
    outer loop
      vertex 161.75 132.233 10.2458
      vertex 161.75 133.74 19.3
      vertex 161.75 133.077 11.6239
    endloop
  endfacet
  facet normal -1 0 0
    outer loop
      vertex 161.75 131.183 9.0168
      vertex 161.75 133.74 19.3
      vertex 161.75 132.233 10.2458
    endloop
  endfacet
  facet normal -1 0 0
    outer loop
      vertex 161.75 129.954 7.96712
      vertex 161.75 133.74 19.3
      vertex 161.75 131.183 9.0168
    endloop
  endfacet
  facet normal -1 0 0
    outer loop
      vertex 161.75 128.576 7.12263
      vertex 161.75 133.74 19.3
      vertex 161.75 129.954 7.96712
    endloop
  endfacet
  facet normal -1 0 0
    outer loop
      vertex 161.75 127.083 6.50412
      vertex 161.75 133.74 19.3
      vertex 161.75 128.576 7.12263
    endloop
  endfacet
  facet normal -1 0 0
    outer loop
      vertex 161.75 125.511 6.12681
      vertex 161.75 133.74 19.3
      vertex 161.75 127.083 6.50412
    endloop
  endfacet
  facet normal -1 0 0
    outer loop
      vertex 161.75 123.9 6
      vertex 161.75 133.74 19.3
      vertex 161.75 125.511 6.12681
    endloop
  endfacet
  facet normal -1 0 0
    outer loop
      vertex 161.75 122.289 6.12681
      vertex 161.75 133.74 19.3
      vertex 161.75 123.9 6
    endloop
  endfacet
  facet normal -1 0 0
    outer loop
      vertex 161.75 120.717 6.50412
      vertex 161.75 133.74 19.3
      vertex 161.75 122.289 6.12681
    endloop
  endfacet
  facet normal -1 0 0
    outer loop
      vertex 161.75 119.224 7.12263
      vertex 161.75 133.74 19.3
      vertex 161.75 120.717 6.50412
    endloop
  endfacet
  facet normal -1 0 0
    outer loop
      vertex 161.75 117.846 7.96712
      vertex 161.75 133.74 19.3
      vertex 161.75 119.224 7.12263
    endloop
  endfacet
  facet normal -1 0 0
    outer loop
      vertex 161.75 116.617 9.0168
      vertex 161.75 133.74 19.3
      vertex 161.75 117.846 7.96712
    endloop
  endfacet
  facet normal -1 0 0
    outer loop
      vertex 161.75 115.567 10.2458
      vertex 161.75 133.74 19.3
      vertex 161.75 116.617 9.0168
    endloop
  endfacet
  facet normal -1 0 0
    outer loop
      vertex 161.75 114.723 11.6239
      vertex 161.75 133.74 19.3
      vertex 161.75 115.567 10.2458
    endloop
  endfacet
  facet normal -1 0 0
    outer loop
      vertex 161.75 114.104 13.1171
      vertex 161.75 133.74 19.3
      vertex 161.75 114.723 11.6239
    endloop
  endfacet
  facet normal -1 0 0
    outer loop
      vertex 161.75 114.104 13.1171
      vertex 161.75 114.06 19.3
      vertex 161.75 133.74 19.3
    endloop
  endfacet
  facet normal -1 0 0
    outer loop
      vertex 161.75 113.727 14.6887
      vertex 161.75 114.06 19.3
      vertex 161.75 114.104 13.1171
    endloop
  endfacet
  facet normal -1 0 0
    outer loop
      vertex 161.75 113.727 14.6887
      vertex 161.75 113.727 17.9113
      vertex 161.75 114.06 19.3
    endloop
  endfacet
  facet normal -1 0 -0
    outer loop
      vertex 161.75 113.727 17.9113
      vertex 161.75 113.727 14.6887
      vertex 161.75 113.6 16.3
    endloop
  endfacet
  facet normal -0 0.382731 0.92386
    outer loop
      vertex 17.75 120.717 6.50412
      vertex 161.75 119.224 7.12263
      vertex 161.75 120.717 6.50412
    endloop
  endfacet
  facet normal 0 0.382731 0.92386
    outer loop
      vertex 161.75 119.224 7.12263
      vertex 17.75 120.717 6.50412
      vertex 17.75 119.224 7.12263
    endloop
  endfacet
  facet normal 0 0.760304 0.649568
    outer loop
      vertex 161.75 116.617 9.0168
      vertex 17.75 115.567 10.2458
      vertex 161.75 115.567 10.2458
    endloop
  endfacet
  facet normal 0 0.760304 0.649568
    outer loop
      vertex 17.75 115.567 10.2458
      vertex 161.75 116.617 9.0168
      vertex 17.75 116.617 9.0168
    endloop
  endfacet
  facet normal 0 -0.923771 0.382945
    outer loop
      vertex 17.75 133.077 11.6239
      vertex 161.75 133.696 13.1171
      vertex 17.75 133.696 13.1171
    endloop
  endfacet
  facet normal 0 -0.923771 0.382945
    outer loop
      vertex 161.75 133.696 13.1171
      vertex 17.75 133.077 11.6239
      vertex 161.75 133.077 11.6239
    endloop
  endfacet
  facet normal 0 -0.996908 -0.0785747
    outer loop
      vertex 17.75 134.2 16.3
      vertex 161.75 134.073 17.9113
      vertex 17.75 134.073 17.9113
    endloop
  endfacet
  facet normal 0 -0.996908 -0.0785747
    outer loop
      vertex 161.75 134.073 17.9113
      vertex 17.75 134.2 16.3
      vertex 161.75 134.2 16.3
    endloop
  endfacet
  facet normal 0 0.972433 -0.233182
    outer loop
      vertex 161.75 113.727 17.9113
      vertex 17.75 114.06 19.3
      vertex 161.75 114.06 19.3
    endloop
  endfacet
  facet normal 0 0.972433 -0.233182
    outer loop
      vertex 17.75 114.06 19.3
      vertex 161.75 113.727 17.9113
      vertex 17.75 113.727 17.9113
    endloop
  endfacet
  facet normal 0 -0.649453 0.760401
    outer loop
      vertex 17.75 131.183 9.0168
      vertex 161.75 129.954 7.96712
      vertex 161.75 131.183 9.0168
    endloop
  endfacet
  facet normal 0 -0.649453 0.760401
    outer loop
      vertex 161.75 129.954 7.96712
      vertex 17.75 131.183 9.0168
      vertex 17.75 129.954 7.96712
    endloop
  endfacet
  facet normal 1 0 0
    outer loop
      vertex 17.75 134.073 17.9113
      vertex 17.75 134.073 14.6887
      vertex 17.75 134.2 16.3
    endloop
  endfacet
  facet normal 1 0 0
    outer loop
      vertex 17.75 133.74 19.3
      vertex 17.75 134.073 14.6887
      vertex 17.75 134.073 17.9113
    endloop
  endfacet
  facet normal 1 0 0
    outer loop
      vertex 17.75 133.74 19.3
      vertex 17.75 133.696 13.1171
      vertex 17.75 134.073 14.6887
    endloop
  endfacet
  facet normal 1 0 0
    outer loop
      vertex 17.75 133.74 19.3
      vertex 17.75 133.077 11.6239
      vertex 17.75 133.696 13.1171
    endloop
  endfacet
  facet normal 1 0 0
    outer loop
      vertex 17.75 133.74 19.3
      vertex 17.75 132.233 10.2458
      vertex 17.75 133.077 11.6239
    endloop
  endfacet
  facet normal 1 0 0
    outer loop
      vertex 17.75 133.74 19.3
      vertex 17.75 131.183 9.0168
      vertex 17.75 132.233 10.2458
    endloop
  endfacet
  facet normal 1 0 0
    outer loop
      vertex 17.75 133.74 19.3
      vertex 17.75 129.954 7.96712
      vertex 17.75 131.183 9.0168
    endloop
  endfacet
  facet normal 1 0 0
    outer loop
      vertex 17.75 133.74 19.3
      vertex 17.75 128.576 7.12263
      vertex 17.75 129.954 7.96712
    endloop
  endfacet
  facet normal 1 0 0
    outer loop
      vertex 17.75 133.74 19.3
      vertex 17.75 127.083 6.50412
      vertex 17.75 128.576 7.12263
    endloop
  endfacet
  facet normal 1 0 0
    outer loop
      vertex 17.75 133.74 19.3
      vertex 17.75 125.511 6.12681
      vertex 17.75 127.083 6.50412
    endloop
  endfacet
  facet normal 1 0 0
    outer loop
      vertex 17.75 133.74 19.3
      vertex 17.75 123.9 6
      vertex 17.75 125.511 6.12681
    endloop
  endfacet
  facet normal 1 0 0
    outer loop
      vertex 17.75 133.74 19.3
      vertex 17.75 122.289 6.12681
      vertex 17.75 123.9 6
    endloop
  endfacet
  facet normal 1 0 0
    outer loop
      vertex 17.75 133.74 19.3
      vertex 17.75 120.717 6.50412
      vertex 17.75 122.289 6.12681
    endloop
  endfacet
  facet normal 1 0 0
    outer loop
      vertex 17.75 133.74 19.3
      vertex 17.75 119.224 7.12263
      vertex 17.75 120.717 6.50412
    endloop
  endfacet
  facet normal 1 0 0
    outer loop
      vertex 17.75 133.74 19.3
      vertex 17.75 117.846 7.96712
      vertex 17.75 119.224 7.12263
    endloop
  endfacet
  facet normal 1 0 0
    outer loop
      vertex 17.75 133.74 19.3
      vertex 17.75 116.617 9.0168
      vertex 17.75 117.846 7.96712
    endloop
  endfacet
  facet normal 1 0 0
    outer loop
      vertex 17.75 133.74 19.3
      vertex 17.75 115.567 10.2458
      vertex 17.75 116.617 9.0168
    endloop
  endfacet
  facet normal 1 0 0
    outer loop
      vertex 17.75 133.74 19.3
      vertex 17.75 114.723 11.6239
      vertex 17.75 115.567 10.2458
    endloop
  endfacet
  facet normal 1 0 0
    outer loop
      vertex 17.75 133.74 19.3
      vertex 17.75 114.104 13.1171
      vertex 17.75 114.723 11.6239
    endloop
  endfacet
  facet normal 1 -0 0
    outer loop
      vertex 17.75 114.06 19.3
      vertex 17.75 114.104 13.1171
      vertex 17.75 133.74 19.3
    endloop
  endfacet
  facet normal 1 -0 0
    outer loop
      vertex 17.75 113.727 17.9113
      vertex 17.75 114.104 13.1171
      vertex 17.75 114.06 19.3
    endloop
  endfacet
  facet normal 1 0 0
    outer loop
      vertex 17.75 113.727 17.9113
      vertex 17.75 113.727 14.6887
      vertex 17.75 114.104 13.1171
    endloop
  endfacet
  facet normal 1 0 -0
    outer loop
      vertex 17.75 113.727 14.6887
      vertex 17.75 113.727 17.9113
      vertex 17.75 113.6 16.3
    endloop
  endfacet
  facet normal -0 0.23339 0.972383
    outer loop
      vertex 17.75 146.889 6.12681
      vertex 161.75 145.317 6.50412
      vertex 161.75 146.889 6.12681
    endloop
  endfacet
  facet normal 0 0.23339 0.972383
    outer loop
      vertex 161.75 145.317 6.50412
      vertex 17.75 146.889 6.12681
      vertex 17.75 145.317 6.50412
    endloop
  endfacet
  facet normal 0 0.972413 0.233265
    outer loop
      vertex 161.75 138.704 13.1171
      vertex 17.75 138.327 14.6887
      vertex 161.75 138.327 14.6887
    endloop
  endfacet
  facet normal 0 0.972413 0.233265
    outer loop
      vertex 17.75 138.327 14.6887
      vertex 161.75 138.704 13.1171
      vertex 17.75 138.704 13.1171
    endloop
  endfacet
  facet normal 0 -0.382731 0.92386
    outer loop
      vertex 17.75 153.176 7.12263
      vertex 161.75 151.683 6.50412
      vertex 161.75 153.176 7.12263
    endloop
  endfacet
  facet normal 0 -0.382731 0.92386
    outer loop
      vertex 161.75 151.683 6.50412
      vertex 17.75 153.176 7.12263
      vertex 17.75 151.683 6.50412
    endloop
  endfacet
  facet normal 0 0.760304 0.649568
    outer loop
      vertex 161.75 141.217 9.0168
      vertex 17.75 140.167 10.2458
      vertex 161.75 140.167 10.2458
    endloop
  endfacet
  facet normal 0 0.760304 0.649568
    outer loop
      vertex 17.75 140.167 10.2458
      vertex 161.75 141.217 9.0168
      vertex 17.75 141.217 9.0168
    endloop
  endfacet
  facet normal 0 0.996908 -0.0785747
    outer loop
      vertex 161.75 138.2 16.3
      vertex 17.75 138.327 17.9113
      vertex 161.75 138.327 17.9113
    endloop
  endfacet
  facet normal 0 0.996908 -0.0785747
    outer loop
      vertex 17.75 138.327 17.9113
      vertex 161.75 138.2 16.3
      vertex 17.75 138.2 16.3
    endloop
  endfacet
  facet normal 0 -0.0784723 0.996916
    outer loop
      vertex 17.75 150.111 6.12681
      vertex 161.75 148.5 6
      vertex 161.75 150.111 6.12681
    endloop
  endfacet
  facet normal 0 -0.0784723 0.996916
    outer loop
      vertex 161.75 148.5 6
      vertex 17.75 150.111 6.12681
      vertex 17.75 148.5 6
    endloop
  endfacet
  facet normal 0 0.972433 -0.233182
    outer loop
      vertex 161.75 138.327 17.9113
      vertex 17.75 138.66 19.3
      vertex 161.75 138.66 19.3
    endloop
  endfacet
  facet normal 0 0.972433 -0.233182
    outer loop
      vertex 17.75 138.66 19.3
      vertex 161.75 138.327 17.9113
      vertex 17.75 138.327 17.9113
    endloop
  endfacet
  facet normal 0 -0.972413 0.233265
    outer loop
      vertex 17.75 158.296 13.1171
      vertex 161.75 158.673 14.6887
      vertex 17.75 158.673 14.6887
    endloop
  endfacet
  facet normal 0 -0.972413 0.233265
    outer loop
      vertex 161.75 158.673 14.6887
      vertex 17.75 158.296 13.1171
      vertex 161.75 158.296 13.1171
    endloop
  endfacet
  facet normal -0 0.382731 0.92386
    outer loop
      vertex 17.75 145.317 6.50412
      vertex 161.75 143.824 7.12263
      vertex 161.75 145.317 6.50412
    endloop
  endfacet
  facet normal 0 0.382731 0.92386
    outer loop
      vertex 161.75 143.824 7.12263
      vertex 17.75 145.317 6.50412
      vertex 17.75 143.824 7.12263
    endloop
  endfacet
  facet normal -0 0.649453 0.760401
    outer loop
      vertex 17.75 142.446 7.96712
      vertex 161.75 141.217 9.0168
      vertex 161.75 142.446 7.96712
    endloop
  endfacet
  facet normal 0 0.649453 0.760401
    outer loop
      vertex 161.75 141.217 9.0168
      vertex 17.75 142.446 7.96712
      vertex 17.75 141.217 9.0168
    endloop
  endfacet
  facet normal 0 -0.996908 0.0785747
    outer loop
      vertex 17.75 158.673 14.6887
      vertex 161.75 158.8 16.3
      vertex 17.75 158.8 16.3
    endloop
  endfacet
  facet normal 0 -0.996908 0.0785747
    outer loop
      vertex 161.75 158.8 16.3
      vertex 17.75 158.673 14.6887
      vertex 161.75 158.673 14.6887
    endloop
  endfacet
  facet normal -0 0.522521 0.852626
    outer loop
      vertex 17.75 143.824 7.12263
      vertex 161.75 142.446 7.96712
      vertex 161.75 143.824 7.12263
    endloop
  endfacet
  facet normal 0 0.522521 0.852626
    outer loop
      vertex 161.75 142.446 7.96712
      vertex 17.75 143.824 7.12263
      vertex 17.75 142.446 7.96712
    endloop
  endfacet
  facet normal 0 -0.972433 -0.233182
    outer loop
      vertex 17.75 158.673 17.9113
      vertex 161.75 158.34 19.3
      vertex 17.75 158.34 19.3
    endloop
  endfacet
  facet normal 0 -0.972433 -0.233182
    outer loop
      vertex 161.75 158.34 19.3
      vertex 17.75 158.673 17.9113
      vertex 161.75 158.673 17.9113
    endloop
  endfacet
  facet normal 0 -0.522521 0.852626
    outer loop
      vertex 17.75 154.554 7.96712
      vertex 161.75 153.176 7.12263
      vertex 161.75 154.554 7.96712
    endloop
  endfacet
  facet normal 0 -0.522521 0.852626
    outer loop
      vertex 161.75 153.176 7.12263
      vertex 17.75 154.554 7.96712
      vertex 17.75 153.176 7.12263
    endloop
  endfacet
  facet normal 0 -0.23339 0.972383
    outer loop
      vertex 17.75 151.683 6.50412
      vertex 161.75 150.111 6.12681
      vertex 161.75 151.683 6.50412
    endloop
  endfacet
  facet normal 0 -0.23339 0.972383
    outer loop
      vertex 161.75 150.111 6.12681
      vertex 17.75 151.683 6.50412
      vertex 17.75 150.111 6.12681
    endloop
  endfacet
  facet normal 0 -0.996908 -0.0785747
    outer loop
      vertex 17.75 158.8 16.3
      vertex 161.75 158.673 17.9113
      vertex 17.75 158.673 17.9113
    endloop
  endfacet
  facet normal 0 -0.996908 -0.0785747
    outer loop
      vertex 161.75 158.673 17.9113
      vertex 17.75 158.8 16.3
      vertex 161.75 158.8 16.3
    endloop
  endfacet
  facet normal 0 -0.760304 0.649568
    outer loop
      vertex 17.75 155.783 9.0168
      vertex 161.75 156.833 10.2458
      vertex 17.75 156.833 10.2458
    endloop
  endfacet
  facet normal 0 -0.760304 0.649568
    outer loop
      vertex 161.75 156.833 10.2458
      vertex 17.75 155.783 9.0168
      vertex 161.75 155.783 9.0168
    endloop
  endfacet
  facet normal 0 0.852778 0.522273
    outer loop
      vertex 161.75 140.167 10.2458
      vertex 17.75 139.323 11.6239
      vertex 161.75 139.323 11.6239
    endloop
  endfacet
  facet normal 0 0.852778 0.522273
    outer loop
      vertex 17.75 139.323 11.6239
      vertex 161.75 140.167 10.2458
      vertex 17.75 140.167 10.2458
    endloop
  endfacet
  facet normal -0 0.0784723 0.996916
    outer loop
      vertex 17.75 148.5 6
      vertex 161.75 146.889 6.12681
      vertex 161.75 148.5 6
    endloop
  endfacet
  facet normal 0 0.0784723 0.996916
    outer loop
      vertex 161.75 146.889 6.12681
      vertex 17.75 148.5 6
      vertex 17.75 146.889 6.12681
    endloop
  endfacet
  facet normal 0 -0.852778 0.522273
    outer loop
      vertex 17.75 156.833 10.2458
      vertex 161.75 157.677 11.6239
      vertex 17.75 157.677 11.6239
    endloop
  endfacet
  facet normal 0 -0.852778 0.522273
    outer loop
      vertex 161.75 157.677 11.6239
      vertex 17.75 156.833 10.2458
      vertex 161.75 156.833 10.2458
    endloop
  endfacet
  facet normal 0 0.923771 0.382945
    outer loop
      vertex 161.75 139.323 11.6239
      vertex 17.75 138.704 13.1171
      vertex 161.75 138.704 13.1171
    endloop
  endfacet
  facet normal 0 0.923771 0.382945
    outer loop
      vertex 17.75 138.704 13.1171
      vertex 161.75 139.323 11.6239
      vertex 17.75 139.323 11.6239
    endloop
  endfacet
  facet normal 1 0 0
    outer loop
      vertex 17.75 158.673 17.9113
      vertex 17.75 158.673 14.6887
      vertex 17.75 158.8 16.3
    endloop
  endfacet
  facet normal 1 0 0
    outer loop
      vertex 17.75 158.34 19.3
      vertex 17.75 158.673 14.6887
      vertex 17.75 158.673 17.9113
    endloop
  endfacet
  facet normal 1 0 0
    outer loop
      vertex 17.75 158.34 19.3
      vertex 17.75 158.296 13.1171
      vertex 17.75 158.673 14.6887
    endloop
  endfacet
  facet normal 1 0 0
    outer loop
      vertex 17.75 158.34 19.3
      vertex 17.75 157.677 11.6239
      vertex 17.75 158.296 13.1171
    endloop
  endfacet
  facet normal 1 0 0
    outer loop
      vertex 17.75 158.34 19.3
      vertex 17.75 156.833 10.2458
      vertex 17.75 157.677 11.6239
    endloop
  endfacet
  facet normal 1 0 0
    outer loop
      vertex 17.75 158.34 19.3
      vertex 17.75 155.783 9.0168
      vertex 17.75 156.833 10.2458
    endloop
  endfacet
  facet normal 1 0 0
    outer loop
      vertex 17.75 158.34 19.3
      vertex 17.75 154.554 7.96712
      vertex 17.75 155.783 9.0168
    endloop
  endfacet
  facet normal 1 0 0
    outer loop
      vertex 17.75 158.34 19.3
      vertex 17.75 153.176 7.12263
      vertex 17.75 154.554 7.96712
    endloop
  endfacet
  facet normal 1 0 0
    outer loop
      vertex 17.75 158.34 19.3
      vertex 17.75 151.683 6.50412
      vertex 17.75 153.176 7.12263
    endloop
  endfacet
  facet normal 1 0 0
    outer loop
      vertex 17.75 158.34 19.3
      vertex 17.75 150.111 6.12681
      vertex 17.75 151.683 6.50412
    endloop
  endfacet
  facet normal 1 0 0
    outer loop
      vertex 17.75 158.34 19.3
      vertex 17.75 148.5 6
      vertex 17.75 150.111 6.12681
    endloop
  endfacet
  facet normal 1 0 0
    outer loop
      vertex 17.75 158.34 19.3
      vertex 17.75 146.889 6.12681
      vertex 17.75 148.5 6
    endloop
  endfacet
  facet normal 1 0 0
    outer loop
      vertex 17.75 158.34 19.3
      vertex 17.75 145.317 6.50412
      vertex 17.75 146.889 6.12681
    endloop
  endfacet
  facet normal 1 0 0
    outer loop
      vertex 17.75 158.34 19.3
      vertex 17.75 143.824 7.12263
      vertex 17.75 145.317 6.50412
    endloop
  endfacet
  facet normal 1 0 0
    outer loop
      vertex 17.75 158.34 19.3
      vertex 17.75 142.446 7.96712
      vertex 17.75 143.824 7.12263
    endloop
  endfacet
  facet normal 1 0 0
    outer loop
      vertex 17.75 158.34 19.3
      vertex 17.75 141.217 9.0168
      vertex 17.75 142.446 7.96712
    endloop
  endfacet
  facet normal 1 0 0
    outer loop
      vertex 17.75 158.34 19.3
      vertex 17.75 140.167 10.2458
      vertex 17.75 141.217 9.0168
    endloop
  endfacet
  facet normal 1 0 0
    outer loop
      vertex 17.75 158.34 19.3
      vertex 17.75 139.323 11.6239
      vertex 17.75 140.167 10.2458
    endloop
  endfacet
  facet normal 1 0 0
    outer loop
      vertex 17.75 158.34 19.3
      vertex 17.75 138.704 13.1171
      vertex 17.75 139.323 11.6239
    endloop
  endfacet
  facet normal 1 -0 0
    outer loop
      vertex 17.75 138.66 19.3
      vertex 17.75 138.704 13.1171
      vertex 17.75 158.34 19.3
    endloop
  endfacet
  facet normal 1 -0 0
    outer loop
      vertex 17.75 138.327 17.9113
      vertex 17.75 138.704 13.1171
      vertex 17.75 138.66 19.3
    endloop
  endfacet
  facet normal 1 0 0
    outer loop
      vertex 17.75 138.327 17.9113
      vertex 17.75 138.327 14.6887
      vertex 17.75 138.704 13.1171
    endloop
  endfacet
  facet normal 1 0 -0
    outer loop
      vertex 17.75 138.327 14.6887
      vertex 17.75 138.327 17.9113
      vertex 17.75 138.2 16.3
    endloop
  endfacet
  facet normal 0 0.996908 0.0785747
    outer loop
      vertex 161.75 138.327 14.6887
      vertex 17.75 138.2 16.3
      vertex 161.75 138.2 16.3
    endloop
  endfacet
  facet normal 0 0.996908 0.0785747
    outer loop
      vertex 17.75 138.2 16.3
      vertex 161.75 138.327 14.6887
      vertex 17.75 138.327 14.6887
    endloop
  endfacet
  facet normal 0 -0.649453 0.760401
    outer loop
      vertex 17.75 155.783 9.0168
      vertex 161.75 154.554 7.96712
      vertex 161.75 155.783 9.0168
    endloop
  endfacet
  facet normal 0 -0.649453 0.760401
    outer loop
      vertex 161.75 154.554 7.96712
      vertex 17.75 155.783 9.0168
      vertex 17.75 154.554 7.96712
    endloop
  endfacet
  facet normal 0 -0.923771 0.382945
    outer loop
      vertex 17.75 157.677 11.6239
      vertex 161.75 158.296 13.1171
      vertex 17.75 158.296 13.1171
    endloop
  endfacet
  facet normal 0 -0.923771 0.382945
    outer loop
      vertex 161.75 158.296 13.1171
      vertex 17.75 157.677 11.6239
      vertex 161.75 157.677 11.6239
    endloop
  endfacet
  facet normal -1 0 0
    outer loop
      vertex 161.75 158.673 14.6887
      vertex 161.75 158.673 17.9113
      vertex 161.75 158.8 16.3
    endloop
  endfacet
  facet normal -1 0 0
    outer loop
      vertex 161.75 158.673 14.6887
      vertex 161.75 158.34 19.3
      vertex 161.75 158.673 17.9113
    endloop
  endfacet
  facet normal -1 0 0
    outer loop
      vertex 161.75 158.296 13.1171
      vertex 161.75 158.34 19.3
      vertex 161.75 158.673 14.6887
    endloop
  endfacet
  facet normal -1 0 0
    outer loop
      vertex 161.75 157.677 11.6239
      vertex 161.75 158.34 19.3
      vertex 161.75 158.296 13.1171
    endloop
  endfacet
  facet normal -1 0 0
    outer loop
      vertex 161.75 156.833 10.2458
      vertex 161.75 158.34 19.3
      vertex 161.75 157.677 11.6239
    endloop
  endfacet
  facet normal -1 0 0
    outer loop
      vertex 161.75 155.783 9.0168
      vertex 161.75 158.34 19.3
      vertex 161.75 156.833 10.2458
    endloop
  endfacet
  facet normal -1 0 0
    outer loop
      vertex 161.75 154.554 7.96712
      vertex 161.75 158.34 19.3
      vertex 161.75 155.783 9.0168
    endloop
  endfacet
  facet normal -1 0 0
    outer loop
      vertex 161.75 153.176 7.12263
      vertex 161.75 158.34 19.3
      vertex 161.75 154.554 7.96712
    endloop
  endfacet
  facet normal -1 0 0
    outer loop
      vertex 161.75 151.683 6.50412
      vertex 161.75 158.34 19.3
      vertex 161.75 153.176 7.12263
    endloop
  endfacet
  facet normal -1 0 0
    outer loop
      vertex 161.75 150.111 6.12681
      vertex 161.75 158.34 19.3
      vertex 161.75 151.683 6.50412
    endloop
  endfacet
  facet normal -1 0 0
    outer loop
      vertex 161.75 148.5 6
      vertex 161.75 158.34 19.3
      vertex 161.75 150.111 6.12681
    endloop
  endfacet
  facet normal -1 0 0
    outer loop
      vertex 161.75 146.889 6.12681
      vertex 161.75 158.34 19.3
      vertex 161.75 148.5 6
    endloop
  endfacet
  facet normal -1 0 0
    outer loop
      vertex 161.75 145.317 6.50412
      vertex 161.75 158.34 19.3
      vertex 161.75 146.889 6.12681
    endloop
  endfacet
  facet normal -1 0 0
    outer loop
      vertex 161.75 143.824 7.12263
      vertex 161.75 158.34 19.3
      vertex 161.75 145.317 6.50412
    endloop
  endfacet
  facet normal -1 0 0
    outer loop
      vertex 161.75 142.446 7.96712
      vertex 161.75 158.34 19.3
      vertex 161.75 143.824 7.12263
    endloop
  endfacet
  facet normal -1 0 0
    outer loop
      vertex 161.75 141.217 9.0168
      vertex 161.75 158.34 19.3
      vertex 161.75 142.446 7.96712
    endloop
  endfacet
  facet normal -1 0 0
    outer loop
      vertex 161.75 140.167 10.2458
      vertex 161.75 158.34 19.3
      vertex 161.75 141.217 9.0168
    endloop
  endfacet
  facet normal -1 0 0
    outer loop
      vertex 161.75 139.323 11.6239
      vertex 161.75 158.34 19.3
      vertex 161.75 140.167 10.2458
    endloop
  endfacet
  facet normal -1 0 0
    outer loop
      vertex 161.75 138.704 13.1171
      vertex 161.75 158.34 19.3
      vertex 161.75 139.323 11.6239
    endloop
  endfacet
  facet normal -1 0 0
    outer loop
      vertex 161.75 138.704 13.1171
      vertex 161.75 138.66 19.3
      vertex 161.75 158.34 19.3
    endloop
  endfacet
  facet normal -1 0 0
    outer loop
      vertex 161.75 138.327 14.6887
      vertex 161.75 138.66 19.3
      vertex 161.75 138.704 13.1171
    endloop
  endfacet
  facet normal -1 0 0
    outer loop
      vertex 161.75 138.327 14.6887
      vertex 161.75 138.327 17.9113
      vertex 161.75 138.66 19.3
    endloop
  endfacet
  facet normal -1 0 -0
    outer loop
      vertex 161.75 138.327 17.9113
      vertex 161.75 138.327 14.6887
      vertex 161.75 138.2 16.3
    endloop
  endfacet
  facet normal 1 -0 0
    outer loop
      vertex 169.75 13.2 19.3
      vertex 169.75 160.8 4
      vertex 169.75 160.8 19.3
    endloop
  endfacet
  facet normal 1 0 0
    outer loop
      vertex 169.75 160.8 4
      vertex 169.75 13.2 19.3
      vertex 169.75 13.2 4
    endloop
  endfacet
  facet normal -0 0 1
    outer loop
      vertex 17.75 40.2602 19.3
      vertex 161.75 35.3398 19.3
      vertex 161.75 40.2602 19.3
    endloop
  endfacet
  facet normal 0 0 1
    outer loop
      vertex 161.75 35.3398 19.3
      vertex 17.75 40.2602 19.3
      vertex 17.75 35.3398 19.3
    endloop
  endfacet
  facet normal -0 0 1
    outer loop
      vertex 17.75 64.8602 19.3
      vertex 161.75 59.9398 19.3
      vertex 161.75 64.8602 19.3
    endloop
  endfacet
  facet normal 0 0 1
    outer loop
      vertex 161.75 59.9398 19.3
      vertex 17.75 64.8602 19.3
      vertex 17.75 59.9398 19.3
    endloop
  endfacet
  facet normal -0 0 1
    outer loop
      vertex 17.75 89.4602 19.3
      vertex 161.75 84.5398 19.3
      vertex 161.75 89.4602 19.3
    endloop
  endfacet
  facet normal 0 0 1
    outer loop
      vertex 161.75 84.5398 19.3
      vertex 17.75 89.4602 19.3
      vertex 17.75 84.5398 19.3
    endloop
  endfacet
  facet normal -0 0 1
    outer loop
      vertex 17.75 114.06 19.3
      vertex 161.75 109.14 19.3
      vertex 161.75 114.06 19.3
    endloop
  endfacet
  facet normal 0 0 1
    outer loop
      vertex 161.75 109.14 19.3
      vertex 17.75 114.06 19.3
      vertex 17.75 109.14 19.3
    endloop
  endfacet
  facet normal -0 0 1
    outer loop
      vertex 17.75 138.66 19.3
      vertex 161.75 133.74 19.3
      vertex 161.75 138.66 19.3
    endloop
  endfacet
  facet normal 0 0 1
    outer loop
      vertex 161.75 133.74 19.3
      vertex 17.75 138.66 19.3
      vertex 17.75 133.74 19.3
    endloop
  endfacet
  facet normal 0 0 1
    outer loop
      vertex 161.75 138.66 19.3
      vertex 169.75 160.8 19.3
      vertex 161.75 158.34 19.3
    endloop
  endfacet
  facet normal 0 0 1
    outer loop
      vertex 169.75 160.8 19.3
      vertex 17.75 158.34 19.3
      vertex 161.75 158.34 19.3
    endloop
  endfacet
  facet normal 0 0 1
    outer loop
      vertex 9.75 160.8 19.3
      vertex 17.75 138.66 19.3
      vertex 17.75 158.34 19.3
    endloop
  endfacet
  facet normal 0 0 1
    outer loop
      vertex 17.75 138.66 19.3
      vertex 9.75 160.8 19.3
      vertex 17.75 133.74 19.3
    endloop
  endfacet
  facet normal 0 0 1
    outer loop
      vertex 17.75 133.74 19.3
      vertex 9.75 160.8 19.3
      vertex 17.75 114.06 19.3
    endloop
  endfacet
  facet normal 0 0 1
    outer loop
      vertex 17.75 114.06 19.3
      vertex 9.75 160.8 19.3
      vertex 17.75 109.14 19.3
    endloop
  endfacet
  facet normal 0 0 1
    outer loop
      vertex 17.75 109.14 19.3
      vertex 9.75 160.8 19.3
      vertex 17.75 89.4602 19.3
    endloop
  endfacet
  facet normal 0 0 1
    outer loop
      vertex 17.75 89.4602 19.3
      vertex 9.75 160.8 19.3
      vertex 17.75 84.5398 19.3
    endloop
  endfacet
  facet normal 0 0 1
    outer loop
      vertex 9.75 13.2 19.3
      vertex 17.75 84.5398 19.3
      vertex 9.75 160.8 19.3
    endloop
  endfacet
  facet normal 0 0 1
    outer loop
      vertex 17.75 84.5398 19.3
      vertex 9.75 13.2 19.3
      vertex 17.75 64.8602 19.3
    endloop
  endfacet
  facet normal 0 0 1
    outer loop
      vertex 17.75 64.8602 19.3
      vertex 9.75 13.2 19.3
      vertex 17.75 59.9398 19.3
    endloop
  endfacet
  facet normal 0 0 1
    outer loop
      vertex 17.75 59.9398 19.3
      vertex 9.75 13.2 19.3
      vertex 17.75 40.2602 19.3
    endloop
  endfacet
  facet normal 0 0 1
    outer loop
      vertex 17.75 40.2602 19.3
      vertex 9.75 13.2 19.3
      vertex 17.75 35.3398 19.3
    endloop
  endfacet
  facet normal -0 0 1
    outer loop
      vertex 9.75 160.8 19.3
      vertex 17.75 158.34 19.3
      vertex 169.75 160.8 19.3
    endloop
  endfacet
  facet normal 0 0 1
    outer loop
      vertex 161.75 133.74 19.3
      vertex 169.75 160.8 19.3
      vertex 161.75 138.66 19.3
    endloop
  endfacet
  facet normal 0 0 1
    outer loop
      vertex 161.75 114.06 19.3
      vertex 169.75 160.8 19.3
      vertex 161.75 133.74 19.3
    endloop
  endfacet
  facet normal 0 0 1
    outer loop
      vertex 161.75 109.14 19.3
      vertex 169.75 160.8 19.3
      vertex 161.75 114.06 19.3
    endloop
  endfacet
  facet normal 0 0 1
    outer loop
      vertex 161.75 89.4602 19.3
      vertex 169.75 160.8 19.3
      vertex 161.75 109.14 19.3
    endloop
  endfacet
  facet normal 0 0 1
    outer loop
      vertex 169.75 160.8 19.3
      vertex 161.75 89.4602 19.3
      vertex 169.75 13.2 19.3
    endloop
  endfacet
  facet normal -0 0 1
    outer loop
      vertex 161.75 84.5398 19.3
      vertex 169.75 13.2 19.3
      vertex 161.75 89.4602 19.3
    endloop
  endfacet
  facet normal -0 0 1
    outer loop
      vertex 161.75 64.8602 19.3
      vertex 169.75 13.2 19.3
      vertex 161.75 84.5398 19.3
    endloop
  endfacet
  facet normal -0 0 1
    outer loop
      vertex 161.75 59.9398 19.3
      vertex 169.75 13.2 19.3
      vertex 161.75 64.8602 19.3
    endloop
  endfacet
  facet normal -0 0 1
    outer loop
      vertex 161.75 40.2602 19.3
      vertex 169.75 13.2 19.3
      vertex 161.75 59.9398 19.3
    endloop
  endfacet
  facet normal -0 0 1
    outer loop
      vertex 161.75 35.3398 19.3
      vertex 169.75 13.2 19.3
      vertex 161.75 40.2602 19.3
    endloop
  endfacet
  facet normal -0 0 1
    outer loop
      vertex 161.75 15.6602 19.3
      vertex 169.75 13.2 19.3
      vertex 161.75 35.3398 19.3
    endloop
  endfacet
  facet normal -0 0 1
    outer loop
      vertex 17.75 15.6602 19.3
      vertex 169.75 13.2 19.3
      vertex 161.75 15.6602 19.3
    endloop
  endfacet
  facet normal 0 0 1
    outer loop
      vertex 17.75 15.6602 19.3
      vertex 9.75 13.2 19.3
      vertex 169.75 13.2 19.3
    endloop
  endfacet
  facet normal 0 0 1
    outer loop
      vertex 17.75 35.3398 19.3
      vertex 9.75 13.2 19.3
      vertex 17.75 15.6602 19.3
    endloop
  endfacet
  facet normal 0 0 -1
    outer loop
      vertex 22.9754 47.0871 3
      vertex 22.9754 47.7129 3
      vertex 23 47.4 3
    endloop
  endfacet
  facet normal 0 0 -1
    outer loop
      vertex 22.9021 46.782 3
      vertex 22.9754 47.7129 3
      vertex 22.9754 47.0871 3
    endloop
  endfacet
  facet normal 0 0 -1
    outer loop
      vertex 22.9021 46.782 3
      vertex 22.9021 48.018 3
      vertex 22.9754 47.7129 3
    endloop
  endfacet
  facet normal 0 0 -1
    outer loop
      vertex 22.782 46.492 3
      vertex 22.9021 48.018 3
      vertex 22.9021 46.782 3
    endloop
  endfacet
  facet normal 0 0 -1
    outer loop
      vertex 22.782 46.492 3
      vertex 22.782 48.308 3
      vertex 22.9021 48.018 3
    endloop
  endfacet
  facet normal 0 0 -1
    outer loop
      vertex 22.618 46.2244 3
      vertex 22.782 48.308 3
      vertex 22.782 46.492 3
    endloop
  endfacet
  facet normal 0 0 -1
    outer loop
      vertex 22.618 46.2244 3
      vertex 22.618 48.5756 3
      vertex 22.782 48.308 3
    endloop
  endfacet
  facet normal 0 0 -1
    outer loop
      vertex 22.4142 45.9858 3
      vertex 22.618 48.5756 3
      vertex 22.618 46.2244 3
    endloop
  endfacet
  facet normal 0 0 -1
    outer loop
      vertex 22.4142 45.9858 3
      vertex 22.4142 48.8142 3
      vertex 22.618 48.5756 3
    endloop
  endfacet
  facet normal 0 0 -1
    outer loop
      vertex 22.1756 45.782 3
      vertex 22.4142 48.8142 3
      vertex 22.4142 45.9858 3
    endloop
  endfacet
  facet normal 0 0 -1
    outer loop
      vertex 22.1756 45.782 3
      vertex 22.1756 49.018 3
      vertex 22.4142 48.8142 3
    endloop
  endfacet
  facet normal 0 0 -1
    outer loop
      vertex 21.908 45.618 3
      vertex 22.1756 49.018 3
      vertex 22.1756 45.782 3
    endloop
  endfacet
  facet normal 0 0 -1
    outer loop
      vertex 21.908 45.618 3
      vertex 21.908 49.182 3
      vertex 22.1756 49.018 3
    endloop
  endfacet
  facet normal 0 0 -1
    outer loop
      vertex 21.618 45.4979 3
      vertex 21.908 49.182 3
      vertex 21.908 45.618 3
    endloop
  endfacet
  facet normal 0 0 -1
    outer loop
      vertex 21.618 45.4979 3
      vertex 21.618 49.3021 3
      vertex 21.908 49.182 3
    endloop
  endfacet
  facet normal 0 0 -1
    outer loop
      vertex 21.3129 45.4246 3
      vertex 21.618 49.3021 3
      vertex 21.618 45.4979 3
    endloop
  endfacet
  facet normal 0 0 -1
    outer loop
      vertex 21.3129 45.4246 3
      vertex 21.3129 49.3754 3
      vertex 21.618 49.3021 3
    endloop
  endfacet
  facet normal 0 0 -1
    outer loop
      vertex 21 45.4 3
      vertex 21.3129 49.3754 3
      vertex 21.3129 45.4246 3
    endloop
  endfacet
  facet normal 0 0 -1
    outer loop
      vertex 21 45.4 3
      vertex 21 49.4 3
      vertex 21.3129 49.3754 3
    endloop
  endfacet
  facet normal 0 0 -1
    outer loop
      vertex 20.6871 45.4246 3
      vertex 21 49.4 3
      vertex 21 45.4 3
    endloop
  endfacet
  facet normal 0 0 -1
    outer loop
      vertex 20.6871 45.4246 3
      vertex 20.6871 49.3754 3
      vertex 21 49.4 3
    endloop
  endfacet
  facet normal 0 0 -1
    outer loop
      vertex 20.382 45.4979 3
      vertex 20.6871 49.3754 3
      vertex 20.6871 45.4246 3
    endloop
  endfacet
  facet normal 0 0 -1
    outer loop
      vertex 20.382 45.4979 3
      vertex 20.382 49.3021 3
      vertex 20.6871 49.3754 3
    endloop
  endfacet
  facet normal 0 0 -1
    outer loop
      vertex 20.092 45.618 3
      vertex 20.382 49.3021 3
      vertex 20.382 45.4979 3
    endloop
  endfacet
  facet normal 0 0 -1
    outer loop
      vertex 20.092 45.618 3
      vertex 20.092 49.182 3
      vertex 20.382 49.3021 3
    endloop
  endfacet
  facet normal 0 0 -1
    outer loop
      vertex 19.8244 45.782 3
      vertex 20.092 49.182 3
      vertex 20.092 45.618 3
    endloop
  endfacet
  facet normal 0 0 -1
    outer loop
      vertex 19.8244 45.782 3
      vertex 19.8244 49.018 3
      vertex 20.092 49.182 3
    endloop
  endfacet
  facet normal 0 0 -1
    outer loop
      vertex 19.5858 45.9858 3
      vertex 19.8244 49.018 3
      vertex 19.8244 45.782 3
    endloop
  endfacet
  facet normal 0 0 -1
    outer loop
      vertex 19.5858 45.9858 3
      vertex 19.5858 48.8142 3
      vertex 19.8244 49.018 3
    endloop
  endfacet
  facet normal 0 0 -1
    outer loop
      vertex 19.382 46.2244 3
      vertex 19.5858 48.8142 3
      vertex 19.5858 45.9858 3
    endloop
  endfacet
  facet normal 0 0 -1
    outer loop
      vertex 19.382 46.2244 3
      vertex 19.382 48.5756 3
      vertex 19.5858 48.8142 3
    endloop
  endfacet
  facet normal 0 0 -1
    outer loop
      vertex 19.218 46.492 3
      vertex 19.382 48.5756 3
      vertex 19.382 46.2244 3
    endloop
  endfacet
  facet normal 0 0 -1
    outer loop
      vertex 19.218 46.492 3
      vertex 19.218 48.308 3
      vertex 19.382 48.5756 3
    endloop
  endfacet
  facet normal 0 0 -1
    outer loop
      vertex 19.0979 46.782 3
      vertex 19.218 48.308 3
      vertex 19.218 46.492 3
    endloop
  endfacet
  facet normal 0 0 -1
    outer loop
      vertex 19.0979 46.782 3
      vertex 19.0979 48.018 3
      vertex 19.218 48.308 3
    endloop
  endfacet
  facet normal 0 0 -1
    outer loop
      vertex 19.0246 47.0871 3
      vertex 19.0979 48.018 3
      vertex 19.0979 46.782 3
    endloop
  endfacet
  facet normal 0 0 -1
    outer loop
      vertex 19.0246 47.0871 3
      vertex 19.0246 47.7129 3
      vertex 19.0979 48.018 3
    endloop
  endfacet
  facet normal 0 -0 -1
    outer loop
      vertex 19.0246 47.7129 3
      vertex 19.0246 47.0871 3
      vertex 19 47.4 3
    endloop
  endfacet
  facet normal 0 0 -1
    outer loop
      vertex 22.9754 99.8871 3
      vertex 22.9754 100.513 3
      vertex 23 100.2 3
    endloop
  endfacet
  facet normal 0 0 -1
    outer loop
      vertex 22.9021 99.582 3
      vertex 22.9754 100.513 3
      vertex 22.9754 99.8871 3
    endloop
  endfacet
  facet normal 0 0 -1
    outer loop
      vertex 22.9021 99.582 3
      vertex 22.9021 100.818 3
      vertex 22.9754 100.513 3
    endloop
  endfacet
  facet normal 0 0 -1
    outer loop
      vertex 22.782 99.292 3
      vertex 22.9021 100.818 3
      vertex 22.9021 99.582 3
    endloop
  endfacet
  facet normal 0 0 -1
    outer loop
      vertex 22.782 99.292 3
      vertex 22.782 101.108 3
      vertex 22.9021 100.818 3
    endloop
  endfacet
  facet normal 0 0 -1
    outer loop
      vertex 22.618 99.0244 3
      vertex 22.782 101.108 3
      vertex 22.782 99.292 3
    endloop
  endfacet
  facet normal 0 0 -1
    outer loop
      vertex 22.618 99.0244 3
      vertex 22.618 101.376 3
      vertex 22.782 101.108 3
    endloop
  endfacet
  facet normal 0 0 -1
    outer loop
      vertex 22.4142 98.7858 3
      vertex 22.618 101.376 3
      vertex 22.618 99.0244 3
    endloop
  endfacet
  facet normal 0 0 -1
    outer loop
      vertex 22.4142 98.7858 3
      vertex 22.4142 101.614 3
      vertex 22.618 101.376 3
    endloop
  endfacet
  facet normal 0 0 -1
    outer loop
      vertex 22.1756 98.582 3
      vertex 22.4142 101.614 3
      vertex 22.4142 98.7858 3
    endloop
  endfacet
  facet normal 0 0 -1
    outer loop
      vertex 22.1756 98.582 3
      vertex 22.1756 101.818 3
      vertex 22.4142 101.614 3
    endloop
  endfacet
  facet normal 0 0 -1
    outer loop
      vertex 21.908 98.418 3
      vertex 22.1756 101.818 3
      vertex 22.1756 98.582 3
    endloop
  endfacet
  facet normal 0 0 -1
    outer loop
      vertex 21.908 98.418 3
      vertex 21.908 101.982 3
      vertex 22.1756 101.818 3
    endloop
  endfacet
  facet normal 0 0 -1
    outer loop
      vertex 21.618 98.2979 3
      vertex 21.908 101.982 3
      vertex 21.908 98.418 3
    endloop
  endfacet
  facet normal 0 0 -1
    outer loop
      vertex 21.618 98.2979 3
      vertex 21.618 102.102 3
      vertex 21.908 101.982 3
    endloop
  endfacet
  facet normal 0 0 -1
    outer loop
      vertex 21.3129 98.2246 3
      vertex 21.618 102.102 3
      vertex 21.618 98.2979 3
    endloop
  endfacet
  facet normal 0 0 -1
    outer loop
      vertex 21.3129 98.2246 3
      vertex 21.3129 102.175 3
      vertex 21.618 102.102 3
    endloop
  endfacet
  facet normal 0 0 -1
    outer loop
      vertex 21 98.2 3
      vertex 21.3129 102.175 3
      vertex 21.3129 98.2246 3
    endloop
  endfacet
  facet normal 0 0 -1
    outer loop
      vertex 21 98.2 3
      vertex 21 102.2 3
      vertex 21.3129 102.175 3
    endloop
  endfacet
  facet normal 0 0 -1
    outer loop
      vertex 20.6871 98.2246 3
      vertex 21 102.2 3
      vertex 21 98.2 3
    endloop
  endfacet
  facet normal 0 0 -1
    outer loop
      vertex 20.6871 98.2246 3
      vertex 20.6871 102.175 3
      vertex 21 102.2 3
    endloop
  endfacet
  facet normal 0 0 -1
    outer loop
      vertex 20.382 98.2979 3
      vertex 20.6871 102.175 3
      vertex 20.6871 98.2246 3
    endloop
  endfacet
  facet normal 0 0 -1
    outer loop
      vertex 20.382 98.2979 3
      vertex 20.382 102.102 3
      vertex 20.6871 102.175 3
    endloop
  endfacet
  facet normal 0 0 -1
    outer loop
      vertex 20.092 98.418 3
      vertex 20.382 102.102 3
      vertex 20.382 98.2979 3
    endloop
  endfacet
  facet normal 0 0 -1
    outer loop
      vertex 20.092 98.418 3
      vertex 20.092 101.982 3
      vertex 20.382 102.102 3
    endloop
  endfacet
  facet normal 0 0 -1
    outer loop
      vertex 19.8244 98.582 3
      vertex 20.092 101.982 3
      vertex 20.092 98.418 3
    endloop
  endfacet
  facet normal 0 0 -1
    outer loop
      vertex 19.8244 98.582 3
      vertex 19.8244 101.818 3
      vertex 20.092 101.982 3
    endloop
  endfacet
  facet normal 0 0 -1
    outer loop
      vertex 19.5858 98.7858 3
      vertex 19.8244 101.818 3
      vertex 19.8244 98.582 3
    endloop
  endfacet
  facet normal 0 0 -1
    outer loop
      vertex 19.5858 98.7858 3
      vertex 19.5858 101.614 3
      vertex 19.8244 101.818 3
    endloop
  endfacet
  facet normal 0 0 -1
    outer loop
      vertex 19.382 99.0244 3
      vertex 19.5858 101.614 3
      vertex 19.5858 98.7858 3
    endloop
  endfacet
  facet normal 0 0 -1
    outer loop
      vertex 19.382 99.0244 3
      vertex 19.382 101.376 3
      vertex 19.5858 101.614 3
    endloop
  endfacet
  facet normal 0 0 -1
    outer loop
      vertex 19.218 99.292 3
      vertex 19.382 101.376 3
      vertex 19.382 99.0244 3
    endloop
  endfacet
  facet normal 0 0 -1
    outer loop
      vertex 19.218 99.292 3
      vertex 19.218 101.108 3
      vertex 19.382 101.376 3
    endloop
  endfacet
  facet normal 0 0 -1
    outer loop
      vertex 19.0979 99.582 3
      vertex 19.218 101.108 3
      vertex 19.218 99.292 3
    endloop
  endfacet
  facet normal 0 0 -1
    outer loop
      vertex 19.0979 99.582 3
      vertex 19.0979 100.818 3
      vertex 19.218 101.108 3
    endloop
  endfacet
  facet normal 0 0 -1
    outer loop
      vertex 19.0246 99.8871 3
      vertex 19.0979 100.818 3
      vertex 19.0979 99.582 3
    endloop
  endfacet
  facet normal 0 0 -1
    outer loop
      vertex 19.0246 99.8871 3
      vertex 19.0246 100.513 3
      vertex 19.0979 100.818 3
    endloop
  endfacet
  facet normal 0 -0 -1
    outer loop
      vertex 19.0246 100.513 3
      vertex 19.0246 99.8871 3
      vertex 19 100.2 3
    endloop
  endfacet
  facet normal 0 0 -1
    outer loop
      vertex 22.9754 152.687 3
      vertex 22.9754 153.313 3
      vertex 23 153 3
    endloop
  endfacet
  facet normal 0 0 -1
    outer loop
      vertex 22.9021 152.382 3
      vertex 22.9754 153.313 3
      vertex 22.9754 152.687 3
    endloop
  endfacet
  facet normal 0 0 -1
    outer loop
      vertex 22.9021 152.382 3
      vertex 22.9021 153.618 3
      vertex 22.9754 153.313 3
    endloop
  endfacet
  facet normal 0 0 -1
    outer loop
      vertex 22.782 152.092 3
      vertex 22.9021 153.618 3
      vertex 22.9021 152.382 3
    endloop
  endfacet
  facet normal 0 0 -1
    outer loop
      vertex 22.782 152.092 3
      vertex 22.782 153.908 3
      vertex 22.9021 153.618 3
    endloop
  endfacet
  facet normal 0 0 -1
    outer loop
      vertex 22.618 151.824 3
      vertex 22.782 153.908 3
      vertex 22.782 152.092 3
    endloop
  endfacet
  facet normal 0 0 -1
    outer loop
      vertex 22.618 151.824 3
      vertex 22.618 154.176 3
      vertex 22.782 153.908 3
    endloop
  endfacet
  facet normal 0 0 -1
    outer loop
      vertex 22.4142 151.586 3
      vertex 22.618 154.176 3
      vertex 22.618 151.824 3
    endloop
  endfacet
  facet normal 0 0 -1
    outer loop
      vertex 22.4142 151.586 3
      vertex 22.4142 154.414 3
      vertex 22.618 154.176 3
    endloop
  endfacet
  facet normal 0 0 -1
    outer loop
      vertex 22.1756 151.382 3
      vertex 22.4142 154.414 3
      vertex 22.4142 151.586 3
    endloop
  endfacet
  facet normal 0 0 -1
    outer loop
      vertex 22.1756 151.382 3
      vertex 22.1756 154.618 3
      vertex 22.4142 154.414 3
    endloop
  endfacet
  facet normal 0 0 -1
    outer loop
      vertex 21.908 151.218 3
      vertex 22.1756 154.618 3
      vertex 22.1756 151.382 3
    endloop
  endfacet
  facet normal 0 0 -1
    outer loop
      vertex 21.908 151.218 3
      vertex 21.908 154.782 3
      vertex 22.1756 154.618 3
    endloop
  endfacet
  facet normal 0 0 -1
    outer loop
      vertex 21.618 151.098 3
      vertex 21.908 154.782 3
      vertex 21.908 151.218 3
    endloop
  endfacet
  facet normal 0 0 -1
    outer loop
      vertex 21.618 151.098 3
      vertex 21.618 154.902 3
      vertex 21.908 154.782 3
    endloop
  endfacet
  facet normal 0 0 -1
    outer loop
      vertex 21.3129 151.025 3
      vertex 21.618 154.902 3
      vertex 21.618 151.098 3
    endloop
  endfacet
  facet normal 0 0 -1
    outer loop
      vertex 21.3129 151.025 3
      vertex 21.3129 154.975 3
      vertex 21.618 154.902 3
    endloop
  endfacet
  facet normal 0 0 -1
    outer loop
      vertex 21 151 3
      vertex 21.3129 154.975 3
      vertex 21.3129 151.025 3
    endloop
  endfacet
  facet normal 0 0 -1
    outer loop
      vertex 21 151 3
      vertex 21 155 3
      vertex 21.3129 154.975 3
    endloop
  endfacet
  facet normal 0 0 -1
    outer loop
      vertex 20.6871 151.025 3
      vertex 21 155 3
      vertex 21 151 3
    endloop
  endfacet
  facet normal 0 0 -1
    outer loop
      vertex 20.6871 151.025 3
      vertex 20.6871 154.975 3
      vertex 21 155 3
    endloop
  endfacet
  facet normal 0 0 -1
    outer loop
      vertex 20.382 151.098 3
      vertex 20.6871 154.975 3
      vertex 20.6871 151.025 3
    endloop
  endfacet
  facet normal 0 0 -1
    outer loop
      vertex 20.382 151.098 3
      vertex 20.382 154.902 3
      vertex 20.6871 154.975 3
    endloop
  endfacet
  facet normal 0 0 -1
    outer loop
      vertex 20.092 151.218 3
      vertex 20.382 154.902 3
      vertex 20.382 151.098 3
    endloop
  endfacet
  facet normal 0 0 -1
    outer loop
      vertex 20.092 151.218 3
      vertex 20.092 154.782 3
      vertex 20.382 154.902 3
    endloop
  endfacet
  facet normal 0 0 -1
    outer loop
      vertex 19.8244 151.382 3
      vertex 20.092 154.782 3
      vertex 20.092 151.218 3
    endloop
  endfacet
  facet normal 0 0 -1
    outer loop
      vertex 19.8244 151.382 3
      vertex 19.8244 154.618 3
      vertex 20.092 154.782 3
    endloop
  endfacet
  facet normal 0 0 -1
    outer loop
      vertex 19.5858 151.586 3
      vertex 19.8244 154.618 3
      vertex 19.8244 151.382 3
    endloop
  endfacet
  facet normal 0 0 -1
    outer loop
      vertex 19.5858 151.586 3
      vertex 19.5858 154.414 3
      vertex 19.8244 154.618 3
    endloop
  endfacet
  facet normal 0 0 -1
    outer loop
      vertex 19.382 151.824 3
      vertex 19.5858 154.414 3
      vertex 19.5858 151.586 3
    endloop
  endfacet
  facet normal 0 0 -1
    outer loop
      vertex 19.382 151.824 3
      vertex 19.382 154.176 3
      vertex 19.5858 154.414 3
    endloop
  endfacet
  facet normal 0 0 -1
    outer loop
      vertex 19.218 152.092 3
      vertex 19.382 154.176 3
      vertex 19.382 151.824 3
    endloop
  endfacet
  facet normal 0 0 -1
    outer loop
      vertex 19.218 152.092 3
      vertex 19.218 153.908 3
      vertex 19.382 154.176 3
    endloop
  endfacet
  facet normal 0 0 -1
    outer loop
      vertex 19.0979 152.382 3
      vertex 19.218 153.908 3
      vertex 19.218 152.092 3
    endloop
  endfacet
  facet normal 0 0 -1
    outer loop
      vertex 19.0979 152.382 3
      vertex 19.0979 153.618 3
      vertex 19.218 153.908 3
    endloop
  endfacet
  facet normal 0 0 -1
    outer loop
      vertex 19.0246 152.687 3
      vertex 19.0979 153.618 3
      vertex 19.0979 152.382 3
    endloop
  endfacet
  facet normal 0 0 -1
    outer loop
      vertex 19.0246 152.687 3
      vertex 19.0246 153.313 3
      vertex 19.0979 153.618 3
    endloop
  endfacet
  facet normal 0 -0 -1
    outer loop
      vertex 19.0246 153.313 3
      vertex 19.0246 152.687 3
      vertex 19 153 3
    endloop
  endfacet
  facet normal 0 0 -1
    outer loop
      vertex 22.9754 126.287 3
      vertex 22.9754 126.913 3
      vertex 23 126.6 3
    endloop
  endfacet
  facet normal 0 0 -1
    outer loop
      vertex 22.9021 125.982 3
      vertex 22.9754 126.913 3
      vertex 22.9754 126.287 3
    endloop
  endfacet
  facet normal 0 0 -1
    outer loop
      vertex 22.9021 125.982 3
      vertex 22.9021 127.218 3
      vertex 22.9754 126.913 3
    endloop
  endfacet
  facet normal 0 0 -1
    outer loop
      vertex 22.782 125.692 3
      vertex 22.9021 127.218 3
      vertex 22.9021 125.982 3
    endloop
  endfacet
  facet normal 0 0 -1
    outer loop
      vertex 22.782 125.692 3
      vertex 22.782 127.508 3
      vertex 22.9021 127.218 3
    endloop
  endfacet
  facet normal 0 0 -1
    outer loop
      vertex 22.618 125.424 3
      vertex 22.782 127.508 3
      vertex 22.782 125.692 3
    endloop
  endfacet
  facet normal 0 0 -1
    outer loop
      vertex 22.618 125.424 3
      vertex 22.618 127.776 3
      vertex 22.782 127.508 3
    endloop
  endfacet
  facet normal 0 0 -1
    outer loop
      vertex 22.4142 125.186 3
      vertex 22.618 127.776 3
      vertex 22.618 125.424 3
    endloop
  endfacet
  facet normal 0 0 -1
    outer loop
      vertex 22.4142 125.186 3
      vertex 22.4142 128.014 3
      vertex 22.618 127.776 3
    endloop
  endfacet
  facet normal 0 0 -1
    outer loop
      vertex 22.1756 124.982 3
      vertex 22.4142 128.014 3
      vertex 22.4142 125.186 3
    endloop
  endfacet
  facet normal 0 0 -1
    outer loop
      vertex 22.1756 124.982 3
      vertex 22.1756 128.218 3
      vertex 22.4142 128.014 3
    endloop
  endfacet
  facet normal 0 0 -1
    outer loop
      vertex 21.908 124.818 3
      vertex 22.1756 128.218 3
      vertex 22.1756 124.982 3
    endloop
  endfacet
  facet normal 0 0 -1
    outer loop
      vertex 21.908 124.818 3
      vertex 21.908 128.382 3
      vertex 22.1756 128.218 3
    endloop
  endfacet
  facet normal 0 0 -1
    outer loop
      vertex 21.618 124.698 3
      vertex 21.908 128.382 3
      vertex 21.908 124.818 3
    endloop
  endfacet
  facet normal 0 0 -1
    outer loop
      vertex 21.618 124.698 3
      vertex 21.618 128.502 3
      vertex 21.908 128.382 3
    endloop
  endfacet
  facet normal 0 0 -1
    outer loop
      vertex 21.3129 124.625 3
      vertex 21.618 128.502 3
      vertex 21.618 124.698 3
    endloop
  endfacet
  facet normal 0 0 -1
    outer loop
      vertex 21.3129 124.625 3
      vertex 21.3129 128.575 3
      vertex 21.618 128.502 3
    endloop
  endfacet
  facet normal 0 0 -1
    outer loop
      vertex 21 124.6 3
      vertex 21.3129 128.575 3
      vertex 21.3129 124.625 3
    endloop
  endfacet
  facet normal 0 0 -1
    outer loop
      vertex 21 124.6 3
      vertex 21 128.6 3
      vertex 21.3129 128.575 3
    endloop
  endfacet
  facet normal 0 0 -1
    outer loop
      vertex 20.6871 124.625 3
      vertex 21 128.6 3
      vertex 21 124.6 3
    endloop
  endfacet
  facet normal 0 0 -1
    outer loop
      vertex 20.6871 124.625 3
      vertex 20.6871 128.575 3
      vertex 21 128.6 3
    endloop
  endfacet
  facet normal 0 0 -1
    outer loop
      vertex 20.382 124.698 3
      vertex 20.6871 128.575 3
      vertex 20.6871 124.625 3
    endloop
  endfacet
  facet normal 0 0 -1
    outer loop
      vertex 20.382 124.698 3
      vertex 20.382 128.502 3
      vertex 20.6871 128.575 3
    endloop
  endfacet
  facet normal 0 0 -1
    outer loop
      vertex 20.092 124.818 3
      vertex 20.382 128.502 3
      vertex 20.382 124.698 3
    endloop
  endfacet
  facet normal 0 0 -1
    outer loop
      vertex 20.092 124.818 3
      vertex 20.092 128.382 3
      vertex 20.382 128.502 3
    endloop
  endfacet
  facet normal 0 0 -1
    outer loop
      vertex 19.8244 124.982 3
      vertex 20.092 128.382 3
      vertex 20.092 124.818 3
    endloop
  endfacet
  facet normal 0 0 -1
    outer loop
      vertex 19.8244 124.982 3
      vertex 19.8244 128.218 3
      vertex 20.092 128.382 3
    endloop
  endfacet
  facet normal 0 0 -1
    outer loop
      vertex 19.5858 125.186 3
      vertex 19.8244 128.218 3
      vertex 19.8244 124.982 3
    endloop
  endfacet
  facet normal 0 0 -1
    outer loop
      vertex 19.5858 125.186 3
      vertex 19.5858 128.014 3
      vertex 19.8244 128.218 3
    endloop
  endfacet
  facet normal 0 0 -1
    outer loop
      vertex 19.382 125.424 3
      vertex 19.5858 128.014 3
      vertex 19.5858 125.186 3
    endloop
  endfacet
  facet normal 0 0 -1
    outer loop
      vertex 19.382 125.424 3
      vertex 19.382 127.776 3
      vertex 19.5858 128.014 3
    endloop
  endfacet
  facet normal 0 0 -1
    outer loop
      vertex 19.218 125.692 3
      vertex 19.382 127.776 3
      vertex 19.382 125.424 3
    endloop
  endfacet
  facet normal 0 0 -1
    outer loop
      vertex 19.218 125.692 3
      vertex 19.218 127.508 3
      vertex 19.382 127.776 3
    endloop
  endfacet
  facet normal 0 0 -1
    outer loop
      vertex 19.0979 125.982 3
      vertex 19.218 127.508 3
      vertex 19.218 125.692 3
    endloop
  endfacet
  facet normal 0 0 -1
    outer loop
      vertex 19.0979 125.982 3
      vertex 19.0979 127.218 3
      vertex 19.218 127.508 3
    endloop
  endfacet
  facet normal 0 0 -1
    outer loop
      vertex 19.0246 126.287 3
      vertex 19.0979 127.218 3
      vertex 19.0979 125.982 3
    endloop
  endfacet
  facet normal 0 0 -1
    outer loop
      vertex 19.0246 126.287 3
      vertex 19.0246 126.913 3
      vertex 19.0979 127.218 3
    endloop
  endfacet
  facet normal 0 -0 -1
    outer loop
      vertex 19.0246 126.913 3
      vertex 19.0246 126.287 3
      vertex 19 126.6 3
    endloop
  endfacet
  facet normal 0 0 -1
    outer loop
      vertex 22.9754 20.6871 3
      vertex 22.9754 21.3129 3
      vertex 23 21 3
    endloop
  endfacet
  facet normal 0 0 -1
    outer loop
      vertex 22.9021 20.382 3
      vertex 22.9754 21.3129 3
      vertex 22.9754 20.6871 3
    endloop
  endfacet
  facet normal 0 0 -1
    outer loop
      vertex 22.9021 20.382 3
      vertex 22.9021 21.618 3
      vertex 22.9754 21.3129 3
    endloop
  endfacet
  facet normal 0 0 -1
    outer loop
      vertex 22.782 20.092 3
      vertex 22.9021 21.618 3
      vertex 22.9021 20.382 3
    endloop
  endfacet
  facet normal 0 0 -1
    outer loop
      vertex 22.782 20.092 3
      vertex 22.782 21.908 3
      vertex 22.9021 21.618 3
    endloop
  endfacet
  facet normal 0 0 -1
    outer loop
      vertex 22.618 19.8244 3
      vertex 22.782 21.908 3
      vertex 22.782 20.092 3
    endloop
  endfacet
  facet normal 0 0 -1
    outer loop
      vertex 22.618 19.8244 3
      vertex 22.618 22.1756 3
      vertex 22.782 21.908 3
    endloop
  endfacet
  facet normal 0 0 -1
    outer loop
      vertex 22.4142 19.5858 3
      vertex 22.618 22.1756 3
      vertex 22.618 19.8244 3
    endloop
  endfacet
  facet normal 0 0 -1
    outer loop
      vertex 22.4142 19.5858 3
      vertex 22.4142 22.4142 3
      vertex 22.618 22.1756 3
    endloop
  endfacet
  facet normal 0 0 -1
    outer loop
      vertex 22.1756 19.382 3
      vertex 22.4142 22.4142 3
      vertex 22.4142 19.5858 3
    endloop
  endfacet
  facet normal 0 0 -1
    outer loop
      vertex 22.1756 19.382 3
      vertex 22.1756 22.618 3
      vertex 22.4142 22.4142 3
    endloop
  endfacet
  facet normal 0 0 -1
    outer loop
      vertex 21.908 19.218 3
      vertex 22.1756 22.618 3
      vertex 22.1756 19.382 3
    endloop
  endfacet
  facet normal 0 0 -1
    outer loop
      vertex 21.908 19.218 3
      vertex 21.908 22.782 3
      vertex 22.1756 22.618 3
    endloop
  endfacet
  facet normal 0 0 -1
    outer loop
      vertex 21.618 19.0979 3
      vertex 21.908 22.782 3
      vertex 21.908 19.218 3
    endloop
  endfacet
  facet normal 0 0 -1
    outer loop
      vertex 21.618 19.0979 3
      vertex 21.618 22.9021 3
      vertex 21.908 22.782 3
    endloop
  endfacet
  facet normal 0 0 -1
    outer loop
      vertex 21.3129 19.0246 3
      vertex 21.618 22.9021 3
      vertex 21.618 19.0979 3
    endloop
  endfacet
  facet normal 0 0 -1
    outer loop
      vertex 21.3129 19.0246 3
      vertex 21.3129 22.9754 3
      vertex 21.618 22.9021 3
    endloop
  endfacet
  facet normal 0 0 -1
    outer loop
      vertex 21 19 3
      vertex 21.3129 22.9754 3
      vertex 21.3129 19.0246 3
    endloop
  endfacet
  facet normal 0 0 -1
    outer loop
      vertex 21 19 3
      vertex 21 23 3
      vertex 21.3129 22.9754 3
    endloop
  endfacet
  facet normal 0 0 -1
    outer loop
      vertex 20.6871 19.0246 3
      vertex 21 23 3
      vertex 21 19 3
    endloop
  endfacet
  facet normal 0 0 -1
    outer loop
      vertex 20.6871 19.0246 3
      vertex 20.6871 22.9754 3
      vertex 21 23 3
    endloop
  endfacet
  facet normal 0 0 -1
    outer loop
      vertex 20.382 19.0979 3
      vertex 20.6871 22.9754 3
      vertex 20.6871 19.0246 3
    endloop
  endfacet
  facet normal 0 0 -1
    outer loop
      vertex 20.382 19.0979 3
      vertex 20.382 22.9021 3
      vertex 20.6871 22.9754 3
    endloop
  endfacet
  facet normal 0 0 -1
    outer loop
      vertex 20.092 19.218 3
      vertex 20.382 22.9021 3
      vertex 20.382 19.0979 3
    endloop
  endfacet
  facet normal 0 0 -1
    outer loop
      vertex 20.092 19.218 3
      vertex 20.092 22.782 3
      vertex 20.382 22.9021 3
    endloop
  endfacet
  facet normal 0 0 -1
    outer loop
      vertex 19.8244 19.382 3
      vertex 20.092 22.782 3
      vertex 20.092 19.218 3
    endloop
  endfacet
  facet normal 0 0 -1
    outer loop
      vertex 19.8244 19.382 3
      vertex 19.8244 22.618 3
      vertex 20.092 22.782 3
    endloop
  endfacet
  facet normal 0 0 -1
    outer loop
      vertex 19.5858 19.5858 3
      vertex 19.8244 22.618 3
      vertex 19.8244 19.382 3
    endloop
  endfacet
  facet normal 0 0 -1
    outer loop
      vertex 19.5858 19.5858 3
      vertex 19.5858 22.4142 3
      vertex 19.8244 22.618 3
    endloop
  endfacet
  facet normal 0 0 -1
    outer loop
      vertex 19.382 19.8244 3
      vertex 19.5858 22.4142 3
      vertex 19.5858 19.5858 3
    endloop
  endfacet
  facet normal 0 0 -1
    outer loop
      vertex 19.382 19.8244 3
      vertex 19.382 22.1756 3
      vertex 19.5858 22.4142 3
    endloop
  endfacet
  facet normal 0 0 -1
    outer loop
      vertex 19.218 20.092 3
      vertex 19.382 22.1756 3
      vertex 19.382 19.8244 3
    endloop
  endfacet
  facet normal 0 0 -1
    outer loop
      vertex 19.218 20.092 3
      vertex 19.218 21.908 3
      vertex 19.382 22.1756 3
    endloop
  endfacet
  facet normal 0 0 -1
    outer loop
      vertex 19.0979 20.382 3
      vertex 19.218 21.908 3
      vertex 19.218 20.092 3
    endloop
  endfacet
  facet normal 0 0 -1
    outer loop
      vertex 19.0979 20.382 3
      vertex 19.0979 21.618 3
      vertex 19.218 21.908 3
    endloop
  endfacet
  facet normal 0 0 -1
    outer loop
      vertex 19.0246 20.6871 3
      vertex 19.0979 21.618 3
      vertex 19.0979 20.382 3
    endloop
  endfacet
  facet normal 0 0 -1
    outer loop
      vertex 19.0246 20.6871 3
      vertex 19.0246 21.3129 3
      vertex 19.0979 21.618 3
    endloop
  endfacet
  facet normal 0 -0 -1
    outer loop
      vertex 19.0246 21.3129 3
      vertex 19.0246 20.6871 3
      vertex 19 21 3
    endloop
  endfacet
  facet normal 0 0 -1
    outer loop
      vertex 22.9754 73.4871 3
      vertex 22.9754 74.1129 3
      vertex 23 73.8 3
    endloop
  endfacet
  facet normal 0 0 -1
    outer loop
      vertex 22.9021 73.182 3
      vertex 22.9754 74.1129 3
      vertex 22.9754 73.4871 3
    endloop
  endfacet
  facet normal 0 0 -1
    outer loop
      vertex 22.9021 73.182 3
      vertex 22.9021 74.418 3
      vertex 22.9754 74.1129 3
    endloop
  endfacet
  facet normal 0 0 -1
    outer loop
      vertex 22.782 72.892 3
      vertex 22.9021 74.418 3
      vertex 22.9021 73.182 3
    endloop
  endfacet
  facet normal 0 0 -1
    outer loop
      vertex 22.782 72.892 3
      vertex 22.782 74.708 3
      vertex 22.9021 74.418 3
    endloop
  endfacet
  facet normal 0 0 -1
    outer loop
      vertex 22.618 72.6244 3
      vertex 22.782 74.708 3
      vertex 22.782 72.892 3
    endloop
  endfacet
  facet normal 0 0 -1
    outer loop
      vertex 22.618 72.6244 3
      vertex 22.618 74.9756 3
      vertex 22.782 74.708 3
    endloop
  endfacet
  facet normal 0 0 -1
    outer loop
      vertex 22.4142 72.3858 3
      vertex 22.618 74.9756 3
      vertex 22.618 72.6244 3
    endloop
  endfacet
  facet normal 0 0 -1
    outer loop
      vertex 22.4142 72.3858 3
      vertex 22.4142 75.2142 3
      vertex 22.618 74.9756 3
    endloop
  endfacet
  facet normal 0 0 -1
    outer loop
      vertex 22.1756 72.182 3
      vertex 22.4142 75.2142 3
      vertex 22.4142 72.3858 3
    endloop
  endfacet
  facet normal 0 0 -1
    outer loop
      vertex 22.1756 72.182 3
      vertex 22.1756 75.418 3
      vertex 22.4142 75.2142 3
    endloop
  endfacet
  facet normal 0 0 -1
    outer loop
      vertex 21.908 72.018 3
      vertex 22.1756 75.418 3
      vertex 22.1756 72.182 3
    endloop
  endfacet
  facet normal 0 0 -1
    outer loop
      vertex 21.908 72.018 3
      vertex 21.908 75.582 3
      vertex 22.1756 75.418 3
    endloop
  endfacet
  facet normal 0 0 -1
    outer loop
      vertex 21.618 71.8979 3
      vertex 21.908 75.582 3
      vertex 21.908 72.018 3
    endloop
  endfacet
  facet normal 0 0 -1
    outer loop
      vertex 21.618 71.8979 3
      vertex 21.618 75.7021 3
      vertex 21.908 75.582 3
    endloop
  endfacet
  facet normal 0 0 -1
    outer loop
      vertex 21.3129 71.8246 3
      vertex 21.618 75.7021 3
      vertex 21.618 71.8979 3
    endloop
  endfacet
  facet normal 0 0 -1
    outer loop
      vertex 21.3129 71.8246 3
      vertex 21.3129 75.7754 3
      vertex 21.618 75.7021 3
    endloop
  endfacet
  facet normal 0 0 -1
    outer loop
      vertex 21 71.8 3
      vertex 21.3129 75.7754 3
      vertex 21.3129 71.8246 3
    endloop
  endfacet
  facet normal 0 0 -1
    outer loop
      vertex 21 71.8 3
      vertex 21 75.8 3
      vertex 21.3129 75.7754 3
    endloop
  endfacet
  facet normal 0 0 -1
    outer loop
      vertex 20.6871 71.8246 3
      vertex 21 75.8 3
      vertex 21 71.8 3
    endloop
  endfacet
  facet normal 0 0 -1
    outer loop
      vertex 20.6871 71.8246 3
      vertex 20.6871 75.7754 3
      vertex 21 75.8 3
    endloop
  endfacet
  facet normal 0 0 -1
    outer loop
      vertex 20.382 71.8979 3
      vertex 20.6871 75.7754 3
      vertex 20.6871 71.8246 3
    endloop
  endfacet
  facet normal 0 0 -1
    outer loop
      vertex 20.382 71.8979 3
      vertex 20.382 75.7021 3
      vertex 20.6871 75.7754 3
    endloop
  endfacet
  facet normal 0 0 -1
    outer loop
      vertex 20.092 72.018 3
      vertex 20.382 75.7021 3
      vertex 20.382 71.8979 3
    endloop
  endfacet
  facet normal 0 0 -1
    outer loop
      vertex 20.092 72.018 3
      vertex 20.092 75.582 3
      vertex 20.382 75.7021 3
    endloop
  endfacet
  facet normal 0 0 -1
    outer loop
      vertex 19.8244 72.182 3
      vertex 20.092 75.582 3
      vertex 20.092 72.018 3
    endloop
  endfacet
  facet normal 0 0 -1
    outer loop
      vertex 19.8244 72.182 3
      vertex 19.8244 75.418 3
      vertex 20.092 75.582 3
    endloop
  endfacet
  facet normal 0 0 -1
    outer loop
      vertex 19.5858 72.3858 3
      vertex 19.8244 75.418 3
      vertex 19.8244 72.182 3
    endloop
  endfacet
  facet normal 0 0 -1
    outer loop
      vertex 19.5858 72.3858 3
      vertex 19.5858 75.2142 3
      vertex 19.8244 75.418 3
    endloop
  endfacet
  facet normal 0 0 -1
    outer loop
      vertex 19.382 72.6244 3
      vertex 19.5858 75.2142 3
      vertex 19.5858 72.3858 3
    endloop
  endfacet
  facet normal 0 0 -1
    outer loop
      vertex 19.382 72.6244 3
      vertex 19.382 74.9756 3
      vertex 19.5858 75.2142 3
    endloop
  endfacet
  facet normal 0 0 -1
    outer loop
      vertex 19.218 72.892 3
      vertex 19.382 74.9756 3
      vertex 19.382 72.6244 3
    endloop
  endfacet
  facet normal 0 0 -1
    outer loop
      vertex 19.218 72.892 3
      vertex 19.218 74.708 3
      vertex 19.382 74.9756 3
    endloop
  endfacet
  facet normal 0 0 -1
    outer loop
      vertex 19.0979 73.182 3
      vertex 19.218 74.708 3
      vertex 19.218 72.892 3
    endloop
  endfacet
  facet normal 0 0 -1
    outer loop
      vertex 19.0979 73.182 3
      vertex 19.0979 74.418 3
      vertex 19.218 74.708 3
    endloop
  endfacet
  facet normal 0 0 -1
    outer loop
      vertex 19.0246 73.4871 3
      vertex 19.0979 74.418 3
      vertex 19.0979 73.182 3
    endloop
  endfacet
  facet normal 0 0 -1
    outer loop
      vertex 19.0246 73.4871 3
      vertex 19.0246 74.1129 3
      vertex 19.0979 74.418 3
    endloop
  endfacet
  facet normal 0 -0 -1
    outer loop
      vertex 19.0246 74.1129 3
      vertex 19.0246 73.4871 3
      vertex 19 73.8 3
    endloop
  endfacet
  facet normal 0 0 -1
    outer loop
      vertex 68.8087 47.0871 3
      vertex 68.8087 47.7129 3
      vertex 68.8333 47.4 3
    endloop
  endfacet
  facet normal 0 0 -1
    outer loop
      vertex 68.7354 46.782 3
      vertex 68.8087 47.7129 3
      vertex 68.8087 47.0871 3
    endloop
  endfacet
  facet normal 0 0 -1
    outer loop
      vertex 68.7354 46.782 3
      vertex 68.7354 48.018 3
      vertex 68.8087 47.7129 3
    endloop
  endfacet
  facet normal 0 0 -1
    outer loop
      vertex 68.6153 46.492 3
      vertex 68.7354 48.018 3
      vertex 68.7354 46.782 3
    endloop
  endfacet
  facet normal 0 0 -1
    outer loop
      vertex 68.6153 46.492 3
      vertex 68.6153 48.308 3
      vertex 68.7354 48.018 3
    endloop
  endfacet
  facet normal 0 0 -1
    outer loop
      vertex 68.4514 46.2244 3
      vertex 68.6153 48.308 3
      vertex 68.6153 46.492 3
    endloop
  endfacet
  facet normal 0 0 -1
    outer loop
      vertex 68.4514 46.2244 3
      vertex 68.4514 48.5756 3
      vertex 68.6153 48.308 3
    endloop
  endfacet
  facet normal 0 0 -1
    outer loop
      vertex 68.2475 45.9858 3
      vertex 68.4514 48.5756 3
      vertex 68.4514 46.2244 3
    endloop
  endfacet
  facet normal 0 0 -1
    outer loop
      vertex 68.2475 45.9858 3
      vertex 68.2475 48.8142 3
      vertex 68.4514 48.5756 3
    endloop
  endfacet
  facet normal 0 0 -1
    outer loop
      vertex 68.0089 45.782 3
      vertex 68.2475 48.8142 3
      vertex 68.2475 45.9858 3
    endloop
  endfacet
  facet normal 0 0 -1
    outer loop
      vertex 68.0089 45.782 3
      vertex 68.0089 49.018 3
      vertex 68.2475 48.8142 3
    endloop
  endfacet
  facet normal 0 0 -1
    outer loop
      vertex 67.7413 45.618 3
      vertex 68.0089 49.018 3
      vertex 68.0089 45.782 3
    endloop
  endfacet
  facet normal 0 0 -1
    outer loop
      vertex 67.7413 45.618 3
      vertex 67.7413 49.182 3
      vertex 68.0089 49.018 3
    endloop
  endfacet
  facet normal 0 0 -1
    outer loop
      vertex 67.4514 45.4979 3
      vertex 67.7413 49.182 3
      vertex 67.7413 45.618 3
    endloop
  endfacet
  facet normal 0 0 -1
    outer loop
      vertex 67.4514 45.4979 3
      vertex 67.4514 49.3021 3
      vertex 67.7413 49.182 3
    endloop
  endfacet
  facet normal 0 0 -1
    outer loop
      vertex 67.1462 45.4246 3
      vertex 67.4514 49.3021 3
      vertex 67.4514 45.4979 3
    endloop
  endfacet
  facet normal 0 0 -1
    outer loop
      vertex 67.1462 45.4246 3
      vertex 67.1462 49.3754 3
      vertex 67.4514 49.3021 3
    endloop
  endfacet
  facet normal 0 0 -1
    outer loop
      vertex 66.8333 45.4 3
      vertex 67.1462 49.3754 3
      vertex 67.1462 45.4246 3
    endloop
  endfacet
  facet normal 0 0 -1
    outer loop
      vertex 66.8333 45.4 3
      vertex 66.8333 49.4 3
      vertex 67.1462 49.3754 3
    endloop
  endfacet
  facet normal 0 0 -1
    outer loop
      vertex 66.5205 45.4246 3
      vertex 66.8333 49.4 3
      vertex 66.8333 45.4 3
    endloop
  endfacet
  facet normal 0 0 -1
    outer loop
      vertex 66.5205 45.4246 3
      vertex 66.5205 49.3754 3
      vertex 66.8333 49.4 3
    endloop
  endfacet
  facet normal 0 0 -1
    outer loop
      vertex 66.2153 45.4979 3
      vertex 66.5205 49.3754 3
      vertex 66.5205 45.4246 3
    endloop
  endfacet
  facet normal 0 0 -1
    outer loop
      vertex 66.2153 45.4979 3
      vertex 66.2153 49.3021 3
      vertex 66.5205 49.3754 3
    endloop
  endfacet
  facet normal 0 0 -1
    outer loop
      vertex 65.9254 45.618 3
      vertex 66.2153 49.3021 3
      vertex 66.2153 45.4979 3
    endloop
  endfacet
  facet normal 0 0 -1
    outer loop
      vertex 65.9254 45.618 3
      vertex 65.9254 49.182 3
      vertex 66.2153 49.3021 3
    endloop
  endfacet
  facet normal 0 0 -1
    outer loop
      vertex 65.6578 45.782 3
      vertex 65.9254 49.182 3
      vertex 65.9254 45.618 3
    endloop
  endfacet
  facet normal 0 0 -1
    outer loop
      vertex 65.6578 45.782 3
      vertex 65.6578 49.018 3
      vertex 65.9254 49.182 3
    endloop
  endfacet
  facet normal 0 0 -1
    outer loop
      vertex 65.4191 45.9858 3
      vertex 65.6578 49.018 3
      vertex 65.6578 45.782 3
    endloop
  endfacet
  facet normal 0 0 -1
    outer loop
      vertex 65.4191 45.9858 3
      vertex 65.4191 48.8142 3
      vertex 65.6578 49.018 3
    endloop
  endfacet
  facet normal 0 0 -1
    outer loop
      vertex 65.2153 46.2244 3
      vertex 65.4191 48.8142 3
      vertex 65.4191 45.9858 3
    endloop
  endfacet
  facet normal 0 0 -1
    outer loop
      vertex 65.2153 46.2244 3
      vertex 65.2153 48.5756 3
      vertex 65.4191 48.8142 3
    endloop
  endfacet
  facet normal 0 0 -1
    outer loop
      vertex 65.0513 46.492 3
      vertex 65.2153 48.5756 3
      vertex 65.2153 46.2244 3
    endloop
  endfacet
  facet normal 0 0 -1
    outer loop
      vertex 65.0513 46.492 3
      vertex 65.0513 48.308 3
      vertex 65.2153 48.5756 3
    endloop
  endfacet
  facet normal 0 0 -1
    outer loop
      vertex 64.9312 46.782 3
      vertex 65.0513 48.308 3
      vertex 65.0513 46.492 3
    endloop
  endfacet
  facet normal 0 0 -1
    outer loop
      vertex 64.9312 46.782 3
      vertex 64.9312 48.018 3
      vertex 65.0513 48.308 3
    endloop
  endfacet
  facet normal 0 0 -1
    outer loop
      vertex 64.858 47.0871 3
      vertex 64.9312 48.018 3
      vertex 64.9312 46.782 3
    endloop
  endfacet
  facet normal 0 0 -1
    outer loop
      vertex 64.858 47.0871 3
      vertex 64.858 47.7129 3
      vertex 64.9312 48.018 3
    endloop
  endfacet
  facet normal 0 -0 -1
    outer loop
      vertex 64.858 47.7129 3
      vertex 64.858 47.0871 3
      vertex 64.8333 47.4 3
    endloop
  endfacet
  facet normal 0 0 -1
    outer loop
      vertex 68.8087 99.8871 3
      vertex 68.8087 100.513 3
      vertex 68.8333 100.2 3
    endloop
  endfacet
  facet normal 0 0 -1
    outer loop
      vertex 68.7354 99.582 3
      vertex 68.8087 100.513 3
      vertex 68.8087 99.8871 3
    endloop
  endfacet
  facet normal 0 0 -1
    outer loop
      vertex 68.7354 99.582 3
      vertex 68.7354 100.818 3
      vertex 68.8087 100.513 3
    endloop
  endfacet
  facet normal 0 0 -1
    outer loop
      vertex 68.6153 99.292 3
      vertex 68.7354 100.818 3
      vertex 68.7354 99.582 3
    endloop
  endfacet
  facet normal 0 0 -1
    outer loop
      vertex 68.6153 99.292 3
      vertex 68.6153 101.108 3
      vertex 68.7354 100.818 3
    endloop
  endfacet
  facet normal 0 0 -1
    outer loop
      vertex 68.4514 99.0244 3
      vertex 68.6153 101.108 3
      vertex 68.6153 99.292 3
    endloop
  endfacet
  facet normal 0 0 -1
    outer loop
      vertex 68.4514 99.0244 3
      vertex 68.4514 101.376 3
      vertex 68.6153 101.108 3
    endloop
  endfacet
  facet normal 0 0 -1
    outer loop
      vertex 68.2475 98.7858 3
      vertex 68.4514 101.376 3
      vertex 68.4514 99.0244 3
    endloop
  endfacet
  facet normal 0 0 -1
    outer loop
      vertex 68.2475 98.7858 3
      vertex 68.2475 101.614 3
      vertex 68.4514 101.376 3
    endloop
  endfacet
  facet normal 0 0 -1
    outer loop
      vertex 68.0089 98.582 3
      vertex 68.2475 101.614 3
      vertex 68.2475 98.7858 3
    endloop
  endfacet
  facet normal 0 0 -1
    outer loop
      vertex 68.0089 98.582 3
      vertex 68.0089 101.818 3
      vertex 68.2475 101.614 3
    endloop
  endfacet
  facet normal 0 0 -1
    outer loop
      vertex 67.7413 98.418 3
      vertex 68.0089 101.818 3
      vertex 68.0089 98.582 3
    endloop
  endfacet
  facet normal 0 0 -1
    outer loop
      vertex 67.7413 98.418 3
      vertex 67.7413 101.982 3
      vertex 68.0089 101.818 3
    endloop
  endfacet
  facet normal 0 0 -1
    outer loop
      vertex 67.4514 98.2979 3
      vertex 67.7413 101.982 3
      vertex 67.7413 98.418 3
    endloop
  endfacet
  facet normal 0 0 -1
    outer loop
      vertex 67.4514 98.2979 3
      vertex 67.4514 102.102 3
      vertex 67.7413 101.982 3
    endloop
  endfacet
  facet normal 0 0 -1
    outer loop
      vertex 67.1462 98.2246 3
      vertex 67.4514 102.102 3
      vertex 67.4514 98.2979 3
    endloop
  endfacet
  facet normal 0 0 -1
    outer loop
      vertex 67.1462 98.2246 3
      vertex 67.1462 102.175 3
      vertex 67.4514 102.102 3
    endloop
  endfacet
  facet normal 0 0 -1
    outer loop
      vertex 66.8333 98.2 3
      vertex 67.1462 102.175 3
      vertex 67.1462 98.2246 3
    endloop
  endfacet
  facet normal 0 0 -1
    outer loop
      vertex 66.8333 98.2 3
      vertex 66.8333 102.2 3
      vertex 67.1462 102.175 3
    endloop
  endfacet
  facet normal 0 0 -1
    outer loop
      vertex 66.5205 98.2246 3
      vertex 66.8333 102.2 3
      vertex 66.8333 98.2 3
    endloop
  endfacet
  facet normal 0 0 -1
    outer loop
      vertex 66.5205 98.2246 3
      vertex 66.5205 102.175 3
      vertex 66.8333 102.2 3
    endloop
  endfacet
  facet normal 0 0 -1
    outer loop
      vertex 66.2153 98.2979 3
      vertex 66.5205 102.175 3
      vertex 66.5205 98.2246 3
    endloop
  endfacet
  facet normal 0 0 -1
    outer loop
      vertex 66.2153 98.2979 3
      vertex 66.2153 102.102 3
      vertex 66.5205 102.175 3
    endloop
  endfacet
  facet normal 0 0 -1
    outer loop
      vertex 65.9254 98.418 3
      vertex 66.2153 102.102 3
      vertex 66.2153 98.2979 3
    endloop
  endfacet
  facet normal 0 0 -1
    outer loop
      vertex 65.9254 98.418 3
      vertex 65.9254 101.982 3
      vertex 66.2153 102.102 3
    endloop
  endfacet
  facet normal 0 0 -1
    outer loop
      vertex 65.6578 98.582 3
      vertex 65.9254 101.982 3
      vertex 65.9254 98.418 3
    endloop
  endfacet
  facet normal 0 0 -1
    outer loop
      vertex 65.6578 98.582 3
      vertex 65.6578 101.818 3
      vertex 65.9254 101.982 3
    endloop
  endfacet
  facet normal 0 0 -1
    outer loop
      vertex 65.4191 98.7858 3
      vertex 65.6578 101.818 3
      vertex 65.6578 98.582 3
    endloop
  endfacet
  facet normal 0 0 -1
    outer loop
      vertex 65.4191 98.7858 3
      vertex 65.4191 101.614 3
      vertex 65.6578 101.818 3
    endloop
  endfacet
  facet normal 0 0 -1
    outer loop
      vertex 65.2153 99.0244 3
      vertex 65.4191 101.614 3
      vertex 65.4191 98.7858 3
    endloop
  endfacet
  facet normal 0 0 -1
    outer loop
      vertex 65.2153 99.0244 3
      vertex 65.2153 101.376 3
      vertex 65.4191 101.614 3
    endloop
  endfacet
  facet normal 0 0 -1
    outer loop
      vertex 65.0513 99.292 3
      vertex 65.2153 101.376 3
      vertex 65.2153 99.0244 3
    endloop
  endfacet
  facet normal 0 0 -1
    outer loop
      vertex 65.0513 99.292 3
      vertex 65.0513 101.108 3
      vertex 65.2153 101.376 3
    endloop
  endfacet
  facet normal 0 0 -1
    outer loop
      vertex 64.9312 99.582 3
      vertex 65.0513 101.108 3
      vertex 65.0513 99.292 3
    endloop
  endfacet
  facet normal 0 0 -1
    outer loop
      vertex 64.9312 99.582 3
      vertex 64.9312 100.818 3
      vertex 65.0513 101.108 3
    endloop
  endfacet
  facet normal 0 0 -1
    outer loop
      vertex 64.858 99.8871 3
      vertex 64.9312 100.818 3
      vertex 64.9312 99.582 3
    endloop
  endfacet
  facet normal 0 0 -1
    outer loop
      vertex 64.858 99.8871 3
      vertex 64.858 100.513 3
      vertex 64.9312 100.818 3
    endloop
  endfacet
  facet normal 0 -0 -1
    outer loop
      vertex 64.858 100.513 3
      vertex 64.858 99.8871 3
      vertex 64.8333 100.2 3
    endloop
  endfacet
  facet normal 0 0 -1
    outer loop
      vertex 68.8087 152.687 3
      vertex 68.8087 153.313 3
      vertex 68.8333 153 3
    endloop
  endfacet
  facet normal 0 0 -1
    outer loop
      vertex 68.7354 152.382 3
      vertex 68.8087 153.313 3
      vertex 68.8087 152.687 3
    endloop
  endfacet
  facet normal 0 0 -1
    outer loop
      vertex 68.7354 152.382 3
      vertex 68.7354 153.618 3
      vertex 68.8087 153.313 3
    endloop
  endfacet
  facet normal 0 0 -1
    outer loop
      vertex 68.6153 152.092 3
      vertex 68.7354 153.618 3
      vertex 68.7354 152.382 3
    endloop
  endfacet
  facet normal 0 0 -1
    outer loop
      vertex 68.6153 152.092 3
      vertex 68.6153 153.908 3
      vertex 68.7354 153.618 3
    endloop
  endfacet
  facet normal 0 0 -1
    outer loop
      vertex 68.4514 151.824 3
      vertex 68.6153 153.908 3
      vertex 68.6153 152.092 3
    endloop
  endfacet
  facet normal 0 0 -1
    outer loop
      vertex 68.4514 151.824 3
      vertex 68.4514 154.176 3
      vertex 68.6153 153.908 3
    endloop
  endfacet
  facet normal 0 0 -1
    outer loop
      vertex 68.2475 151.586 3
      vertex 68.4514 154.176 3
      vertex 68.4514 151.824 3
    endloop
  endfacet
  facet normal 0 0 -1
    outer loop
      vertex 68.2475 151.586 3
      vertex 68.2475 154.414 3
      vertex 68.4514 154.176 3
    endloop
  endfacet
  facet normal 0 0 -1
    outer loop
      vertex 68.0089 151.382 3
      vertex 68.2475 154.414 3
      vertex 68.2475 151.586 3
    endloop
  endfacet
  facet normal 0 0 -1
    outer loop
      vertex 68.0089 151.382 3
      vertex 68.0089 154.618 3
      vertex 68.2475 154.414 3
    endloop
  endfacet
  facet normal 0 0 -1
    outer loop
      vertex 67.7413 151.218 3
      vertex 68.0089 154.618 3
      vertex 68.0089 151.382 3
    endloop
  endfacet
  facet normal 0 0 -1
    outer loop
      vertex 67.7413 151.218 3
      vertex 67.7413 154.782 3
      vertex 68.0089 154.618 3
    endloop
  endfacet
  facet normal 0 0 -1
    outer loop
      vertex 67.4514 151.098 3
      vertex 67.7413 154.782 3
      vertex 67.7413 151.218 3
    endloop
  endfacet
  facet normal 0 0 -1
    outer loop
      vertex 67.4514 151.098 3
      vertex 67.4514 154.902 3
      vertex 67.7413 154.782 3
    endloop
  endfacet
  facet normal 0 0 -1
    outer loop
      vertex 67.1462 151.025 3
      vertex 67.4514 154.902 3
      vertex 67.4514 151.098 3
    endloop
  endfacet
  facet normal 0 0 -1
    outer loop
      vertex 67.1462 151.025 3
      vertex 67.1462 154.975 3
      vertex 67.4514 154.902 3
    endloop
  endfacet
  facet normal 0 0 -1
    outer loop
      vertex 66.8333 151 3
      vertex 67.1462 154.975 3
      vertex 67.1462 151.025 3
    endloop
  endfacet
  facet normal 0 0 -1
    outer loop
      vertex 66.8333 151 3
      vertex 66.8333 155 3
      vertex 67.1462 154.975 3
    endloop
  endfacet
  facet normal 0 0 -1
    outer loop
      vertex 66.5205 151.025 3
      vertex 66.8333 155 3
      vertex 66.8333 151 3
    endloop
  endfacet
  facet normal 0 0 -1
    outer loop
      vertex 66.5205 151.025 3
      vertex 66.5205 154.975 3
      vertex 66.8333 155 3
    endloop
  endfacet
  facet normal 0 0 -1
    outer loop
      vertex 66.2153 151.098 3
      vertex 66.5205 154.975 3
      vertex 66.5205 151.025 3
    endloop
  endfacet
  facet normal 0 0 -1
    outer loop
      vertex 66.2153 151.098 3
      vertex 66.2153 154.902 3
      vertex 66.5205 154.975 3
    endloop
  endfacet
  facet normal 0 0 -1
    outer loop
      vertex 65.9254 151.218 3
      vertex 66.2153 154.902 3
      vertex 66.2153 151.098 3
    endloop
  endfacet
  facet normal 0 0 -1
    outer loop
      vertex 65.9254 151.218 3
      vertex 65.9254 154.782 3
      vertex 66.2153 154.902 3
    endloop
  endfacet
  facet normal 0 0 -1
    outer loop
      vertex 65.6578 151.382 3
      vertex 65.9254 154.782 3
      vertex 65.9254 151.218 3
    endloop
  endfacet
  facet normal 0 0 -1
    outer loop
      vertex 65.6578 151.382 3
      vertex 65.6578 154.618 3
      vertex 65.9254 154.782 3
    endloop
  endfacet
  facet normal 0 0 -1
    outer loop
      vertex 65.4191 151.586 3
      vertex 65.6578 154.618 3
      vertex 65.6578 151.382 3
    endloop
  endfacet
  facet normal 0 0 -1
    outer loop
      vertex 65.4191 151.586 3
      vertex 65.4191 154.414 3
      vertex 65.6578 154.618 3
    endloop
  endfacet
  facet normal 0 0 -1
    outer loop
      vertex 65.2153 151.824 3
      vertex 65.4191 154.414 3
      vertex 65.4191 151.586 3
    endloop
  endfacet
  facet normal 0 0 -1
    outer loop
      vertex 65.2153 151.824 3
      vertex 65.2153 154.176 3
      vertex 65.4191 154.414 3
    endloop
  endfacet
  facet normal 0 0 -1
    outer loop
      vertex 65.0513 152.092 3
      vertex 65.2153 154.176 3
      vertex 65.2153 151.824 3
    endloop
  endfacet
  facet normal 0 0 -1
    outer loop
      vertex 65.0513 152.092 3
      vertex 65.0513 153.908 3
      vertex 65.2153 154.176 3
    endloop
  endfacet
  facet normal 0 0 -1
    outer loop
      vertex 64.9312 152.382 3
      vertex 65.0513 153.908 3
      vertex 65.0513 152.092 3
    endloop
  endfacet
  facet normal 0 0 -1
    outer loop
      vertex 64.9312 152.382 3
      vertex 64.9312 153.618 3
      vertex 65.0513 153.908 3
    endloop
  endfacet
  facet normal 0 0 -1
    outer loop
      vertex 64.858 152.687 3
      vertex 64.9312 153.618 3
      vertex 64.9312 152.382 3
    endloop
  endfacet
  facet normal 0 0 -1
    outer loop
      vertex 64.858 152.687 3
      vertex 64.858 153.313 3
      vertex 64.9312 153.618 3
    endloop
  endfacet
  facet normal 0 -0 -1
    outer loop
      vertex 64.858 153.313 3
      vertex 64.858 152.687 3
      vertex 64.8333 153 3
    endloop
  endfacet
  facet normal 0 0 -1
    outer loop
      vertex 68.8087 126.287 3
      vertex 68.8087 126.913 3
      vertex 68.8333 126.6 3
    endloop
  endfacet
  facet normal 0 0 -1
    outer loop
      vertex 68.7354 125.982 3
      vertex 68.8087 126.913 3
      vertex 68.8087 126.287 3
    endloop
  endfacet
  facet normal 0 0 -1
    outer loop
      vertex 68.7354 125.982 3
      vertex 68.7354 127.218 3
      vertex 68.8087 126.913 3
    endloop
  endfacet
  facet normal 0 0 -1
    outer loop
      vertex 68.6153 125.692 3
      vertex 68.7354 127.218 3
      vertex 68.7354 125.982 3
    endloop
  endfacet
  facet normal 0 0 -1
    outer loop
      vertex 68.6153 125.692 3
      vertex 68.6153 127.508 3
      vertex 68.7354 127.218 3
    endloop
  endfacet
  facet normal 0 0 -1
    outer loop
      vertex 68.4514 125.424 3
      vertex 68.6153 127.508 3
      vertex 68.6153 125.692 3
    endloop
  endfacet
  facet normal 0 0 -1
    outer loop
      vertex 68.4514 125.424 3
      vertex 68.4514 127.776 3
      vertex 68.6153 127.508 3
    endloop
  endfacet
  facet normal 0 0 -1
    outer loop
      vertex 68.2475 125.186 3
      vertex 68.4514 127.776 3
      vertex 68.4514 125.424 3
    endloop
  endfacet
  facet normal 0 0 -1
    outer loop
      vertex 68.2475 125.186 3
      vertex 68.2475 128.014 3
      vertex 68.4514 127.776 3
    endloop
  endfacet
  facet normal 0 0 -1
    outer loop
      vertex 68.0089 124.982 3
      vertex 68.2475 128.014 3
      vertex 68.2475 125.186 3
    endloop
  endfacet
  facet normal 0 0 -1
    outer loop
      vertex 68.0089 124.982 3
      vertex 68.0089 128.218 3
      vertex 68.2475 128.014 3
    endloop
  endfacet
  facet normal 0 0 -1
    outer loop
      vertex 67.7413 124.818 3
      vertex 68.0089 128.218 3
      vertex 68.0089 124.982 3
    endloop
  endfacet
  facet normal 0 0 -1
    outer loop
      vertex 67.7413 124.818 3
      vertex 67.7413 128.382 3
      vertex 68.0089 128.218 3
    endloop
  endfacet
  facet normal 0 0 -1
    outer loop
      vertex 67.4514 124.698 3
      vertex 67.7413 128.382 3
      vertex 67.7413 124.818 3
    endloop
  endfacet
  facet normal 0 0 -1
    outer loop
      vertex 67.4514 124.698 3
      vertex 67.4514 128.502 3
      vertex 67.7413 128.382 3
    endloop
  endfacet
  facet normal 0 0 -1
    outer loop
      vertex 67.1462 124.625 3
      vertex 67.4514 128.502 3
      vertex 67.4514 124.698 3
    endloop
  endfacet
  facet normal 0 0 -1
    outer loop
      vertex 67.1462 124.625 3
      vertex 67.1462 128.575 3
      vertex 67.4514 128.502 3
    endloop
  endfacet
  facet normal 0 0 -1
    outer loop
      vertex 66.8333 124.6 3
      vertex 67.1462 128.575 3
      vertex 67.1462 124.625 3
    endloop
  endfacet
  facet normal 0 0 -1
    outer loop
      vertex 66.8333 124.6 3
      vertex 66.8333 128.6 3
      vertex 67.1462 128.575 3
    endloop
  endfacet
  facet normal 0 0 -1
    outer loop
      vertex 66.5205 124.625 3
      vertex 66.8333 128.6 3
      vertex 66.8333 124.6 3
    endloop
  endfacet
  facet normal 0 0 -1
    outer loop
      vertex 66.5205 124.625 3
      vertex 66.5205 128.575 3
      vertex 66.8333 128.6 3
    endloop
  endfacet
  facet normal 0 0 -1
    outer loop
      vertex 66.2153 124.698 3
      vertex 66.5205 128.575 3
      vertex 66.5205 124.625 3
    endloop
  endfacet
  facet normal 0 0 -1
    outer loop
      vertex 66.2153 124.698 3
      vertex 66.2153 128.502 3
      vertex 66.5205 128.575 3
    endloop
  endfacet
  facet normal 0 0 -1
    outer loop
      vertex 65.9254 124.818 3
      vertex 66.2153 128.502 3
      vertex 66.2153 124.698 3
    endloop
  endfacet
  facet normal 0 0 -1
    outer loop
      vertex 65.9254 124.818 3
      vertex 65.9254 128.382 3
      vertex 66.2153 128.502 3
    endloop
  endfacet
  facet normal 0 0 -1
    outer loop
      vertex 65.6578 124.982 3
      vertex 65.9254 128.382 3
      vertex 65.9254 124.818 3
    endloop
  endfacet
  facet normal 0 0 -1
    outer loop
      vertex 65.6578 124.982 3
      vertex 65.6578 128.218 3
      vertex 65.9254 128.382 3
    endloop
  endfacet
  facet normal 0 0 -1
    outer loop
      vertex 65.4191 125.186 3
      vertex 65.6578 128.218 3
      vertex 65.6578 124.982 3
    endloop
  endfacet
  facet normal 0 0 -1
    outer loop
      vertex 65.4191 125.186 3
      vertex 65.4191 128.014 3
      vertex 65.6578 128.218 3
    endloop
  endfacet
  facet normal 0 0 -1
    outer loop
      vertex 65.2153 125.424 3
      vertex 65.4191 128.014 3
      vertex 65.4191 125.186 3
    endloop
  endfacet
  facet normal 0 0 -1
    outer loop
      vertex 65.2153 125.424 3
      vertex 65.2153 127.776 3
      vertex 65.4191 128.014 3
    endloop
  endfacet
  facet normal 0 0 -1
    outer loop
      vertex 65.0513 125.692 3
      vertex 65.2153 127.776 3
      vertex 65.2153 125.424 3
    endloop
  endfacet
  facet normal 0 0 -1
    outer loop
      vertex 65.0513 125.692 3
      vertex 65.0513 127.508 3
      vertex 65.2153 127.776 3
    endloop
  endfacet
  facet normal 0 0 -1
    outer loop
      vertex 64.9312 125.982 3
      vertex 65.0513 127.508 3
      vertex 65.0513 125.692 3
    endloop
  endfacet
  facet normal 0 0 -1
    outer loop
      vertex 64.9312 125.982 3
      vertex 64.9312 127.218 3
      vertex 65.0513 127.508 3
    endloop
  endfacet
  facet normal 0 0 -1
    outer loop
      vertex 64.858 126.287 3
      vertex 64.9312 127.218 3
      vertex 64.9312 125.982 3
    endloop
  endfacet
  facet normal 0 0 -1
    outer loop
      vertex 64.858 126.287 3
      vertex 64.858 126.913 3
      vertex 64.9312 127.218 3
    endloop
  endfacet
  facet normal 0 -0 -1
    outer loop
      vertex 64.858 126.913 3
      vertex 64.858 126.287 3
      vertex 64.8333 126.6 3
    endloop
  endfacet
  facet normal 0 0 -1
    outer loop
      vertex 68.8087 20.6871 3
      vertex 68.8087 21.3129 3
      vertex 68.8333 21 3
    endloop
  endfacet
  facet normal 0 0 -1
    outer loop
      vertex 68.7354 20.382 3
      vertex 68.8087 21.3129 3
      vertex 68.8087 20.6871 3
    endloop
  endfacet
  facet normal 0 0 -1
    outer loop
      vertex 68.7354 20.382 3
      vertex 68.7354 21.618 3
      vertex 68.8087 21.3129 3
    endloop
  endfacet
  facet normal 0 0 -1
    outer loop
      vertex 68.6153 20.092 3
      vertex 68.7354 21.618 3
      vertex 68.7354 20.382 3
    endloop
  endfacet
  facet normal 0 0 -1
    outer loop
      vertex 68.6153 20.092 3
      vertex 68.6153 21.908 3
      vertex 68.7354 21.618 3
    endloop
  endfacet
  facet normal 0 0 -1
    outer loop
      vertex 68.4514 19.8244 3
      vertex 68.6153 21.908 3
      vertex 68.6153 20.092 3
    endloop
  endfacet
  facet normal 0 0 -1
    outer loop
      vertex 68.4514 19.8244 3
      vertex 68.4514 22.1756 3
      vertex 68.6153 21.908 3
    endloop
  endfacet
  facet normal 0 0 -1
    outer loop
      vertex 68.2475 19.5858 3
      vertex 68.4514 22.1756 3
      vertex 68.4514 19.8244 3
    endloop
  endfacet
  facet normal 0 0 -1
    outer loop
      vertex 68.2475 19.5858 3
      vertex 68.2475 22.4142 3
      vertex 68.4514 22.1756 3
    endloop
  endfacet
  facet normal 0 0 -1
    outer loop
      vertex 68.0089 19.382 3
      vertex 68.2475 22.4142 3
      vertex 68.2475 19.5858 3
    endloop
  endfacet
  facet normal 0 0 -1
    outer loop
      vertex 68.0089 19.382 3
      vertex 68.0089 22.618 3
      vertex 68.2475 22.4142 3
    endloop
  endfacet
  facet normal 0 0 -1
    outer loop
      vertex 67.7413 19.218 3
      vertex 68.0089 22.618 3
      vertex 68.0089 19.382 3
    endloop
  endfacet
  facet normal 0 0 -1
    outer loop
      vertex 67.7413 19.218 3
      vertex 67.7413 22.782 3
      vertex 68.0089 22.618 3
    endloop
  endfacet
  facet normal 0 0 -1
    outer loop
      vertex 67.4514 19.0979 3
      vertex 67.7413 22.782 3
      vertex 67.7413 19.218 3
    endloop
  endfacet
  facet normal 0 0 -1
    outer loop
      vertex 67.4514 19.0979 3
      vertex 67.4514 22.9021 3
      vertex 67.7413 22.782 3
    endloop
  endfacet
  facet normal 0 0 -1
    outer loop
      vertex 67.1462 19.0246 3
      vertex 67.4514 22.9021 3
      vertex 67.4514 19.0979 3
    endloop
  endfacet
  facet normal 0 0 -1
    outer loop
      vertex 67.1462 19.0246 3
      vertex 67.1462 22.9754 3
      vertex 67.4514 22.9021 3
    endloop
  endfacet
  facet normal 0 0 -1
    outer loop
      vertex 66.8333 19 3
      vertex 67.1462 22.9754 3
      vertex 67.1462 19.0246 3
    endloop
  endfacet
  facet normal 0 0 -1
    outer loop
      vertex 66.8333 19 3
      vertex 66.8333 23 3
      vertex 67.1462 22.9754 3
    endloop
  endfacet
  facet normal 0 0 -1
    outer loop
      vertex 66.5205 19.0246 3
      vertex 66.8333 23 3
      vertex 66.8333 19 3
    endloop
  endfacet
  facet normal 0 0 -1
    outer loop
      vertex 66.5205 19.0246 3
      vertex 66.5205 22.9754 3
      vertex 66.8333 23 3
    endloop
  endfacet
  facet normal 0 0 -1
    outer loop
      vertex 66.2153 19.0979 3
      vertex 66.5205 22.9754 3
      vertex 66.5205 19.0246 3
    endloop
  endfacet
  facet normal 0 0 -1
    outer loop
      vertex 66.2153 19.0979 3
      vertex 66.2153 22.9021 3
      vertex 66.5205 22.9754 3
    endloop
  endfacet
  facet normal 0 0 -1
    outer loop
      vertex 65.9254 19.218 3
      vertex 66.2153 22.9021 3
      vertex 66.2153 19.0979 3
    endloop
  endfacet
  facet normal 0 0 -1
    outer loop
      vertex 65.9254 19.218 3
      vertex 65.9254 22.782 3
      vertex 66.2153 22.9021 3
    endloop
  endfacet
  facet normal 0 0 -1
    outer loop
      vertex 65.6578 19.382 3
      vertex 65.9254 22.782 3
      vertex 65.9254 19.218 3
    endloop
  endfacet
  facet normal 0 0 -1
    outer loop
      vertex 65.6578 19.382 3
      vertex 65.6578 22.618 3
      vertex 65.9254 22.782 3
    endloop
  endfacet
  facet normal 0 0 -1
    outer loop
      vertex 65.4191 19.5858 3
      vertex 65.6578 22.618 3
      vertex 65.6578 19.382 3
    endloop
  endfacet
  facet normal 0 0 -1
    outer loop
      vertex 65.4191 19.5858 3
      vertex 65.4191 22.4142 3
      vertex 65.6578 22.618 3
    endloop
  endfacet
  facet normal 0 0 -1
    outer loop
      vertex 65.2153 19.8244 3
      vertex 65.4191 22.4142 3
      vertex 65.4191 19.5858 3
    endloop
  endfacet
  facet normal 0 0 -1
    outer loop
      vertex 65.2153 19.8244 3
      vertex 65.2153 22.1756 3
      vertex 65.4191 22.4142 3
    endloop
  endfacet
  facet normal 0 0 -1
    outer loop
      vertex 65.0513 20.092 3
      vertex 65.2153 22.1756 3
      vertex 65.2153 19.8244 3
    endloop
  endfacet
  facet normal 0 0 -1
    outer loop
      vertex 65.0513 20.092 3
      vertex 65.0513 21.908 3
      vertex 65.2153 22.1756 3
    endloop
  endfacet
  facet normal 0 0 -1
    outer loop
      vertex 64.9312 20.382 3
      vertex 65.0513 21.908 3
      vertex 65.0513 20.092 3
    endloop
  endfacet
  facet normal 0 0 -1
    outer loop
      vertex 64.9312 20.382 3
      vertex 64.9312 21.618 3
      vertex 65.0513 21.908 3
    endloop
  endfacet
  facet normal 0 0 -1
    outer loop
      vertex 64.858 20.6871 3
      vertex 64.9312 21.618 3
      vertex 64.9312 20.382 3
    endloop
  endfacet
  facet normal 0 0 -1
    outer loop
      vertex 64.858 20.6871 3
      vertex 64.858 21.3129 3
      vertex 64.9312 21.618 3
    endloop
  endfacet
  facet normal 0 -0 -1
    outer loop
      vertex 64.858 21.3129 3
      vertex 64.858 20.6871 3
      vertex 64.8333 21 3
    endloop
  endfacet
  facet normal 0 0 -1
    outer loop
      vertex 68.8087 73.4871 3
      vertex 68.8087 74.1129 3
      vertex 68.8333 73.8 3
    endloop
  endfacet
  facet normal 0 0 -1
    outer loop
      vertex 68.7354 73.182 3
      vertex 68.8087 74.1129 3
      vertex 68.8087 73.4871 3
    endloop
  endfacet
  facet normal 0 0 -1
    outer loop
      vertex 68.7354 73.182 3
      vertex 68.7354 74.418 3
      vertex 68.8087 74.1129 3
    endloop
  endfacet
  facet normal 0 0 -1
    outer loop
      vertex 68.6153 72.892 3
      vertex 68.7354 74.418 3
      vertex 68.7354 73.182 3
    endloop
  endfacet
  facet normal 0 0 -1
    outer loop
      vertex 68.6153 72.892 3
      vertex 68.6153 74.708 3
      vertex 68.7354 74.418 3
    endloop
  endfacet
  facet normal 0 0 -1
    outer loop
      vertex 68.4514 72.6244 3
      vertex 68.6153 74.708 3
      vertex 68.6153 72.892 3
    endloop
  endfacet
  facet normal 0 0 -1
    outer loop
      vertex 68.4514 72.6244 3
      vertex 68.4514 74.9756 3
      vertex 68.6153 74.708 3
    endloop
  endfacet
  facet normal 0 0 -1
    outer loop
      vertex 68.2475 72.3858 3
      vertex 68.4514 74.9756 3
      vertex 68.4514 72.6244 3
    endloop
  endfacet
  facet normal 0 0 -1
    outer loop
      vertex 68.2475 72.3858 3
      vertex 68.2475 75.2142 3
      vertex 68.4514 74.9756 3
    endloop
  endfacet
  facet normal 0 0 -1
    outer loop
      vertex 68.0089 72.182 3
      vertex 68.2475 75.2142 3
      vertex 68.2475 72.3858 3
    endloop
  endfacet
  facet normal 0 0 -1
    outer loop
      vertex 68.0089 72.182 3
      vertex 68.0089 75.418 3
      vertex 68.2475 75.2142 3
    endloop
  endfacet
  facet normal 0 0 -1
    outer loop
      vertex 67.7413 72.018 3
      vertex 68.0089 75.418 3
      vertex 68.0089 72.182 3
    endloop
  endfacet
  facet normal 0 0 -1
    outer loop
      vertex 67.7413 72.018 3
      vertex 67.7413 75.582 3
      vertex 68.0089 75.418 3
    endloop
  endfacet
  facet normal 0 0 -1
    outer loop
      vertex 67.4514 71.8979 3
      vertex 67.7413 75.582 3
      vertex 67.7413 72.018 3
    endloop
  endfacet
  facet normal 0 0 -1
    outer loop
      vertex 67.4514 71.8979 3
      vertex 67.4514 75.7021 3
      vertex 67.7413 75.582 3
    endloop
  endfacet
  facet normal 0 0 -1
    outer loop
      vertex 67.1462 71.8246 3
      vertex 67.4514 75.7021 3
      vertex 67.4514 71.8979 3
    endloop
  endfacet
  facet normal 0 0 -1
    outer loop
      vertex 67.1462 71.8246 3
      vertex 67.1462 75.7754 3
      vertex 67.4514 75.7021 3
    endloop
  endfacet
  facet normal 0 0 -1
    outer loop
      vertex 66.8333 71.8 3
      vertex 67.1462 75.7754 3
      vertex 67.1462 71.8246 3
    endloop
  endfacet
  facet normal 0 0 -1
    outer loop
      vertex 66.8333 71.8 3
      vertex 66.8333 75.8 3
      vertex 67.1462 75.7754 3
    endloop
  endfacet
  facet normal 0 0 -1
    outer loop
      vertex 66.5205 71.8246 3
      vertex 66.8333 75.8 3
      vertex 66.8333 71.8 3
    endloop
  endfacet
  facet normal 0 0 -1
    outer loop
      vertex 66.5205 71.8246 3
      vertex 66.5205 75.7754 3
      vertex 66.8333 75.8 3
    endloop
  endfacet
  facet normal 0 0 -1
    outer loop
      vertex 66.2153 71.8979 3
      vertex 66.5205 75.7754 3
      vertex 66.5205 71.8246 3
    endloop
  endfacet
  facet normal 0 0 -1
    outer loop
      vertex 66.2153 71.8979 3
      vertex 66.2153 75.7021 3
      vertex 66.5205 75.7754 3
    endloop
  endfacet
  facet normal 0 0 -1
    outer loop
      vertex 65.9254 72.018 3
      vertex 66.2153 75.7021 3
      vertex 66.2153 71.8979 3
    endloop
  endfacet
  facet normal 0 0 -1
    outer loop
      vertex 65.9254 72.018 3
      vertex 65.9254 75.582 3
      vertex 66.2153 75.7021 3
    endloop
  endfacet
  facet normal 0 0 -1
    outer loop
      vertex 65.6578 72.182 3
      vertex 65.9254 75.582 3
      vertex 65.9254 72.018 3
    endloop
  endfacet
  facet normal 0 0 -1
    outer loop
      vertex 65.6578 72.182 3
      vertex 65.6578 75.418 3
      vertex 65.9254 75.582 3
    endloop
  endfacet
  facet normal 0 0 -1
    outer loop
      vertex 65.4191 72.3858 3
      vertex 65.6578 75.418 3
      vertex 65.6578 72.182 3
    endloop
  endfacet
  facet normal 0 0 -1
    outer loop
      vertex 65.4191 72.3858 3
      vertex 65.4191 75.2142 3
      vertex 65.6578 75.418 3
    endloop
  endfacet
  facet normal 0 0 -1
    outer loop
      vertex 65.2153 72.6244 3
      vertex 65.4191 75.2142 3
      vertex 65.4191 72.3858 3
    endloop
  endfacet
  facet normal 0 0 -1
    outer loop
      vertex 65.2153 72.6244 3
      vertex 65.2153 74.9756 3
      vertex 65.4191 75.2142 3
    endloop
  endfacet
  facet normal 0 0 -1
    outer loop
      vertex 65.0513 72.892 3
      vertex 65.2153 74.9756 3
      vertex 65.2153 72.6244 3
    endloop
  endfacet
  facet normal 0 0 -1
    outer loop
      vertex 65.0513 72.892 3
      vertex 65.0513 74.708 3
      vertex 65.2153 74.9756 3
    endloop
  endfacet
  facet normal 0 0 -1
    outer loop
      vertex 64.9312 73.182 3
      vertex 65.0513 74.708 3
      vertex 65.0513 72.892 3
    endloop
  endfacet
  facet normal 0 0 -1
    outer loop
      vertex 64.9312 73.182 3
      vertex 64.9312 74.418 3
      vertex 65.0513 74.708 3
    endloop
  endfacet
  facet normal 0 0 -1
    outer loop
      vertex 64.858 73.4871 3
      vertex 64.9312 74.418 3
      vertex 64.9312 73.182 3
    endloop
  endfacet
  facet normal 0 0 -1
    outer loop
      vertex 64.858 73.4871 3
      vertex 64.858 74.1129 3
      vertex 64.9312 74.418 3
    endloop
  endfacet
  facet normal 0 -0 -1
    outer loop
      vertex 64.858 74.1129 3
      vertex 64.858 73.4871 3
      vertex 64.8333 73.8 3
    endloop
  endfacet
  facet normal 0 0 -1
    outer loop
      vertex 114.642 47.0871 3
      vertex 114.642 47.7129 3
      vertex 114.667 47.4 3
    endloop
  endfacet
  facet normal 0 0 -1
    outer loop
      vertex 114.569 46.782 3
      vertex 114.642 47.7129 3
      vertex 114.642 47.0871 3
    endloop
  endfacet
  facet normal 0 0 -1
    outer loop
      vertex 114.569 46.782 3
      vertex 114.569 48.018 3
      vertex 114.642 47.7129 3
    endloop
  endfacet
  facet normal 0 0 -1
    outer loop
      vertex 114.449 46.492 3
      vertex 114.569 48.018 3
      vertex 114.569 46.782 3
    endloop
  endfacet
  facet normal 0 0 -1
    outer loop
      vertex 114.449 46.492 3
      vertex 114.449 48.308 3
      vertex 114.569 48.018 3
    endloop
  endfacet
  facet normal 0 0 -1
    outer loop
      vertex 114.285 46.2244 3
      vertex 114.449 48.308 3
      vertex 114.449 46.492 3
    endloop
  endfacet
  facet normal 0 0 -1
    outer loop
      vertex 114.285 46.2244 3
      vertex 114.285 48.5756 3
      vertex 114.449 48.308 3
    endloop
  endfacet
  facet normal 0 0 -1
    outer loop
      vertex 114.081 45.9858 3
      vertex 114.285 48.5756 3
      vertex 114.285 46.2244 3
    endloop
  endfacet
  facet normal 0 0 -1
    outer loop
      vertex 114.081 45.9858 3
      vertex 114.081 48.8142 3
      vertex 114.285 48.5756 3
    endloop
  endfacet
  facet normal 0 0 -1
    outer loop
      vertex 113.842 45.782 3
      vertex 114.081 48.8142 3
      vertex 114.081 45.9858 3
    endloop
  endfacet
  facet normal 0 0 -1
    outer loop
      vertex 113.842 45.782 3
      vertex 113.842 49.018 3
      vertex 114.081 48.8142 3
    endloop
  endfacet
  facet normal 0 0 -1
    outer loop
      vertex 113.575 45.618 3
      vertex 113.842 49.018 3
      vertex 113.842 45.782 3
    endloop
  endfacet
  facet normal 0 0 -1
    outer loop
      vertex 113.575 45.618 3
      vertex 113.575 49.182 3
      vertex 113.842 49.018 3
    endloop
  endfacet
  facet normal 0 0 -1
    outer loop
      vertex 113.285 45.4979 3
      vertex 113.575 49.182 3
      vertex 113.575 45.618 3
    endloop
  endfacet
  facet normal 0 0 -1
    outer loop
      vertex 113.285 45.4979 3
      vertex 113.285 49.3021 3
      vertex 113.575 49.182 3
    endloop
  endfacet
  facet normal 0 0 -1
    outer loop
      vertex 112.98 45.4246 3
      vertex 113.285 49.3021 3
      vertex 113.285 45.4979 3
    endloop
  endfacet
  facet normal 0 0 -1
    outer loop
      vertex 112.98 45.4246 3
      vertex 112.98 49.3754 3
      vertex 113.285 49.3021 3
    endloop
  endfacet
  facet normal 0 0 -1
    outer loop
      vertex 112.667 45.4 3
      vertex 112.98 49.3754 3
      vertex 112.98 45.4246 3
    endloop
  endfacet
  facet normal 0 0 -1
    outer loop
      vertex 112.667 45.4 3
      vertex 112.667 49.4 3
      vertex 112.98 49.3754 3
    endloop
  endfacet
  facet normal 0 0 -1
    outer loop
      vertex 112.354 45.4246 3
      vertex 112.667 49.4 3
      vertex 112.667 45.4 3
    endloop
  endfacet
  facet normal 0 0 -1
    outer loop
      vertex 112.354 45.4246 3
      vertex 112.354 49.3754 3
      vertex 112.667 49.4 3
    endloop
  endfacet
  facet normal 0 0 -1
    outer loop
      vertex 112.049 45.4979 3
      vertex 112.354 49.3754 3
      vertex 112.354 45.4246 3
    endloop
  endfacet
  facet normal 0 0 -1
    outer loop
      vertex 112.049 45.4979 3
      vertex 112.049 49.3021 3
      vertex 112.354 49.3754 3
    endloop
  endfacet
  facet normal 0 0 -1
    outer loop
      vertex 111.759 45.618 3
      vertex 112.049 49.3021 3
      vertex 112.049 45.4979 3
    endloop
  endfacet
  facet normal 0 0 -1
    outer loop
      vertex 111.759 45.618 3
      vertex 111.759 49.182 3
      vertex 112.049 49.3021 3
    endloop
  endfacet
  facet normal 0 0 -1
    outer loop
      vertex 111.491 45.782 3
      vertex 111.759 49.182 3
      vertex 111.759 45.618 3
    endloop
  endfacet
  facet normal 0 0 -1
    outer loop
      vertex 111.491 45.782 3
      vertex 111.491 49.018 3
      vertex 111.759 49.182 3
    endloop
  endfacet
  facet normal 0 0 -1
    outer loop
      vertex 111.252 45.9858 3
      vertex 111.491 49.018 3
      vertex 111.491 45.782 3
    endloop
  endfacet
  facet normal 0 0 -1
    outer loop
      vertex 111.252 45.9858 3
      vertex 111.252 48.8142 3
      vertex 111.491 49.018 3
    endloop
  endfacet
  facet normal 0 0 -1
    outer loop
      vertex 111.049 46.2244 3
      vertex 111.252 48.8142 3
      vertex 111.252 45.9858 3
    endloop
  endfacet
  facet normal 0 0 -1
    outer loop
      vertex 111.049 46.2244 3
      vertex 111.049 48.5756 3
      vertex 111.252 48.8142 3
    endloop
  endfacet
  facet normal 0 0 -1
    outer loop
      vertex 110.885 46.492 3
      vertex 111.049 48.5756 3
      vertex 111.049 46.2244 3
    endloop
  endfacet
  facet normal 0 0 -1
    outer loop
      vertex 110.885 46.492 3
      vertex 110.885 48.308 3
      vertex 111.049 48.5756 3
    endloop
  endfacet
  facet normal 0 0 -1
    outer loop
      vertex 110.765 46.782 3
      vertex 110.885 48.308 3
      vertex 110.885 46.492 3
    endloop
  endfacet
  facet normal 0 0 -1
    outer loop
      vertex 110.765 46.782 3
      vertex 110.765 48.018 3
      vertex 110.885 48.308 3
    endloop
  endfacet
  facet normal 0 0 -1
    outer loop
      vertex 110.691 47.0871 3
      vertex 110.765 48.018 3
      vertex 110.765 46.782 3
    endloop
  endfacet
  facet normal 0 0 -1
    outer loop
      vertex 110.691 47.0871 3
      vertex 110.691 47.7129 3
      vertex 110.765 48.018 3
    endloop
  endfacet
  facet normal 0 -0 -1
    outer loop
      vertex 110.691 47.7129 3
      vertex 110.691 47.0871 3
      vertex 110.667 47.4 3
    endloop
  endfacet
  facet normal 0 0 -1
    outer loop
      vertex 114.642 99.8871 3
      vertex 114.642 100.513 3
      vertex 114.667 100.2 3
    endloop
  endfacet
  facet normal 0 0 -1
    outer loop
      vertex 114.569 99.582 3
      vertex 114.642 100.513 3
      vertex 114.642 99.8871 3
    endloop
  endfacet
  facet normal 0 0 -1
    outer loop
      vertex 114.569 99.582 3
      vertex 114.569 100.818 3
      vertex 114.642 100.513 3
    endloop
  endfacet
  facet normal 0 0 -1
    outer loop
      vertex 114.449 99.292 3
      vertex 114.569 100.818 3
      vertex 114.569 99.582 3
    endloop
  endfacet
  facet normal 0 0 -1
    outer loop
      vertex 114.449 99.292 3
      vertex 114.449 101.108 3
      vertex 114.569 100.818 3
    endloop
  endfacet
  facet normal 0 0 -1
    outer loop
      vertex 114.285 99.0244 3
      vertex 114.449 101.108 3
      vertex 114.449 99.292 3
    endloop
  endfacet
  facet normal 0 0 -1
    outer loop
      vertex 114.285 99.0244 3
      vertex 114.285 101.376 3
      vertex 114.449 101.108 3
    endloop
  endfacet
  facet normal 0 0 -1
    outer loop
      vertex 114.081 98.7858 3
      vertex 114.285 101.376 3
      vertex 114.285 99.0244 3
    endloop
  endfacet
  facet normal 0 0 -1
    outer loop
      vertex 114.081 98.7858 3
      vertex 114.081 101.614 3
      vertex 114.285 101.376 3
    endloop
  endfacet
  facet normal 0 0 -1
    outer loop
      vertex 113.842 98.582 3
      vertex 114.081 101.614 3
      vertex 114.081 98.7858 3
    endloop
  endfacet
  facet normal 0 0 -1
    outer loop
      vertex 113.842 98.582 3
      vertex 113.842 101.818 3
      vertex 114.081 101.614 3
    endloop
  endfacet
  facet normal 0 0 -1
    outer loop
      vertex 113.575 98.418 3
      vertex 113.842 101.818 3
      vertex 113.842 98.582 3
    endloop
  endfacet
  facet normal 0 0 -1
    outer loop
      vertex 113.575 98.418 3
      vertex 113.575 101.982 3
      vertex 113.842 101.818 3
    endloop
  endfacet
  facet normal 0 0 -1
    outer loop
      vertex 113.285 98.2979 3
      vertex 113.575 101.982 3
      vertex 113.575 98.418 3
    endloop
  endfacet
  facet normal 0 0 -1
    outer loop
      vertex 113.285 98.2979 3
      vertex 113.285 102.102 3
      vertex 113.575 101.982 3
    endloop
  endfacet
  facet normal 0 0 -1
    outer loop
      vertex 112.98 98.2246 3
      vertex 113.285 102.102 3
      vertex 113.285 98.2979 3
    endloop
  endfacet
  facet normal 0 0 -1
    outer loop
      vertex 112.98 98.2246 3
      vertex 112.98 102.175 3
      vertex 113.285 102.102 3
    endloop
  endfacet
  facet normal 0 0 -1
    outer loop
      vertex 112.667 98.2 3
      vertex 112.98 102.175 3
      vertex 112.98 98.2246 3
    endloop
  endfacet
  facet normal 0 0 -1
    outer loop
      vertex 112.667 98.2 3
      vertex 112.667 102.2 3
      vertex 112.98 102.175 3
    endloop
  endfacet
  facet normal 0 0 -1
    outer loop
      vertex 112.354 98.2246 3
      vertex 112.667 102.2 3
      vertex 112.667 98.2 3
    endloop
  endfacet
  facet normal 0 0 -1
    outer loop
      vertex 112.354 98.2246 3
      vertex 112.354 102.175 3
      vertex 112.667 102.2 3
    endloop
  endfacet
  facet normal 0 0 -1
    outer loop
      vertex 112.049 98.2979 3
      vertex 112.354 102.175 3
      vertex 112.354 98.2246 3
    endloop
  endfacet
  facet normal 0 0 -1
    outer loop
      vertex 112.049 98.2979 3
      vertex 112.049 102.102 3
      vertex 112.354 102.175 3
    endloop
  endfacet
  facet normal 0 0 -1
    outer loop
      vertex 111.759 98.418 3
      vertex 112.049 102.102 3
      vertex 112.049 98.2979 3
    endloop
  endfacet
  facet normal 0 0 -1
    outer loop
      vertex 111.759 98.418 3
      vertex 111.759 101.982 3
      vertex 112.049 102.102 3
    endloop
  endfacet
  facet normal 0 0 -1
    outer loop
      vertex 111.491 98.582 3
      vertex 111.759 101.982 3
      vertex 111.759 98.418 3
    endloop
  endfacet
  facet normal 0 0 -1
    outer loop
      vertex 111.491 98.582 3
      vertex 111.491 101.818 3
      vertex 111.759 101.982 3
    endloop
  endfacet
  facet normal 0 0 -1
    outer loop
      vertex 111.252 98.7858 3
      vertex 111.491 101.818 3
      vertex 111.491 98.582 3
    endloop
  endfacet
  facet normal 0 0 -1
    outer loop
      vertex 111.252 98.7858 3
      vertex 111.252 101.614 3
      vertex 111.491 101.818 3
    endloop
  endfacet
  facet normal 0 0 -1
    outer loop
      vertex 111.049 99.0244 3
      vertex 111.252 101.614 3
      vertex 111.252 98.7858 3
    endloop
  endfacet
  facet normal 0 0 -1
    outer loop
      vertex 111.049 99.0244 3
      vertex 111.049 101.376 3
      vertex 111.252 101.614 3
    endloop
  endfacet
  facet normal 0 0 -1
    outer loop
      vertex 110.885 99.292 3
      vertex 111.049 101.376 3
      vertex 111.049 99.0244 3
    endloop
  endfacet
  facet normal 0 0 -1
    outer loop
      vertex 110.885 99.292 3
      vertex 110.885 101.108 3
      vertex 111.049 101.376 3
    endloop
  endfacet
  facet normal 0 0 -1
    outer loop
      vertex 110.765 99.582 3
      vertex 110.885 101.108 3
      vertex 110.885 99.292 3
    endloop
  endfacet
  facet normal 0 0 -1
    outer loop
      vertex 110.765 99.582 3
      vertex 110.765 100.818 3
      vertex 110.885 101.108 3
    endloop
  endfacet
  facet normal 0 0 -1
    outer loop
      vertex 110.691 99.8871 3
      vertex 110.765 100.818 3
      vertex 110.765 99.582 3
    endloop
  endfacet
  facet normal 0 0 -1
    outer loop
      vertex 110.691 99.8871 3
      vertex 110.691 100.513 3
      vertex 110.765 100.818 3
    endloop
  endfacet
  facet normal 0 -0 -1
    outer loop
      vertex 110.691 100.513 3
      vertex 110.691 99.8871 3
      vertex 110.667 100.2 3
    endloop
  endfacet
  facet normal 0 0 -1
    outer loop
      vertex 114.642 152.687 3
      vertex 114.642 153.313 3
      vertex 114.667 153 3
    endloop
  endfacet
  facet normal 0 0 -1
    outer loop
      vertex 114.569 152.382 3
      vertex 114.642 153.313 3
      vertex 114.642 152.687 3
    endloop
  endfacet
  facet normal 0 0 -1
    outer loop
      vertex 114.569 152.382 3
      vertex 114.569 153.618 3
      vertex 114.642 153.313 3
    endloop
  endfacet
  facet normal 0 0 -1
    outer loop
      vertex 114.449 152.092 3
      vertex 114.569 153.618 3
      vertex 114.569 152.382 3
    endloop
  endfacet
  facet normal 0 0 -1
    outer loop
      vertex 114.449 152.092 3
      vertex 114.449 153.908 3
      vertex 114.569 153.618 3
    endloop
  endfacet
  facet normal 0 0 -1
    outer loop
      vertex 114.285 151.824 3
      vertex 114.449 153.908 3
      vertex 114.449 152.092 3
    endloop
  endfacet
  facet normal 0 0 -1
    outer loop
      vertex 114.285 151.824 3
      vertex 114.285 154.176 3
      vertex 114.449 153.908 3
    endloop
  endfacet
  facet normal 0 0 -1
    outer loop
      vertex 114.081 151.586 3
      vertex 114.285 154.176 3
      vertex 114.285 151.824 3
    endloop
  endfacet
  facet normal 0 0 -1
    outer loop
      vertex 114.081 151.586 3
      vertex 114.081 154.414 3
      vertex 114.285 154.176 3
    endloop
  endfacet
  facet normal 0 0 -1
    outer loop
      vertex 113.842 151.382 3
      vertex 114.081 154.414 3
      vertex 114.081 151.586 3
    endloop
  endfacet
  facet normal 0 0 -1
    outer loop
      vertex 113.842 151.382 3
      vertex 113.842 154.618 3
      vertex 114.081 154.414 3
    endloop
  endfacet
  facet normal 0 0 -1
    outer loop
      vertex 113.575 151.218 3
      vertex 113.842 154.618 3
      vertex 113.842 151.382 3
    endloop
  endfacet
  facet normal 0 0 -1
    outer loop
      vertex 113.575 151.218 3
      vertex 113.575 154.782 3
      vertex 113.842 154.618 3
    endloop
  endfacet
  facet normal 0 0 -1
    outer loop
      vertex 113.285 151.098 3
      vertex 113.575 154.782 3
      vertex 113.575 151.218 3
    endloop
  endfacet
  facet normal 0 0 -1
    outer loop
      vertex 113.285 151.098 3
      vertex 113.285 154.902 3
      vertex 113.575 154.782 3
    endloop
  endfacet
  facet normal 0 0 -1
    outer loop
      vertex 112.98 151.025 3
      vertex 113.285 154.902 3
      vertex 113.285 151.098 3
    endloop
  endfacet
  facet normal 0 0 -1
    outer loop
      vertex 112.98 151.025 3
      vertex 112.98 154.975 3
      vertex 113.285 154.902 3
    endloop
  endfacet
  facet normal 0 0 -1
    outer loop
      vertex 112.667 151 3
      vertex 112.98 154.975 3
      vertex 112.98 151.025 3
    endloop
  endfacet
  facet normal 0 0 -1
    outer loop
      vertex 112.667 151 3
      vertex 112.667 155 3
      vertex 112.98 154.975 3
    endloop
  endfacet
  facet normal 0 0 -1
    outer loop
      vertex 112.354 151.025 3
      vertex 112.667 155 3
      vertex 112.667 151 3
    endloop
  endfacet
  facet normal 0 0 -1
    outer loop
      vertex 112.354 151.025 3
      vertex 112.354 154.975 3
      vertex 112.667 155 3
    endloop
  endfacet
  facet normal 0 0 -1
    outer loop
      vertex 112.049 151.098 3
      vertex 112.354 154.975 3
      vertex 112.354 151.025 3
    endloop
  endfacet
  facet normal 0 0 -1
    outer loop
      vertex 112.049 151.098 3
      vertex 112.049 154.902 3
      vertex 112.354 154.975 3
    endloop
  endfacet
  facet normal 0 0 -1
    outer loop
      vertex 111.759 151.218 3
      vertex 112.049 154.902 3
      vertex 112.049 151.098 3
    endloop
  endfacet
  facet normal 0 0 -1
    outer loop
      vertex 111.759 151.218 3
      vertex 111.759 154.782 3
      vertex 112.049 154.902 3
    endloop
  endfacet
  facet normal 0 0 -1
    outer loop
      vertex 111.491 151.382 3
      vertex 111.759 154.782 3
      vertex 111.759 151.218 3
    endloop
  endfacet
  facet normal 0 0 -1
    outer loop
      vertex 111.491 151.382 3
      vertex 111.491 154.618 3
      vertex 111.759 154.782 3
    endloop
  endfacet
  facet normal 0 0 -1
    outer loop
      vertex 111.252 151.586 3
      vertex 111.491 154.618 3
      vertex 111.491 151.382 3
    endloop
  endfacet
  facet normal 0 0 -1
    outer loop
      vertex 111.252 151.586 3
      vertex 111.252 154.414 3
      vertex 111.491 154.618 3
    endloop
  endfacet
  facet normal 0 0 -1
    outer loop
      vertex 111.049 151.824 3
      vertex 111.252 154.414 3
      vertex 111.252 151.586 3
    endloop
  endfacet
  facet normal 0 0 -1
    outer loop
      vertex 111.049 151.824 3
      vertex 111.049 154.176 3
      vertex 111.252 154.414 3
    endloop
  endfacet
  facet normal 0 0 -1
    outer loop
      vertex 110.885 152.092 3
      vertex 111.049 154.176 3
      vertex 111.049 151.824 3
    endloop
  endfacet
  facet normal 0 0 -1
    outer loop
      vertex 110.885 152.092 3
      vertex 110.885 153.908 3
      vertex 111.049 154.176 3
    endloop
  endfacet
  facet normal 0 0 -1
    outer loop
      vertex 110.765 152.382 3
      vertex 110.885 153.908 3
      vertex 110.885 152.092 3
    endloop
  endfacet
  facet normal 0 0 -1
    outer loop
      vertex 110.765 152.382 3
      vertex 110.765 153.618 3
      vertex 110.885 153.908 3
    endloop
  endfacet
  facet normal 0 0 -1
    outer loop
      vertex 110.691 152.687 3
      vertex 110.765 153.618 3
      vertex 110.765 152.382 3
    endloop
  endfacet
  facet normal 0 0 -1
    outer loop
      vertex 110.691 152.687 3
      vertex 110.691 153.313 3
      vertex 110.765 153.618 3
    endloop
  endfacet
  facet normal 0 -0 -1
    outer loop
      vertex 110.691 153.313 3
      vertex 110.691 152.687 3
      vertex 110.667 153 3
    endloop
  endfacet
  facet normal 0 0 -1
    outer loop
      vertex 114.642 126.287 3
      vertex 114.642 126.913 3
      vertex 114.667 126.6 3
    endloop
  endfacet
  facet normal 0 0 -1
    outer loop
      vertex 114.569 125.982 3
      vertex 114.642 126.913 3
      vertex 114.642 126.287 3
    endloop
  endfacet
  facet normal 0 0 -1
    outer loop
      vertex 114.569 125.982 3
      vertex 114.569 127.218 3
      vertex 114.642 126.913 3
    endloop
  endfacet
  facet normal 0 0 -1
    outer loop
      vertex 114.449 125.692 3
      vertex 114.569 127.218 3
      vertex 114.569 125.982 3
    endloop
  endfacet
  facet normal 0 0 -1
    outer loop
      vertex 114.449 125.692 3
      vertex 114.449 127.508 3
      vertex 114.569 127.218 3
    endloop
  endfacet
  facet normal 0 0 -1
    outer loop
      vertex 114.285 125.424 3
      vertex 114.449 127.508 3
      vertex 114.449 125.692 3
    endloop
  endfacet
  facet normal 0 0 -1
    outer loop
      vertex 114.285 125.424 3
      vertex 114.285 127.776 3
      vertex 114.449 127.508 3
    endloop
  endfacet
  facet normal 0 0 -1
    outer loop
      vertex 114.081 125.186 3
      vertex 114.285 127.776 3
      vertex 114.285 125.424 3
    endloop
  endfacet
  facet normal 0 0 -1
    outer loop
      vertex 114.081 125.186 3
      vertex 114.081 128.014 3
      vertex 114.285 127.776 3
    endloop
  endfacet
  facet normal 0 0 -1
    outer loop
      vertex 113.842 124.982 3
      vertex 114.081 128.014 3
      vertex 114.081 125.186 3
    endloop
  endfacet
  facet normal 0 0 -1
    outer loop
      vertex 113.842 124.982 3
      vertex 113.842 128.218 3
      vertex 114.081 128.014 3
    endloop
  endfacet
  facet normal 0 0 -1
    outer loop
      vertex 113.575 124.818 3
      vertex 113.842 128.218 3
      vertex 113.842 124.982 3
    endloop
  endfacet
  facet normal 0 0 -1
    outer loop
      vertex 113.575 124.818 3
      vertex 113.575 128.382 3
      vertex 113.842 128.218 3
    endloop
  endfacet
  facet normal 0 0 -1
    outer loop
      vertex 113.285 124.698 3
      vertex 113.575 128.382 3
      vertex 113.575 124.818 3
    endloop
  endfacet
  facet normal 0 0 -1
    outer loop
      vertex 113.285 124.698 3
      vertex 113.285 128.502 3
      vertex 113.575 128.382 3
    endloop
  endfacet
  facet normal 0 0 -1
    outer loop
      vertex 112.98 124.625 3
      vertex 113.285 128.502 3
      vertex 113.285 124.698 3
    endloop
  endfacet
  facet normal 0 0 -1
    outer loop
      vertex 112.98 124.625 3
      vertex 112.98 128.575 3
      vertex 113.285 128.502 3
    endloop
  endfacet
  facet normal 0 0 -1
    outer loop
      vertex 112.667 124.6 3
      vertex 112.98 128.575 3
      vertex 112.98 124.625 3
    endloop
  endfacet
  facet normal 0 0 -1
    outer loop
      vertex 112.667 124.6 3
      vertex 112.667 128.6 3
      vertex 112.98 128.575 3
    endloop
  endfacet
  facet normal 0 0 -1
    outer loop
      vertex 112.354 124.625 3
      vertex 112.667 128.6 3
      vertex 112.667 124.6 3
    endloop
  endfacet
  facet normal 0 0 -1
    outer loop
      vertex 112.354 124.625 3
      vertex 112.354 128.575 3
      vertex 112.667 128.6 3
    endloop
  endfacet
  facet normal 0 0 -1
    outer loop
      vertex 112.049 124.698 3
      vertex 112.354 128.575 3
      vertex 112.354 124.625 3
    endloop
  endfacet
  facet normal 0 0 -1
    outer loop
      vertex 112.049 124.698 3
      vertex 112.049 128.502 3
      vertex 112.354 128.575 3
    endloop
  endfacet
  facet normal 0 0 -1
    outer loop
      vertex 111.759 124.818 3
      vertex 112.049 128.502 3
      vertex 112.049 124.698 3
    endloop
  endfacet
  facet normal 0 0 -1
    outer loop
      vertex 111.759 124.818 3
      vertex 111.759 128.382 3
      vertex 112.049 128.502 3
    endloop
  endfacet
  facet normal 0 0 -1
    outer loop
      vertex 111.491 124.982 3
      vertex 111.759 128.382 3
      vertex 111.759 124.818 3
    endloop
  endfacet
  facet normal 0 0 -1
    outer loop
      vertex 111.491 124.982 3
      vertex 111.491 128.218 3
      vertex 111.759 128.382 3
    endloop
  endfacet
  facet normal 0 0 -1
    outer loop
      vertex 111.252 125.186 3
      vertex 111.491 128.218 3
      vertex 111.491 124.982 3
    endloop
  endfacet
  facet normal 0 0 -1
    outer loop
      vertex 111.252 125.186 3
      vertex 111.252 128.014 3
      vertex 111.491 128.218 3
    endloop
  endfacet
  facet normal 0 0 -1
    outer loop
      vertex 111.049 125.424 3
      vertex 111.252 128.014 3
      vertex 111.252 125.186 3
    endloop
  endfacet
  facet normal 0 0 -1
    outer loop
      vertex 111.049 125.424 3
      vertex 111.049 127.776 3
      vertex 111.252 128.014 3
    endloop
  endfacet
  facet normal 0 0 -1
    outer loop
      vertex 110.885 125.692 3
      vertex 111.049 127.776 3
      vertex 111.049 125.424 3
    endloop
  endfacet
  facet normal 0 0 -1
    outer loop
      vertex 110.885 125.692 3
      vertex 110.885 127.508 3
      vertex 111.049 127.776 3
    endloop
  endfacet
  facet normal 0 0 -1
    outer loop
      vertex 110.765 125.982 3
      vertex 110.885 127.508 3
      vertex 110.885 125.692 3
    endloop
  endfacet
  facet normal 0 0 -1
    outer loop
      vertex 110.765 125.982 3
      vertex 110.765 127.218 3
      vertex 110.885 127.508 3
    endloop
  endfacet
  facet normal 0 0 -1
    outer loop
      vertex 110.691 126.287 3
      vertex 110.765 127.218 3
      vertex 110.765 125.982 3
    endloop
  endfacet
  facet normal 0 0 -1
    outer loop
      vertex 110.691 126.287 3
      vertex 110.691 126.913 3
      vertex 110.765 127.218 3
    endloop
  endfacet
  facet normal 0 -0 -1
    outer loop
      vertex 110.691 126.913 3
      vertex 110.691 126.287 3
      vertex 110.667 126.6 3
    endloop
  endfacet
  facet normal 0 0 -1
    outer loop
      vertex 114.642 20.6871 3
      vertex 114.642 21.3129 3
      vertex 114.667 21 3
    endloop
  endfacet
  facet normal 0 0 -1
    outer loop
      vertex 114.569 20.382 3
      vertex 114.642 21.3129 3
      vertex 114.642 20.6871 3
    endloop
  endfacet
  facet normal 0 0 -1
    outer loop
      vertex 114.569 20.382 3
      vertex 114.569 21.618 3
      vertex 114.642 21.3129 3
    endloop
  endfacet
  facet normal 0 0 -1
    outer loop
      vertex 114.449 20.092 3
      vertex 114.569 21.618 3
      vertex 114.569 20.382 3
    endloop
  endfacet
  facet normal 0 0 -1
    outer loop
      vertex 114.449 20.092 3
      vertex 114.449 21.908 3
      vertex 114.569 21.618 3
    endloop
  endfacet
  facet normal 0 0 -1
    outer loop
      vertex 114.285 19.8244 3
      vertex 114.449 21.908 3
      vertex 114.449 20.092 3
    endloop
  endfacet
  facet normal 0 0 -1
    outer loop
      vertex 114.285 19.8244 3
      vertex 114.285 22.1756 3
      vertex 114.449 21.908 3
    endloop
  endfacet
  facet normal 0 0 -1
    outer loop
      vertex 114.081 19.5858 3
      vertex 114.285 22.1756 3
      vertex 114.285 19.8244 3
    endloop
  endfacet
  facet normal 0 0 -1
    outer loop
      vertex 114.081 19.5858 3
      vertex 114.081 22.4142 3
      vertex 114.285 22.1756 3
    endloop
  endfacet
  facet normal 0 0 -1
    outer loop
      vertex 113.842 19.382 3
      vertex 114.081 22.4142 3
      vertex 114.081 19.5858 3
    endloop
  endfacet
  facet normal 0 0 -1
    outer loop
      vertex 113.842 19.382 3
      vertex 113.842 22.618 3
      vertex 114.081 22.4142 3
    endloop
  endfacet
  facet normal 0 0 -1
    outer loop
      vertex 113.575 19.218 3
      vertex 113.842 22.618 3
      vertex 113.842 19.382 3
    endloop
  endfacet
  facet normal 0 0 -1
    outer loop
      vertex 113.575 19.218 3
      vertex 113.575 22.782 3
      vertex 113.842 22.618 3
    endloop
  endfacet
  facet normal 0 0 -1
    outer loop
      vertex 113.285 19.0979 3
      vertex 113.575 22.782 3
      vertex 113.575 19.218 3
    endloop
  endfacet
  facet normal 0 0 -1
    outer loop
      vertex 113.285 19.0979 3
      vertex 113.285 22.9021 3
      vertex 113.575 22.782 3
    endloop
  endfacet
  facet normal 0 0 -1
    outer loop
      vertex 112.98 19.0246 3
      vertex 113.285 22.9021 3
      vertex 113.285 19.0979 3
    endloop
  endfacet
  facet normal 0 0 -1
    outer loop
      vertex 112.98 19.0246 3
      vertex 112.98 22.9754 3
      vertex 113.285 22.9021 3
    endloop
  endfacet
  facet normal 0 0 -1
    outer loop
      vertex 112.667 19 3
      vertex 112.98 22.9754 3
      vertex 112.98 19.0246 3
    endloop
  endfacet
  facet normal 0 0 -1
    outer loop
      vertex 112.667 19 3
      vertex 112.667 23 3
      vertex 112.98 22.9754 3
    endloop
  endfacet
  facet normal 0 0 -1
    outer loop
      vertex 112.354 19.0246 3
      vertex 112.667 23 3
      vertex 112.667 19 3
    endloop
  endfacet
  facet normal 0 0 -1
    outer loop
      vertex 112.354 19.0246 3
      vertex 112.354 22.9754 3
      vertex 112.667 23 3
    endloop
  endfacet
  facet normal 0 0 -1
    outer loop
      vertex 112.049 19.0979 3
      vertex 112.354 22.9754 3
      vertex 112.354 19.0246 3
    endloop
  endfacet
  facet normal 0 0 -1
    outer loop
      vertex 112.049 19.0979 3
      vertex 112.049 22.9021 3
      vertex 112.354 22.9754 3
    endloop
  endfacet
  facet normal 0 0 -1
    outer loop
      vertex 111.759 19.218 3
      vertex 112.049 22.9021 3
      vertex 112.049 19.0979 3
    endloop
  endfacet
  facet normal 0 0 -1
    outer loop
      vertex 111.759 19.218 3
      vertex 111.759 22.782 3
      vertex 112.049 22.9021 3
    endloop
  endfacet
  facet normal 0 0 -1
    outer loop
      vertex 111.491 19.382 3
      vertex 111.759 22.782 3
      vertex 111.759 19.218 3
    endloop
  endfacet
  facet normal 0 0 -1
    outer loop
      vertex 111.491 19.382 3
      vertex 111.491 22.618 3
      vertex 111.759 22.782 3
    endloop
  endfacet
  facet normal 0 0 -1
    outer loop
      vertex 111.252 19.5858 3
      vertex 111.491 22.618 3
      vertex 111.491 19.382 3
    endloop
  endfacet
  facet normal 0 0 -1
    outer loop
      vertex 111.252 19.5858 3
      vertex 111.252 22.4142 3
      vertex 111.491 22.618 3
    endloop
  endfacet
  facet normal 0 0 -1
    outer loop
      vertex 111.049 19.8244 3
      vertex 111.252 22.4142 3
      vertex 111.252 19.5858 3
    endloop
  endfacet
  facet normal 0 0 -1
    outer loop
      vertex 111.049 19.8244 3
      vertex 111.049 22.1756 3
      vertex 111.252 22.4142 3
    endloop
  endfacet
  facet normal 0 0 -1
    outer loop
      vertex 110.885 20.092 3
      vertex 111.049 22.1756 3
      vertex 111.049 19.8244 3
    endloop
  endfacet
  facet normal 0 0 -1
    outer loop
      vertex 110.885 20.092 3
      vertex 110.885 21.908 3
      vertex 111.049 22.1756 3
    endloop
  endfacet
  facet normal 0 0 -1
    outer loop
      vertex 110.765 20.382 3
      vertex 110.885 21.908 3
      vertex 110.885 20.092 3
    endloop
  endfacet
  facet normal 0 0 -1
    outer loop
      vertex 110.765 20.382 3
      vertex 110.765 21.618 3
      vertex 110.885 21.908 3
    endloop
  endfacet
  facet normal 0 0 -1
    outer loop
      vertex 110.691 20.6871 3
      vertex 110.765 21.618 3
      vertex 110.765 20.382 3
    endloop
  endfacet
  facet normal 0 0 -1
    outer loop
      vertex 110.691 20.6871 3
      vertex 110.691 21.3129 3
      vertex 110.765 21.618 3
    endloop
  endfacet
  facet normal 0 -0 -1
    outer loop
      vertex 110.691 21.3129 3
      vertex 110.691 20.6871 3
      vertex 110.667 21 3
    endloop
  endfacet
  facet normal 0 0 -1
    outer loop
      vertex 114.642 73.4871 3
      vertex 114.642 74.1129 3
      vertex 114.667 73.8 3
    endloop
  endfacet
  facet normal 0 0 -1
    outer loop
      vertex 114.569 73.182 3
      vertex 114.642 74.1129 3
      vertex 114.642 73.4871 3
    endloop
  endfacet
  facet normal 0 0 -1
    outer loop
      vertex 114.569 73.182 3
      vertex 114.569 74.418 3
      vertex 114.642 74.1129 3
    endloop
  endfacet
  facet normal 0 0 -1
    outer loop
      vertex 114.449 72.892 3
      vertex 114.569 74.418 3
      vertex 114.569 73.182 3
    endloop
  endfacet
  facet normal 0 0 -1
    outer loop
      vertex 114.449 72.892 3
      vertex 114.449 74.708 3
      vertex 114.569 74.418 3
    endloop
  endfacet
  facet normal 0 0 -1
    outer loop
      vertex 114.285 72.6244 3
      vertex 114.449 74.708 3
      vertex 114.449 72.892 3
    endloop
  endfacet
  facet normal 0 0 -1
    outer loop
      vertex 114.285 72.6244 3
      vertex 114.285 74.9756 3
      vertex 114.449 74.708 3
    endloop
  endfacet
  facet normal 0 0 -1
    outer loop
      vertex 114.081 72.3858 3
      vertex 114.285 74.9756 3
      vertex 114.285 72.6244 3
    endloop
  endfacet
  facet normal 0 0 -1
    outer loop
      vertex 114.081 72.3858 3
      vertex 114.081 75.2142 3
      vertex 114.285 74.9756 3
    endloop
  endfacet
  facet normal 0 0 -1
    outer loop
      vertex 113.842 72.182 3
      vertex 114.081 75.2142 3
      vertex 114.081 72.3858 3
    endloop
  endfacet
  facet normal 0 0 -1
    outer loop
      vertex 113.842 72.182 3
      vertex 113.842 75.418 3
      vertex 114.081 75.2142 3
    endloop
  endfacet
  facet normal 0 0 -1
    outer loop
      vertex 113.575 72.018 3
      vertex 113.842 75.418 3
      vertex 113.842 72.182 3
    endloop
  endfacet
  facet normal 0 0 -1
    outer loop
      vertex 113.575 72.018 3
      vertex 113.575 75.582 3
      vertex 113.842 75.418 3
    endloop
  endfacet
  facet normal 0 0 -1
    outer loop
      vertex 113.285 71.8979 3
      vertex 113.575 75.582 3
      vertex 113.575 72.018 3
    endloop
  endfacet
  facet normal 0 0 -1
    outer loop
      vertex 113.285 71.8979 3
      vertex 113.285 75.7021 3
      vertex 113.575 75.582 3
    endloop
  endfacet
  facet normal 0 0 -1
    outer loop
      vertex 112.98 71.8246 3
      vertex 113.285 75.7021 3
      vertex 113.285 71.8979 3
    endloop
  endfacet
  facet normal 0 0 -1
    outer loop
      vertex 112.98 71.8246 3
      vertex 112.98 75.7754 3
      vertex 113.285 75.7021 3
    endloop
  endfacet
  facet normal 0 0 -1
    outer loop
      vertex 112.667 71.8 3
      vertex 112.98 75.7754 3
      vertex 112.98 71.8246 3
    endloop
  endfacet
  facet normal 0 0 -1
    outer loop
      vertex 112.667 71.8 3
      vertex 112.667 75.8 3
      vertex 112.98 75.7754 3
    endloop
  endfacet
  facet normal 0 0 -1
    outer loop
      vertex 112.354 71.8246 3
      vertex 112.667 75.8 3
      vertex 112.667 71.8 3
    endloop
  endfacet
  facet normal 0 0 -1
    outer loop
      vertex 112.354 71.8246 3
      vertex 112.354 75.7754 3
      vertex 112.667 75.8 3
    endloop
  endfacet
  facet normal 0 0 -1
    outer loop
      vertex 112.049 71.8979 3
      vertex 112.354 75.7754 3
      vertex 112.354 71.8246 3
    endloop
  endfacet
  facet normal 0 0 -1
    outer loop
      vertex 112.049 71.8979 3
      vertex 112.049 75.7021 3
      vertex 112.354 75.7754 3
    endloop
  endfacet
  facet normal 0 0 -1
    outer loop
      vertex 111.759 72.018 3
      vertex 112.049 75.7021 3
      vertex 112.049 71.8979 3
    endloop
  endfacet
  facet normal 0 0 -1
    outer loop
      vertex 111.759 72.018 3
      vertex 111.759 75.582 3
      vertex 112.049 75.7021 3
    endloop
  endfacet
  facet normal 0 0 -1
    outer loop
      vertex 111.491 72.182 3
      vertex 111.759 75.582 3
      vertex 111.759 72.018 3
    endloop
  endfacet
  facet normal 0 0 -1
    outer loop
      vertex 111.491 72.182 3
      vertex 111.491 75.418 3
      vertex 111.759 75.582 3
    endloop
  endfacet
  facet normal 0 0 -1
    outer loop
      vertex 111.252 72.3858 3
      vertex 111.491 75.418 3
      vertex 111.491 72.182 3
    endloop
  endfacet
  facet normal 0 0 -1
    outer loop
      vertex 111.252 72.3858 3
      vertex 111.252 75.2142 3
      vertex 111.491 75.418 3
    endloop
  endfacet
  facet normal 0 0 -1
    outer loop
      vertex 111.049 72.6244 3
      vertex 111.252 75.2142 3
      vertex 111.252 72.3858 3
    endloop
  endfacet
  facet normal 0 0 -1
    outer loop
      vertex 111.049 72.6244 3
      vertex 111.049 74.9756 3
      vertex 111.252 75.2142 3
    endloop
  endfacet
  facet normal 0 0 -1
    outer loop
      vertex 110.885 72.892 3
      vertex 111.049 74.9756 3
      vertex 111.049 72.6244 3
    endloop
  endfacet
  facet normal 0 0 -1
    outer loop
      vertex 110.885 72.892 3
      vertex 110.885 74.708 3
      vertex 111.049 74.9756 3
    endloop
  endfacet
  facet normal 0 0 -1
    outer loop
      vertex 110.765 73.182 3
      vertex 110.885 74.708 3
      vertex 110.885 72.892 3
    endloop
  endfacet
  facet normal 0 0 -1
    outer loop
      vertex 110.765 73.182 3
      vertex 110.765 74.418 3
      vertex 110.885 74.708 3
    endloop
  endfacet
  facet normal 0 0 -1
    outer loop
      vertex 110.691 73.4871 3
      vertex 110.765 74.418 3
      vertex 110.765 73.182 3
    endloop
  endfacet
  facet normal 0 0 -1
    outer loop
      vertex 110.691 73.4871 3
      vertex 110.691 74.1129 3
      vertex 110.765 74.418 3
    endloop
  endfacet
  facet normal 0 -0 -1
    outer loop
      vertex 110.691 74.1129 3
      vertex 110.691 73.4871 3
      vertex 110.667 73.8 3
    endloop
  endfacet
  facet normal 0 0 -1
    outer loop
      vertex 160.475 47.0871 3
      vertex 160.475 47.7129 3
      vertex 160.5 47.4 3
    endloop
  endfacet
  facet normal 0 0 -1
    outer loop
      vertex 160.402 46.782 3
      vertex 160.475 47.7129 3
      vertex 160.475 47.0871 3
    endloop
  endfacet
  facet normal 0 0 -1
    outer loop
      vertex 160.402 46.782 3
      vertex 160.402 48.018 3
      vertex 160.475 47.7129 3
    endloop
  endfacet
  facet normal 0 0 -1
    outer loop
      vertex 160.282 46.492 3
      vertex 160.402 48.018 3
      vertex 160.402 46.782 3
    endloop
  endfacet
  facet normal 0 0 -1
    outer loop
      vertex 160.282 46.492 3
      vertex 160.282 48.308 3
      vertex 160.402 48.018 3
    endloop
  endfacet
  facet normal 0 0 -1
    outer loop
      vertex 160.118 46.2244 3
      vertex 160.282 48.308 3
      vertex 160.282 46.492 3
    endloop
  endfacet
  facet normal 0 0 -1
    outer loop
      vertex 160.118 46.2244 3
      vertex 160.118 48.5756 3
      vertex 160.282 48.308 3
    endloop
  endfacet
  facet normal 0 0 -1
    outer loop
      vertex 159.914 45.9858 3
      vertex 160.118 48.5756 3
      vertex 160.118 46.2244 3
    endloop
  endfacet
  facet normal 0 0 -1
    outer loop
      vertex 159.914 45.9858 3
      vertex 159.914 48.8142 3
      vertex 160.118 48.5756 3
    endloop
  endfacet
  facet normal 0 0 -1
    outer loop
      vertex 159.676 45.782 3
      vertex 159.914 48.8142 3
      vertex 159.914 45.9858 3
    endloop
  endfacet
  facet normal 0 0 -1
    outer loop
      vertex 159.676 45.782 3
      vertex 159.676 49.018 3
      vertex 159.914 48.8142 3
    endloop
  endfacet
  facet normal 0 0 -1
    outer loop
      vertex 159.408 45.618 3
      vertex 159.676 49.018 3
      vertex 159.676 45.782 3
    endloop
  endfacet
  facet normal 0 0 -1
    outer loop
      vertex 159.408 45.618 3
      vertex 159.408 49.182 3
      vertex 159.676 49.018 3
    endloop
  endfacet
  facet normal 0 0 -1
    outer loop
      vertex 159.118 45.4979 3
      vertex 159.408 49.182 3
      vertex 159.408 45.618 3
    endloop
  endfacet
  facet normal 0 0 -1
    outer loop
      vertex 159.118 45.4979 3
      vertex 159.118 49.3021 3
      vertex 159.408 49.182 3
    endloop
  endfacet
  facet normal 0 0 -1
    outer loop
      vertex 158.813 45.4246 3
      vertex 159.118 49.3021 3
      vertex 159.118 45.4979 3
    endloop
  endfacet
  facet normal 0 0 -1
    outer loop
      vertex 158.813 45.4246 3
      vertex 158.813 49.3754 3
      vertex 159.118 49.3021 3
    endloop
  endfacet
  facet normal 0 0 -1
    outer loop
      vertex 158.5 45.4 3
      vertex 158.813 49.3754 3
      vertex 158.813 45.4246 3
    endloop
  endfacet
  facet normal 0 0 -1
    outer loop
      vertex 158.5 45.4 3
      vertex 158.5 49.4 3
      vertex 158.813 49.3754 3
    endloop
  endfacet
  facet normal 0 0 -1
    outer loop
      vertex 158.187 45.4246 3
      vertex 158.5 49.4 3
      vertex 158.5 45.4 3
    endloop
  endfacet
  facet normal 0 0 -1
    outer loop
      vertex 158.187 45.4246 3
      vertex 158.187 49.3754 3
      vertex 158.5 49.4 3
    endloop
  endfacet
  facet normal 0 0 -1
    outer loop
      vertex 157.882 45.4979 3
      vertex 158.187 49.3754 3
      vertex 158.187 45.4246 3
    endloop
  endfacet
  facet normal 0 0 -1
    outer loop
      vertex 157.882 45.4979 3
      vertex 157.882 49.3021 3
      vertex 158.187 49.3754 3
    endloop
  endfacet
  facet normal 0 0 -1
    outer loop
      vertex 157.592 45.618 3
      vertex 157.882 49.3021 3
      vertex 157.882 45.4979 3
    endloop
  endfacet
  facet normal 0 0 -1
    outer loop
      vertex 157.592 45.618 3
      vertex 157.592 49.182 3
      vertex 157.882 49.3021 3
    endloop
  endfacet
  facet normal 0 0 -1
    outer loop
      vertex 157.324 45.782 3
      vertex 157.592 49.182 3
      vertex 157.592 45.618 3
    endloop
  endfacet
  facet normal 0 0 -1
    outer loop
      vertex 157.324 45.782 3
      vertex 157.324 49.018 3
      vertex 157.592 49.182 3
    endloop
  endfacet
  facet normal 0 0 -1
    outer loop
      vertex 157.086 45.9858 3
      vertex 157.324 49.018 3
      vertex 157.324 45.782 3
    endloop
  endfacet
  facet normal 0 0 -1
    outer loop
      vertex 157.086 45.9858 3
      vertex 157.086 48.8142 3
      vertex 157.324 49.018 3
    endloop
  endfacet
  facet normal 0 0 -1
    outer loop
      vertex 156.882 46.2244 3
      vertex 157.086 48.8142 3
      vertex 157.086 45.9858 3
    endloop
  endfacet
  facet normal 0 0 -1
    outer loop
      vertex 156.882 46.2244 3
      vertex 156.882 48.5756 3
      vertex 157.086 48.8142 3
    endloop
  endfacet
  facet normal 0 0 -1
    outer loop
      vertex 156.718 46.492 3
      vertex 156.882 48.5756 3
      vertex 156.882 46.2244 3
    endloop
  endfacet
  facet normal 0 0 -1
    outer loop
      vertex 156.718 46.492 3
      vertex 156.718 48.308 3
      vertex 156.882 48.5756 3
    endloop
  endfacet
  facet normal 0 0 -1
    outer loop
      vertex 156.598 46.782 3
      vertex 156.718 48.308 3
      vertex 156.718 46.492 3
    endloop
  endfacet
  facet normal 0 0 -1
    outer loop
      vertex 156.598 46.782 3
      vertex 156.598 48.018 3
      vertex 156.718 48.308 3
    endloop
  endfacet
  facet normal 0 0 -1
    outer loop
      vertex 156.525 47.0871 3
      vertex 156.598 48.018 3
      vertex 156.598 46.782 3
    endloop
  endfacet
  facet normal 0 0 -1
    outer loop
      vertex 156.525 47.0871 3
      vertex 156.525 47.7129 3
      vertex 156.598 48.018 3
    endloop
  endfacet
  facet normal 0 -0 -1
    outer loop
      vertex 156.525 47.7129 3
      vertex 156.525 47.0871 3
      vertex 156.5 47.4 3
    endloop
  endfacet
  facet normal 0 0 -1
    outer loop
      vertex 160.475 99.8871 3
      vertex 160.475 100.513 3
      vertex 160.5 100.2 3
    endloop
  endfacet
  facet normal 0 0 -1
    outer loop
      vertex 160.402 99.582 3
      vertex 160.475 100.513 3
      vertex 160.475 99.8871 3
    endloop
  endfacet
  facet normal 0 0 -1
    outer loop
      vertex 160.402 99.582 3
      vertex 160.402 100.818 3
      vertex 160.475 100.513 3
    endloop
  endfacet
  facet normal 0 0 -1
    outer loop
      vertex 160.282 99.292 3
      vertex 160.402 100.818 3
      vertex 160.402 99.582 3
    endloop
  endfacet
  facet normal 0 0 -1
    outer loop
      vertex 160.282 99.292 3
      vertex 160.282 101.108 3
      vertex 160.402 100.818 3
    endloop
  endfacet
  facet normal 0 0 -1
    outer loop
      vertex 160.118 99.0244 3
      vertex 160.282 101.108 3
      vertex 160.282 99.292 3
    endloop
  endfacet
  facet normal 0 0 -1
    outer loop
      vertex 160.118 99.0244 3
      vertex 160.118 101.376 3
      vertex 160.282 101.108 3
    endloop
  endfacet
  facet normal 0 0 -1
    outer loop
      vertex 159.914 98.7858 3
      vertex 160.118 101.376 3
      vertex 160.118 99.0244 3
    endloop
  endfacet
  facet normal 0 0 -1
    outer loop
      vertex 159.914 98.7858 3
      vertex 159.914 101.614 3
      vertex 160.118 101.376 3
    endloop
  endfacet
  facet normal 0 0 -1
    outer loop
      vertex 159.676 98.582 3
      vertex 159.914 101.614 3
      vertex 159.914 98.7858 3
    endloop
  endfacet
  facet normal 0 0 -1
    outer loop
      vertex 159.676 98.582 3
      vertex 159.676 101.818 3
      vertex 159.914 101.614 3
    endloop
  endfacet
  facet normal 0 0 -1
    outer loop
      vertex 159.408 98.418 3
      vertex 159.676 101.818 3
      vertex 159.676 98.582 3
    endloop
  endfacet
  facet normal 0 0 -1
    outer loop
      vertex 159.408 98.418 3
      vertex 159.408 101.982 3
      vertex 159.676 101.818 3
    endloop
  endfacet
  facet normal 0 0 -1
    outer loop
      vertex 159.118 98.2979 3
      vertex 159.408 101.982 3
      vertex 159.408 98.418 3
    endloop
  endfacet
  facet normal 0 0 -1
    outer loop
      vertex 159.118 98.2979 3
      vertex 159.118 102.102 3
      vertex 159.408 101.982 3
    endloop
  endfacet
  facet normal 0 0 -1
    outer loop
      vertex 158.813 98.2246 3
      vertex 159.118 102.102 3
      vertex 159.118 98.2979 3
    endloop
  endfacet
  facet normal 0 0 -1
    outer loop
      vertex 158.813 98.2246 3
      vertex 158.813 102.175 3
      vertex 159.118 102.102 3
    endloop
  endfacet
  facet normal 0 0 -1
    outer loop
      vertex 158.5 98.2 3
      vertex 158.813 102.175 3
      vertex 158.813 98.2246 3
    endloop
  endfacet
  facet normal 0 0 -1
    outer loop
      vertex 158.5 98.2 3
      vertex 158.5 102.2 3
      vertex 158.813 102.175 3
    endloop
  endfacet
  facet normal 0 0 -1
    outer loop
      vertex 158.187 98.2246 3
      vertex 158.5 102.2 3
      vertex 158.5 98.2 3
    endloop
  endfacet
  facet normal 0 0 -1
    outer loop
      vertex 158.187 98.2246 3
      vertex 158.187 102.175 3
      vertex 158.5 102.2 3
    endloop
  endfacet
  facet normal 0 0 -1
    outer loop
      vertex 157.882 98.2979 3
      vertex 158.187 102.175 3
      vertex 158.187 98.2246 3
    endloop
  endfacet
  facet normal 0 0 -1
    outer loop
      vertex 157.882 98.2979 3
      vertex 157.882 102.102 3
      vertex 158.187 102.175 3
    endloop
  endfacet
  facet normal 0 0 -1
    outer loop
      vertex 157.592 98.418 3
      vertex 157.882 102.102 3
      vertex 157.882 98.2979 3
    endloop
  endfacet
  facet normal 0 0 -1
    outer loop
      vertex 157.592 98.418 3
      vertex 157.592 101.982 3
      vertex 157.882 102.102 3
    endloop
  endfacet
  facet normal 0 0 -1
    outer loop
      vertex 157.324 98.582 3
      vertex 157.592 101.982 3
      vertex 157.592 98.418 3
    endloop
  endfacet
  facet normal 0 0 -1
    outer loop
      vertex 157.324 98.582 3
      vertex 157.324 101.818 3
      vertex 157.592 101.982 3
    endloop
  endfacet
  facet normal 0 0 -1
    outer loop
      vertex 157.086 98.7858 3
      vertex 157.324 101.818 3
      vertex 157.324 98.582 3
    endloop
  endfacet
  facet normal 0 0 -1
    outer loop
      vertex 157.086 98.7858 3
      vertex 157.086 101.614 3
      vertex 157.324 101.818 3
    endloop
  endfacet
  facet normal 0 0 -1
    outer loop
      vertex 156.882 99.0244 3
      vertex 157.086 101.614 3
      vertex 157.086 98.7858 3
    endloop
  endfacet
  facet normal 0 0 -1
    outer loop
      vertex 156.882 99.0244 3
      vertex 156.882 101.376 3
      vertex 157.086 101.614 3
    endloop
  endfacet
  facet normal 0 0 -1
    outer loop
      vertex 156.718 99.292 3
      vertex 156.882 101.376 3
      vertex 156.882 99.0244 3
    endloop
  endfacet
  facet normal 0 0 -1
    outer loop
      vertex 156.718 99.292 3
      vertex 156.718 101.108 3
      vertex 156.882 101.376 3
    endloop
  endfacet
  facet normal 0 0 -1
    outer loop
      vertex 156.598 99.582 3
      vertex 156.718 101.108 3
      vertex 156.718 99.292 3
    endloop
  endfacet
  facet normal 0 0 -1
    outer loop
      vertex 156.598 99.582 3
      vertex 156.598 100.818 3
      vertex 156.718 101.108 3
    endloop
  endfacet
  facet normal 0 0 -1
    outer loop
      vertex 156.525 99.8871 3
      vertex 156.598 100.818 3
      vertex 156.598 99.582 3
    endloop
  endfacet
  facet normal 0 0 -1
    outer loop
      vertex 156.525 99.8871 3
      vertex 156.525 100.513 3
      vertex 156.598 100.818 3
    endloop
  endfacet
  facet normal 0 -0 -1
    outer loop
      vertex 156.525 100.513 3
      vertex 156.525 99.8871 3
      vertex 156.5 100.2 3
    endloop
  endfacet
  facet normal 0 0 -1
    outer loop
      vertex 160.475 152.687 3
      vertex 160.475 153.313 3
      vertex 160.5 153 3
    endloop
  endfacet
  facet normal 0 0 -1
    outer loop
      vertex 160.402 152.382 3
      vertex 160.475 153.313 3
      vertex 160.475 152.687 3
    endloop
  endfacet
  facet normal 0 0 -1
    outer loop
      vertex 160.402 152.382 3
      vertex 160.402 153.618 3
      vertex 160.475 153.313 3
    endloop
  endfacet
  facet normal 0 0 -1
    outer loop
      vertex 160.282 152.092 3
      vertex 160.402 153.618 3
      vertex 160.402 152.382 3
    endloop
  endfacet
  facet normal 0 0 -1
    outer loop
      vertex 160.282 152.092 3
      vertex 160.282 153.908 3
      vertex 160.402 153.618 3
    endloop
  endfacet
  facet normal 0 0 -1
    outer loop
      vertex 160.118 151.824 3
      vertex 160.282 153.908 3
      vertex 160.282 152.092 3
    endloop
  endfacet
  facet normal 0 0 -1
    outer loop
      vertex 160.118 151.824 3
      vertex 160.118 154.176 3
      vertex 160.282 153.908 3
    endloop
  endfacet
  facet normal 0 0 -1
    outer loop
      vertex 159.914 151.586 3
      vertex 160.118 154.176 3
      vertex 160.118 151.824 3
    endloop
  endfacet
  facet normal 0 0 -1
    outer loop
      vertex 159.914 151.586 3
      vertex 159.914 154.414 3
      vertex 160.118 154.176 3
    endloop
  endfacet
  facet normal 0 0 -1
    outer loop
      vertex 159.676 151.382 3
      vertex 159.914 154.414 3
      vertex 159.914 151.586 3
    endloop
  endfacet
  facet normal 0 0 -1
    outer loop
      vertex 159.676 151.382 3
      vertex 159.676 154.618 3
      vertex 159.914 154.414 3
    endloop
  endfacet
  facet normal 0 0 -1
    outer loop
      vertex 159.408 151.218 3
      vertex 159.676 154.618 3
      vertex 159.676 151.382 3
    endloop
  endfacet
  facet normal 0 0 -1
    outer loop
      vertex 159.408 151.218 3
      vertex 159.408 154.782 3
      vertex 159.676 154.618 3
    endloop
  endfacet
  facet normal 0 0 -1
    outer loop
      vertex 159.118 151.098 3
      vertex 159.408 154.782 3
      vertex 159.408 151.218 3
    endloop
  endfacet
  facet normal 0 0 -1
    outer loop
      vertex 159.118 151.098 3
      vertex 159.118 154.902 3
      vertex 159.408 154.782 3
    endloop
  endfacet
  facet normal 0 0 -1
    outer loop
      vertex 158.813 151.025 3
      vertex 159.118 154.902 3
      vertex 159.118 151.098 3
    endloop
  endfacet
  facet normal 0 0 -1
    outer loop
      vertex 158.813 151.025 3
      vertex 158.813 154.975 3
      vertex 159.118 154.902 3
    endloop
  endfacet
  facet normal 0 0 -1
    outer loop
      vertex 158.5 151 3
      vertex 158.813 154.975 3
      vertex 158.813 151.025 3
    endloop
  endfacet
  facet normal 0 0 -1
    outer loop
      vertex 158.5 151 3
      vertex 158.5 155 3
      vertex 158.813 154.975 3
    endloop
  endfacet
  facet normal 0 0 -1
    outer loop
      vertex 158.187 151.025 3
      vertex 158.5 155 3
      vertex 158.5 151 3
    endloop
  endfacet
  facet normal 0 0 -1
    outer loop
      vertex 158.187 151.025 3
      vertex 158.187 154.975 3
      vertex 158.5 155 3
    endloop
  endfacet
  facet normal 0 0 -1
    outer loop
      vertex 157.882 151.098 3
      vertex 158.187 154.975 3
      vertex 158.187 151.025 3
    endloop
  endfacet
  facet normal 0 0 -1
    outer loop
      vertex 157.882 151.098 3
      vertex 157.882 154.902 3
      vertex 158.187 154.975 3
    endloop
  endfacet
  facet normal 0 0 -1
    outer loop
      vertex 157.592 151.218 3
      vertex 157.882 154.902 3
      vertex 157.882 151.098 3
    endloop
  endfacet
  facet normal 0 0 -1
    outer loop
      vertex 157.592 151.218 3
      vertex 157.592 154.782 3
      vertex 157.882 154.902 3
    endloop
  endfacet
  facet normal 0 0 -1
    outer loop
      vertex 157.324 151.382 3
      vertex 157.592 154.782 3
      vertex 157.592 151.218 3
    endloop
  endfacet
  facet normal 0 0 -1
    outer loop
      vertex 157.324 151.382 3
      vertex 157.324 154.618 3
      vertex 157.592 154.782 3
    endloop
  endfacet
  facet normal 0 0 -1
    outer loop
      vertex 157.086 151.586 3
      vertex 157.324 154.618 3
      vertex 157.324 151.382 3
    endloop
  endfacet
  facet normal 0 0 -1
    outer loop
      vertex 157.086 151.586 3
      vertex 157.086 154.414 3
      vertex 157.324 154.618 3
    endloop
  endfacet
  facet normal 0 0 -1
    outer loop
      vertex 156.882 151.824 3
      vertex 157.086 154.414 3
      vertex 157.086 151.586 3
    endloop
  endfacet
  facet normal 0 0 -1
    outer loop
      vertex 156.882 151.824 3
      vertex 156.882 154.176 3
      vertex 157.086 154.414 3
    endloop
  endfacet
  facet normal 0 0 -1
    outer loop
      vertex 156.718 152.092 3
      vertex 156.882 154.176 3
      vertex 156.882 151.824 3
    endloop
  endfacet
  facet normal 0 0 -1
    outer loop
      vertex 156.718 152.092 3
      vertex 156.718 153.908 3
      vertex 156.882 154.176 3
    endloop
  endfacet
  facet normal 0 0 -1
    outer loop
      vertex 156.598 152.382 3
      vertex 156.718 153.908 3
      vertex 156.718 152.092 3
    endloop
  endfacet
  facet normal 0 0 -1
    outer loop
      vertex 156.598 152.382 3
      vertex 156.598 153.618 3
      vertex 156.718 153.908 3
    endloop
  endfacet
  facet normal 0 0 -1
    outer loop
      vertex 156.525 152.687 3
      vertex 156.598 153.618 3
      vertex 156.598 152.382 3
    endloop
  endfacet
  facet normal 0 0 -1
    outer loop
      vertex 156.525 152.687 3
      vertex 156.525 153.313 3
      vertex 156.598 153.618 3
    endloop
  endfacet
  facet normal 0 -0 -1
    outer loop
      vertex 156.525 153.313 3
      vertex 156.525 152.687 3
      vertex 156.5 153 3
    endloop
  endfacet
  facet normal 0 0 -1
    outer loop
      vertex 160.475 126.287 3
      vertex 160.475 126.913 3
      vertex 160.5 126.6 3
    endloop
  endfacet
  facet normal 0 0 -1
    outer loop
      vertex 160.402 125.982 3
      vertex 160.475 126.913 3
      vertex 160.475 126.287 3
    endloop
  endfacet
  facet normal 0 0 -1
    outer loop
      vertex 160.402 125.982 3
      vertex 160.402 127.218 3
      vertex 160.475 126.913 3
    endloop
  endfacet
  facet normal 0 0 -1
    outer loop
      vertex 160.282 125.692 3
      vertex 160.402 127.218 3
      vertex 160.402 125.982 3
    endloop
  endfacet
  facet normal 0 0 -1
    outer loop
      vertex 160.282 125.692 3
      vertex 160.282 127.508 3
      vertex 160.402 127.218 3
    endloop
  endfacet
  facet normal 0 0 -1
    outer loop
      vertex 160.118 125.424 3
      vertex 160.282 127.508 3
      vertex 160.282 125.692 3
    endloop
  endfacet
  facet normal 0 0 -1
    outer loop
      vertex 160.118 125.424 3
      vertex 160.118 127.776 3
      vertex 160.282 127.508 3
    endloop
  endfacet
  facet normal 0 0 -1
    outer loop
      vertex 159.914 125.186 3
      vertex 160.118 127.776 3
      vertex 160.118 125.424 3
    endloop
  endfacet
  facet normal 0 0 -1
    outer loop
      vertex 159.914 125.186 3
      vertex 159.914 128.014 3
      vertex 160.118 127.776 3
    endloop
  endfacet
  facet normal 0 0 -1
    outer loop
      vertex 159.676 124.982 3
      vertex 159.914 128.014 3
      vertex 159.914 125.186 3
    endloop
  endfacet
  facet normal 0 0 -1
    outer loop
      vertex 159.676 124.982 3
      vertex 159.676 128.218 3
      vertex 159.914 128.014 3
    endloop
  endfacet
  facet normal 0 0 -1
    outer loop
      vertex 159.408 124.818 3
      vertex 159.676 128.218 3
      vertex 159.676 124.982 3
    endloop
  endfacet
  facet normal 0 0 -1
    outer loop
      vertex 159.408 124.818 3
      vertex 159.408 128.382 3
      vertex 159.676 128.218 3
    endloop
  endfacet
  facet normal 0 0 -1
    outer loop
      vertex 159.118 124.698 3
      vertex 159.408 128.382 3
      vertex 159.408 124.818 3
    endloop
  endfacet
  facet normal 0 0 -1
    outer loop
      vertex 159.118 124.698 3
      vertex 159.118 128.502 3
      vertex 159.408 128.382 3
    endloop
  endfacet
  facet normal 0 0 -1
    outer loop
      vertex 158.813 124.625 3
      vertex 159.118 128.502 3
      vertex 159.118 124.698 3
    endloop
  endfacet
  facet normal 0 0 -1
    outer loop
      vertex 158.813 124.625 3
      vertex 158.813 128.575 3
      vertex 159.118 128.502 3
    endloop
  endfacet
  facet normal 0 0 -1
    outer loop
      vertex 158.5 124.6 3
      vertex 158.813 128.575 3
      vertex 158.813 124.625 3
    endloop
  endfacet
  facet normal 0 0 -1
    outer loop
      vertex 158.5 124.6 3
      vertex 158.5 128.6 3
      vertex 158.813 128.575 3
    endloop
  endfacet
  facet normal 0 0 -1
    outer loop
      vertex 158.187 124.625 3
      vertex 158.5 128.6 3
      vertex 158.5 124.6 3
    endloop
  endfacet
  facet normal 0 0 -1
    outer loop
      vertex 158.187 124.625 3
      vertex 158.187 128.575 3
      vertex 158.5 128.6 3
    endloop
  endfacet
  facet normal 0 0 -1
    outer loop
      vertex 157.882 124.698 3
      vertex 158.187 128.575 3
      vertex 158.187 124.625 3
    endloop
  endfacet
  facet normal 0 0 -1
    outer loop
      vertex 157.882 124.698 3
      vertex 157.882 128.502 3
      vertex 158.187 128.575 3
    endloop
  endfacet
  facet normal 0 0 -1
    outer loop
      vertex 157.592 124.818 3
      vertex 157.882 128.502 3
      vertex 157.882 124.698 3
    endloop
  endfacet
  facet normal 0 0 -1
    outer loop
      vertex 157.592 124.818 3
      vertex 157.592 128.382 3
      vertex 157.882 128.502 3
    endloop
  endfacet
  facet normal 0 0 -1
    outer loop
      vertex 157.324 124.982 3
      vertex 157.592 128.382 3
      vertex 157.592 124.818 3
    endloop
  endfacet
  facet normal 0 0 -1
    outer loop
      vertex 157.324 124.982 3
      vertex 157.324 128.218 3
      vertex 157.592 128.382 3
    endloop
  endfacet
  facet normal 0 0 -1
    outer loop
      vertex 157.086 125.186 3
      vertex 157.324 128.218 3
      vertex 157.324 124.982 3
    endloop
  endfacet
  facet normal 0 0 -1
    outer loop
      vertex 157.086 125.186 3
      vertex 157.086 128.014 3
      vertex 157.324 128.218 3
    endloop
  endfacet
  facet normal 0 0 -1
    outer loop
      vertex 156.882 125.424 3
      vertex 157.086 128.014 3
      vertex 157.086 125.186 3
    endloop
  endfacet
  facet normal 0 0 -1
    outer loop
      vertex 156.882 125.424 3
      vertex 156.882 127.776 3
      vertex 157.086 128.014 3
    endloop
  endfacet
  facet normal 0 0 -1
    outer loop
      vertex 156.718 125.692 3
      vertex 156.882 127.776 3
      vertex 156.882 125.424 3
    endloop
  endfacet
  facet normal 0 0 -1
    outer loop
      vertex 156.718 125.692 3
      vertex 156.718 127.508 3
      vertex 156.882 127.776 3
    endloop
  endfacet
  facet normal 0 0 -1
    outer loop
      vertex 156.598 125.982 3
      vertex 156.718 127.508 3
      vertex 156.718 125.692 3
    endloop
  endfacet
  facet normal 0 0 -1
    outer loop
      vertex 156.598 125.982 3
      vertex 156.598 127.218 3
      vertex 156.718 127.508 3
    endloop
  endfacet
  facet normal 0 0 -1
    outer loop
      vertex 156.525 126.287 3
      vertex 156.598 127.218 3
      vertex 156.598 125.982 3
    endloop
  endfacet
  facet normal 0 0 -1
    outer loop
      vertex 156.525 126.287 3
      vertex 156.525 126.913 3
      vertex 156.598 127.218 3
    endloop
  endfacet
  facet normal 0 -0 -1
    outer loop
      vertex 156.525 126.913 3
      vertex 156.525 126.287 3
      vertex 156.5 126.6 3
    endloop
  endfacet
  facet normal 0 0 -1
    outer loop
      vertex 160.475 20.6871 3
      vertex 160.475 21.3129 3
      vertex 160.5 21 3
    endloop
  endfacet
  facet normal 0 0 -1
    outer loop
      vertex 160.402 20.382 3
      vertex 160.475 21.3129 3
      vertex 160.475 20.6871 3
    endloop
  endfacet
  facet normal 0 0 -1
    outer loop
      vertex 160.402 20.382 3
      vertex 160.402 21.618 3
      vertex 160.475 21.3129 3
    endloop
  endfacet
  facet normal 0 0 -1
    outer loop
      vertex 160.282 20.092 3
      vertex 160.402 21.618 3
      vertex 160.402 20.382 3
    endloop
  endfacet
  facet normal 0 0 -1
    outer loop
      vertex 160.282 20.092 3
      vertex 160.282 21.908 3
      vertex 160.402 21.618 3
    endloop
  endfacet
  facet normal 0 0 -1
    outer loop
      vertex 160.118 19.8244 3
      vertex 160.282 21.908 3
      vertex 160.282 20.092 3
    endloop
  endfacet
  facet normal 0 0 -1
    outer loop
      vertex 160.118 19.8244 3
      vertex 160.118 22.1756 3
      vertex 160.282 21.908 3
    endloop
  endfacet
  facet normal 0 0 -1
    outer loop
      vertex 159.914 19.5858 3
      vertex 160.118 22.1756 3
      vertex 160.118 19.8244 3
    endloop
  endfacet
  facet normal 0 0 -1
    outer loop
      vertex 159.914 19.5858 3
      vertex 159.914 22.4142 3
      vertex 160.118 22.1756 3
    endloop
  endfacet
  facet normal 0 0 -1
    outer loop
      vertex 159.676 19.382 3
      vertex 159.914 22.4142 3
      vertex 159.914 19.5858 3
    endloop
  endfacet
  facet normal 0 0 -1
    outer loop
      vertex 159.676 19.382 3
      vertex 159.676 22.618 3
      vertex 159.914 22.4142 3
    endloop
  endfacet
  facet normal 0 0 -1
    outer loop
      vertex 159.408 19.218 3
      vertex 159.676 22.618 3
      vertex 159.676 19.382 3
    endloop
  endfacet
  facet normal 0 0 -1
    outer loop
      vertex 159.408 19.218 3
      vertex 159.408 22.782 3
      vertex 159.676 22.618 3
    endloop
  endfacet
  facet normal 0 0 -1
    outer loop
      vertex 159.118 19.0979 3
      vertex 159.408 22.782 3
      vertex 159.408 19.218 3
    endloop
  endfacet
  facet normal 0 0 -1
    outer loop
      vertex 159.118 19.0979 3
      vertex 159.118 22.9021 3
      vertex 159.408 22.782 3
    endloop
  endfacet
  facet normal 0 0 -1
    outer loop
      vertex 158.813 19.0246 3
      vertex 159.118 22.9021 3
      vertex 159.118 19.0979 3
    endloop
  endfacet
  facet normal 0 0 -1
    outer loop
      vertex 158.813 19.0246 3
      vertex 158.813 22.9754 3
      vertex 159.118 22.9021 3
    endloop
  endfacet
  facet normal 0 0 -1
    outer loop
      vertex 158.5 19 3
      vertex 158.813 22.9754 3
      vertex 158.813 19.0246 3
    endloop
  endfacet
  facet normal 0 0 -1
    outer loop
      vertex 158.5 19 3
      vertex 158.5 23 3
      vertex 158.813 22.9754 3
    endloop
  endfacet
  facet normal 0 0 -1
    outer loop
      vertex 158.187 19.0246 3
      vertex 158.5 23 3
      vertex 158.5 19 3
    endloop
  endfacet
  facet normal 0 0 -1
    outer loop
      vertex 158.187 19.0246 3
      vertex 158.187 22.9754 3
      vertex 158.5 23 3
    endloop
  endfacet
  facet normal 0 0 -1
    outer loop
      vertex 157.882 19.0979 3
      vertex 158.187 22.9754 3
      vertex 158.187 19.0246 3
    endloop
  endfacet
  facet normal 0 0 -1
    outer loop
      vertex 157.882 19.0979 3
      vertex 157.882 22.9021 3
      vertex 158.187 22.9754 3
    endloop
  endfacet
  facet normal 0 0 -1
    outer loop
      vertex 157.592 19.218 3
      vertex 157.882 22.9021 3
      vertex 157.882 19.0979 3
    endloop
  endfacet
  facet normal 0 0 -1
    outer loop
      vertex 157.592 19.218 3
      vertex 157.592 22.782 3
      vertex 157.882 22.9021 3
    endloop
  endfacet
  facet normal 0 0 -1
    outer loop
      vertex 157.324 19.382 3
      vertex 157.592 22.782 3
      vertex 157.592 19.218 3
    endloop
  endfacet
  facet normal 0 0 -1
    outer loop
      vertex 157.324 19.382 3
      vertex 157.324 22.618 3
      vertex 157.592 22.782 3
    endloop
  endfacet
  facet normal 0 0 -1
    outer loop
      vertex 157.086 19.5858 3
      vertex 157.324 22.618 3
      vertex 157.324 19.382 3
    endloop
  endfacet
  facet normal 0 0 -1
    outer loop
      vertex 157.086 19.5858 3
      vertex 157.086 22.4142 3
      vertex 157.324 22.618 3
    endloop
  endfacet
  facet normal 0 0 -1
    outer loop
      vertex 156.882 19.8244 3
      vertex 157.086 22.4142 3
      vertex 157.086 19.5858 3
    endloop
  endfacet
  facet normal 0 0 -1
    outer loop
      vertex 156.882 19.8244 3
      vertex 156.882 22.1756 3
      vertex 157.086 22.4142 3
    endloop
  endfacet
  facet normal 0 0 -1
    outer loop
      vertex 156.718 20.092 3
      vertex 156.882 22.1756 3
      vertex 156.882 19.8244 3
    endloop
  endfacet
  facet normal 0 0 -1
    outer loop
      vertex 156.718 20.092 3
      vertex 156.718 21.908 3
      vertex 156.882 22.1756 3
    endloop
  endfacet
  facet normal 0 0 -1
    outer loop
      vertex 156.598 20.382 3
      vertex 156.718 21.908 3
      vertex 156.718 20.092 3
    endloop
  endfacet
  facet normal 0 0 -1
    outer loop
      vertex 156.598 20.382 3
      vertex 156.598 21.618 3
      vertex 156.718 21.908 3
    endloop
  endfacet
  facet normal 0 0 -1
    outer loop
      vertex 156.525 20.6871 3
      vertex 156.598 21.618 3
      vertex 156.598 20.382 3
    endloop
  endfacet
  facet normal 0 0 -1
    outer loop
      vertex 156.525 20.6871 3
      vertex 156.525 21.3129 3
      vertex 156.598 21.618 3
    endloop
  endfacet
  facet normal 0 -0 -1
    outer loop
      vertex 156.525 21.3129 3
      vertex 156.525 20.6871 3
      vertex 156.5 21 3
    endloop
  endfacet
  facet normal 0 0 -1
    outer loop
      vertex 160.475 73.4871 3
      vertex 160.475 74.1129 3
      vertex 160.5 73.8 3
    endloop
  endfacet
  facet normal 0 0 -1
    outer loop
      vertex 160.402 73.182 3
      vertex 160.475 74.1129 3
      vertex 160.475 73.4871 3
    endloop
  endfacet
  facet normal 0 0 -1
    outer loop
      vertex 160.402 73.182 3
      vertex 160.402 74.418 3
      vertex 160.475 74.1129 3
    endloop
  endfacet
  facet normal 0 0 -1
    outer loop
      vertex 160.282 72.892 3
      vertex 160.402 74.418 3
      vertex 160.402 73.182 3
    endloop
  endfacet
  facet normal 0 0 -1
    outer loop
      vertex 160.282 72.892 3
      vertex 160.282 74.708 3
      vertex 160.402 74.418 3
    endloop
  endfacet
  facet normal 0 0 -1
    outer loop
      vertex 160.118 72.6244 3
      vertex 160.282 74.708 3
      vertex 160.282 72.892 3
    endloop
  endfacet
  facet normal 0 0 -1
    outer loop
      vertex 160.118 72.6244 3
      vertex 160.118 74.9756 3
      vertex 160.282 74.708 3
    endloop
  endfacet
  facet normal 0 0 -1
    outer loop
      vertex 159.914 72.3858 3
      vertex 160.118 74.9756 3
      vertex 160.118 72.6244 3
    endloop
  endfacet
  facet normal 0 0 -1
    outer loop
      vertex 159.914 72.3858 3
      vertex 159.914 75.2142 3
      vertex 160.118 74.9756 3
    endloop
  endfacet
  facet normal 0 0 -1
    outer loop
      vertex 159.676 72.182 3
      vertex 159.914 75.2142 3
      vertex 159.914 72.3858 3
    endloop
  endfacet
  facet normal 0 0 -1
    outer loop
      vertex 159.676 72.182 3
      vertex 159.676 75.418 3
      vertex 159.914 75.2142 3
    endloop
  endfacet
  facet normal 0 0 -1
    outer loop
      vertex 159.408 72.018 3
      vertex 159.676 75.418 3
      vertex 159.676 72.182 3
    endloop
  endfacet
  facet normal 0 0 -1
    outer loop
      vertex 159.408 72.018 3
      vertex 159.408 75.582 3
      vertex 159.676 75.418 3
    endloop
  endfacet
  facet normal 0 0 -1
    outer loop
      vertex 159.118 71.8979 3
      vertex 159.408 75.582 3
      vertex 159.408 72.018 3
    endloop
  endfacet
  facet normal 0 0 -1
    outer loop
      vertex 159.118 71.8979 3
      vertex 159.118 75.7021 3
      vertex 159.408 75.582 3
    endloop
  endfacet
  facet normal 0 0 -1
    outer loop
      vertex 158.813 71.8246 3
      vertex 159.118 75.7021 3
      vertex 159.118 71.8979 3
    endloop
  endfacet
  facet normal 0 0 -1
    outer loop
      vertex 158.813 71.8246 3
      vertex 158.813 75.7754 3
      vertex 159.118 75.7021 3
    endloop
  endfacet
  facet normal 0 0 -1
    outer loop
      vertex 158.5 71.8 3
      vertex 158.813 75.7754 3
      vertex 158.813 71.8246 3
    endloop
  endfacet
  facet normal 0 0 -1
    outer loop
      vertex 158.5 71.8 3
      vertex 158.5 75.8 3
      vertex 158.813 75.7754 3
    endloop
  endfacet
  facet normal 0 0 -1
    outer loop
      vertex 158.187 71.8246 3
      vertex 158.5 75.8 3
      vertex 158.5 71.8 3
    endloop
  endfacet
  facet normal 0 0 -1
    outer loop
      vertex 158.187 71.8246 3
      vertex 158.187 75.7754 3
      vertex 158.5 75.8 3
    endloop
  endfacet
  facet normal 0 0 -1
    outer loop
      vertex 157.882 71.8979 3
      vertex 158.187 75.7754 3
      vertex 158.187 71.8246 3
    endloop
  endfacet
  facet normal 0 0 -1
    outer loop
      vertex 157.882 71.8979 3
      vertex 157.882 75.7021 3
      vertex 158.187 75.7754 3
    endloop
  endfacet
  facet normal 0 0 -1
    outer loop
      vertex 157.592 72.018 3
      vertex 157.882 75.7021 3
      vertex 157.882 71.8979 3
    endloop
  endfacet
  facet normal 0 0 -1
    outer loop
      vertex 157.592 72.018 3
      vertex 157.592 75.582 3
      vertex 157.882 75.7021 3
    endloop
  endfacet
  facet normal 0 0 -1
    outer loop
      vertex 157.324 72.182 3
      vertex 157.592 75.582 3
      vertex 157.592 72.018 3
    endloop
  endfacet
  facet normal 0 0 -1
    outer loop
      vertex 157.324 72.182 3
      vertex 157.324 75.418 3
      vertex 157.592 75.582 3
    endloop
  endfacet
  facet normal 0 0 -1
    outer loop
      vertex 157.086 72.3858 3
      vertex 157.324 75.418 3
      vertex 157.324 72.182 3
    endloop
  endfacet
  facet normal 0 0 -1
    outer loop
      vertex 157.086 72.3858 3
      vertex 157.086 75.2142 3
      vertex 157.324 75.418 3
    endloop
  endfacet
  facet normal 0 0 -1
    outer loop
      vertex 156.882 72.6244 3
      vertex 157.086 75.2142 3
      vertex 157.086 72.3858 3
    endloop
  endfacet
  facet normal 0 0 -1
    outer loop
      vertex 156.882 72.6244 3
      vertex 156.882 74.9756 3
      vertex 157.086 75.2142 3
    endloop
  endfacet
  facet normal 0 0 -1
    outer loop
      vertex 156.718 72.892 3
      vertex 156.882 74.9756 3
      vertex 156.882 72.6244 3
    endloop
  endfacet
  facet normal 0 0 -1
    outer loop
      vertex 156.718 72.892 3
      vertex 156.718 74.708 3
      vertex 156.882 74.9756 3
    endloop
  endfacet
  facet normal 0 0 -1
    outer loop
      vertex 156.598 73.182 3
      vertex 156.718 74.708 3
      vertex 156.718 72.892 3
    endloop
  endfacet
  facet normal 0 0 -1
    outer loop
      vertex 156.598 73.182 3
      vertex 156.598 74.418 3
      vertex 156.718 74.708 3
    endloop
  endfacet
  facet normal 0 0 -1
    outer loop
      vertex 156.525 73.4871 3
      vertex 156.598 74.418 3
      vertex 156.598 73.182 3
    endloop
  endfacet
  facet normal 0 0 -1
    outer loop
      vertex 156.525 73.4871 3
      vertex 156.525 74.1129 3
      vertex 156.598 74.418 3
    endloop
  endfacet
  facet normal 0 -0 -1
    outer loop
      vertex 156.525 74.1129 3
      vertex 156.525 73.4871 3
      vertex 156.5 73.8 3
    endloop
  endfacet
  facet normal -1 0 0
    outer loop
      vertex 9.75 13.2 4
      vertex 9.75 160.8 19.3
      vertex 9.75 160.8 4
    endloop
  endfacet
  facet normal -1 -0 0
    outer loop
      vertex 9.75 160.8 19.3
      vertex 9.75 13.2 4
      vertex 9.75 13.2 19.3
    endloop
  endfacet
  facet normal 0 1 -0
    outer loop
      vertex 169.75 160.8 4
      vertex 9.75 160.8 19.3
      vertex 169.75 160.8 19.3
    endloop
  endfacet
  facet normal 0 1 0
    outer loop
      vertex 9.75 160.8 19.3
      vertex 169.75 160.8 4
      vertex 9.75 160.8 4
    endloop
  endfacet
  facet normal 0 -1 0
    outer loop
      vertex 9.75 13.2 4
      vertex 169.75 13.2 19.3
      vertex 9.75 13.2 19.3
    endloop
  endfacet
  facet normal 0 -1 -0
    outer loop
      vertex 169.75 13.2 19.3
      vertex 9.75 13.2 4
      vertex 169.75 13.2 4
    endloop
  endfacet
endsolid OpenSCAD_Model
