solid OpenSCAD_Model
  facet normal 1 0 0
    outer loop
      vertex 179.5 4 29
      vertex 179.5 0 29
      vertex 179.5 4 28
    endloop
  endfacet
  facet normal 1 0 0
    outer loop
      vertex 179.5 168 13
      vertex 179.5 174 28
      vertex 179.5 168 17
    endloop
  endfacet
  facet normal 1 -0 0
    outer loop
      vertex 179.5 4 28
      vertex 179.5 168 17
      vertex 179.5 174 28
    endloop
  endfacet
  facet normal 1 0 0
    outer loop
      vertex 179.5 0 29
      vertex 179.5 6 17
      vertex 179.5 4 28
    endloop
  endfacet
  facet normal 1 0 0
    outer loop
      vertex 179.5 168 17
      vertex 179.5 4 28
      vertex 179.5 6 17
    endloop
  endfacet
  facet normal 1 0 0
    outer loop
      vertex 179.5 174 28
      vertex 179.5 168 13
      vertex 179.5 174 0
    endloop
  endfacet
  facet normal 1 -0 0
    outer loop
      vertex 179.5 6 13
      vertex 179.5 174 0
      vertex 179.5 168 13
    endloop
  endfacet
  facet normal 1 0 0
    outer loop
      vertex 179.5 6 17
      vertex 179.5 0 29
      vertex 179.5 6 13
    endloop
  endfacet
  facet normal 1 0 0
    outer loop
      vertex 179.5 6 13
      vertex 179.5 0 0
      vertex 179.5 174 0
    endloop
  endfacet
  facet normal 1 0 0
    outer loop
      vertex 179.5 0 0
      vertex 179.5 6 13
      vertex 179.5 0 29
    endloop
  endfacet
  facet normal 0 0 1
    outer loop
      vertex 179.5 174 28
      vertex 177.1 171.6 28
      vertex 179.5 4 28
    endloop
  endfacet
  facet normal 0 0 1
    outer loop
      vertex 179.5 174 28
      vertex 2.4 171.6 28
      vertex 177.1 171.6 28
    endloop
  endfacet
  facet normal -0 0 1
    outer loop
      vertex 0 174 28
      vertex 2.4 171.6 28
      vertex 179.5 174 28
    endloop
  endfacet
  facet normal 0 0 1
    outer loop
      vertex 0 4 28
      vertex 2.4 171.6 28
      vertex 0 174 28
    endloop
  endfacet
  facet normal 0 0 1
    outer loop
      vertex 2.4 171.6 28
      vertex 0 4 28
      vertex 2.4 4 28
    endloop
  endfacet
  facet normal 0 0 1
    outer loop
      vertex 179.5 4 28
      vertex 177.1 171.6 28
      vertex 177.1 4 28
    endloop
  endfacet
  facet normal 0 0 -1
    outer loop
      vertex 22.182 127.868 0
      vertex 64.8513 127.868 0
      vertex 22.3021 127.578 0
    endloop
  endfacet
  facet normal 0 0 -1
    outer loop
      vertex 64.8513 152.692 0
      vertex 22.3754 153.287 0
      vertex 22.4 153.6 0
    endloop
  endfacet
  facet normal 0 0 -1
    outer loop
      vertex 64.8513 127.868 0
      vertex 22.182 127.868 0
      vertex 64.8513 152.692 0
    endloop
  endfacet
  facet normal 0 0 -1
    outer loop
      vertex 64.8513 152.692 0
      vertex 22.3021 152.982 0
      vertex 22.3754 153.287 0
    endloop
  endfacet
  facet normal 0 0 -1
    outer loop
      vertex 22.182 152.692 0
      vertex 64.8513 152.692 0
      vertex 22.182 127.868 0
    endloop
  endfacet
  facet normal 0 0 -1
    outer loop
      vertex 64.8513 152.692 0
      vertex 22.182 152.692 0
      vertex 22.3021 152.982 0
    endloop
  endfacet
  facet normal 0 0 -1
    outer loop
      vertex 22.018 128.136 0
      vertex 22.182 152.692 0
      vertex 22.182 127.868 0
    endloop
  endfacet
  facet normal 0 0 -1
    outer loop
      vertex 22.018 128.136 0
      vertex 22.018 152.424 0
      vertex 22.182 152.692 0
    endloop
  endfacet
  facet normal 0 0 -1
    outer loop
      vertex 21.8142 128.374 0
      vertex 22.018 152.424 0
      vertex 22.018 128.136 0
    endloop
  endfacet
  facet normal 0 0 -1
    outer loop
      vertex 21.8142 128.374 0
      vertex 21.8142 152.186 0
      vertex 22.018 152.424 0
    endloop
  endfacet
  facet normal 0 0 -1
    outer loop
      vertex 21.5756 128.578 0
      vertex 21.8142 152.186 0
      vertex 21.8142 128.374 0
    endloop
  endfacet
  facet normal 0 0 -1
    outer loop
      vertex 21.5756 128.578 0
      vertex 21.5756 151.982 0
      vertex 21.8142 152.186 0
    endloop
  endfacet
  facet normal 0 0 -1
    outer loop
      vertex 21.308 128.742 0
      vertex 21.5756 151.982 0
      vertex 21.5756 128.578 0
    endloop
  endfacet
  facet normal 0 0 -1
    outer loop
      vertex 21.308 128.742 0
      vertex 21.308 151.818 0
      vertex 21.5756 151.982 0
    endloop
  endfacet
  facet normal 0 0 -1
    outer loop
      vertex 21.018 128.862 0
      vertex 21.308 151.818 0
      vertex 21.308 128.742 0
    endloop
  endfacet
  facet normal 0 0 -1
    outer loop
      vertex 21.018 128.862 0
      vertex 21.018 151.698 0
      vertex 21.308 151.818 0
    endloop
  endfacet
  facet normal 0 0 -1
    outer loop
      vertex 20.7129 128.935 0
      vertex 21.018 151.698 0
      vertex 21.018 128.862 0
    endloop
  endfacet
  facet normal 0 0 -1
    outer loop
      vertex 20.7129 128.935 0
      vertex 20.7129 151.625 0
      vertex 21.018 151.698 0
    endloop
  endfacet
  facet normal 0 0 -1
    outer loop
      vertex 20.4 128.96 0
      vertex 20.7129 151.625 0
      vertex 20.7129 128.935 0
    endloop
  endfacet
  facet normal 0 0 -1
    outer loop
      vertex 20.4 128.96 0
      vertex 20.4 151.6 0
      vertex 20.7129 151.625 0
    endloop
  endfacet
  facet normal 0 0 -1
    outer loop
      vertex 20.0871 128.935 0
      vertex 20.4 151.6 0
      vertex 20.4 128.96 0
    endloop
  endfacet
  facet normal 0 0 -1
    outer loop
      vertex 20.0871 128.935 0
      vertex 20.0871 151.625 0
      vertex 20.4 151.6 0
    endloop
  endfacet
  facet normal 0 0 -1
    outer loop
      vertex 19.782 128.862 0
      vertex 20.0871 151.625 0
      vertex 20.0871 128.935 0
    endloop
  endfacet
  facet normal 0 0 -1
    outer loop
      vertex 19.782 128.862 0
      vertex 19.782 151.698 0
      vertex 20.0871 151.625 0
    endloop
  endfacet
  facet normal 0 0 -1
    outer loop
      vertex 19.492 128.742 0
      vertex 19.782 151.698 0
      vertex 19.782 128.862 0
    endloop
  endfacet
  facet normal 0 0 -1
    outer loop
      vertex 19.492 128.742 0
      vertex 19.492 151.818 0
      vertex 19.782 151.698 0
    endloop
  endfacet
  facet normal 0 0 -1
    outer loop
      vertex 19.2244 128.578 0
      vertex 19.492 151.818 0
      vertex 19.492 128.742 0
    endloop
  endfacet
  facet normal 0 0 -1
    outer loop
      vertex 19.2244 128.578 0
      vertex 19.2244 151.982 0
      vertex 19.492 151.818 0
    endloop
  endfacet
  facet normal 0 0 -1
    outer loop
      vertex 18.9858 128.374 0
      vertex 19.2244 151.982 0
      vertex 19.2244 128.578 0
    endloop
  endfacet
  facet normal 0 0 -1
    outer loop
      vertex 18.9858 128.374 0
      vertex 18.9858 152.186 0
      vertex 19.2244 151.982 0
    endloop
  endfacet
  facet normal 0 0 -1
    outer loop
      vertex 18.782 128.136 0
      vertex 18.9858 152.186 0
      vertex 18.9858 128.374 0
    endloop
  endfacet
  facet normal 0 0 -1
    outer loop
      vertex 18.782 128.136 0
      vertex 18.782 152.424 0
      vertex 18.9858 152.186 0
    endloop
  endfacet
  facet normal 0 0 -1
    outer loop
      vertex 18.618 127.868 0
      vertex 18.782 152.424 0
      vertex 18.782 128.136 0
    endloop
  endfacet
  facet normal 0 0 -1
    outer loop
      vertex 18.618 127.868 0
      vertex 18.618 152.692 0
      vertex 18.782 152.424 0
    endloop
  endfacet
  facet normal 0 0 -1
    outer loop
      vertex 18.4979 127.578 0
      vertex 18.618 152.692 0
      vertex 18.618 127.868 0
    endloop
  endfacet
  facet normal 0 0 -1
    outer loop
      vertex 18.4979 127.578 0
      vertex 18.4979 152.982 0
      vertex 18.618 152.692 0
    endloop
  endfacet
  facet normal 0 0 -1
    outer loop
      vertex 0 174 0
      vertex 18.4979 127.578 0
      vertex 18.4246 127.273 0
    endloop
  endfacet
  facet normal 0 0 -1
    outer loop
      vertex 18.4979 127.578 0
      vertex 0 174 0
      vertex 18.4979 152.982 0
    endloop
  endfacet
  facet normal 0 0 -1
    outer loop
      vertex 0 174 0
      vertex 18.4246 127.273 0
      vertex 18.4 126.96 0
    endloop
  endfacet
  facet normal 0 0 -1
    outer loop
      vertex 18.4979 152.982 0
      vertex 0 174 0
      vertex 18.4246 153.287 0
    endloop
  endfacet
  facet normal 0 0 -1
    outer loop
      vertex 22.182 101.228 0
      vertex 64.8513 101.228 0
      vertex 22.3021 100.938 0
    endloop
  endfacet
  facet normal 0 0 -1
    outer loop
      vertex 64.8513 126.052 0
      vertex 22.3754 126.647 0
      vertex 22.4 126.96 0
    endloop
  endfacet
  facet normal 0 0 -1
    outer loop
      vertex 64.8513 101.228 0
      vertex 22.182 101.228 0
      vertex 64.8513 126.052 0
    endloop
  endfacet
  facet normal 0 0 -1
    outer loop
      vertex 64.8513 126.052 0
      vertex 22.3021 126.342 0
      vertex 22.3754 126.647 0
    endloop
  endfacet
  facet normal 0 0 -1
    outer loop
      vertex 22.182 126.052 0
      vertex 64.8513 126.052 0
      vertex 22.182 101.228 0
    endloop
  endfacet
  facet normal 0 0 -1
    outer loop
      vertex 64.8513 126.052 0
      vertex 22.182 126.052 0
      vertex 22.3021 126.342 0
    endloop
  endfacet
  facet normal 0 0 -1
    outer loop
      vertex 22.018 101.496 0
      vertex 22.182 126.052 0
      vertex 22.182 101.228 0
    endloop
  endfacet
  facet normal 0 0 -1
    outer loop
      vertex 22.018 101.496 0
      vertex 22.018 125.784 0
      vertex 22.182 126.052 0
    endloop
  endfacet
  facet normal 0 0 -1
    outer loop
      vertex 21.8142 101.734 0
      vertex 22.018 125.784 0
      vertex 22.018 101.496 0
    endloop
  endfacet
  facet normal 0 0 -1
    outer loop
      vertex 21.8142 101.734 0
      vertex 21.8142 125.546 0
      vertex 22.018 125.784 0
    endloop
  endfacet
  facet normal 0 0 -1
    outer loop
      vertex 21.5756 101.938 0
      vertex 21.8142 125.546 0
      vertex 21.8142 101.734 0
    endloop
  endfacet
  facet normal 0 0 -1
    outer loop
      vertex 21.5756 101.938 0
      vertex 21.5756 125.342 0
      vertex 21.8142 125.546 0
    endloop
  endfacet
  facet normal 0 0 -1
    outer loop
      vertex 21.308 102.102 0
      vertex 21.5756 125.342 0
      vertex 21.5756 101.938 0
    endloop
  endfacet
  facet normal 0 0 -1
    outer loop
      vertex 21.308 102.102 0
      vertex 21.308 125.178 0
      vertex 21.5756 125.342 0
    endloop
  endfacet
  facet normal 0 0 -1
    outer loop
      vertex 21.018 102.222 0
      vertex 21.308 125.178 0
      vertex 21.308 102.102 0
    endloop
  endfacet
  facet normal 0 0 -1
    outer loop
      vertex 21.018 102.222 0
      vertex 21.018 125.058 0
      vertex 21.308 125.178 0
    endloop
  endfacet
  facet normal 0 0 -1
    outer loop
      vertex 20.7129 102.295 0
      vertex 21.018 125.058 0
      vertex 21.018 102.222 0
    endloop
  endfacet
  facet normal 0 0 -1
    outer loop
      vertex 20.7129 102.295 0
      vertex 20.7129 124.985 0
      vertex 21.018 125.058 0
    endloop
  endfacet
  facet normal 0 0 -1
    outer loop
      vertex 20.4 102.32 0
      vertex 20.7129 124.985 0
      vertex 20.7129 102.295 0
    endloop
  endfacet
  facet normal 0 0 -1
    outer loop
      vertex 20.4 102.32 0
      vertex 20.4 124.96 0
      vertex 20.7129 124.985 0
    endloop
  endfacet
  facet normal 0 0 -1
    outer loop
      vertex 20.0871 102.295 0
      vertex 20.4 124.96 0
      vertex 20.4 102.32 0
    endloop
  endfacet
  facet normal 0 0 -1
    outer loop
      vertex 20.0871 102.295 0
      vertex 20.0871 124.985 0
      vertex 20.4 124.96 0
    endloop
  endfacet
  facet normal 0 0 -1
    outer loop
      vertex 19.782 102.222 0
      vertex 20.0871 124.985 0
      vertex 20.0871 102.295 0
    endloop
  endfacet
  facet normal 0 0 -1
    outer loop
      vertex 19.782 102.222 0
      vertex 19.782 125.058 0
      vertex 20.0871 124.985 0
    endloop
  endfacet
  facet normal 0 0 -1
    outer loop
      vertex 19.492 102.102 0
      vertex 19.782 125.058 0
      vertex 19.782 102.222 0
    endloop
  endfacet
  facet normal 0 0 -1
    outer loop
      vertex 19.492 102.102 0
      vertex 19.492 125.178 0
      vertex 19.782 125.058 0
    endloop
  endfacet
  facet normal 0 0 -1
    outer loop
      vertex 19.2244 101.938 0
      vertex 19.492 125.178 0
      vertex 19.492 102.102 0
    endloop
  endfacet
  facet normal 0 0 -1
    outer loop
      vertex 19.2244 101.938 0
      vertex 19.2244 125.342 0
      vertex 19.492 125.178 0
    endloop
  endfacet
  facet normal 0 0 -1
    outer loop
      vertex 18.9858 101.734 0
      vertex 19.2244 125.342 0
      vertex 19.2244 101.938 0
    endloop
  endfacet
  facet normal 0 0 -1
    outer loop
      vertex 18.9858 101.734 0
      vertex 18.9858 125.546 0
      vertex 19.2244 125.342 0
    endloop
  endfacet
  facet normal 0 0 -1
    outer loop
      vertex 18.782 101.496 0
      vertex 18.9858 125.546 0
      vertex 18.9858 101.734 0
    endloop
  endfacet
  facet normal 0 0 -1
    outer loop
      vertex 18.782 101.496 0
      vertex 18.782 125.784 0
      vertex 18.9858 125.546 0
    endloop
  endfacet
  facet normal 0 0 -1
    outer loop
      vertex 18.618 101.228 0
      vertex 18.782 125.784 0
      vertex 18.782 101.496 0
    endloop
  endfacet
  facet normal 0 0 -1
    outer loop
      vertex 18.618 101.228 0
      vertex 18.618 126.052 0
      vertex 18.782 125.784 0
    endloop
  endfacet
  facet normal 0 0 -1
    outer loop
      vertex 18.4979 100.938 0
      vertex 18.618 126.052 0
      vertex 18.618 101.228 0
    endloop
  endfacet
  facet normal 0 0 -1
    outer loop
      vertex 18.4979 100.938 0
      vertex 18.4979 126.342 0
      vertex 18.618 126.052 0
    endloop
  endfacet
  facet normal 0 0 -1
    outer loop
      vertex 18.4246 100.633 0
      vertex 18.4979 126.342 0
      vertex 18.4979 100.938 0
    endloop
  endfacet
  facet normal 0 0 -1
    outer loop
      vertex 18.4246 100.633 0
      vertex 18.4246 126.647 0
      vertex 18.4979 126.342 0
    endloop
  endfacet
  facet normal 0 0 -1
    outer loop
      vertex 0 174 0
      vertex 18.4246 100.633 0
      vertex 18.4 100.32 0
    endloop
  endfacet
  facet normal 0 0 -1
    outer loop
      vertex 18.4246 100.633 0
      vertex 0 174 0
      vertex 18.4246 126.647 0
    endloop
  endfacet
  facet normal 0 0 -1
    outer loop
      vertex 22.182 74.588 0
      vertex 64.8513 74.588 0
      vertex 22.3021 74.298 0
    endloop
  endfacet
  facet normal 0 0 -1
    outer loop
      vertex 64.8513 99.412 0
      vertex 22.3754 100.007 0
      vertex 22.4 100.32 0
    endloop
  endfacet
  facet normal 0 0 -1
    outer loop
      vertex 64.8513 74.588 0
      vertex 22.182 74.588 0
      vertex 64.8513 99.412 0
    endloop
  endfacet
  facet normal 0 0 -1
    outer loop
      vertex 64.8513 99.412 0
      vertex 22.3021 99.702 0
      vertex 22.3754 100.007 0
    endloop
  endfacet
  facet normal 0 0 -1
    outer loop
      vertex 22.182 99.412 0
      vertex 64.8513 99.412 0
      vertex 22.182 74.588 0
    endloop
  endfacet
  facet normal 0 0 -1
    outer loop
      vertex 64.8513 99.412 0
      vertex 22.182 99.412 0
      vertex 22.3021 99.702 0
    endloop
  endfacet
  facet normal 0 0 -1
    outer loop
      vertex 22.018 74.8556 0
      vertex 22.182 99.412 0
      vertex 22.182 74.588 0
    endloop
  endfacet
  facet normal 0 0 -1
    outer loop
      vertex 22.018 74.8556 0
      vertex 22.018 99.1444 0
      vertex 22.182 99.412 0
    endloop
  endfacet
  facet normal 0 0 -1
    outer loop
      vertex 21.8142 75.0942 0
      vertex 22.018 99.1444 0
      vertex 22.018 74.8556 0
    endloop
  endfacet
  facet normal 0 0 -1
    outer loop
      vertex 21.8142 75.0942 0
      vertex 21.8142 98.9058 0
      vertex 22.018 99.1444 0
    endloop
  endfacet
  facet normal 0 0 -1
    outer loop
      vertex 21.5756 75.298 0
      vertex 21.8142 98.9058 0
      vertex 21.8142 75.0942 0
    endloop
  endfacet
  facet normal 0 0 -1
    outer loop
      vertex 21.5756 75.298 0
      vertex 21.5756 98.702 0
      vertex 21.8142 98.9058 0
    endloop
  endfacet
  facet normal 0 0 -1
    outer loop
      vertex 21.308 75.462 0
      vertex 21.5756 98.702 0
      vertex 21.5756 75.298 0
    endloop
  endfacet
  facet normal 0 0 -1
    outer loop
      vertex 21.308 75.462 0
      vertex 21.308 98.538 0
      vertex 21.5756 98.702 0
    endloop
  endfacet
  facet normal 0 0 -1
    outer loop
      vertex 21.018 75.5821 0
      vertex 21.308 98.538 0
      vertex 21.308 75.462 0
    endloop
  endfacet
  facet normal 0 0 -1
    outer loop
      vertex 21.018 75.5821 0
      vertex 21.018 98.4179 0
      vertex 21.308 98.538 0
    endloop
  endfacet
  facet normal 0 0 -1
    outer loop
      vertex 20.7129 75.6554 0
      vertex 21.018 98.4179 0
      vertex 21.018 75.5821 0
    endloop
  endfacet
  facet normal 0 0 -1
    outer loop
      vertex 20.7129 75.6554 0
      vertex 20.7129 98.3446 0
      vertex 21.018 98.4179 0
    endloop
  endfacet
  facet normal 0 0 -1
    outer loop
      vertex 20.4 75.68 0
      vertex 20.7129 98.3446 0
      vertex 20.7129 75.6554 0
    endloop
  endfacet
  facet normal 0 0 -1
    outer loop
      vertex 20.4 75.68 0
      vertex 20.4 98.32 0
      vertex 20.7129 98.3446 0
    endloop
  endfacet
  facet normal 0 0 -1
    outer loop
      vertex 20.0871 75.6554 0
      vertex 20.4 98.32 0
      vertex 20.4 75.68 0
    endloop
  endfacet
  facet normal 0 0 -1
    outer loop
      vertex 20.0871 75.6554 0
      vertex 20.0871 98.3446 0
      vertex 20.4 98.32 0
    endloop
  endfacet
  facet normal 0 0 -1
    outer loop
      vertex 19.782 75.5821 0
      vertex 20.0871 98.3446 0
      vertex 20.0871 75.6554 0
    endloop
  endfacet
  facet normal 0 0 -1
    outer loop
      vertex 19.782 75.5821 0
      vertex 19.782 98.4179 0
      vertex 20.0871 98.3446 0
    endloop
  endfacet
  facet normal 0 0 -1
    outer loop
      vertex 19.492 75.462 0
      vertex 19.782 98.4179 0
      vertex 19.782 75.5821 0
    endloop
  endfacet
  facet normal 0 0 -1
    outer loop
      vertex 19.492 75.462 0
      vertex 19.492 98.538 0
      vertex 19.782 98.4179 0
    endloop
  endfacet
  facet normal 0 0 -1
    outer loop
      vertex 19.2244 75.298 0
      vertex 19.492 98.538 0
      vertex 19.492 75.462 0
    endloop
  endfacet
  facet normal 0 0 -1
    outer loop
      vertex 19.2244 75.298 0
      vertex 19.2244 98.702 0
      vertex 19.492 98.538 0
    endloop
  endfacet
  facet normal 0 0 -1
    outer loop
      vertex 18.9858 75.0942 0
      vertex 19.2244 98.702 0
      vertex 19.2244 75.298 0
    endloop
  endfacet
  facet normal 0 0 -1
    outer loop
      vertex 18.9858 75.0942 0
      vertex 18.9858 98.9058 0
      vertex 19.2244 98.702 0
    endloop
  endfacet
  facet normal 0 0 -1
    outer loop
      vertex 18.782 74.8556 0
      vertex 18.9858 98.9058 0
      vertex 18.9858 75.0942 0
    endloop
  endfacet
  facet normal 0 0 -1
    outer loop
      vertex 18.782 74.8556 0
      vertex 18.782 99.1444 0
      vertex 18.9858 98.9058 0
    endloop
  endfacet
  facet normal 0 0 -1
    outer loop
      vertex 18.618 74.588 0
      vertex 18.782 99.1444 0
      vertex 18.782 74.8556 0
    endloop
  endfacet
  facet normal 0 0 -1
    outer loop
      vertex 18.618 74.588 0
      vertex 18.618 99.412 0
      vertex 18.782 99.1444 0
    endloop
  endfacet
  facet normal 0 0 -1
    outer loop
      vertex 18.4979 74.298 0
      vertex 18.618 99.412 0
      vertex 18.618 74.588 0
    endloop
  endfacet
  facet normal 0 0 -1
    outer loop
      vertex 18.4979 74.298 0
      vertex 18.4979 99.702 0
      vertex 18.618 99.412 0
    endloop
  endfacet
  facet normal 0 0 -1
    outer loop
      vertex 18.4246 73.9929 0
      vertex 18.4979 99.702 0
      vertex 18.4979 74.298 0
    endloop
  endfacet
  facet normal 0 0 -1
    outer loop
      vertex 18.4246 73.9929 0
      vertex 18.4246 100.007 0
      vertex 18.4979 99.702 0
    endloop
  endfacet
  facet normal 0 0 -1
    outer loop
      vertex 18.4 73.68 0
      vertex 18.4246 100.007 0
      vertex 18.4246 73.9929 0
    endloop
  endfacet
  facet normal -0 0 -1
    outer loop
      vertex 18.4246 100.007 0
      vertex 18.4 73.68 0
      vertex 18.4 100.32 0
    endloop
  endfacet
  facet normal 0 0 -1
    outer loop
      vertex 22.182 47.948 0
      vertex 64.8513 47.948 0
      vertex 22.3021 47.658 0
    endloop
  endfacet
  facet normal 0 0 -1
    outer loop
      vertex 64.8513 72.772 0
      vertex 22.3754 73.3671 0
      vertex 22.4 73.68 0
    endloop
  endfacet
  facet normal 0 0 -1
    outer loop
      vertex 64.8513 47.948 0
      vertex 22.182 47.948 0
      vertex 64.8513 72.772 0
    endloop
  endfacet
  facet normal 0 0 -1
    outer loop
      vertex 64.8513 72.772 0
      vertex 22.3021 73.062 0
      vertex 22.3754 73.3671 0
    endloop
  endfacet
  facet normal 0 0 -1
    outer loop
      vertex 22.182 72.772 0
      vertex 64.8513 72.772 0
      vertex 22.182 47.948 0
    endloop
  endfacet
  facet normal 0 0 -1
    outer loop
      vertex 64.8513 72.772 0
      vertex 22.182 72.772 0
      vertex 22.3021 73.062 0
    endloop
  endfacet
  facet normal 0 0 -1
    outer loop
      vertex 22.018 48.2156 0
      vertex 22.182 72.772 0
      vertex 22.182 47.948 0
    endloop
  endfacet
  facet normal 0 0 -1
    outer loop
      vertex 22.018 48.2156 0
      vertex 22.018 72.5044 0
      vertex 22.182 72.772 0
    endloop
  endfacet
  facet normal 0 0 -1
    outer loop
      vertex 21.8142 48.4542 0
      vertex 22.018 72.5044 0
      vertex 22.018 48.2156 0
    endloop
  endfacet
  facet normal 0 0 -1
    outer loop
      vertex 21.8142 48.4542 0
      vertex 21.8142 72.2658 0
      vertex 22.018 72.5044 0
    endloop
  endfacet
  facet normal 0 0 -1
    outer loop
      vertex 21.5756 48.658 0
      vertex 21.8142 72.2658 0
      vertex 21.8142 48.4542 0
    endloop
  endfacet
  facet normal 0 0 -1
    outer loop
      vertex 21.5756 48.658 0
      vertex 21.5756 72.062 0
      vertex 21.8142 72.2658 0
    endloop
  endfacet
  facet normal 0 0 -1
    outer loop
      vertex 21.308 48.822 0
      vertex 21.5756 72.062 0
      vertex 21.5756 48.658 0
    endloop
  endfacet
  facet normal 0 0 -1
    outer loop
      vertex 21.308 48.822 0
      vertex 21.308 71.898 0
      vertex 21.5756 72.062 0
    endloop
  endfacet
  facet normal 0 0 -1
    outer loop
      vertex 21.018 48.9421 0
      vertex 21.308 71.898 0
      vertex 21.308 48.822 0
    endloop
  endfacet
  facet normal 0 0 -1
    outer loop
      vertex 21.018 48.9421 0
      vertex 21.018 71.7779 0
      vertex 21.308 71.898 0
    endloop
  endfacet
  facet normal 0 0 -1
    outer loop
      vertex 20.7129 49.0154 0
      vertex 21.018 71.7779 0
      vertex 21.018 48.9421 0
    endloop
  endfacet
  facet normal 0 0 -1
    outer loop
      vertex 20.7129 49.0154 0
      vertex 20.7129 71.7046 0
      vertex 21.018 71.7779 0
    endloop
  endfacet
  facet normal 0 0 -1
    outer loop
      vertex 20.4 49.04 0
      vertex 20.7129 71.7046 0
      vertex 20.7129 49.0154 0
    endloop
  endfacet
  facet normal 0 0 -1
    outer loop
      vertex 20.4 49.04 0
      vertex 20.4 71.68 0
      vertex 20.7129 71.7046 0
    endloop
  endfacet
  facet normal 0 0 -1
    outer loop
      vertex 20.0871 49.0154 0
      vertex 20.4 71.68 0
      vertex 20.4 49.04 0
    endloop
  endfacet
  facet normal 0 0 -1
    outer loop
      vertex 20.0871 49.0154 0
      vertex 20.0871 71.7046 0
      vertex 20.4 71.68 0
    endloop
  endfacet
  facet normal 0 0 -1
    outer loop
      vertex 19.782 48.9421 0
      vertex 20.0871 71.7046 0
      vertex 20.0871 49.0154 0
    endloop
  endfacet
  facet normal 0 0 -1
    outer loop
      vertex 19.782 48.9421 0
      vertex 19.782 71.7779 0
      vertex 20.0871 71.7046 0
    endloop
  endfacet
  facet normal 0 0 -1
    outer loop
      vertex 19.492 48.822 0
      vertex 19.782 71.7779 0
      vertex 19.782 48.9421 0
    endloop
  endfacet
  facet normal 0 0 -1
    outer loop
      vertex 19.492 48.822 0
      vertex 19.492 71.898 0
      vertex 19.782 71.7779 0
    endloop
  endfacet
  facet normal 0 0 -1
    outer loop
      vertex 19.2244 48.658 0
      vertex 19.492 71.898 0
      vertex 19.492 48.822 0
    endloop
  endfacet
  facet normal 0 0 -1
    outer loop
      vertex 19.2244 48.658 0
      vertex 19.2244 72.062 0
      vertex 19.492 71.898 0
    endloop
  endfacet
  facet normal 0 0 -1
    outer loop
      vertex 18.9858 48.4542 0
      vertex 19.2244 72.062 0
      vertex 19.2244 48.658 0
    endloop
  endfacet
  facet normal 0 0 -1
    outer loop
      vertex 18.9858 48.4542 0
      vertex 18.9858 72.2658 0
      vertex 19.2244 72.062 0
    endloop
  endfacet
  facet normal 0 0 -1
    outer loop
      vertex 18.782 48.2156 0
      vertex 18.9858 72.2658 0
      vertex 18.9858 48.4542 0
    endloop
  endfacet
  facet normal 0 0 -1
    outer loop
      vertex 18.782 48.2156 0
      vertex 18.782 72.5044 0
      vertex 18.9858 72.2658 0
    endloop
  endfacet
  facet normal 0 0 -1
    outer loop
      vertex 18.618 47.948 0
      vertex 18.782 72.5044 0
      vertex 18.782 48.2156 0
    endloop
  endfacet
  facet normal 0 0 -1
    outer loop
      vertex 18.618 47.948 0
      vertex 18.618 72.772 0
      vertex 18.782 72.5044 0
    endloop
  endfacet
  facet normal 0 0 -1
    outer loop
      vertex 18.4979 47.658 0
      vertex 18.618 72.772 0
      vertex 18.618 47.948 0
    endloop
  endfacet
  facet normal 0 0 -1
    outer loop
      vertex 18.4979 47.658 0
      vertex 18.4979 73.062 0
      vertex 18.618 72.772 0
    endloop
  endfacet
  facet normal 0 0 -1
    outer loop
      vertex 18.4246 47.3529 0
      vertex 18.4979 73.062 0
      vertex 18.4979 47.658 0
    endloop
  endfacet
  facet normal 0 0 -1
    outer loop
      vertex 18.4246 47.3529 0
      vertex 18.4246 73.3671 0
      vertex 18.4979 73.062 0
    endloop
  endfacet
  facet normal 0 0 -1
    outer loop
      vertex 0 0 0
      vertex 18.4246 47.3529 0
      vertex 18.4 47.04 0
    endloop
  endfacet
  facet normal -0 0 -1
    outer loop
      vertex 18.4246 47.3529 0
      vertex 0 0 0
      vertex 18.4246 73.3671 0
    endloop
  endfacet
  facet normal 0 0 -1
    outer loop
      vertex 64.7312 21.018 0
      vertex 22.3021 21.018 0
      vertex 64.8513 21.308 0
    endloop
  endfacet
  facet normal 0 0 -1
    outer loop
      vertex 64.8513 21.308 0
      vertex 22.3754 46.7271 0
      vertex 22.4 47.04 0
    endloop
  endfacet
  facet normal 0 0 -1
    outer loop
      vertex 22.182 21.308 0
      vertex 64.8513 21.308 0
      vertex 22.3021 21.018 0
    endloop
  endfacet
  facet normal 0 0 -1
    outer loop
      vertex 64.8513 21.308 0
      vertex 22.3021 46.422 0
      vertex 22.3754 46.7271 0
    endloop
  endfacet
  facet normal 0 0 -1
    outer loop
      vertex 22.182 46.132 0
      vertex 64.8513 21.308 0
      vertex 22.182 21.308 0
    endloop
  endfacet
  facet normal 0 0 -1
    outer loop
      vertex 64.8513 21.308 0
      vertex 22.182 46.132 0
      vertex 22.3021 46.422 0
    endloop
  endfacet
  facet normal 0 0 -1
    outer loop
      vertex 22.018 21.5756 0
      vertex 22.182 46.132 0
      vertex 22.182 21.308 0
    endloop
  endfacet
  facet normal 0 0 -1
    outer loop
      vertex 22.018 21.5756 0
      vertex 22.018 45.8644 0
      vertex 22.182 46.132 0
    endloop
  endfacet
  facet normal 0 0 -1
    outer loop
      vertex 21.8142 21.8142 0
      vertex 22.018 45.8644 0
      vertex 22.018 21.5756 0
    endloop
  endfacet
  facet normal 0 0 -1
    outer loop
      vertex 21.8142 21.8142 0
      vertex 21.8142 45.6258 0
      vertex 22.018 45.8644 0
    endloop
  endfacet
  facet normal 0 0 -1
    outer loop
      vertex 21.5756 22.018 0
      vertex 21.8142 45.6258 0
      vertex 21.8142 21.8142 0
    endloop
  endfacet
  facet normal 0 0 -1
    outer loop
      vertex 21.5756 22.018 0
      vertex 21.5756 45.422 0
      vertex 21.8142 45.6258 0
    endloop
  endfacet
  facet normal 0 0 -1
    outer loop
      vertex 21.308 22.182 0
      vertex 21.5756 45.422 0
      vertex 21.5756 22.018 0
    endloop
  endfacet
  facet normal 0 0 -1
    outer loop
      vertex 21.308 22.182 0
      vertex 21.308 45.258 0
      vertex 21.5756 45.422 0
    endloop
  endfacet
  facet normal 0 0 -1
    outer loop
      vertex 21.018 22.3021 0
      vertex 21.308 45.258 0
      vertex 21.308 22.182 0
    endloop
  endfacet
  facet normal 0 0 -1
    outer loop
      vertex 21.018 22.3021 0
      vertex 21.018 45.1379 0
      vertex 21.308 45.258 0
    endloop
  endfacet
  facet normal 0 0 -1
    outer loop
      vertex 20.7129 22.3754 0
      vertex 21.018 45.1379 0
      vertex 21.018 22.3021 0
    endloop
  endfacet
  facet normal 0 0 -1
    outer loop
      vertex 20.7129 22.3754 0
      vertex 20.7129 45.0646 0
      vertex 21.018 45.1379 0
    endloop
  endfacet
  facet normal 0 0 -1
    outer loop
      vertex 20.4 22.4 0
      vertex 20.7129 45.0646 0
      vertex 20.7129 22.3754 0
    endloop
  endfacet
  facet normal 0 0 -1
    outer loop
      vertex 20.4 22.4 0
      vertex 20.4 45.04 0
      vertex 20.7129 45.0646 0
    endloop
  endfacet
  facet normal 0 0 -1
    outer loop
      vertex 20.0871 22.3754 0
      vertex 20.4 45.04 0
      vertex 20.4 22.4 0
    endloop
  endfacet
  facet normal 0 0 -1
    outer loop
      vertex 20.0871 22.3754 0
      vertex 20.0871 45.0646 0
      vertex 20.4 45.04 0
    endloop
  endfacet
  facet normal 0 0 -1
    outer loop
      vertex 19.782 22.3021 0
      vertex 20.0871 45.0646 0
      vertex 20.0871 22.3754 0
    endloop
  endfacet
  facet normal 0 0 -1
    outer loop
      vertex 19.782 22.3021 0
      vertex 19.782 45.1379 0
      vertex 20.0871 45.0646 0
    endloop
  endfacet
  facet normal 0 0 -1
    outer loop
      vertex 19.492 22.182 0
      vertex 19.782 45.1379 0
      vertex 19.782 22.3021 0
    endloop
  endfacet
  facet normal 0 0 -1
    outer loop
      vertex 19.492 22.182 0
      vertex 19.492 45.258 0
      vertex 19.782 45.1379 0
    endloop
  endfacet
  facet normal 0 0 -1
    outer loop
      vertex 19.2244 22.018 0
      vertex 19.492 45.258 0
      vertex 19.492 22.182 0
    endloop
  endfacet
  facet normal 0 0 -1
    outer loop
      vertex 19.2244 22.018 0
      vertex 19.2244 45.422 0
      vertex 19.492 45.258 0
    endloop
  endfacet
  facet normal 0 0 -1
    outer loop
      vertex 18.9858 21.8142 0
      vertex 19.2244 45.422 0
      vertex 19.2244 22.018 0
    endloop
  endfacet
  facet normal 0 0 -1
    outer loop
      vertex 18.9858 21.8142 0
      vertex 18.9858 45.6258 0
      vertex 19.2244 45.422 0
    endloop
  endfacet
  facet normal 0 0 -1
    outer loop
      vertex 18.782 21.5756 0
      vertex 18.9858 45.6258 0
      vertex 18.9858 21.8142 0
    endloop
  endfacet
  facet normal 0 0 -1
    outer loop
      vertex 18.782 21.5756 0
      vertex 18.782 45.8644 0
      vertex 18.9858 45.6258 0
    endloop
  endfacet
  facet normal 0 0 -1
    outer loop
      vertex 18.618 21.308 0
      vertex 18.782 45.8644 0
      vertex 18.782 21.5756 0
    endloop
  endfacet
  facet normal 0 0 -1
    outer loop
      vertex 18.618 21.308 0
      vertex 18.618 46.132 0
      vertex 18.782 45.8644 0
    endloop
  endfacet
  facet normal 0 0 -1
    outer loop
      vertex 18.4979 21.018 0
      vertex 18.618 46.132 0
      vertex 18.618 21.308 0
    endloop
  endfacet
  facet normal 0 0 -1
    outer loop
      vertex 18.4979 21.018 0
      vertex 18.4979 46.422 0
      vertex 18.618 46.132 0
    endloop
  endfacet
  facet normal 0 0 -1
    outer loop
      vertex 0 0 0
      vertex 18.4979 21.018 0
      vertex 18.4246 20.7129 0
    endloop
  endfacet
  facet normal -0 0 -1
    outer loop
      vertex 18.4979 21.018 0
      vertex 0 0 0
      vertex 18.4979 46.422 0
    endloop
  endfacet
  facet normal 0 0 -1
    outer loop
      vertex 0 0 0
      vertex 18.4246 20.7129 0
      vertex 18.4 20.4 0
    endloop
  endfacet
  facet normal -0 0 -1
    outer loop
      vertex 18.4979 46.422 0
      vertex 0 0 0
      vertex 18.4246 46.7271 0
    endloop
  endfacet
  facet normal 0 0 -1
    outer loop
      vertex 68.4153 127.868 0
      vertex 111.085 127.868 0
      vertex 68.5354 127.578 0
    endloop
  endfacet
  facet normal 0 0 -1
    outer loop
      vertex 111.085 152.692 0
      vertex 68.6087 153.287 0
      vertex 68.6333 153.6 0
    endloop
  endfacet
  facet normal 0 0 -1
    outer loop
      vertex 111.085 127.868 0
      vertex 68.4153 127.868 0
      vertex 111.085 152.692 0
    endloop
  endfacet
  facet normal 0 0 -1
    outer loop
      vertex 111.085 152.692 0
      vertex 68.5354 152.982 0
      vertex 68.6087 153.287 0
    endloop
  endfacet
  facet normal 0 0 -1
    outer loop
      vertex 68.4153 152.692 0
      vertex 111.085 152.692 0
      vertex 68.4153 127.868 0
    endloop
  endfacet
  facet normal 0 0 -1
    outer loop
      vertex 111.085 152.692 0
      vertex 68.4153 152.692 0
      vertex 68.5354 152.982 0
    endloop
  endfacet
  facet normal 0 0 -1
    outer loop
      vertex 68.2514 128.136 0
      vertex 68.4153 152.692 0
      vertex 68.4153 127.868 0
    endloop
  endfacet
  facet normal 0 0 -1
    outer loop
      vertex 68.2514 128.136 0
      vertex 68.2514 152.424 0
      vertex 68.4153 152.692 0
    endloop
  endfacet
  facet normal 0 0 -1
    outer loop
      vertex 68.0475 128.374 0
      vertex 68.2514 152.424 0
      vertex 68.2514 128.136 0
    endloop
  endfacet
  facet normal 0 0 -1
    outer loop
      vertex 68.0475 128.374 0
      vertex 68.0475 152.186 0
      vertex 68.2514 152.424 0
    endloop
  endfacet
  facet normal 0 0 -1
    outer loop
      vertex 67.8089 128.578 0
      vertex 68.0475 152.186 0
      vertex 68.0475 128.374 0
    endloop
  endfacet
  facet normal 0 0 -1
    outer loop
      vertex 67.8089 128.578 0
      vertex 67.8089 151.982 0
      vertex 68.0475 152.186 0
    endloop
  endfacet
  facet normal 0 0 -1
    outer loop
      vertex 67.5413 128.742 0
      vertex 67.8089 151.982 0
      vertex 67.8089 128.578 0
    endloop
  endfacet
  facet normal 0 0 -1
    outer loop
      vertex 67.5413 128.742 0
      vertex 67.5413 151.818 0
      vertex 67.8089 151.982 0
    endloop
  endfacet
  facet normal 0 0 -1
    outer loop
      vertex 67.2514 128.862 0
      vertex 67.5413 151.818 0
      vertex 67.5413 128.742 0
    endloop
  endfacet
  facet normal 0 0 -1
    outer loop
      vertex 67.2514 128.862 0
      vertex 67.2514 151.698 0
      vertex 67.5413 151.818 0
    endloop
  endfacet
  facet normal 0 0 -1
    outer loop
      vertex 66.9462 128.935 0
      vertex 67.2514 151.698 0
      vertex 67.2514 128.862 0
    endloop
  endfacet
  facet normal 0 0 -1
    outer loop
      vertex 66.9462 128.935 0
      vertex 66.9462 151.625 0
      vertex 67.2514 151.698 0
    endloop
  endfacet
  facet normal 0 0 -1
    outer loop
      vertex 66.6333 128.96 0
      vertex 66.9462 151.625 0
      vertex 66.9462 128.935 0
    endloop
  endfacet
  facet normal 0 0 -1
    outer loop
      vertex 66.6333 128.96 0
      vertex 66.6333 151.6 0
      vertex 66.9462 151.625 0
    endloop
  endfacet
  facet normal 0 0 -1
    outer loop
      vertex 66.3205 128.935 0
      vertex 66.6333 151.6 0
      vertex 66.6333 128.96 0
    endloop
  endfacet
  facet normal 0 0 -1
    outer loop
      vertex 66.3205 128.935 0
      vertex 66.3205 151.625 0
      vertex 66.6333 151.6 0
    endloop
  endfacet
  facet normal 0 0 -1
    outer loop
      vertex 66.0153 128.862 0
      vertex 66.3205 151.625 0
      vertex 66.3205 128.935 0
    endloop
  endfacet
  facet normal 0 0 -1
    outer loop
      vertex 66.0153 128.862 0
      vertex 66.0153 151.698 0
      vertex 66.3205 151.625 0
    endloop
  endfacet
  facet normal 0 0 -1
    outer loop
      vertex 65.7253 128.742 0
      vertex 66.0153 151.698 0
      vertex 66.0153 128.862 0
    endloop
  endfacet
  facet normal 0 0 -1
    outer loop
      vertex 65.7253 128.742 0
      vertex 65.7253 151.818 0
      vertex 66.0153 151.698 0
    endloop
  endfacet
  facet normal 0 0 -1
    outer loop
      vertex 65.4578 128.578 0
      vertex 65.7253 151.818 0
      vertex 65.7253 128.742 0
    endloop
  endfacet
  facet normal 0 0 -1
    outer loop
      vertex 65.4578 128.578 0
      vertex 65.4578 151.982 0
      vertex 65.7253 151.818 0
    endloop
  endfacet
  facet normal 0 0 -1
    outer loop
      vertex 65.2191 128.374 0
      vertex 65.4578 151.982 0
      vertex 65.4578 128.578 0
    endloop
  endfacet
  facet normal 0 0 -1
    outer loop
      vertex 65.2191 128.374 0
      vertex 65.2191 152.186 0
      vertex 65.4578 151.982 0
    endloop
  endfacet
  facet normal 0 0 -1
    outer loop
      vertex 65.0153 128.136 0
      vertex 65.2191 152.186 0
      vertex 65.2191 128.374 0
    endloop
  endfacet
  facet normal 0 0 -1
    outer loop
      vertex 65.0153 128.136 0
      vertex 65.0153 152.424 0
      vertex 65.2191 152.186 0
    endloop
  endfacet
  facet normal 0 0 -1
    outer loop
      vertex 64.8513 127.868 0
      vertex 65.0153 152.424 0
      vertex 65.0153 128.136 0
    endloop
  endfacet
  facet normal 0 0 -1
    outer loop
      vertex 64.8513 127.868 0
      vertex 64.8513 152.692 0
      vertex 65.0153 152.424 0
    endloop
  endfacet
  facet normal 0 0 -1
    outer loop
      vertex 64.658 127.273 0
      vertex 22.3754 127.273 0
      vertex 64.7312 127.578 0
    endloop
  endfacet
  facet normal 0 0 -1
    outer loop
      vertex 22.3021 127.578 0
      vertex 64.7312 127.578 0
      vertex 22.3754 127.273 0
    endloop
  endfacet
  facet normal 0 0 -1
    outer loop
      vertex 22.3754 127.273 0
      vertex 64.658 127.273 0
      vertex 22.4 126.96 0
    endloop
  endfacet
  facet normal 0 0 -1
    outer loop
      vertex 64.7312 127.578 0
      vertex 22.3021 127.578 0
      vertex 64.8513 127.868 0
    endloop
  endfacet
  facet normal 0 0 -1
    outer loop
      vertex 22.4 126.96 0
      vertex 64.658 127.273 0
      vertex 64.6333 126.96 0
    endloop
  endfacet
  facet normal 0 0 -1
    outer loop
      vertex 64.8513 152.692 0
      vertex 22.4 153.6 0
      vertex 64.7312 152.982 0
    endloop
  endfacet
  facet normal 0 0 -1
    outer loop
      vertex 68.4153 101.228 0
      vertex 111.085 101.228 0
      vertex 68.5354 100.938 0
    endloop
  endfacet
  facet normal 0 0 -1
    outer loop
      vertex 111.085 126.052 0
      vertex 68.6087 126.647 0
      vertex 68.6333 126.96 0
    endloop
  endfacet
  facet normal 0 0 -1
    outer loop
      vertex 111.085 101.228 0
      vertex 68.4153 101.228 0
      vertex 111.085 126.052 0
    endloop
  endfacet
  facet normal 0 0 -1
    outer loop
      vertex 111.085 126.052 0
      vertex 68.5354 126.342 0
      vertex 68.6087 126.647 0
    endloop
  endfacet
  facet normal 0 0 -1
    outer loop
      vertex 68.4153 126.052 0
      vertex 111.085 126.052 0
      vertex 68.4153 101.228 0
    endloop
  endfacet
  facet normal 0 0 -1
    outer loop
      vertex 111.085 126.052 0
      vertex 68.4153 126.052 0
      vertex 68.5354 126.342 0
    endloop
  endfacet
  facet normal 0 0 -1
    outer loop
      vertex 68.2514 101.496 0
      vertex 68.4153 126.052 0
      vertex 68.4153 101.228 0
    endloop
  endfacet
  facet normal 0 0 -1
    outer loop
      vertex 68.2514 101.496 0
      vertex 68.2514 125.784 0
      vertex 68.4153 126.052 0
    endloop
  endfacet
  facet normal 0 0 -1
    outer loop
      vertex 68.0475 101.734 0
      vertex 68.2514 125.784 0
      vertex 68.2514 101.496 0
    endloop
  endfacet
  facet normal 0 0 -1
    outer loop
      vertex 68.0475 101.734 0
      vertex 68.0475 125.546 0
      vertex 68.2514 125.784 0
    endloop
  endfacet
  facet normal 0 0 -1
    outer loop
      vertex 67.8089 101.938 0
      vertex 68.0475 125.546 0
      vertex 68.0475 101.734 0
    endloop
  endfacet
  facet normal 0 0 -1
    outer loop
      vertex 67.8089 101.938 0
      vertex 67.8089 125.342 0
      vertex 68.0475 125.546 0
    endloop
  endfacet
  facet normal 0 0 -1
    outer loop
      vertex 67.5413 102.102 0
      vertex 67.8089 125.342 0
      vertex 67.8089 101.938 0
    endloop
  endfacet
  facet normal 0 0 -1
    outer loop
      vertex 67.5413 102.102 0
      vertex 67.5413 125.178 0
      vertex 67.8089 125.342 0
    endloop
  endfacet
  facet normal 0 0 -1
    outer loop
      vertex 67.2514 102.222 0
      vertex 67.5413 125.178 0
      vertex 67.5413 102.102 0
    endloop
  endfacet
  facet normal 0 0 -1
    outer loop
      vertex 67.2514 102.222 0
      vertex 67.2514 125.058 0
      vertex 67.5413 125.178 0
    endloop
  endfacet
  facet normal 0 0 -1
    outer loop
      vertex 66.9462 102.295 0
      vertex 67.2514 125.058 0
      vertex 67.2514 102.222 0
    endloop
  endfacet
  facet normal 0 0 -1
    outer loop
      vertex 66.9462 102.295 0
      vertex 66.9462 124.985 0
      vertex 67.2514 125.058 0
    endloop
  endfacet
  facet normal 0 0 -1
    outer loop
      vertex 66.6333 102.32 0
      vertex 66.9462 124.985 0
      vertex 66.9462 102.295 0
    endloop
  endfacet
  facet normal 0 0 -1
    outer loop
      vertex 66.6333 102.32 0
      vertex 66.6333 124.96 0
      vertex 66.9462 124.985 0
    endloop
  endfacet
  facet normal 0 0 -1
    outer loop
      vertex 66.3205 102.295 0
      vertex 66.6333 124.96 0
      vertex 66.6333 102.32 0
    endloop
  endfacet
  facet normal 0 0 -1
    outer loop
      vertex 66.3205 102.295 0
      vertex 66.3205 124.985 0
      vertex 66.6333 124.96 0
    endloop
  endfacet
  facet normal 0 0 -1
    outer loop
      vertex 66.0153 102.222 0
      vertex 66.3205 124.985 0
      vertex 66.3205 102.295 0
    endloop
  endfacet
  facet normal 0 0 -1
    outer loop
      vertex 66.0153 102.222 0
      vertex 66.0153 125.058 0
      vertex 66.3205 124.985 0
    endloop
  endfacet
  facet normal 0 0 -1
    outer loop
      vertex 65.7253 102.102 0
      vertex 66.0153 125.058 0
      vertex 66.0153 102.222 0
    endloop
  endfacet
  facet normal 0 0 -1
    outer loop
      vertex 65.7253 102.102 0
      vertex 65.7253 125.178 0
      vertex 66.0153 125.058 0
    endloop
  endfacet
  facet normal 0 0 -1
    outer loop
      vertex 65.4578 101.938 0
      vertex 65.7253 125.178 0
      vertex 65.7253 102.102 0
    endloop
  endfacet
  facet normal 0 0 -1
    outer loop
      vertex 65.4578 101.938 0
      vertex 65.4578 125.342 0
      vertex 65.7253 125.178 0
    endloop
  endfacet
  facet normal 0 0 -1
    outer loop
      vertex 65.2191 101.734 0
      vertex 65.4578 125.342 0
      vertex 65.4578 101.938 0
    endloop
  endfacet
  facet normal 0 0 -1
    outer loop
      vertex 65.2191 101.734 0
      vertex 65.2191 125.546 0
      vertex 65.4578 125.342 0
    endloop
  endfacet
  facet normal 0 0 -1
    outer loop
      vertex 65.0153 101.496 0
      vertex 65.2191 125.546 0
      vertex 65.2191 101.734 0
    endloop
  endfacet
  facet normal 0 0 -1
    outer loop
      vertex 65.0153 101.496 0
      vertex 65.0153 125.784 0
      vertex 65.2191 125.546 0
    endloop
  endfacet
  facet normal 0 0 -1
    outer loop
      vertex 64.8513 101.228 0
      vertex 65.0153 125.784 0
      vertex 65.0153 101.496 0
    endloop
  endfacet
  facet normal 0 0 -1
    outer loop
      vertex 64.8513 101.228 0
      vertex 64.8513 126.052 0
      vertex 65.0153 125.784 0
    endloop
  endfacet
  facet normal 0 0 -1
    outer loop
      vertex 64.658 100.633 0
      vertex 22.3754 100.633 0
      vertex 64.7312 100.938 0
    endloop
  endfacet
  facet normal 0 0 -1
    outer loop
      vertex 22.3021 100.938 0
      vertex 64.7312 100.938 0
      vertex 22.3754 100.633 0
    endloop
  endfacet
  facet normal 0 0 -1
    outer loop
      vertex 22.3754 100.633 0
      vertex 64.658 100.633 0
      vertex 22.4 100.32 0
    endloop
  endfacet
  facet normal 0 0 -1
    outer loop
      vertex 64.7312 100.938 0
      vertex 22.3021 100.938 0
      vertex 64.8513 101.228 0
    endloop
  endfacet
  facet normal 0 0 -1
    outer loop
      vertex 22.4 100.32 0
      vertex 64.658 100.633 0
      vertex 64.6333 100.32 0
    endloop
  endfacet
  facet normal 0 0 -1
    outer loop
      vertex 64.8513 126.052 0
      vertex 22.4 126.96 0
      vertex 64.7312 126.342 0
    endloop
  endfacet
  facet normal 0 0 -1
    outer loop
      vertex 68.4153 74.588 0
      vertex 111.085 74.588 0
      vertex 68.5354 74.298 0
    endloop
  endfacet
  facet normal 0 0 -1
    outer loop
      vertex 111.085 99.412 0
      vertex 68.6087 100.007 0
      vertex 68.6333 100.32 0
    endloop
  endfacet
  facet normal 0 0 -1
    outer loop
      vertex 111.085 74.588 0
      vertex 68.4153 74.588 0
      vertex 111.085 99.412 0
    endloop
  endfacet
  facet normal 0 0 -1
    outer loop
      vertex 111.085 99.412 0
      vertex 68.5354 99.702 0
      vertex 68.6087 100.007 0
    endloop
  endfacet
  facet normal 0 0 -1
    outer loop
      vertex 68.4153 99.412 0
      vertex 111.085 99.412 0
      vertex 68.4153 74.588 0
    endloop
  endfacet
  facet normal 0 0 -1
    outer loop
      vertex 111.085 99.412 0
      vertex 68.4153 99.412 0
      vertex 68.5354 99.702 0
    endloop
  endfacet
  facet normal 0 0 -1
    outer loop
      vertex 68.2514 74.8556 0
      vertex 68.4153 99.412 0
      vertex 68.4153 74.588 0
    endloop
  endfacet
  facet normal 0 0 -1
    outer loop
      vertex 68.2514 74.8556 0
      vertex 68.2514 99.1444 0
      vertex 68.4153 99.412 0
    endloop
  endfacet
  facet normal 0 0 -1
    outer loop
      vertex 68.0475 75.0942 0
      vertex 68.2514 99.1444 0
      vertex 68.2514 74.8556 0
    endloop
  endfacet
  facet normal 0 0 -1
    outer loop
      vertex 68.0475 75.0942 0
      vertex 68.0475 98.9058 0
      vertex 68.2514 99.1444 0
    endloop
  endfacet
  facet normal 0 0 -1
    outer loop
      vertex 67.8089 75.298 0
      vertex 68.0475 98.9058 0
      vertex 68.0475 75.0942 0
    endloop
  endfacet
  facet normal 0 0 -1
    outer loop
      vertex 67.8089 75.298 0
      vertex 67.8089 98.702 0
      vertex 68.0475 98.9058 0
    endloop
  endfacet
  facet normal 0 0 -1
    outer loop
      vertex 67.5413 75.462 0
      vertex 67.8089 98.702 0
      vertex 67.8089 75.298 0
    endloop
  endfacet
  facet normal 0 0 -1
    outer loop
      vertex 67.5413 75.462 0
      vertex 67.5413 98.538 0
      vertex 67.8089 98.702 0
    endloop
  endfacet
  facet normal 0 0 -1
    outer loop
      vertex 67.2514 75.5821 0
      vertex 67.5413 98.538 0
      vertex 67.5413 75.462 0
    endloop
  endfacet
  facet normal 0 0 -1
    outer loop
      vertex 67.2514 75.5821 0
      vertex 67.2514 98.4179 0
      vertex 67.5413 98.538 0
    endloop
  endfacet
  facet normal 0 0 -1
    outer loop
      vertex 66.9462 75.6554 0
      vertex 67.2514 98.4179 0
      vertex 67.2514 75.5821 0
    endloop
  endfacet
  facet normal 0 0 -1
    outer loop
      vertex 66.9462 75.6554 0
      vertex 66.9462 98.3446 0
      vertex 67.2514 98.4179 0
    endloop
  endfacet
  facet normal 0 0 -1
    outer loop
      vertex 66.6333 75.68 0
      vertex 66.9462 98.3446 0
      vertex 66.9462 75.6554 0
    endloop
  endfacet
  facet normal 0 0 -1
    outer loop
      vertex 66.6333 75.68 0
      vertex 66.6333 98.32 0
      vertex 66.9462 98.3446 0
    endloop
  endfacet
  facet normal 0 0 -1
    outer loop
      vertex 66.3205 75.6554 0
      vertex 66.6333 98.32 0
      vertex 66.6333 75.68 0
    endloop
  endfacet
  facet normal 0 0 -1
    outer loop
      vertex 66.3205 75.6554 0
      vertex 66.3205 98.3446 0
      vertex 66.6333 98.32 0
    endloop
  endfacet
  facet normal 0 0 -1
    outer loop
      vertex 66.0153 75.5821 0
      vertex 66.3205 98.3446 0
      vertex 66.3205 75.6554 0
    endloop
  endfacet
  facet normal 0 0 -1
    outer loop
      vertex 66.0153 75.5821 0
      vertex 66.0153 98.4179 0
      vertex 66.3205 98.3446 0
    endloop
  endfacet
  facet normal 0 0 -1
    outer loop
      vertex 65.7253 75.462 0
      vertex 66.0153 98.4179 0
      vertex 66.0153 75.5821 0
    endloop
  endfacet
  facet normal 0 0 -1
    outer loop
      vertex 65.7253 75.462 0
      vertex 65.7253 98.538 0
      vertex 66.0153 98.4179 0
    endloop
  endfacet
  facet normal 0 0 -1
    outer loop
      vertex 65.4578 75.298 0
      vertex 65.7253 98.538 0
      vertex 65.7253 75.462 0
    endloop
  endfacet
  facet normal 0 0 -1
    outer loop
      vertex 65.4578 75.298 0
      vertex 65.4578 98.702 0
      vertex 65.7253 98.538 0
    endloop
  endfacet
  facet normal 0 0 -1
    outer loop
      vertex 65.2191 75.0942 0
      vertex 65.4578 98.702 0
      vertex 65.4578 75.298 0
    endloop
  endfacet
  facet normal 0 0 -1
    outer loop
      vertex 65.2191 75.0942 0
      vertex 65.2191 98.9058 0
      vertex 65.4578 98.702 0
    endloop
  endfacet
  facet normal 0 0 -1
    outer loop
      vertex 65.0153 74.8556 0
      vertex 65.2191 98.9058 0
      vertex 65.2191 75.0942 0
    endloop
  endfacet
  facet normal 0 0 -1
    outer loop
      vertex 65.0153 74.8556 0
      vertex 65.0153 99.1444 0
      vertex 65.2191 98.9058 0
    endloop
  endfacet
  facet normal 0 0 -1
    outer loop
      vertex 64.8513 74.588 0
      vertex 65.0153 99.1444 0
      vertex 65.0153 74.8556 0
    endloop
  endfacet
  facet normal 0 0 -1
    outer loop
      vertex 64.8513 74.588 0
      vertex 64.8513 99.412 0
      vertex 65.0153 99.1444 0
    endloop
  endfacet
  facet normal 0 0 -1
    outer loop
      vertex 64.658 73.9929 0
      vertex 22.3754 73.9929 0
      vertex 64.7312 74.298 0
    endloop
  endfacet
  facet normal 0 0 -1
    outer loop
      vertex 22.3021 74.298 0
      vertex 64.7312 74.298 0
      vertex 22.3754 73.9929 0
    endloop
  endfacet
  facet normal 0 0 -1
    outer loop
      vertex 22.3754 73.9929 0
      vertex 64.658 73.9929 0
      vertex 22.4 73.68 0
    endloop
  endfacet
  facet normal 0 0 -1
    outer loop
      vertex 64.7312 74.298 0
      vertex 22.3021 74.298 0
      vertex 64.8513 74.588 0
    endloop
  endfacet
  facet normal 0 0 -1
    outer loop
      vertex 22.4 73.68 0
      vertex 64.658 73.9929 0
      vertex 64.6333 73.68 0
    endloop
  endfacet
  facet normal 0 0 -1
    outer loop
      vertex 64.8513 99.412 0
      vertex 22.4 100.32 0
      vertex 64.7312 99.702 0
    endloop
  endfacet
  facet normal 0 0 -1
    outer loop
      vertex 68.4153 47.948 0
      vertex 111.085 47.948 0
      vertex 68.5354 47.658 0
    endloop
  endfacet
  facet normal 0 0 -1
    outer loop
      vertex 111.085 72.772 0
      vertex 68.6087 73.3671 0
      vertex 68.6333 73.68 0
    endloop
  endfacet
  facet normal 0 0 -1
    outer loop
      vertex 111.085 47.948 0
      vertex 68.4153 47.948 0
      vertex 111.085 72.772 0
    endloop
  endfacet
  facet normal 0 0 -1
    outer loop
      vertex 111.085 72.772 0
      vertex 68.5354 73.062 0
      vertex 68.6087 73.3671 0
    endloop
  endfacet
  facet normal 0 0 -1
    outer loop
      vertex 68.4153 72.772 0
      vertex 111.085 72.772 0
      vertex 68.4153 47.948 0
    endloop
  endfacet
  facet normal 0 0 -1
    outer loop
      vertex 111.085 72.772 0
      vertex 68.4153 72.772 0
      vertex 68.5354 73.062 0
    endloop
  endfacet
  facet normal 0 0 -1
    outer loop
      vertex 68.2514 48.2156 0
      vertex 68.4153 72.772 0
      vertex 68.4153 47.948 0
    endloop
  endfacet
  facet normal 0 0 -1
    outer loop
      vertex 68.2514 48.2156 0
      vertex 68.2514 72.5044 0
      vertex 68.4153 72.772 0
    endloop
  endfacet
  facet normal 0 0 -1
    outer loop
      vertex 68.0475 48.4542 0
      vertex 68.2514 72.5044 0
      vertex 68.2514 48.2156 0
    endloop
  endfacet
  facet normal 0 0 -1
    outer loop
      vertex 68.0475 48.4542 0
      vertex 68.0475 72.2658 0
      vertex 68.2514 72.5044 0
    endloop
  endfacet
  facet normal 0 0 -1
    outer loop
      vertex 67.8089 48.658 0
      vertex 68.0475 72.2658 0
      vertex 68.0475 48.4542 0
    endloop
  endfacet
  facet normal 0 0 -1
    outer loop
      vertex 67.8089 48.658 0
      vertex 67.8089 72.062 0
      vertex 68.0475 72.2658 0
    endloop
  endfacet
  facet normal 0 0 -1
    outer loop
      vertex 67.5413 48.822 0
      vertex 67.8089 72.062 0
      vertex 67.8089 48.658 0
    endloop
  endfacet
  facet normal 0 0 -1
    outer loop
      vertex 67.5413 48.822 0
      vertex 67.5413 71.898 0
      vertex 67.8089 72.062 0
    endloop
  endfacet
  facet normal 0 0 -1
    outer loop
      vertex 67.2514 48.9421 0
      vertex 67.5413 71.898 0
      vertex 67.5413 48.822 0
    endloop
  endfacet
  facet normal 0 0 -1
    outer loop
      vertex 67.2514 48.9421 0
      vertex 67.2514 71.7779 0
      vertex 67.5413 71.898 0
    endloop
  endfacet
  facet normal 0 0 -1
    outer loop
      vertex 66.9462 49.0154 0
      vertex 67.2514 71.7779 0
      vertex 67.2514 48.9421 0
    endloop
  endfacet
  facet normal 0 0 -1
    outer loop
      vertex 66.9462 49.0154 0
      vertex 66.9462 71.7046 0
      vertex 67.2514 71.7779 0
    endloop
  endfacet
  facet normal 0 0 -1
    outer loop
      vertex 66.6333 49.04 0
      vertex 66.9462 71.7046 0
      vertex 66.9462 49.0154 0
    endloop
  endfacet
  facet normal 0 0 -1
    outer loop
      vertex 66.6333 49.04 0
      vertex 66.6333 71.68 0
      vertex 66.9462 71.7046 0
    endloop
  endfacet
  facet normal 0 0 -1
    outer loop
      vertex 66.3205 49.0154 0
      vertex 66.6333 71.68 0
      vertex 66.6333 49.04 0
    endloop
  endfacet
  facet normal 0 0 -1
    outer loop
      vertex 66.3205 49.0154 0
      vertex 66.3205 71.7046 0
      vertex 66.6333 71.68 0
    endloop
  endfacet
  facet normal 0 0 -1
    outer loop
      vertex 66.0153 48.9421 0
      vertex 66.3205 71.7046 0
      vertex 66.3205 49.0154 0
    endloop
  endfacet
  facet normal 0 0 -1
    outer loop
      vertex 66.0153 48.9421 0
      vertex 66.0153 71.7779 0
      vertex 66.3205 71.7046 0
    endloop
  endfacet
  facet normal 0 0 -1
    outer loop
      vertex 65.7253 48.822 0
      vertex 66.0153 71.7779 0
      vertex 66.0153 48.9421 0
    endloop
  endfacet
  facet normal 0 0 -1
    outer loop
      vertex 65.7253 48.822 0
      vertex 65.7253 71.898 0
      vertex 66.0153 71.7779 0
    endloop
  endfacet
  facet normal 0 0 -1
    outer loop
      vertex 65.4578 48.658 0
      vertex 65.7253 71.898 0
      vertex 65.7253 48.822 0
    endloop
  endfacet
  facet normal 0 0 -1
    outer loop
      vertex 65.4578 48.658 0
      vertex 65.4578 72.062 0
      vertex 65.7253 71.898 0
    endloop
  endfacet
  facet normal 0 0 -1
    outer loop
      vertex 65.2191 48.4542 0
      vertex 65.4578 72.062 0
      vertex 65.4578 48.658 0
    endloop
  endfacet
  facet normal 0 0 -1
    outer loop
      vertex 65.2191 48.4542 0
      vertex 65.2191 72.2658 0
      vertex 65.4578 72.062 0
    endloop
  endfacet
  facet normal 0 0 -1
    outer loop
      vertex 65.0153 48.2156 0
      vertex 65.2191 72.2658 0
      vertex 65.2191 48.4542 0
    endloop
  endfacet
  facet normal 0 0 -1
    outer loop
      vertex 65.0153 48.2156 0
      vertex 65.0153 72.5044 0
      vertex 65.2191 72.2658 0
    endloop
  endfacet
  facet normal 0 0 -1
    outer loop
      vertex 64.8513 47.948 0
      vertex 65.0153 72.5044 0
      vertex 65.0153 48.2156 0
    endloop
  endfacet
  facet normal 0 0 -1
    outer loop
      vertex 64.8513 47.948 0
      vertex 64.8513 72.772 0
      vertex 65.0153 72.5044 0
    endloop
  endfacet
  facet normal 0 0 -1
    outer loop
      vertex 64.658 47.3529 0
      vertex 22.3754 47.3529 0
      vertex 64.7312 47.658 0
    endloop
  endfacet
  facet normal 0 0 -1
    outer loop
      vertex 22.3021 47.658 0
      vertex 64.7312 47.658 0
      vertex 22.3754 47.3529 0
    endloop
  endfacet
  facet normal 0 0 -1
    outer loop
      vertex 22.3754 47.3529 0
      vertex 64.658 47.3529 0
      vertex 22.4 47.04 0
    endloop
  endfacet
  facet normal 0 0 -1
    outer loop
      vertex 64.7312 47.658 0
      vertex 22.3021 47.658 0
      vertex 64.8513 47.948 0
    endloop
  endfacet
  facet normal 0 0 -1
    outer loop
      vertex 22.4 47.04 0
      vertex 64.658 47.3529 0
      vertex 64.6333 47.04 0
    endloop
  endfacet
  facet normal 0 0 -1
    outer loop
      vertex 64.8513 72.772 0
      vertex 22.4 73.68 0
      vertex 64.7312 73.062 0
    endloop
  endfacet
  facet normal 0 0 -1
    outer loop
      vertex 110.965 21.018 0
      vertex 68.5354 21.018 0
      vertex 111.085 21.308 0
    endloop
  endfacet
  facet normal 0 0 -1
    outer loop
      vertex 111.085 21.308 0
      vertex 68.6087 46.7271 0
      vertex 68.6333 47.04 0
    endloop
  endfacet
  facet normal 0 0 -1
    outer loop
      vertex 68.4153 21.308 0
      vertex 111.085 21.308 0
      vertex 68.5354 21.018 0
    endloop
  endfacet
  facet normal 0 0 -1
    outer loop
      vertex 111.085 21.308 0
      vertex 68.5354 46.422 0
      vertex 68.6087 46.7271 0
    endloop
  endfacet
  facet normal 0 0 -1
    outer loop
      vertex 68.4153 46.132 0
      vertex 111.085 21.308 0
      vertex 68.4153 21.308 0
    endloop
  endfacet
  facet normal 0 0 -1
    outer loop
      vertex 111.085 21.308 0
      vertex 68.4153 46.132 0
      vertex 68.5354 46.422 0
    endloop
  endfacet
  facet normal 0 0 -1
    outer loop
      vertex 68.2514 21.5756 0
      vertex 68.4153 46.132 0
      vertex 68.4153 21.308 0
    endloop
  endfacet
  facet normal 0 0 -1
    outer loop
      vertex 68.2514 21.5756 0
      vertex 68.2514 45.8644 0
      vertex 68.4153 46.132 0
    endloop
  endfacet
  facet normal 0 0 -1
    outer loop
      vertex 68.0475 21.8142 0
      vertex 68.2514 45.8644 0
      vertex 68.2514 21.5756 0
    endloop
  endfacet
  facet normal 0 0 -1
    outer loop
      vertex 68.0475 21.8142 0
      vertex 68.0475 45.6258 0
      vertex 68.2514 45.8644 0
    endloop
  endfacet
  facet normal 0 0 -1
    outer loop
      vertex 67.8089 22.018 0
      vertex 68.0475 45.6258 0
      vertex 68.0475 21.8142 0
    endloop
  endfacet
  facet normal 0 0 -1
    outer loop
      vertex 67.8089 22.018 0
      vertex 67.8089 45.422 0
      vertex 68.0475 45.6258 0
    endloop
  endfacet
  facet normal 0 0 -1
    outer loop
      vertex 67.5413 22.182 0
      vertex 67.8089 45.422 0
      vertex 67.8089 22.018 0
    endloop
  endfacet
  facet normal 0 0 -1
    outer loop
      vertex 67.5413 22.182 0
      vertex 67.5413 45.258 0
      vertex 67.8089 45.422 0
    endloop
  endfacet
  facet normal 0 0 -1
    outer loop
      vertex 67.2514 22.3021 0
      vertex 67.5413 45.258 0
      vertex 67.5413 22.182 0
    endloop
  endfacet
  facet normal 0 0 -1
    outer loop
      vertex 67.2514 22.3021 0
      vertex 67.2514 45.1379 0
      vertex 67.5413 45.258 0
    endloop
  endfacet
  facet normal 0 0 -1
    outer loop
      vertex 66.9462 22.3754 0
      vertex 67.2514 45.1379 0
      vertex 67.2514 22.3021 0
    endloop
  endfacet
  facet normal 0 0 -1
    outer loop
      vertex 66.9462 22.3754 0
      vertex 66.9462 45.0646 0
      vertex 67.2514 45.1379 0
    endloop
  endfacet
  facet normal 0 0 -1
    outer loop
      vertex 66.6333 22.4 0
      vertex 66.9462 45.0646 0
      vertex 66.9462 22.3754 0
    endloop
  endfacet
  facet normal 0 0 -1
    outer loop
      vertex 66.6333 22.4 0
      vertex 66.6333 45.04 0
      vertex 66.9462 45.0646 0
    endloop
  endfacet
  facet normal 0 0 -1
    outer loop
      vertex 66.3205 22.3754 0
      vertex 66.6333 45.04 0
      vertex 66.6333 22.4 0
    endloop
  endfacet
  facet normal 0 0 -1
    outer loop
      vertex 66.3205 22.3754 0
      vertex 66.3205 45.0646 0
      vertex 66.6333 45.04 0
    endloop
  endfacet
  facet normal 0 0 -1
    outer loop
      vertex 66.0153 22.3021 0
      vertex 66.3205 45.0646 0
      vertex 66.3205 22.3754 0
    endloop
  endfacet
  facet normal 0 0 -1
    outer loop
      vertex 66.0153 22.3021 0
      vertex 66.0153 45.1379 0
      vertex 66.3205 45.0646 0
    endloop
  endfacet
  facet normal 0 0 -1
    outer loop
      vertex 65.7253 22.182 0
      vertex 66.0153 45.1379 0
      vertex 66.0153 22.3021 0
    endloop
  endfacet
  facet normal 0 0 -1
    outer loop
      vertex 65.7253 22.182 0
      vertex 65.7253 45.258 0
      vertex 66.0153 45.1379 0
    endloop
  endfacet
  facet normal 0 0 -1
    outer loop
      vertex 65.4578 22.018 0
      vertex 65.7253 45.258 0
      vertex 65.7253 22.182 0
    endloop
  endfacet
  facet normal 0 0 -1
    outer loop
      vertex 65.4578 22.018 0
      vertex 65.4578 45.422 0
      vertex 65.7253 45.258 0
    endloop
  endfacet
  facet normal 0 0 -1
    outer loop
      vertex 65.2191 21.8142 0
      vertex 65.4578 45.422 0
      vertex 65.4578 22.018 0
    endloop
  endfacet
  facet normal 0 0 -1
    outer loop
      vertex 65.2191 21.8142 0
      vertex 65.2191 45.6258 0
      vertex 65.4578 45.422 0
    endloop
  endfacet
  facet normal 0 0 -1
    outer loop
      vertex 65.0153 21.5756 0
      vertex 65.2191 45.6258 0
      vertex 65.2191 21.8142 0
    endloop
  endfacet
  facet normal 0 0 -1
    outer loop
      vertex 65.0153 21.5756 0
      vertex 65.0153 45.8644 0
      vertex 65.2191 45.6258 0
    endloop
  endfacet
  facet normal 0 0 -1
    outer loop
      vertex 64.8513 21.308 0
      vertex 65.0153 45.8644 0
      vertex 65.0153 21.5756 0
    endloop
  endfacet
  facet normal 0 0 -1
    outer loop
      vertex 64.8513 21.308 0
      vertex 64.8513 46.132 0
      vertex 65.0153 45.8644 0
    endloop
  endfacet
  facet normal 0 0 -1
    outer loop
      vertex 64.658 20.7129 0
      vertex 22.3754 20.7129 0
      vertex 64.7312 21.018 0
    endloop
  endfacet
  facet normal 0 0 -1
    outer loop
      vertex 64.8513 21.308 0
      vertex 22.4 47.04 0
      vertex 64.8513 46.132 0
    endloop
  endfacet
  facet normal 0 0 -1
    outer loop
      vertex 22.3754 20.7129 0
      vertex 64.658 20.7129 0
      vertex 22.4 20.4 0
    endloop
  endfacet
  facet normal 0 0 -1
    outer loop
      vertex 64.8513 46.132 0
      vertex 22.4 47.04 0
      vertex 64.7312 46.422 0
    endloop
  endfacet
  facet normal 0 0 -1
    outer loop
      vertex 22.4 20.4 0
      vertex 64.658 20.7129 0
      vertex 64.6333 20.4 0
    endloop
  endfacet
  facet normal 0 0 -1
    outer loop
      vertex 64.7312 46.422 0
      vertex 22.4 47.04 0
      vertex 64.658 46.7271 0
    endloop
  endfacet
  facet normal 0 0 -1
    outer loop
      vertex 114.649 127.868 0
      vertex 157.318 127.868 0
      vertex 114.769 127.578 0
    endloop
  endfacet
  facet normal 0 0 -1
    outer loop
      vertex 157.318 152.692 0
      vertex 114.842 153.287 0
      vertex 114.867 153.6 0
    endloop
  endfacet
  facet normal 0 0 -1
    outer loop
      vertex 157.318 127.868 0
      vertex 114.649 127.868 0
      vertex 157.318 152.692 0
    endloop
  endfacet
  facet normal 0 0 -1
    outer loop
      vertex 157.318 152.692 0
      vertex 114.769 152.982 0
      vertex 114.842 153.287 0
    endloop
  endfacet
  facet normal 0 0 -1
    outer loop
      vertex 114.649 152.692 0
      vertex 157.318 152.692 0
      vertex 114.649 127.868 0
    endloop
  endfacet
  facet normal 0 0 -1
    outer loop
      vertex 157.318 152.692 0
      vertex 114.649 152.692 0
      vertex 114.769 152.982 0
    endloop
  endfacet
  facet normal 0 0 -1
    outer loop
      vertex 114.485 128.136 0
      vertex 114.649 152.692 0
      vertex 114.649 127.868 0
    endloop
  endfacet
  facet normal 0 0 -1
    outer loop
      vertex 114.485 128.136 0
      vertex 114.485 152.424 0
      vertex 114.649 152.692 0
    endloop
  endfacet
  facet normal 0 0 -1
    outer loop
      vertex 114.281 128.374 0
      vertex 114.485 152.424 0
      vertex 114.485 128.136 0
    endloop
  endfacet
  facet normal 0 0 -1
    outer loop
      vertex 114.281 128.374 0
      vertex 114.281 152.186 0
      vertex 114.485 152.424 0
    endloop
  endfacet
  facet normal 0 0 -1
    outer loop
      vertex 114.042 128.578 0
      vertex 114.281 152.186 0
      vertex 114.281 128.374 0
    endloop
  endfacet
  facet normal 0 0 -1
    outer loop
      vertex 114.042 128.578 0
      vertex 114.042 151.982 0
      vertex 114.281 152.186 0
    endloop
  endfacet
  facet normal 0 0 -1
    outer loop
      vertex 113.775 128.742 0
      vertex 114.042 151.982 0
      vertex 114.042 128.578 0
    endloop
  endfacet
  facet normal 0 0 -1
    outer loop
      vertex 113.775 128.742 0
      vertex 113.775 151.818 0
      vertex 114.042 151.982 0
    endloop
  endfacet
  facet normal 0 0 -1
    outer loop
      vertex 113.485 128.862 0
      vertex 113.775 151.818 0
      vertex 113.775 128.742 0
    endloop
  endfacet
  facet normal 0 0 -1
    outer loop
      vertex 113.485 128.862 0
      vertex 113.485 151.698 0
      vertex 113.775 151.818 0
    endloop
  endfacet
  facet normal 0 0 -1
    outer loop
      vertex 113.18 128.935 0
      vertex 113.485 151.698 0
      vertex 113.485 128.862 0
    endloop
  endfacet
  facet normal 0 0 -1
    outer loop
      vertex 113.18 128.935 0
      vertex 113.18 151.625 0
      vertex 113.485 151.698 0
    endloop
  endfacet
  facet normal 0 0 -1
    outer loop
      vertex 112.867 128.96 0
      vertex 113.18 151.625 0
      vertex 113.18 128.935 0
    endloop
  endfacet
  facet normal 0 0 -1
    outer loop
      vertex 112.867 128.96 0
      vertex 112.867 151.6 0
      vertex 113.18 151.625 0
    endloop
  endfacet
  facet normal 0 0 -1
    outer loop
      vertex 112.554 128.935 0
      vertex 112.867 151.6 0
      vertex 112.867 128.96 0
    endloop
  endfacet
  facet normal 0 0 -1
    outer loop
      vertex 112.554 128.935 0
      vertex 112.554 151.625 0
      vertex 112.867 151.6 0
    endloop
  endfacet
  facet normal 0 0 -1
    outer loop
      vertex 112.249 128.862 0
      vertex 112.554 151.625 0
      vertex 112.554 128.935 0
    endloop
  endfacet
  facet normal 0 0 -1
    outer loop
      vertex 112.249 128.862 0
      vertex 112.249 151.698 0
      vertex 112.554 151.625 0
    endloop
  endfacet
  facet normal 0 0 -1
    outer loop
      vertex 111.959 128.742 0
      vertex 112.249 151.698 0
      vertex 112.249 128.862 0
    endloop
  endfacet
  facet normal 0 0 -1
    outer loop
      vertex 111.959 128.742 0
      vertex 111.959 151.818 0
      vertex 112.249 151.698 0
    endloop
  endfacet
  facet normal 0 0 -1
    outer loop
      vertex 111.691 128.578 0
      vertex 111.959 151.818 0
      vertex 111.959 128.742 0
    endloop
  endfacet
  facet normal 0 0 -1
    outer loop
      vertex 111.691 128.578 0
      vertex 111.691 151.982 0
      vertex 111.959 151.818 0
    endloop
  endfacet
  facet normal 0 0 -1
    outer loop
      vertex 111.452 128.374 0
      vertex 111.691 151.982 0
      vertex 111.691 128.578 0
    endloop
  endfacet
  facet normal 0 0 -1
    outer loop
      vertex 111.452 128.374 0
      vertex 111.452 152.186 0
      vertex 111.691 151.982 0
    endloop
  endfacet
  facet normal 0 0 -1
    outer loop
      vertex 111.249 128.136 0
      vertex 111.452 152.186 0
      vertex 111.452 128.374 0
    endloop
  endfacet
  facet normal 0 0 -1
    outer loop
      vertex 111.249 128.136 0
      vertex 111.249 152.424 0
      vertex 111.452 152.186 0
    endloop
  endfacet
  facet normal 0 0 -1
    outer loop
      vertex 111.085 127.868 0
      vertex 111.249 152.424 0
      vertex 111.249 128.136 0
    endloop
  endfacet
  facet normal 0 0 -1
    outer loop
      vertex 111.085 127.868 0
      vertex 111.085 152.692 0
      vertex 111.249 152.424 0
    endloop
  endfacet
  facet normal 0 0 -1
    outer loop
      vertex 110.891 127.273 0
      vertex 68.6087 127.273 0
      vertex 110.965 127.578 0
    endloop
  endfacet
  facet normal 0 0 -1
    outer loop
      vertex 68.5354 127.578 0
      vertex 110.965 127.578 0
      vertex 68.6087 127.273 0
    endloop
  endfacet
  facet normal 0 0 -1
    outer loop
      vertex 68.6087 127.273 0
      vertex 110.891 127.273 0
      vertex 68.6333 126.96 0
    endloop
  endfacet
  facet normal 0 0 -1
    outer loop
      vertex 110.965 127.578 0
      vertex 68.5354 127.578 0
      vertex 111.085 127.868 0
    endloop
  endfacet
  facet normal 0 0 -1
    outer loop
      vertex 68.6333 126.96 0
      vertex 110.891 127.273 0
      vertex 110.867 126.96 0
    endloop
  endfacet
  facet normal 0 0 -1
    outer loop
      vertex 111.085 152.692 0
      vertex 68.6333 153.6 0
      vertex 110.965 152.982 0
    endloop
  endfacet
  facet normal 0 0 -1
    outer loop
      vertex 114.649 101.228 0
      vertex 157.318 101.228 0
      vertex 114.769 100.938 0
    endloop
  endfacet
  facet normal 0 0 -1
    outer loop
      vertex 157.318 126.052 0
      vertex 114.842 126.647 0
      vertex 114.867 126.96 0
    endloop
  endfacet
  facet normal 0 0 -1
    outer loop
      vertex 157.318 101.228 0
      vertex 114.649 101.228 0
      vertex 157.318 126.052 0
    endloop
  endfacet
  facet normal 0 0 -1
    outer loop
      vertex 157.318 126.052 0
      vertex 114.769 126.342 0
      vertex 114.842 126.647 0
    endloop
  endfacet
  facet normal 0 0 -1
    outer loop
      vertex 114.649 126.052 0
      vertex 157.318 126.052 0
      vertex 114.649 101.228 0
    endloop
  endfacet
  facet normal 0 0 -1
    outer loop
      vertex 157.318 126.052 0
      vertex 114.649 126.052 0
      vertex 114.769 126.342 0
    endloop
  endfacet
  facet normal 0 0 -1
    outer loop
      vertex 114.485 101.496 0
      vertex 114.649 126.052 0
      vertex 114.649 101.228 0
    endloop
  endfacet
  facet normal 0 0 -1
    outer loop
      vertex 114.485 101.496 0
      vertex 114.485 125.784 0
      vertex 114.649 126.052 0
    endloop
  endfacet
  facet normal 0 0 -1
    outer loop
      vertex 114.281 101.734 0
      vertex 114.485 125.784 0
      vertex 114.485 101.496 0
    endloop
  endfacet
  facet normal 0 0 -1
    outer loop
      vertex 114.281 101.734 0
      vertex 114.281 125.546 0
      vertex 114.485 125.784 0
    endloop
  endfacet
  facet normal 0 0 -1
    outer loop
      vertex 114.042 101.938 0
      vertex 114.281 125.546 0
      vertex 114.281 101.734 0
    endloop
  endfacet
  facet normal 0 0 -1
    outer loop
      vertex 114.042 101.938 0
      vertex 114.042 125.342 0
      vertex 114.281 125.546 0
    endloop
  endfacet
  facet normal 0 0 -1
    outer loop
      vertex 113.775 102.102 0
      vertex 114.042 125.342 0
      vertex 114.042 101.938 0
    endloop
  endfacet
  facet normal 0 0 -1
    outer loop
      vertex 113.775 102.102 0
      vertex 113.775 125.178 0
      vertex 114.042 125.342 0
    endloop
  endfacet
  facet normal 0 0 -1
    outer loop
      vertex 113.485 102.222 0
      vertex 113.775 125.178 0
      vertex 113.775 102.102 0
    endloop
  endfacet
  facet normal 0 0 -1
    outer loop
      vertex 113.485 102.222 0
      vertex 113.485 125.058 0
      vertex 113.775 125.178 0
    endloop
  endfacet
  facet normal 0 0 -1
    outer loop
      vertex 113.18 102.295 0
      vertex 113.485 125.058 0
      vertex 113.485 102.222 0
    endloop
  endfacet
  facet normal 0 0 -1
    outer loop
      vertex 113.18 102.295 0
      vertex 113.18 124.985 0
      vertex 113.485 125.058 0
    endloop
  endfacet
  facet normal 0 0 -1
    outer loop
      vertex 112.867 102.32 0
      vertex 113.18 124.985 0
      vertex 113.18 102.295 0
    endloop
  endfacet
  facet normal 0 0 -1
    outer loop
      vertex 112.867 102.32 0
      vertex 112.867 124.96 0
      vertex 113.18 124.985 0
    endloop
  endfacet
  facet normal 0 0 -1
    outer loop
      vertex 112.554 102.295 0
      vertex 112.867 124.96 0
      vertex 112.867 102.32 0
    endloop
  endfacet
  facet normal 0 0 -1
    outer loop
      vertex 112.554 102.295 0
      vertex 112.554 124.985 0
      vertex 112.867 124.96 0
    endloop
  endfacet
  facet normal 0 0 -1
    outer loop
      vertex 112.249 102.222 0
      vertex 112.554 124.985 0
      vertex 112.554 102.295 0
    endloop
  endfacet
  facet normal 0 0 -1
    outer loop
      vertex 112.249 102.222 0
      vertex 112.249 125.058 0
      vertex 112.554 124.985 0
    endloop
  endfacet
  facet normal 0 0 -1
    outer loop
      vertex 111.959 102.102 0
      vertex 112.249 125.058 0
      vertex 112.249 102.222 0
    endloop
  endfacet
  facet normal 0 0 -1
    outer loop
      vertex 111.959 102.102 0
      vertex 111.959 125.178 0
      vertex 112.249 125.058 0
    endloop
  endfacet
  facet normal 0 0 -1
    outer loop
      vertex 111.691 101.938 0
      vertex 111.959 125.178 0
      vertex 111.959 102.102 0
    endloop
  endfacet
  facet normal 0 0 -1
    outer loop
      vertex 111.691 101.938 0
      vertex 111.691 125.342 0
      vertex 111.959 125.178 0
    endloop
  endfacet
  facet normal 0 0 -1
    outer loop
      vertex 111.452 101.734 0
      vertex 111.691 125.342 0
      vertex 111.691 101.938 0
    endloop
  endfacet
  facet normal 0 0 -1
    outer loop
      vertex 111.452 101.734 0
      vertex 111.452 125.546 0
      vertex 111.691 125.342 0
    endloop
  endfacet
  facet normal 0 0 -1
    outer loop
      vertex 111.249 101.496 0
      vertex 111.452 125.546 0
      vertex 111.452 101.734 0
    endloop
  endfacet
  facet normal 0 0 -1
    outer loop
      vertex 111.249 101.496 0
      vertex 111.249 125.784 0
      vertex 111.452 125.546 0
    endloop
  endfacet
  facet normal 0 0 -1
    outer loop
      vertex 111.085 101.228 0
      vertex 111.249 125.784 0
      vertex 111.249 101.496 0
    endloop
  endfacet
  facet normal 0 0 -1
    outer loop
      vertex 111.085 101.228 0
      vertex 111.085 126.052 0
      vertex 111.249 125.784 0
    endloop
  endfacet
  facet normal 0 0 -1
    outer loop
      vertex 110.891 100.633 0
      vertex 68.6087 100.633 0
      vertex 110.965 100.938 0
    endloop
  endfacet
  facet normal 0 0 -1
    outer loop
      vertex 68.5354 100.938 0
      vertex 110.965 100.938 0
      vertex 68.6087 100.633 0
    endloop
  endfacet
  facet normal 0 0 -1
    outer loop
      vertex 68.6087 100.633 0
      vertex 110.891 100.633 0
      vertex 68.6333 100.32 0
    endloop
  endfacet
  facet normal 0 0 -1
    outer loop
      vertex 110.965 100.938 0
      vertex 68.5354 100.938 0
      vertex 111.085 101.228 0
    endloop
  endfacet
  facet normal 0 0 -1
    outer loop
      vertex 68.6333 100.32 0
      vertex 110.891 100.633 0
      vertex 110.867 100.32 0
    endloop
  endfacet
  facet normal 0 0 -1
    outer loop
      vertex 111.085 126.052 0
      vertex 68.6333 126.96 0
      vertex 110.965 126.342 0
    endloop
  endfacet
  facet normal 0 0 -1
    outer loop
      vertex 114.649 74.588 0
      vertex 157.318 74.588 0
      vertex 114.769 74.298 0
    endloop
  endfacet
  facet normal 0 0 -1
    outer loop
      vertex 157.318 99.412 0
      vertex 114.842 100.007 0
      vertex 114.867 100.32 0
    endloop
  endfacet
  facet normal 0 0 -1
    outer loop
      vertex 157.318 74.588 0
      vertex 114.649 74.588 0
      vertex 157.318 99.412 0
    endloop
  endfacet
  facet normal 0 0 -1
    outer loop
      vertex 157.318 99.412 0
      vertex 114.769 99.702 0
      vertex 114.842 100.007 0
    endloop
  endfacet
  facet normal 0 0 -1
    outer loop
      vertex 114.649 99.412 0
      vertex 157.318 99.412 0
      vertex 114.649 74.588 0
    endloop
  endfacet
  facet normal 0 0 -1
    outer loop
      vertex 157.318 99.412 0
      vertex 114.649 99.412 0
      vertex 114.769 99.702 0
    endloop
  endfacet
  facet normal 0 0 -1
    outer loop
      vertex 114.485 74.8556 0
      vertex 114.649 99.412 0
      vertex 114.649 74.588 0
    endloop
  endfacet
  facet normal 0 0 -1
    outer loop
      vertex 114.485 74.8556 0
      vertex 114.485 99.1444 0
      vertex 114.649 99.412 0
    endloop
  endfacet
  facet normal 0 0 -1
    outer loop
      vertex 114.281 75.0942 0
      vertex 114.485 99.1444 0
      vertex 114.485 74.8556 0
    endloop
  endfacet
  facet normal 0 0 -1
    outer loop
      vertex 114.281 75.0942 0
      vertex 114.281 98.9058 0
      vertex 114.485 99.1444 0
    endloop
  endfacet
  facet normal 0 0 -1
    outer loop
      vertex 114.042 75.298 0
      vertex 114.281 98.9058 0
      vertex 114.281 75.0942 0
    endloop
  endfacet
  facet normal 0 0 -1
    outer loop
      vertex 114.042 75.298 0
      vertex 114.042 98.702 0
      vertex 114.281 98.9058 0
    endloop
  endfacet
  facet normal 0 0 -1
    outer loop
      vertex 113.775 75.462 0
      vertex 114.042 98.702 0
      vertex 114.042 75.298 0
    endloop
  endfacet
  facet normal 0 0 -1
    outer loop
      vertex 113.775 75.462 0
      vertex 113.775 98.538 0
      vertex 114.042 98.702 0
    endloop
  endfacet
  facet normal 0 0 -1
    outer loop
      vertex 113.485 75.5821 0
      vertex 113.775 98.538 0
      vertex 113.775 75.462 0
    endloop
  endfacet
  facet normal 0 0 -1
    outer loop
      vertex 113.485 75.5821 0
      vertex 113.485 98.4179 0
      vertex 113.775 98.538 0
    endloop
  endfacet
  facet normal 0 0 -1
    outer loop
      vertex 113.18 75.6554 0
      vertex 113.485 98.4179 0
      vertex 113.485 75.5821 0
    endloop
  endfacet
  facet normal 0 0 -1
    outer loop
      vertex 113.18 75.6554 0
      vertex 113.18 98.3446 0
      vertex 113.485 98.4179 0
    endloop
  endfacet
  facet normal 0 0 -1
    outer loop
      vertex 112.867 75.68 0
      vertex 113.18 98.3446 0
      vertex 113.18 75.6554 0
    endloop
  endfacet
  facet normal 0 0 -1
    outer loop
      vertex 112.867 75.68 0
      vertex 112.867 98.32 0
      vertex 113.18 98.3446 0
    endloop
  endfacet
  facet normal 0 0 -1
    outer loop
      vertex 112.554 75.6554 0
      vertex 112.867 98.32 0
      vertex 112.867 75.68 0
    endloop
  endfacet
  facet normal 0 0 -1
    outer loop
      vertex 112.554 75.6554 0
      vertex 112.554 98.3446 0
      vertex 112.867 98.32 0
    endloop
  endfacet
  facet normal 0 0 -1
    outer loop
      vertex 112.249 75.5821 0
      vertex 112.554 98.3446 0
      vertex 112.554 75.6554 0
    endloop
  endfacet
  facet normal 0 0 -1
    outer loop
      vertex 112.249 75.5821 0
      vertex 112.249 98.4179 0
      vertex 112.554 98.3446 0
    endloop
  endfacet
  facet normal 0 0 -1
    outer loop
      vertex 111.959 75.462 0
      vertex 112.249 98.4179 0
      vertex 112.249 75.5821 0
    endloop
  endfacet
  facet normal 0 0 -1
    outer loop
      vertex 111.959 75.462 0
      vertex 111.959 98.538 0
      vertex 112.249 98.4179 0
    endloop
  endfacet
  facet normal 0 0 -1
    outer loop
      vertex 111.691 75.298 0
      vertex 111.959 98.538 0
      vertex 111.959 75.462 0
    endloop
  endfacet
  facet normal 0 0 -1
    outer loop
      vertex 111.691 75.298 0
      vertex 111.691 98.702 0
      vertex 111.959 98.538 0
    endloop
  endfacet
  facet normal 0 0 -1
    outer loop
      vertex 111.452 75.0942 0
      vertex 111.691 98.702 0
      vertex 111.691 75.298 0
    endloop
  endfacet
  facet normal 0 0 -1
    outer loop
      vertex 111.452 75.0942 0
      vertex 111.452 98.9058 0
      vertex 111.691 98.702 0
    endloop
  endfacet
  facet normal 0 0 -1
    outer loop
      vertex 111.249 74.8556 0
      vertex 111.452 98.9058 0
      vertex 111.452 75.0942 0
    endloop
  endfacet
  facet normal 0 0 -1
    outer loop
      vertex 111.249 74.8556 0
      vertex 111.249 99.1444 0
      vertex 111.452 98.9058 0
    endloop
  endfacet
  facet normal 0 0 -1
    outer loop
      vertex 111.085 74.588 0
      vertex 111.249 99.1444 0
      vertex 111.249 74.8556 0
    endloop
  endfacet
  facet normal 0 0 -1
    outer loop
      vertex 111.085 74.588 0
      vertex 111.085 99.412 0
      vertex 111.249 99.1444 0
    endloop
  endfacet
  facet normal 0 0 -1
    outer loop
      vertex 110.891 73.9929 0
      vertex 68.6087 73.9929 0
      vertex 110.965 74.298 0
    endloop
  endfacet
  facet normal 0 0 -1
    outer loop
      vertex 68.5354 74.298 0
      vertex 110.965 74.298 0
      vertex 68.6087 73.9929 0
    endloop
  endfacet
  facet normal 0 0 -1
    outer loop
      vertex 68.6087 73.9929 0
      vertex 110.891 73.9929 0
      vertex 68.6333 73.68 0
    endloop
  endfacet
  facet normal 0 0 -1
    outer loop
      vertex 110.965 74.298 0
      vertex 68.5354 74.298 0
      vertex 111.085 74.588 0
    endloop
  endfacet
  facet normal 0 0 -1
    outer loop
      vertex 68.6333 73.68 0
      vertex 110.891 73.9929 0
      vertex 110.867 73.68 0
    endloop
  endfacet
  facet normal 0 0 -1
    outer loop
      vertex 111.085 99.412 0
      vertex 68.6333 100.32 0
      vertex 110.965 99.702 0
    endloop
  endfacet
  facet normal 0 0 -1
    outer loop
      vertex 114.649 47.948 0
      vertex 157.318 47.948 0
      vertex 114.769 47.658 0
    endloop
  endfacet
  facet normal 0 0 -1
    outer loop
      vertex 157.318 72.772 0
      vertex 114.842 73.3671 0
      vertex 114.867 73.68 0
    endloop
  endfacet
  facet normal 0 0 -1
    outer loop
      vertex 157.318 47.948 0
      vertex 114.649 47.948 0
      vertex 157.318 72.772 0
    endloop
  endfacet
  facet normal 0 0 -1
    outer loop
      vertex 157.318 72.772 0
      vertex 114.769 73.062 0
      vertex 114.842 73.3671 0
    endloop
  endfacet
  facet normal 0 0 -1
    outer loop
      vertex 114.649 72.772 0
      vertex 157.318 72.772 0
      vertex 114.649 47.948 0
    endloop
  endfacet
  facet normal 0 0 -1
    outer loop
      vertex 157.318 72.772 0
      vertex 114.649 72.772 0
      vertex 114.769 73.062 0
    endloop
  endfacet
  facet normal 0 0 -1
    outer loop
      vertex 114.485 48.2156 0
      vertex 114.649 72.772 0
      vertex 114.649 47.948 0
    endloop
  endfacet
  facet normal 0 0 -1
    outer loop
      vertex 114.485 48.2156 0
      vertex 114.485 72.5044 0
      vertex 114.649 72.772 0
    endloop
  endfacet
  facet normal 0 0 -1
    outer loop
      vertex 114.281 48.4542 0
      vertex 114.485 72.5044 0
      vertex 114.485 48.2156 0
    endloop
  endfacet
  facet normal 0 0 -1
    outer loop
      vertex 114.281 48.4542 0
      vertex 114.281 72.2658 0
      vertex 114.485 72.5044 0
    endloop
  endfacet
  facet normal 0 0 -1
    outer loop
      vertex 114.042 48.658 0
      vertex 114.281 72.2658 0
      vertex 114.281 48.4542 0
    endloop
  endfacet
  facet normal 0 0 -1
    outer loop
      vertex 114.042 48.658 0
      vertex 114.042 72.062 0
      vertex 114.281 72.2658 0
    endloop
  endfacet
  facet normal 0 0 -1
    outer loop
      vertex 113.775 48.822 0
      vertex 114.042 72.062 0
      vertex 114.042 48.658 0
    endloop
  endfacet
  facet normal 0 0 -1
    outer loop
      vertex 113.775 48.822 0
      vertex 113.775 71.898 0
      vertex 114.042 72.062 0
    endloop
  endfacet
  facet normal 0 0 -1
    outer loop
      vertex 113.485 48.9421 0
      vertex 113.775 71.898 0
      vertex 113.775 48.822 0
    endloop
  endfacet
  facet normal 0 0 -1
    outer loop
      vertex 113.485 48.9421 0
      vertex 113.485 71.7779 0
      vertex 113.775 71.898 0
    endloop
  endfacet
  facet normal 0 0 -1
    outer loop
      vertex 113.18 49.0154 0
      vertex 113.485 71.7779 0
      vertex 113.485 48.9421 0
    endloop
  endfacet
  facet normal 0 0 -1
    outer loop
      vertex 113.18 49.0154 0
      vertex 113.18 71.7046 0
      vertex 113.485 71.7779 0
    endloop
  endfacet
  facet normal 0 0 -1
    outer loop
      vertex 112.867 49.04 0
      vertex 113.18 71.7046 0
      vertex 113.18 49.0154 0
    endloop
  endfacet
  facet normal 0 0 -1
    outer loop
      vertex 112.867 49.04 0
      vertex 112.867 71.68 0
      vertex 113.18 71.7046 0
    endloop
  endfacet
  facet normal 0 0 -1
    outer loop
      vertex 112.554 49.0154 0
      vertex 112.867 71.68 0
      vertex 112.867 49.04 0
    endloop
  endfacet
  facet normal 0 0 -1
    outer loop
      vertex 112.554 49.0154 0
      vertex 112.554 71.7046 0
      vertex 112.867 71.68 0
    endloop
  endfacet
  facet normal 0 0 -1
    outer loop
      vertex 112.249 48.9421 0
      vertex 112.554 71.7046 0
      vertex 112.554 49.0154 0
    endloop
  endfacet
  facet normal 0 0 -1
    outer loop
      vertex 112.249 48.9421 0
      vertex 112.249 71.7779 0
      vertex 112.554 71.7046 0
    endloop
  endfacet
  facet normal 0 0 -1
    outer loop
      vertex 111.959 48.822 0
      vertex 112.249 71.7779 0
      vertex 112.249 48.9421 0
    endloop
  endfacet
  facet normal 0 0 -1
    outer loop
      vertex 111.959 48.822 0
      vertex 111.959 71.898 0
      vertex 112.249 71.7779 0
    endloop
  endfacet
  facet normal 0 0 -1
    outer loop
      vertex 111.691 48.658 0
      vertex 111.959 71.898 0
      vertex 111.959 48.822 0
    endloop
  endfacet
  facet normal 0 0 -1
    outer loop
      vertex 111.691 48.658 0
      vertex 111.691 72.062 0
      vertex 111.959 71.898 0
    endloop
  endfacet
  facet normal 0 0 -1
    outer loop
      vertex 111.452 48.4542 0
      vertex 111.691 72.062 0
      vertex 111.691 48.658 0
    endloop
  endfacet
  facet normal 0 0 -1
    outer loop
      vertex 111.452 48.4542 0
      vertex 111.452 72.2658 0
      vertex 111.691 72.062 0
    endloop
  endfacet
  facet normal 0 0 -1
    outer loop
      vertex 111.249 48.2156 0
      vertex 111.452 72.2658 0
      vertex 111.452 48.4542 0
    endloop
  endfacet
  facet normal 0 0 -1
    outer loop
      vertex 111.249 48.2156 0
      vertex 111.249 72.5044 0
      vertex 111.452 72.2658 0
    endloop
  endfacet
  facet normal 0 0 -1
    outer loop
      vertex 111.085 47.948 0
      vertex 111.249 72.5044 0
      vertex 111.249 48.2156 0
    endloop
  endfacet
  facet normal 0 0 -1
    outer loop
      vertex 111.085 47.948 0
      vertex 111.085 72.772 0
      vertex 111.249 72.5044 0
    endloop
  endfacet
  facet normal 0 0 -1
    outer loop
      vertex 110.891 47.3529 0
      vertex 68.6087 47.3529 0
      vertex 110.965 47.658 0
    endloop
  endfacet
  facet normal 0 0 -1
    outer loop
      vertex 68.5354 47.658 0
      vertex 110.965 47.658 0
      vertex 68.6087 47.3529 0
    endloop
  endfacet
  facet normal 0 0 -1
    outer loop
      vertex 68.6087 47.3529 0
      vertex 110.891 47.3529 0
      vertex 68.6333 47.04 0
    endloop
  endfacet
  facet normal 0 0 -1
    outer loop
      vertex 110.965 47.658 0
      vertex 68.5354 47.658 0
      vertex 111.085 47.948 0
    endloop
  endfacet
  facet normal 0 0 -1
    outer loop
      vertex 68.6333 47.04 0
      vertex 110.891 47.3529 0
      vertex 110.867 47.04 0
    endloop
  endfacet
  facet normal 0 0 -1
    outer loop
      vertex 111.085 72.772 0
      vertex 68.6333 73.68 0
      vertex 110.965 73.062 0
    endloop
  endfacet
  facet normal 0 0 -1
    outer loop
      vertex 157.198 21.018 0
      vertex 114.769 21.018 0
      vertex 157.318 21.308 0
    endloop
  endfacet
  facet normal 0 0 -1
    outer loop
      vertex 157.318 21.308 0
      vertex 114.842 46.7271 0
      vertex 114.867 47.04 0
    endloop
  endfacet
  facet normal 0 0 -1
    outer loop
      vertex 114.649 21.308 0
      vertex 157.318 21.308 0
      vertex 114.769 21.018 0
    endloop
  endfacet
  facet normal 0 0 -1
    outer loop
      vertex 157.318 21.308 0
      vertex 114.769 46.422 0
      vertex 114.842 46.7271 0
    endloop
  endfacet
  facet normal 0 0 -1
    outer loop
      vertex 114.649 46.132 0
      vertex 157.318 21.308 0
      vertex 114.649 21.308 0
    endloop
  endfacet
  facet normal 0 0 -1
    outer loop
      vertex 157.318 21.308 0
      vertex 114.649 46.132 0
      vertex 114.769 46.422 0
    endloop
  endfacet
  facet normal 0 0 -1
    outer loop
      vertex 114.485 21.5756 0
      vertex 114.649 46.132 0
      vertex 114.649 21.308 0
    endloop
  endfacet
  facet normal 0 0 -1
    outer loop
      vertex 114.485 21.5756 0
      vertex 114.485 45.8644 0
      vertex 114.649 46.132 0
    endloop
  endfacet
  facet normal 0 0 -1
    outer loop
      vertex 114.281 21.8142 0
      vertex 114.485 45.8644 0
      vertex 114.485 21.5756 0
    endloop
  endfacet
  facet normal 0 0 -1
    outer loop
      vertex 114.281 21.8142 0
      vertex 114.281 45.6258 0
      vertex 114.485 45.8644 0
    endloop
  endfacet
  facet normal 0 0 -1
    outer loop
      vertex 114.042 22.018 0
      vertex 114.281 45.6258 0
      vertex 114.281 21.8142 0
    endloop
  endfacet
  facet normal 0 0 -1
    outer loop
      vertex 114.042 22.018 0
      vertex 114.042 45.422 0
      vertex 114.281 45.6258 0
    endloop
  endfacet
  facet normal 0 0 -1
    outer loop
      vertex 113.775 22.182 0
      vertex 114.042 45.422 0
      vertex 114.042 22.018 0
    endloop
  endfacet
  facet normal 0 0 -1
    outer loop
      vertex 113.775 22.182 0
      vertex 113.775 45.258 0
      vertex 114.042 45.422 0
    endloop
  endfacet
  facet normal 0 0 -1
    outer loop
      vertex 113.485 22.3021 0
      vertex 113.775 45.258 0
      vertex 113.775 22.182 0
    endloop
  endfacet
  facet normal 0 0 -1
    outer loop
      vertex 113.485 22.3021 0
      vertex 113.485 45.1379 0
      vertex 113.775 45.258 0
    endloop
  endfacet
  facet normal 0 0 -1
    outer loop
      vertex 113.18 22.3754 0
      vertex 113.485 45.1379 0
      vertex 113.485 22.3021 0
    endloop
  endfacet
  facet normal 0 0 -1
    outer loop
      vertex 113.18 22.3754 0
      vertex 113.18 45.0646 0
      vertex 113.485 45.1379 0
    endloop
  endfacet
  facet normal 0 0 -1
    outer loop
      vertex 112.867 22.4 0
      vertex 113.18 45.0646 0
      vertex 113.18 22.3754 0
    endloop
  endfacet
  facet normal 0 0 -1
    outer loop
      vertex 112.867 22.4 0
      vertex 112.867 45.04 0
      vertex 113.18 45.0646 0
    endloop
  endfacet
  facet normal 0 0 -1
    outer loop
      vertex 112.554 22.3754 0
      vertex 112.867 45.04 0
      vertex 112.867 22.4 0
    endloop
  endfacet
  facet normal 0 0 -1
    outer loop
      vertex 112.554 22.3754 0
      vertex 112.554 45.0646 0
      vertex 112.867 45.04 0
    endloop
  endfacet
  facet normal 0 0 -1
    outer loop
      vertex 112.249 22.3021 0
      vertex 112.554 45.0646 0
      vertex 112.554 22.3754 0
    endloop
  endfacet
  facet normal 0 0 -1
    outer loop
      vertex 112.249 22.3021 0
      vertex 112.249 45.1379 0
      vertex 112.554 45.0646 0
    endloop
  endfacet
  facet normal 0 0 -1
    outer loop
      vertex 111.959 22.182 0
      vertex 112.249 45.1379 0
      vertex 112.249 22.3021 0
    endloop
  endfacet
  facet normal 0 0 -1
    outer loop
      vertex 111.959 22.182 0
      vertex 111.959 45.258 0
      vertex 112.249 45.1379 0
    endloop
  endfacet
  facet normal 0 0 -1
    outer loop
      vertex 111.691 22.018 0
      vertex 111.959 45.258 0
      vertex 111.959 22.182 0
    endloop
  endfacet
  facet normal 0 0 -1
    outer loop
      vertex 111.691 22.018 0
      vertex 111.691 45.422 0
      vertex 111.959 45.258 0
    endloop
  endfacet
  facet normal 0 0 -1
    outer loop
      vertex 111.452 21.8142 0
      vertex 111.691 45.422 0
      vertex 111.691 22.018 0
    endloop
  endfacet
  facet normal 0 0 -1
    outer loop
      vertex 111.452 21.8142 0
      vertex 111.452 45.6258 0
      vertex 111.691 45.422 0
    endloop
  endfacet
  facet normal 0 0 -1
    outer loop
      vertex 111.249 21.5756 0
      vertex 111.452 45.6258 0
      vertex 111.452 21.8142 0
    endloop
  endfacet
  facet normal 0 0 -1
    outer loop
      vertex 111.249 21.5756 0
      vertex 111.249 45.8644 0
      vertex 111.452 45.6258 0
    endloop
  endfacet
  facet normal 0 0 -1
    outer loop
      vertex 111.085 21.308 0
      vertex 111.249 45.8644 0
      vertex 111.249 21.5756 0
    endloop
  endfacet
  facet normal 0 0 -1
    outer loop
      vertex 111.085 21.308 0
      vertex 111.085 46.132 0
      vertex 111.249 45.8644 0
    endloop
  endfacet
  facet normal 0 0 -1
    outer loop
      vertex 110.891 20.7129 0
      vertex 68.6087 20.7129 0
      vertex 110.965 21.018 0
    endloop
  endfacet
  facet normal 0 0 -1
    outer loop
      vertex 111.085 21.308 0
      vertex 68.6333 47.04 0
      vertex 111.085 46.132 0
    endloop
  endfacet
  facet normal 0 0 -1
    outer loop
      vertex 68.6087 20.7129 0
      vertex 110.891 20.7129 0
      vertex 68.6333 20.4 0
    endloop
  endfacet
  facet normal 0 0 -1
    outer loop
      vertex 111.085 46.132 0
      vertex 68.6333 47.04 0
      vertex 110.965 46.422 0
    endloop
  endfacet
  facet normal 0 0 -1
    outer loop
      vertex 68.6333 20.4 0
      vertex 110.891 20.7129 0
      vertex 110.867 20.4 0
    endloop
  endfacet
  facet normal 0 0 -1
    outer loop
      vertex 110.965 46.422 0
      vertex 68.6333 47.04 0
      vertex 110.891 46.7271 0
    endloop
  endfacet
  facet normal 0 0 -1
    outer loop
      vertex 161.002 127.578 0
      vertex 179.5 174 0
      vertex 161.075 127.273 0
    endloop
  endfacet
  facet normal 0 0 -1
    outer loop
      vertex 179.5 174 0
      vertex 161.075 153.287 0
      vertex 161.1 153.6 0
    endloop
  endfacet
  facet normal 0 0 -1
    outer loop
      vertex 161.002 152.982 0
      vertex 179.5 174 0
      vertex 161.002 127.578 0
    endloop
  endfacet
  facet normal 0 0 -1
    outer loop
      vertex 179.5 174 0
      vertex 161.002 152.982 0
      vertex 161.075 153.287 0
    endloop
  endfacet
  facet normal 0 0 -1
    outer loop
      vertex 160.882 127.868 0
      vertex 161.002 152.982 0
      vertex 161.002 127.578 0
    endloop
  endfacet
  facet normal 0 0 -1
    outer loop
      vertex 160.882 127.868 0
      vertex 160.882 152.692 0
      vertex 161.002 152.982 0
    endloop
  endfacet
  facet normal 0 0 -1
    outer loop
      vertex 160.718 128.136 0
      vertex 160.882 152.692 0
      vertex 160.882 127.868 0
    endloop
  endfacet
  facet normal 0 0 -1
    outer loop
      vertex 160.718 128.136 0
      vertex 160.718 152.424 0
      vertex 160.882 152.692 0
    endloop
  endfacet
  facet normal 0 0 -1
    outer loop
      vertex 160.514 128.374 0
      vertex 160.718 152.424 0
      vertex 160.718 128.136 0
    endloop
  endfacet
  facet normal 0 0 -1
    outer loop
      vertex 160.514 128.374 0
      vertex 160.514 152.186 0
      vertex 160.718 152.424 0
    endloop
  endfacet
  facet normal 0 0 -1
    outer loop
      vertex 160.276 128.578 0
      vertex 160.514 152.186 0
      vertex 160.514 128.374 0
    endloop
  endfacet
  facet normal 0 0 -1
    outer loop
      vertex 160.276 128.578 0
      vertex 160.276 151.982 0
      vertex 160.514 152.186 0
    endloop
  endfacet
  facet normal 0 0 -1
    outer loop
      vertex 160.008 128.742 0
      vertex 160.276 151.982 0
      vertex 160.276 128.578 0
    endloop
  endfacet
  facet normal 0 0 -1
    outer loop
      vertex 160.008 128.742 0
      vertex 160.008 151.818 0
      vertex 160.276 151.982 0
    endloop
  endfacet
  facet normal 0 0 -1
    outer loop
      vertex 159.718 128.862 0
      vertex 160.008 151.818 0
      vertex 160.008 128.742 0
    endloop
  endfacet
  facet normal 0 0 -1
    outer loop
      vertex 159.718 128.862 0
      vertex 159.718 151.698 0
      vertex 160.008 151.818 0
    endloop
  endfacet
  facet normal 0 0 -1
    outer loop
      vertex 159.413 128.935 0
      vertex 159.718 151.698 0
      vertex 159.718 128.862 0
    endloop
  endfacet
  facet normal 0 0 -1
    outer loop
      vertex 159.413 128.935 0
      vertex 159.413 151.625 0
      vertex 159.718 151.698 0
    endloop
  endfacet
  facet normal 0 0 -1
    outer loop
      vertex 159.1 128.96 0
      vertex 159.413 151.625 0
      vertex 159.413 128.935 0
    endloop
  endfacet
  facet normal 0 0 -1
    outer loop
      vertex 159.1 128.96 0
      vertex 159.1 151.6 0
      vertex 159.413 151.625 0
    endloop
  endfacet
  facet normal 0 0 -1
    outer loop
      vertex 158.787 128.935 0
      vertex 159.1 151.6 0
      vertex 159.1 128.96 0
    endloop
  endfacet
  facet normal 0 0 -1
    outer loop
      vertex 158.787 128.935 0
      vertex 158.787 151.625 0
      vertex 159.1 151.6 0
    endloop
  endfacet
  facet normal 0 0 -1
    outer loop
      vertex 158.482 128.862 0
      vertex 158.787 151.625 0
      vertex 158.787 128.935 0
    endloop
  endfacet
  facet normal 0 0 -1
    outer loop
      vertex 158.482 128.862 0
      vertex 158.482 151.698 0
      vertex 158.787 151.625 0
    endloop
  endfacet
  facet normal 0 0 -1
    outer loop
      vertex 158.192 128.742 0
      vertex 158.482 151.698 0
      vertex 158.482 128.862 0
    endloop
  endfacet
  facet normal 0 0 -1
    outer loop
      vertex 158.192 128.742 0
      vertex 158.192 151.818 0
      vertex 158.482 151.698 0
    endloop
  endfacet
  facet normal 0 0 -1
    outer loop
      vertex 157.924 128.578 0
      vertex 158.192 151.818 0
      vertex 158.192 128.742 0
    endloop
  endfacet
  facet normal 0 0 -1
    outer loop
      vertex 157.924 128.578 0
      vertex 157.924 151.982 0
      vertex 158.192 151.818 0
    endloop
  endfacet
  facet normal 0 0 -1
    outer loop
      vertex 157.686 128.374 0
      vertex 157.924 151.982 0
      vertex 157.924 128.578 0
    endloop
  endfacet
  facet normal 0 0 -1
    outer loop
      vertex 157.686 128.374 0
      vertex 157.686 152.186 0
      vertex 157.924 151.982 0
    endloop
  endfacet
  facet normal 0 0 -1
    outer loop
      vertex 157.482 128.136 0
      vertex 157.686 152.186 0
      vertex 157.686 128.374 0
    endloop
  endfacet
  facet normal 0 0 -1
    outer loop
      vertex 157.482 128.136 0
      vertex 157.482 152.424 0
      vertex 157.686 152.186 0
    endloop
  endfacet
  facet normal 0 0 -1
    outer loop
      vertex 157.318 127.868 0
      vertex 157.482 152.424 0
      vertex 157.482 128.136 0
    endloop
  endfacet
  facet normal 0 0 -1
    outer loop
      vertex 157.318 127.868 0
      vertex 157.318 152.692 0
      vertex 157.482 152.424 0
    endloop
  endfacet
  facet normal 0 0 -1
    outer loop
      vertex 157.125 127.273 0
      vertex 114.842 127.273 0
      vertex 157.198 127.578 0
    endloop
  endfacet
  facet normal 0 0 -1
    outer loop
      vertex 114.769 127.578 0
      vertex 157.198 127.578 0
      vertex 114.842 127.273 0
    endloop
  endfacet
  facet normal 0 0 -1
    outer loop
      vertex 114.842 127.273 0
      vertex 157.125 127.273 0
      vertex 114.867 126.96 0
    endloop
  endfacet
  facet normal 0 0 -1
    outer loop
      vertex 157.198 127.578 0
      vertex 114.769 127.578 0
      vertex 157.318 127.868 0
    endloop
  endfacet
  facet normal 0 0 -1
    outer loop
      vertex 114.867 126.96 0
      vertex 157.125 127.273 0
      vertex 157.1 126.96 0
    endloop
  endfacet
  facet normal 0 0 -1
    outer loop
      vertex 157.318 152.692 0
      vertex 114.867 153.6 0
      vertex 157.198 152.982 0
    endloop
  endfacet
  facet normal 0 0 -1
    outer loop
      vertex 161.075 126.647 0
      vertex 179.5 174 0
      vertex 161.075 100.633 0
    endloop
  endfacet
  facet normal 0 0 -1
    outer loop
      vertex 179.5 174 0
      vertex 161.075 126.647 0
      vertex 161.1 126.96 0
    endloop
  endfacet
  facet normal 0 0 -1
    outer loop
      vertex 161.002 100.938 0
      vertex 161.075 126.647 0
      vertex 161.075 100.633 0
    endloop
  endfacet
  facet normal 0 0 -1
    outer loop
      vertex 161.002 100.938 0
      vertex 161.002 126.342 0
      vertex 161.075 126.647 0
    endloop
  endfacet
  facet normal 0 0 -1
    outer loop
      vertex 160.882 101.228 0
      vertex 161.002 126.342 0
      vertex 161.002 100.938 0
    endloop
  endfacet
  facet normal 0 0 -1
    outer loop
      vertex 160.882 101.228 0
      vertex 160.882 126.052 0
      vertex 161.002 126.342 0
    endloop
  endfacet
  facet normal 0 0 -1
    outer loop
      vertex 160.718 101.496 0
      vertex 160.882 126.052 0
      vertex 160.882 101.228 0
    endloop
  endfacet
  facet normal 0 0 -1
    outer loop
      vertex 160.718 101.496 0
      vertex 160.718 125.784 0
      vertex 160.882 126.052 0
    endloop
  endfacet
  facet normal 0 0 -1
    outer loop
      vertex 160.514 101.734 0
      vertex 160.718 125.784 0
      vertex 160.718 101.496 0
    endloop
  endfacet
  facet normal 0 0 -1
    outer loop
      vertex 160.514 101.734 0
      vertex 160.514 125.546 0
      vertex 160.718 125.784 0
    endloop
  endfacet
  facet normal 0 0 -1
    outer loop
      vertex 160.276 101.938 0
      vertex 160.514 125.546 0
      vertex 160.514 101.734 0
    endloop
  endfacet
  facet normal 0 0 -1
    outer loop
      vertex 160.276 101.938 0
      vertex 160.276 125.342 0
      vertex 160.514 125.546 0
    endloop
  endfacet
  facet normal 0 0 -1
    outer loop
      vertex 160.008 102.102 0
      vertex 160.276 125.342 0
      vertex 160.276 101.938 0
    endloop
  endfacet
  facet normal 0 0 -1
    outer loop
      vertex 160.008 102.102 0
      vertex 160.008 125.178 0
      vertex 160.276 125.342 0
    endloop
  endfacet
  facet normal 0 0 -1
    outer loop
      vertex 159.718 102.222 0
      vertex 160.008 125.178 0
      vertex 160.008 102.102 0
    endloop
  endfacet
  facet normal 0 0 -1
    outer loop
      vertex 159.718 102.222 0
      vertex 159.718 125.058 0
      vertex 160.008 125.178 0
    endloop
  endfacet
  facet normal 0 0 -1
    outer loop
      vertex 159.413 102.295 0
      vertex 159.718 125.058 0
      vertex 159.718 102.222 0
    endloop
  endfacet
  facet normal 0 0 -1
    outer loop
      vertex 159.413 102.295 0
      vertex 159.413 124.985 0
      vertex 159.718 125.058 0
    endloop
  endfacet
  facet normal 0 0 -1
    outer loop
      vertex 159.1 102.32 0
      vertex 159.413 124.985 0
      vertex 159.413 102.295 0
    endloop
  endfacet
  facet normal 0 0 -1
    outer loop
      vertex 159.1 102.32 0
      vertex 159.1 124.96 0
      vertex 159.413 124.985 0
    endloop
  endfacet
  facet normal 0 0 -1
    outer loop
      vertex 158.787 102.295 0
      vertex 159.1 124.96 0
      vertex 159.1 102.32 0
    endloop
  endfacet
  facet normal 0 0 -1
    outer loop
      vertex 158.787 102.295 0
      vertex 158.787 124.985 0
      vertex 159.1 124.96 0
    endloop
  endfacet
  facet normal 0 0 -1
    outer loop
      vertex 158.482 102.222 0
      vertex 158.787 124.985 0
      vertex 158.787 102.295 0
    endloop
  endfacet
  facet normal 0 0 -1
    outer loop
      vertex 158.482 102.222 0
      vertex 158.482 125.058 0
      vertex 158.787 124.985 0
    endloop
  endfacet
  facet normal 0 0 -1
    outer loop
      vertex 158.192 102.102 0
      vertex 158.482 125.058 0
      vertex 158.482 102.222 0
    endloop
  endfacet
  facet normal 0 0 -1
    outer loop
      vertex 158.192 102.102 0
      vertex 158.192 125.178 0
      vertex 158.482 125.058 0
    endloop
  endfacet
  facet normal 0 0 -1
    outer loop
      vertex 157.924 101.938 0
      vertex 158.192 125.178 0
      vertex 158.192 102.102 0
    endloop
  endfacet
  facet normal 0 0 -1
    outer loop
      vertex 157.924 101.938 0
      vertex 157.924 125.342 0
      vertex 158.192 125.178 0
    endloop
  endfacet
  facet normal 0 0 -1
    outer loop
      vertex 157.686 101.734 0
      vertex 157.924 125.342 0
      vertex 157.924 101.938 0
    endloop
  endfacet
  facet normal 0 0 -1
    outer loop
      vertex 157.686 101.734 0
      vertex 157.686 125.546 0
      vertex 157.924 125.342 0
    endloop
  endfacet
  facet normal 0 0 -1
    outer loop
      vertex 157.482 101.496 0
      vertex 157.686 125.546 0
      vertex 157.686 101.734 0
    endloop
  endfacet
  facet normal 0 0 -1
    outer loop
      vertex 157.482 101.496 0
      vertex 157.482 125.784 0
      vertex 157.686 125.546 0
    endloop
  endfacet
  facet normal 0 0 -1
    outer loop
      vertex 157.318 101.228 0
      vertex 157.482 125.784 0
      vertex 157.482 101.496 0
    endloop
  endfacet
  facet normal 0 0 -1
    outer loop
      vertex 157.318 101.228 0
      vertex 157.318 126.052 0
      vertex 157.482 125.784 0
    endloop
  endfacet
  facet normal 0 0 -1
    outer loop
      vertex 157.125 100.633 0
      vertex 114.842 100.633 0
      vertex 157.198 100.938 0
    endloop
  endfacet
  facet normal 0 0 -1
    outer loop
      vertex 114.769 100.938 0
      vertex 157.198 100.938 0
      vertex 114.842 100.633 0
    endloop
  endfacet
  facet normal 0 0 -1
    outer loop
      vertex 114.842 100.633 0
      vertex 157.125 100.633 0
      vertex 114.867 100.32 0
    endloop
  endfacet
  facet normal 0 0 -1
    outer loop
      vertex 157.198 100.938 0
      vertex 114.769 100.938 0
      vertex 157.318 101.228 0
    endloop
  endfacet
  facet normal 0 0 -1
    outer loop
      vertex 114.867 100.32 0
      vertex 157.125 100.633 0
      vertex 157.1 100.32 0
    endloop
  endfacet
  facet normal 0 0 -1
    outer loop
      vertex 157.318 126.052 0
      vertex 114.867 126.96 0
      vertex 157.198 126.342 0
    endloop
  endfacet
  facet normal 0 0 -1
    outer loop
      vertex 161.075 73.9929 0
      vertex 161.1 100.32 0
      vertex 161.1 73.68 0
    endloop
  endfacet
  facet normal 0 0 -1
    outer loop
      vertex 161.075 73.9929 0
      vertex 161.075 100.007 0
      vertex 161.1 100.32 0
    endloop
  endfacet
  facet normal 0 0 -1
    outer loop
      vertex 161.002 74.298 0
      vertex 161.075 100.007 0
      vertex 161.075 73.9929 0
    endloop
  endfacet
  facet normal 0 0 -1
    outer loop
      vertex 161.002 74.298 0
      vertex 161.002 99.702 0
      vertex 161.075 100.007 0
    endloop
  endfacet
  facet normal 0 0 -1
    outer loop
      vertex 160.882 74.588 0
      vertex 161.002 99.702 0
      vertex 161.002 74.298 0
    endloop
  endfacet
  facet normal 0 0 -1
    outer loop
      vertex 160.882 74.588 0
      vertex 160.882 99.412 0
      vertex 161.002 99.702 0
    endloop
  endfacet
  facet normal 0 0 -1
    outer loop
      vertex 160.718 74.8556 0
      vertex 160.882 99.412 0
      vertex 160.882 74.588 0
    endloop
  endfacet
  facet normal 0 0 -1
    outer loop
      vertex 160.718 74.8556 0
      vertex 160.718 99.1444 0
      vertex 160.882 99.412 0
    endloop
  endfacet
  facet normal 0 0 -1
    outer loop
      vertex 160.514 75.0942 0
      vertex 160.718 99.1444 0
      vertex 160.718 74.8556 0
    endloop
  endfacet
  facet normal 0 0 -1
    outer loop
      vertex 160.514 75.0942 0
      vertex 160.514 98.9058 0
      vertex 160.718 99.1444 0
    endloop
  endfacet
  facet normal 0 0 -1
    outer loop
      vertex 160.276 75.298 0
      vertex 160.514 98.9058 0
      vertex 160.514 75.0942 0
    endloop
  endfacet
  facet normal 0 0 -1
    outer loop
      vertex 160.276 75.298 0
      vertex 160.276 98.702 0
      vertex 160.514 98.9058 0
    endloop
  endfacet
  facet normal 0 0 -1
    outer loop
      vertex 160.008 75.462 0
      vertex 160.276 98.702 0
      vertex 160.276 75.298 0
    endloop
  endfacet
  facet normal 0 0 -1
    outer loop
      vertex 160.008 75.462 0
      vertex 160.008 98.538 0
      vertex 160.276 98.702 0
    endloop
  endfacet
  facet normal 0 0 -1
    outer loop
      vertex 159.718 75.5821 0
      vertex 160.008 98.538 0
      vertex 160.008 75.462 0
    endloop
  endfacet
  facet normal 0 0 -1
    outer loop
      vertex 159.718 75.5821 0
      vertex 159.718 98.4179 0
      vertex 160.008 98.538 0
    endloop
  endfacet
  facet normal 0 0 -1
    outer loop
      vertex 159.413 75.6554 0
      vertex 159.718 98.4179 0
      vertex 159.718 75.5821 0
    endloop
  endfacet
  facet normal 0 0 -1
    outer loop
      vertex 159.413 75.6554 0
      vertex 159.413 98.3446 0
      vertex 159.718 98.4179 0
    endloop
  endfacet
  facet normal 0 0 -1
    outer loop
      vertex 159.1 75.68 0
      vertex 159.413 98.3446 0
      vertex 159.413 75.6554 0
    endloop
  endfacet
  facet normal 0 0 -1
    outer loop
      vertex 159.1 75.68 0
      vertex 159.1 98.32 0
      vertex 159.413 98.3446 0
    endloop
  endfacet
  facet normal 0 0 -1
    outer loop
      vertex 158.787 75.6554 0
      vertex 159.1 98.32 0
      vertex 159.1 75.68 0
    endloop
  endfacet
  facet normal 0 0 -1
    outer loop
      vertex 158.787 75.6554 0
      vertex 158.787 98.3446 0
      vertex 159.1 98.32 0
    endloop
  endfacet
  facet normal 0 0 -1
    outer loop
      vertex 158.482 75.5821 0
      vertex 158.787 98.3446 0
      vertex 158.787 75.6554 0
    endloop
  endfacet
  facet normal 0 0 -1
    outer loop
      vertex 158.482 75.5821 0
      vertex 158.482 98.4179 0
      vertex 158.787 98.3446 0
    endloop
  endfacet
  facet normal 0 0 -1
    outer loop
      vertex 158.192 75.462 0
      vertex 158.482 98.4179 0
      vertex 158.482 75.5821 0
    endloop
  endfacet
  facet normal 0 0 -1
    outer loop
      vertex 158.192 75.462 0
      vertex 158.192 98.538 0
      vertex 158.482 98.4179 0
    endloop
  endfacet
  facet normal 0 0 -1
    outer loop
      vertex 157.924 75.298 0
      vertex 158.192 98.538 0
      vertex 158.192 75.462 0
    endloop
  endfacet
  facet normal 0 0 -1
    outer loop
      vertex 157.924 75.298 0
      vertex 157.924 98.702 0
      vertex 158.192 98.538 0
    endloop
  endfacet
  facet normal 0 0 -1
    outer loop
      vertex 157.686 75.0942 0
      vertex 157.924 98.702 0
      vertex 157.924 75.298 0
    endloop
  endfacet
  facet normal 0 0 -1
    outer loop
      vertex 157.686 75.0942 0
      vertex 157.686 98.9058 0
      vertex 157.924 98.702 0
    endloop
  endfacet
  facet normal 0 0 -1
    outer loop
      vertex 157.482 74.8556 0
      vertex 157.686 98.9058 0
      vertex 157.686 75.0942 0
    endloop
  endfacet
  facet normal 0 0 -1
    outer loop
      vertex 157.482 74.8556 0
      vertex 157.482 99.1444 0
      vertex 157.686 98.9058 0
    endloop
  endfacet
  facet normal 0 0 -1
    outer loop
      vertex 157.318 74.588 0
      vertex 157.482 99.1444 0
      vertex 157.482 74.8556 0
    endloop
  endfacet
  facet normal 0 0 -1
    outer loop
      vertex 157.318 74.588 0
      vertex 157.318 99.412 0
      vertex 157.482 99.1444 0
    endloop
  endfacet
  facet normal 0 0 -1
    outer loop
      vertex 157.125 73.9929 0
      vertex 114.842 73.9929 0
      vertex 157.198 74.298 0
    endloop
  endfacet
  facet normal 0 0 -1
    outer loop
      vertex 114.769 74.298 0
      vertex 157.198 74.298 0
      vertex 114.842 73.9929 0
    endloop
  endfacet
  facet normal 0 0 -1
    outer loop
      vertex 114.842 73.9929 0
      vertex 157.125 73.9929 0
      vertex 114.867 73.68 0
    endloop
  endfacet
  facet normal 0 0 -1
    outer loop
      vertex 157.198 74.298 0
      vertex 114.769 74.298 0
      vertex 157.318 74.588 0
    endloop
  endfacet
  facet normal 0 0 -1
    outer loop
      vertex 114.867 73.68 0
      vertex 157.125 73.9929 0
      vertex 157.1 73.68 0
    endloop
  endfacet
  facet normal 0 0 -1
    outer loop
      vertex 157.318 99.412 0
      vertex 114.867 100.32 0
      vertex 157.198 99.702 0
    endloop
  endfacet
  facet normal 0 0 -1
    outer loop
      vertex 161.075 73.3671 0
      vertex 179.5 0 0
      vertex 161.075 47.3529 0
    endloop
  endfacet
  facet normal 0 0 -1
    outer loop
      vertex 179.5 0 0
      vertex 161.075 73.3671 0
      vertex 161.1 73.68 0
    endloop
  endfacet
  facet normal 0 0 -1
    outer loop
      vertex 161.002 47.658 0
      vertex 161.075 73.3671 0
      vertex 161.075 47.3529 0
    endloop
  endfacet
  facet normal 0 0 -1
    outer loop
      vertex 161.002 47.658 0
      vertex 161.002 73.062 0
      vertex 161.075 73.3671 0
    endloop
  endfacet
  facet normal 0 0 -1
    outer loop
      vertex 160.882 47.948 0
      vertex 161.002 73.062 0
      vertex 161.002 47.658 0
    endloop
  endfacet
  facet normal 0 0 -1
    outer loop
      vertex 160.882 47.948 0
      vertex 160.882 72.772 0
      vertex 161.002 73.062 0
    endloop
  endfacet
  facet normal 0 0 -1
    outer loop
      vertex 160.718 48.2156 0
      vertex 160.882 72.772 0
      vertex 160.882 47.948 0
    endloop
  endfacet
  facet normal 0 0 -1
    outer loop
      vertex 160.718 48.2156 0
      vertex 160.718 72.5044 0
      vertex 160.882 72.772 0
    endloop
  endfacet
  facet normal 0 0 -1
    outer loop
      vertex 160.514 48.4542 0
      vertex 160.718 72.5044 0
      vertex 160.718 48.2156 0
    endloop
  endfacet
  facet normal 0 0 -1
    outer loop
      vertex 160.514 48.4542 0
      vertex 160.514 72.2658 0
      vertex 160.718 72.5044 0
    endloop
  endfacet
  facet normal 0 0 -1
    outer loop
      vertex 160.276 48.658 0
      vertex 160.514 72.2658 0
      vertex 160.514 48.4542 0
    endloop
  endfacet
  facet normal 0 0 -1
    outer loop
      vertex 160.276 48.658 0
      vertex 160.276 72.062 0
      vertex 160.514 72.2658 0
    endloop
  endfacet
  facet normal 0 0 -1
    outer loop
      vertex 160.008 48.822 0
      vertex 160.276 72.062 0
      vertex 160.276 48.658 0
    endloop
  endfacet
  facet normal 0 0 -1
    outer loop
      vertex 160.008 48.822 0
      vertex 160.008 71.898 0
      vertex 160.276 72.062 0
    endloop
  endfacet
  facet normal 0 0 -1
    outer loop
      vertex 159.718 48.9421 0
      vertex 160.008 71.898 0
      vertex 160.008 48.822 0
    endloop
  endfacet
  facet normal 0 0 -1
    outer loop
      vertex 159.718 48.9421 0
      vertex 159.718 71.7779 0
      vertex 160.008 71.898 0
    endloop
  endfacet
  facet normal 0 0 -1
    outer loop
      vertex 159.413 49.0154 0
      vertex 159.718 71.7779 0
      vertex 159.718 48.9421 0
    endloop
  endfacet
  facet normal 0 0 -1
    outer loop
      vertex 159.413 49.0154 0
      vertex 159.413 71.7046 0
      vertex 159.718 71.7779 0
    endloop
  endfacet
  facet normal 0 0 -1
    outer loop
      vertex 159.1 49.04 0
      vertex 159.413 71.7046 0
      vertex 159.413 49.0154 0
    endloop
  endfacet
  facet normal 0 0 -1
    outer loop
      vertex 159.1 49.04 0
      vertex 159.1 71.68 0
      vertex 159.413 71.7046 0
    endloop
  endfacet
  facet normal 0 0 -1
    outer loop
      vertex 158.787 49.0154 0
      vertex 159.1 71.68 0
      vertex 159.1 49.04 0
    endloop
  endfacet
  facet normal 0 0 -1
    outer loop
      vertex 158.787 49.0154 0
      vertex 158.787 71.7046 0
      vertex 159.1 71.68 0
    endloop
  endfacet
  facet normal 0 0 -1
    outer loop
      vertex 158.482 48.9421 0
      vertex 158.787 71.7046 0
      vertex 158.787 49.0154 0
    endloop
  endfacet
  facet normal 0 0 -1
    outer loop
      vertex 158.482 48.9421 0
      vertex 158.482 71.7779 0
      vertex 158.787 71.7046 0
    endloop
  endfacet
  facet normal 0 0 -1
    outer loop
      vertex 158.192 48.822 0
      vertex 158.482 71.7779 0
      vertex 158.482 48.9421 0
    endloop
  endfacet
  facet normal 0 0 -1
    outer loop
      vertex 158.192 48.822 0
      vertex 158.192 71.898 0
      vertex 158.482 71.7779 0
    endloop
  endfacet
  facet normal 0 0 -1
    outer loop
      vertex 157.924 48.658 0
      vertex 158.192 71.898 0
      vertex 158.192 48.822 0
    endloop
  endfacet
  facet normal 0 0 -1
    outer loop
      vertex 157.924 48.658 0
      vertex 157.924 72.062 0
      vertex 158.192 71.898 0
    endloop
  endfacet
  facet normal 0 0 -1
    outer loop
      vertex 157.686 48.4542 0
      vertex 157.924 72.062 0
      vertex 157.924 48.658 0
    endloop
  endfacet
  facet normal 0 0 -1
    outer loop
      vertex 157.686 48.4542 0
      vertex 157.686 72.2658 0
      vertex 157.924 72.062 0
    endloop
  endfacet
  facet normal 0 0 -1
    outer loop
      vertex 157.482 48.2156 0
      vertex 157.686 72.2658 0
      vertex 157.686 48.4542 0
    endloop
  endfacet
  facet normal 0 0 -1
    outer loop
      vertex 157.482 48.2156 0
      vertex 157.482 72.5044 0
      vertex 157.686 72.2658 0
    endloop
  endfacet
  facet normal 0 0 -1
    outer loop
      vertex 157.318 47.948 0
      vertex 157.482 72.5044 0
      vertex 157.482 48.2156 0
    endloop
  endfacet
  facet normal 0 0 -1
    outer loop
      vertex 157.318 47.948 0
      vertex 157.318 72.772 0
      vertex 157.482 72.5044 0
    endloop
  endfacet
  facet normal 0 0 -1
    outer loop
      vertex 157.125 47.3529 0
      vertex 114.842 47.3529 0
      vertex 157.198 47.658 0
    endloop
  endfacet
  facet normal 0 0 -1
    outer loop
      vertex 114.769 47.658 0
      vertex 157.198 47.658 0
      vertex 114.842 47.3529 0
    endloop
  endfacet
  facet normal 0 0 -1
    outer loop
      vertex 114.842 47.3529 0
      vertex 157.125 47.3529 0
      vertex 114.867 47.04 0
    endloop
  endfacet
  facet normal 0 0 -1
    outer loop
      vertex 157.198 47.658 0
      vertex 114.769 47.658 0
      vertex 157.318 47.948 0
    endloop
  endfacet
  facet normal 0 0 -1
    outer loop
      vertex 114.867 47.04 0
      vertex 157.125 47.3529 0
      vertex 157.1 47.04 0
    endloop
  endfacet
  facet normal 0 0 -1
    outer loop
      vertex 157.318 72.772 0
      vertex 114.867 73.68 0
      vertex 157.198 73.062 0
    endloop
  endfacet
  facet normal 0 0 -1
    outer loop
      vertex 161.002 21.018 0
      vertex 179.5 0 0
      vertex 161.075 20.7129 0
    endloop
  endfacet
  facet normal 0 0 -1
    outer loop
      vertex 179.5 0 0
      vertex 161.075 46.7271 0
      vertex 161.1 47.04 0
    endloop
  endfacet
  facet normal 0 0 -1
    outer loop
      vertex 161.002 46.422 0
      vertex 179.5 0 0
      vertex 161.002 21.018 0
    endloop
  endfacet
  facet normal 0 0 -1
    outer loop
      vertex 179.5 0 0
      vertex 161.002 46.422 0
      vertex 161.075 46.7271 0
    endloop
  endfacet
  facet normal 0 0 -1
    outer loop
      vertex 160.882 21.308 0
      vertex 161.002 46.422 0
      vertex 161.002 21.018 0
    endloop
  endfacet
  facet normal 0 0 -1
    outer loop
      vertex 160.882 21.308 0
      vertex 160.882 46.132 0
      vertex 161.002 46.422 0
    endloop
  endfacet
  facet normal 0 0 -1
    outer loop
      vertex 160.718 21.5756 0
      vertex 160.882 46.132 0
      vertex 160.882 21.308 0
    endloop
  endfacet
  facet normal 0 0 -1
    outer loop
      vertex 160.718 21.5756 0
      vertex 160.718 45.8644 0
      vertex 160.882 46.132 0
    endloop
  endfacet
  facet normal 0 0 -1
    outer loop
      vertex 160.514 21.8142 0
      vertex 160.718 45.8644 0
      vertex 160.718 21.5756 0
    endloop
  endfacet
  facet normal 0 0 -1
    outer loop
      vertex 160.514 21.8142 0
      vertex 160.514 45.6258 0
      vertex 160.718 45.8644 0
    endloop
  endfacet
  facet normal 0 0 -1
    outer loop
      vertex 160.276 22.018 0
      vertex 160.514 45.6258 0
      vertex 160.514 21.8142 0
    endloop
  endfacet
  facet normal 0 0 -1
    outer loop
      vertex 160.276 22.018 0
      vertex 160.276 45.422 0
      vertex 160.514 45.6258 0
    endloop
  endfacet
  facet normal 0 0 -1
    outer loop
      vertex 160.008 22.182 0
      vertex 160.276 45.422 0
      vertex 160.276 22.018 0
    endloop
  endfacet
  facet normal 0 0 -1
    outer loop
      vertex 160.008 22.182 0
      vertex 160.008 45.258 0
      vertex 160.276 45.422 0
    endloop
  endfacet
  facet normal 0 0 -1
    outer loop
      vertex 159.718 22.3021 0
      vertex 160.008 45.258 0
      vertex 160.008 22.182 0
    endloop
  endfacet
  facet normal 0 0 -1
    outer loop
      vertex 159.718 22.3021 0
      vertex 159.718 45.1379 0
      vertex 160.008 45.258 0
    endloop
  endfacet
  facet normal 0 0 -1
    outer loop
      vertex 159.413 22.3754 0
      vertex 159.718 45.1379 0
      vertex 159.718 22.3021 0
    endloop
  endfacet
  facet normal 0 0 -1
    outer loop
      vertex 159.413 22.3754 0
      vertex 159.413 45.0646 0
      vertex 159.718 45.1379 0
    endloop
  endfacet
  facet normal 0 0 -1
    outer loop
      vertex 159.1 22.4 0
      vertex 159.413 45.0646 0
      vertex 159.413 22.3754 0
    endloop
  endfacet
  facet normal 0 0 -1
    outer loop
      vertex 159.1 22.4 0
      vertex 159.1 45.04 0
      vertex 159.413 45.0646 0
    endloop
  endfacet
  facet normal 0 0 -1
    outer loop
      vertex 158.787 22.3754 0
      vertex 159.1 45.04 0
      vertex 159.1 22.4 0
    endloop
  endfacet
  facet normal 0 0 -1
    outer loop
      vertex 158.787 22.3754 0
      vertex 158.787 45.0646 0
      vertex 159.1 45.04 0
    endloop
  endfacet
  facet normal 0 0 -1
    outer loop
      vertex 158.482 22.3021 0
      vertex 158.787 45.0646 0
      vertex 158.787 22.3754 0
    endloop
  endfacet
  facet normal 0 0 -1
    outer loop
      vertex 158.482 22.3021 0
      vertex 158.482 45.1379 0
      vertex 158.787 45.0646 0
    endloop
  endfacet
  facet normal 0 0 -1
    outer loop
      vertex 158.192 22.182 0
      vertex 158.482 45.1379 0
      vertex 158.482 22.3021 0
    endloop
  endfacet
  facet normal 0 0 -1
    outer loop
      vertex 158.192 22.182 0
      vertex 158.192 45.258 0
      vertex 158.482 45.1379 0
    endloop
  endfacet
  facet normal 0 0 -1
    outer loop
      vertex 157.924 22.018 0
      vertex 158.192 45.258 0
      vertex 158.192 22.182 0
    endloop
  endfacet
  facet normal 0 0 -1
    outer loop
      vertex 157.924 22.018 0
      vertex 157.924 45.422 0
      vertex 158.192 45.258 0
    endloop
  endfacet
  facet normal 0 0 -1
    outer loop
      vertex 157.686 21.8142 0
      vertex 157.924 45.422 0
      vertex 157.924 22.018 0
    endloop
  endfacet
  facet normal 0 0 -1
    outer loop
      vertex 157.686 21.8142 0
      vertex 157.686 45.6258 0
      vertex 157.924 45.422 0
    endloop
  endfacet
  facet normal 0 0 -1
    outer loop
      vertex 157.482 21.5756 0
      vertex 157.686 45.6258 0
      vertex 157.686 21.8142 0
    endloop
  endfacet
  facet normal 0 0 -1
    outer loop
      vertex 157.482 21.5756 0
      vertex 157.482 45.8644 0
      vertex 157.686 45.6258 0
    endloop
  endfacet
  facet normal 0 0 -1
    outer loop
      vertex 157.318 21.308 0
      vertex 157.482 45.8644 0
      vertex 157.482 21.5756 0
    endloop
  endfacet
  facet normal 0 0 -1
    outer loop
      vertex 157.318 21.308 0
      vertex 157.318 46.132 0
      vertex 157.482 45.8644 0
    endloop
  endfacet
  facet normal 0 0 -1
    outer loop
      vertex 157.125 20.7129 0
      vertex 114.842 20.7129 0
      vertex 157.198 21.018 0
    endloop
  endfacet
  facet normal 0 0 -1
    outer loop
      vertex 157.318 21.308 0
      vertex 114.867 47.04 0
      vertex 157.318 46.132 0
    endloop
  endfacet
  facet normal 0 0 -1
    outer loop
      vertex 114.842 20.7129 0
      vertex 157.125 20.7129 0
      vertex 114.867 20.4 0
    endloop
  endfacet
  facet normal 0 0 -1
    outer loop
      vertex 157.318 46.132 0
      vertex 114.867 47.04 0
      vertex 157.198 46.422 0
    endloop
  endfacet
  facet normal 0 0 -1
    outer loop
      vertex 114.867 20.4 0
      vertex 157.125 20.7129 0
      vertex 157.1 20.4 0
    endloop
  endfacet
  facet normal 0 0 -1
    outer loop
      vertex 157.198 46.422 0
      vertex 114.867 47.04 0
      vertex 157.125 46.7271 0
    endloop
  endfacet
  facet normal 0 0 -1
    outer loop
      vertex 161.075 20.7129 0
      vertex 179.5 0 0
      vertex 161.1 20.4 0
    endloop
  endfacet
  facet normal 0 0 -1
    outer loop
      vertex 179.5 0 0
      vertex 161.075 20.0871 0
      vertex 161.1 20.4 0
    endloop
  endfacet
  facet normal 0 0 -1
    outer loop
      vertex 179.5 0 0
      vertex 161.002 19.782 0
      vertex 161.075 20.0871 0
    endloop
  endfacet
  facet normal 0 0 -1
    outer loop
      vertex 179.5 0 0
      vertex 160.882 19.492 0
      vertex 161.002 19.782 0
    endloop
  endfacet
  facet normal 0 0 -1
    outer loop
      vertex 179.5 0 0
      vertex 160.718 19.2244 0
      vertex 160.882 19.492 0
    endloop
  endfacet
  facet normal 0 0 -1
    outer loop
      vertex 179.5 0 0
      vertex 160.514 18.9858 0
      vertex 160.718 19.2244 0
    endloop
  endfacet
  facet normal 0 0 -1
    outer loop
      vertex 179.5 0 0
      vertex 160.276 18.782 0
      vertex 160.514 18.9858 0
    endloop
  endfacet
  facet normal 0 0 -1
    outer loop
      vertex 179.5 0 0
      vertex 160.008 18.618 0
      vertex 160.276 18.782 0
    endloop
  endfacet
  facet normal 0 0 -1
    outer loop
      vertex 179.5 0 0
      vertex 159.718 18.4979 0
      vertex 160.008 18.618 0
    endloop
  endfacet
  facet normal 0 0 -1
    outer loop
      vertex 179.5 0 0
      vertex 159.413 18.4246 0
      vertex 159.718 18.4979 0
    endloop
  endfacet
  facet normal 0 0 -1
    outer loop
      vertex 179.5 0 0
      vertex 159.1 18.4 0
      vertex 159.413 18.4246 0
    endloop
  endfacet
  facet normal 0 0 -1
    outer loop
      vertex 179.5 0 0
      vertex 158.787 18.4246 0
      vertex 159.1 18.4 0
    endloop
  endfacet
  facet normal 0 0 -1
    outer loop
      vertex 179.5 0 0
      vertex 158.482 18.4979 0
      vertex 158.787 18.4246 0
    endloop
  endfacet
  facet normal 0 0 -1
    outer loop
      vertex 179.5 0 0
      vertex 158.192 18.618 0
      vertex 158.482 18.4979 0
    endloop
  endfacet
  facet normal 0 0 -1
    outer loop
      vertex 113.775 18.618 0
      vertex 158.192 18.618 0
      vertex 179.5 0 0
    endloop
  endfacet
  facet normal 0 0 -1
    outer loop
      vertex 158.192 18.618 0
      vertex 113.775 18.618 0
      vertex 157.924 18.782 0
    endloop
  endfacet
  facet normal 0 0 -1
    outer loop
      vertex 157.125 46.7271 0
      vertex 114.867 47.04 0
      vertex 157.1 47.04 0
    endloop
  endfacet
  facet normal 0 0 -1
    outer loop
      vertex 157.198 73.062 0
      vertex 114.867 73.68 0
      vertex 157.125 73.3671 0
    endloop
  endfacet
  facet normal 0 0 -1
    outer loop
      vertex 157.198 99.702 0
      vertex 114.867 100.32 0
      vertex 157.125 100.007 0
    endloop
  endfacet
  facet normal 0 0 -1
    outer loop
      vertex 157.125 100.007 0
      vertex 114.867 100.32 0
      vertex 157.1 100.32 0
    endloop
  endfacet
  facet normal 0 0 -1
    outer loop
      vertex 114.769 21.018 0
      vertex 157.198 21.018 0
      vertex 114.842 20.7129 0
    endloop
  endfacet
  facet normal 0 0 -1
    outer loop
      vertex 157.125 20.0871 0
      vertex 114.867 20.4 0
      vertex 157.1 20.4 0
    endloop
  endfacet
  facet normal 0 0 -1
    outer loop
      vertex 114.842 20.0871 0
      vertex 157.125 20.0871 0
      vertex 157.198 19.782 0
    endloop
  endfacet
  facet normal 0 0 -1
    outer loop
      vertex 114.769 19.782 0
      vertex 157.198 19.782 0
      vertex 157.318 19.492 0
    endloop
  endfacet
  facet normal 0 0 -1
    outer loop
      vertex 114.649 19.492 0
      vertex 157.318 19.492 0
      vertex 157.482 19.2244 0
    endloop
  endfacet
  facet normal 0 0 -1
    outer loop
      vertex 114.485 19.2244 0
      vertex 157.482 19.2244 0
      vertex 157.686 18.9858 0
    endloop
  endfacet
  facet normal 0 -0 -1
    outer loop
      vertex 114.042 18.782 0
      vertex 157.924 18.782 0
      vertex 113.775 18.618 0
    endloop
  endfacet
  facet normal 0 0 -1
    outer loop
      vertex 157.125 20.0871 0
      vertex 114.842 20.0871 0
      vertex 114.867 20.4 0
    endloop
  endfacet
  facet normal 0 0 -1
    outer loop
      vertex 157.198 19.782 0
      vertex 114.769 19.782 0
      vertex 114.842 20.0871 0
    endloop
  endfacet
  facet normal 0 0 -1
    outer loop
      vertex 157.318 19.492 0
      vertex 114.649 19.492 0
      vertex 114.769 19.782 0
    endloop
  endfacet
  facet normal 0 0 -1
    outer loop
      vertex 157.482 19.2244 0
      vertex 114.485 19.2244 0
      vertex 114.649 19.492 0
    endloop
  endfacet
  facet normal 0 0 -1
    outer loop
      vertex 157.686 18.9858 0
      vertex 114.281 18.9858 0
      vertex 114.485 19.2244 0
    endloop
  endfacet
  facet normal -0 0 -1
    outer loop
      vertex 157.686 18.9858 0
      vertex 114.042 18.782 0
      vertex 114.281 18.9858 0
    endloop
  endfacet
  facet normal 0 0 -1
    outer loop
      vertex 157.924 18.782 0
      vertex 114.042 18.782 0
      vertex 157.686 18.9858 0
    endloop
  endfacet
  facet normal 0 0 -1
    outer loop
      vertex 179.5 0 0
      vertex 113.485 18.4979 0
      vertex 113.775 18.618 0
    endloop
  endfacet
  facet normal 0 0 -1
    outer loop
      vertex 179.5 0 0
      vertex 113.18 18.4246 0
      vertex 113.485 18.4979 0
    endloop
  endfacet
  facet normal 0 0 -1
    outer loop
      vertex 179.5 0 0
      vertex 112.867 18.4 0
      vertex 113.18 18.4246 0
    endloop
  endfacet
  facet normal 0 0 -1
    outer loop
      vertex 179.5 0 0
      vertex 112.554 18.4246 0
      vertex 112.867 18.4 0
    endloop
  endfacet
  facet normal 0 0 -1
    outer loop
      vertex 66.9462 18.4246 0
      vertex 112.554 18.4246 0
      vertex 179.5 0 0
    endloop
  endfacet
  facet normal 0 0 -1
    outer loop
      vertex 110.891 46.7271 0
      vertex 68.6333 47.04 0
      vertex 110.867 47.04 0
    endloop
  endfacet
  facet normal 0 0 -1
    outer loop
      vertex 110.965 73.062 0
      vertex 68.6333 73.68 0
      vertex 110.891 73.3671 0
    endloop
  endfacet
  facet normal 0 0 -1
    outer loop
      vertex 110.965 99.702 0
      vertex 68.6333 100.32 0
      vertex 110.891 100.007 0
    endloop
  endfacet
  facet normal 0 0 -1
    outer loop
      vertex 110.891 100.007 0
      vertex 68.6333 100.32 0
      vertex 110.867 100.32 0
    endloop
  endfacet
  facet normal 0 0 -1
    outer loop
      vertex 68.5354 21.018 0
      vertex 110.965 21.018 0
      vertex 68.6087 20.7129 0
    endloop
  endfacet
  facet normal 0 0 -1
    outer loop
      vertex 110.891 20.0871 0
      vertex 68.6333 20.4 0
      vertex 110.867 20.4 0
    endloop
  endfacet
  facet normal 0 0 -1
    outer loop
      vertex 68.6087 20.0871 0
      vertex 110.891 20.0871 0
      vertex 110.965 19.782 0
    endloop
  endfacet
  facet normal 0 0 -1
    outer loop
      vertex 68.5354 19.782 0
      vertex 110.965 19.782 0
      vertex 111.085 19.492 0
    endloop
  endfacet
  facet normal 0 0 -1
    outer loop
      vertex 68.4153 19.492 0
      vertex 111.085 19.492 0
      vertex 111.249 19.2244 0
    endloop
  endfacet
  facet normal 0 0 -1
    outer loop
      vertex 68.2514 19.2244 0
      vertex 111.249 19.2244 0
      vertex 111.452 18.9858 0
    endloop
  endfacet
  facet normal 0 0 -1
    outer loop
      vertex 68.0475 18.9858 0
      vertex 111.452 18.9858 0
      vertex 111.691 18.782 0
    endloop
  endfacet
  facet normal 0 0 -1
    outer loop
      vertex 67.8089 18.782 0
      vertex 111.691 18.782 0
      vertex 111.959 18.618 0
    endloop
  endfacet
  facet normal 0 0 -1
    outer loop
      vertex 67.5413 18.618 0
      vertex 111.959 18.618 0
      vertex 112.249 18.4979 0
    endloop
  endfacet
  facet normal 0 0 -1
    outer loop
      vertex 112.554 18.4246 0
      vertex 66.9462 18.4246 0
      vertex 112.249 18.4979 0
    endloop
  endfacet
  facet normal 0 0 -1
    outer loop
      vertex 110.891 20.0871 0
      vertex 68.6087 20.0871 0
      vertex 68.6333 20.4 0
    endloop
  endfacet
  facet normal 0 0 -1
    outer loop
      vertex 110.965 19.782 0
      vertex 68.5354 19.782 0
      vertex 68.6087 20.0871 0
    endloop
  endfacet
  facet normal 0 0 -1
    outer loop
      vertex 111.085 19.492 0
      vertex 68.4153 19.492 0
      vertex 68.5354 19.782 0
    endloop
  endfacet
  facet normal 0 0 -1
    outer loop
      vertex 111.249 19.2244 0
      vertex 68.2514 19.2244 0
      vertex 68.4153 19.492 0
    endloop
  endfacet
  facet normal 0 0 -1
    outer loop
      vertex 111.452 18.9858 0
      vertex 68.0475 18.9858 0
      vertex 68.2514 19.2244 0
    endloop
  endfacet
  facet normal 0 0 -1
    outer loop
      vertex 111.691 18.782 0
      vertex 67.8089 18.782 0
      vertex 68.0475 18.9858 0
    endloop
  endfacet
  facet normal 0 0 -1
    outer loop
      vertex 111.959 18.618 0
      vertex 67.5413 18.618 0
      vertex 67.8089 18.782 0
    endloop
  endfacet
  facet normal 0 0 -1
    outer loop
      vertex 112.249 18.4979 0
      vertex 67.2514 18.4979 0
      vertex 67.5413 18.618 0
    endloop
  endfacet
  facet normal -0 0 -1
    outer loop
      vertex 112.249 18.4979 0
      vertex 66.9462 18.4246 0
      vertex 67.2514 18.4979 0
    endloop
  endfacet
  facet normal 0 0 -1
    outer loop
      vertex 0 0 0
      vertex 66.9462 18.4246 0
      vertex 179.5 0 0
    endloop
  endfacet
  facet normal 0 0 -1
    outer loop
      vertex 66.9462 18.4246 0
      vertex 0 0 0
      vertex 66.6333 18.4 0
    endloop
  endfacet
  facet normal 0 0 -1
    outer loop
      vertex 64.658 46.7271 0
      vertex 22.4 47.04 0
      vertex 64.6333 47.04 0
    endloop
  endfacet
  facet normal 0 0 -1
    outer loop
      vertex 64.7312 73.062 0
      vertex 22.4 73.68 0
      vertex 64.658 73.3671 0
    endloop
  endfacet
  facet normal 0 0 -1
    outer loop
      vertex 64.7312 99.702 0
      vertex 22.4 100.32 0
      vertex 64.658 100.007 0
    endloop
  endfacet
  facet normal 0 0 -1
    outer loop
      vertex 64.658 100.007 0
      vertex 22.4 100.32 0
      vertex 64.6333 100.32 0
    endloop
  endfacet
  facet normal 0 0 -1
    outer loop
      vertex 22.3021 21.018 0
      vertex 64.7312 21.018 0
      vertex 22.3754 20.7129 0
    endloop
  endfacet
  facet normal 0 0 -1
    outer loop
      vertex 64.658 20.0871 0
      vertex 22.4 20.4 0
      vertex 64.6333 20.4 0
    endloop
  endfacet
  facet normal 0 0 -1
    outer loop
      vertex 22.3754 20.0871 0
      vertex 64.658 20.0871 0
      vertex 64.7312 19.782 0
    endloop
  endfacet
  facet normal 0 0 -1
    outer loop
      vertex 22.3021 19.782 0
      vertex 64.7312 19.782 0
      vertex 64.8513 19.492 0
    endloop
  endfacet
  facet normal 0 0 -1
    outer loop
      vertex 22.182 19.492 0
      vertex 64.8513 19.492 0
      vertex 65.0153 19.2244 0
    endloop
  endfacet
  facet normal 0 0 -1
    outer loop
      vertex 22.018 19.2244 0
      vertex 65.0153 19.2244 0
      vertex 65.2191 18.9858 0
    endloop
  endfacet
  facet normal 0 0 -1
    outer loop
      vertex 21.8142 18.9858 0
      vertex 65.2191 18.9858 0
      vertex 65.4578 18.782 0
    endloop
  endfacet
  facet normal 0 0 -1
    outer loop
      vertex 21.5756 18.782 0
      vertex 65.4578 18.782 0
      vertex 65.7253 18.618 0
    endloop
  endfacet
  facet normal 0 0 -1
    outer loop
      vertex 0 0 0
      vertex 65.7253 18.618 0
      vertex 66.0153 18.4979 0
    endloop
  endfacet
  facet normal 0 0 -1
    outer loop
      vertex 0 0 0
      vertex 66.0153 18.4979 0
      vertex 66.3205 18.4246 0
    endloop
  endfacet
  facet normal -0 0 -1
    outer loop
      vertex 66.6333 18.4 0
      vertex 0 0 0
      vertex 66.3205 18.4246 0
    endloop
  endfacet
  facet normal 0 0 -1
    outer loop
      vertex 64.658 20.0871 0
      vertex 22.3754 20.0871 0
      vertex 22.4 20.4 0
    endloop
  endfacet
  facet normal 0 0 -1
    outer loop
      vertex 64.7312 19.782 0
      vertex 22.3021 19.782 0
      vertex 22.3754 20.0871 0
    endloop
  endfacet
  facet normal 0 0 -1
    outer loop
      vertex 64.8513 19.492 0
      vertex 22.182 19.492 0
      vertex 22.3021 19.782 0
    endloop
  endfacet
  facet normal 0 0 -1
    outer loop
      vertex 65.0153 19.2244 0
      vertex 22.018 19.2244 0
      vertex 22.182 19.492 0
    endloop
  endfacet
  facet normal 0 0 -1
    outer loop
      vertex 65.2191 18.9858 0
      vertex 21.8142 18.9858 0
      vertex 22.018 19.2244 0
    endloop
  endfacet
  facet normal 0 0 -1
    outer loop
      vertex 65.4578 18.782 0
      vertex 21.5756 18.782 0
      vertex 21.8142 18.9858 0
    endloop
  endfacet
  facet normal -0 0 -1
    outer loop
      vertex 65.7253 18.618 0
      vertex 0 0 0
      vertex 21.308 18.618 0
    endloop
  endfacet
  facet normal 0 0 -1
    outer loop
      vertex 65.7253 18.618 0
      vertex 21.308 18.618 0
      vertex 21.5756 18.782 0
    endloop
  endfacet
  facet normal 0 0 -1
    outer loop
      vertex 21.308 18.618 0
      vertex 0 0 0
      vertex 21.018 18.4979 0
    endloop
  endfacet
  facet normal 0 0 -1
    outer loop
      vertex 21.018 18.4979 0
      vertex 0 0 0
      vertex 20.7129 18.4246 0
    endloop
  endfacet
  facet normal 0 0 -1
    outer loop
      vertex 20.7129 18.4246 0
      vertex 0 0 0
      vertex 20.4 18.4 0
    endloop
  endfacet
  facet normal -0 0 -1
    outer loop
      vertex 18.4246 46.7271 0
      vertex 0 0 0
      vertex 18.4 47.04 0
    endloop
  endfacet
  facet normal -0 0 -1
    outer loop
      vertex 18.4246 73.3671 0
      vertex 0 0 0
      vertex 18.4 73.68 0
    endloop
  endfacet
  facet normal -0 0 -1
    outer loop
      vertex 18.4 73.68 0
      vertex 0 0 0
      vertex 18.4 100.32 0
    endloop
  endfacet
  facet normal 0 0 -1
    outer loop
      vertex 0 174 0
      vertex 18.4 100.32 0
      vertex 0 0 0
    endloop
  endfacet
  facet normal 0 0 -1
    outer loop
      vertex 18.4246 126.647 0
      vertex 0 174 0
      vertex 18.4 126.96 0
    endloop
  endfacet
  facet normal -0 0 -1
    outer loop
      vertex 18.4246 20.0871 0
      vertex 0 0 0
      vertex 18.4 20.4 0
    endloop
  endfacet
  facet normal -0 0 -1
    outer loop
      vertex 18.4979 19.782 0
      vertex 0 0 0
      vertex 18.4246 20.0871 0
    endloop
  endfacet
  facet normal -0 0 -1
    outer loop
      vertex 18.618 19.492 0
      vertex 0 0 0
      vertex 18.4979 19.782 0
    endloop
  endfacet
  facet normal -0 0 -1
    outer loop
      vertex 18.782 19.2244 0
      vertex 0 0 0
      vertex 18.618 19.492 0
    endloop
  endfacet
  facet normal -0 0 -1
    outer loop
      vertex 18.9858 18.9858 0
      vertex 0 0 0
      vertex 18.782 19.2244 0
    endloop
  endfacet
  facet normal -0 0 -1
    outer loop
      vertex 19.2244 18.782 0
      vertex 0 0 0
      vertex 18.9858 18.9858 0
    endloop
  endfacet
  facet normal -0 0 -1
    outer loop
      vertex 19.492 18.618 0
      vertex 0 0 0
      vertex 19.2244 18.782 0
    endloop
  endfacet
  facet normal -0 0 -1
    outer loop
      vertex 19.782 18.4979 0
      vertex 0 0 0
      vertex 19.492 18.618 0
    endloop
  endfacet
  facet normal -0 0 -1
    outer loop
      vertex 20.0871 18.4246 0
      vertex 0 0 0
      vertex 19.782 18.4979 0
    endloop
  endfacet
  facet normal -0 0 -1
    outer loop
      vertex 20.4 18.4 0
      vertex 0 0 0
      vertex 20.0871 18.4246 0
    endloop
  endfacet
  facet normal 0 0 -1
    outer loop
      vertex 161.075 47.3529 0
      vertex 179.5 0 0
      vertex 161.1 47.04 0
    endloop
  endfacet
  facet normal 0 0 -1
    outer loop
      vertex 179.5 0 0
      vertex 161.1 73.68 0
      vertex 179.5 174 0
    endloop
  endfacet
  facet normal 0 0 -1
    outer loop
      vertex 161.1 100.32 0
      vertex 179.5 174 0
      vertex 161.1 73.68 0
    endloop
  endfacet
  facet normal 0 0 -1
    outer loop
      vertex 161.075 100.633 0
      vertex 179.5 174 0
      vertex 161.1 100.32 0
    endloop
  endfacet
  facet normal 0 0 -1
    outer loop
      vertex 161.075 127.273 0
      vertex 179.5 174 0
      vertex 161.1 126.96 0
    endloop
  endfacet
  facet normal 0 0 -1
    outer loop
      vertex 161.075 153.913 0
      vertex 179.5 174 0
      vertex 161.1 153.6 0
    endloop
  endfacet
  facet normal 0 0 -1
    outer loop
      vertex 161.002 154.218 0
      vertex 179.5 174 0
      vertex 161.075 153.913 0
    endloop
  endfacet
  facet normal 0 0 -1
    outer loop
      vertex 160.882 154.508 0
      vertex 179.5 174 0
      vertex 161.002 154.218 0
    endloop
  endfacet
  facet normal 0 0 -1
    outer loop
      vertex 160.718 154.776 0
      vertex 179.5 174 0
      vertex 160.882 154.508 0
    endloop
  endfacet
  facet normal 0 0 -1
    outer loop
      vertex 160.514 155.014 0
      vertex 179.5 174 0
      vertex 160.718 154.776 0
    endloop
  endfacet
  facet normal 0 0 -1
    outer loop
      vertex 160.276 155.218 0
      vertex 179.5 174 0
      vertex 160.514 155.014 0
    endloop
  endfacet
  facet normal 0 0 -1
    outer loop
      vertex 160.008 155.382 0
      vertex 179.5 174 0
      vertex 160.276 155.218 0
    endloop
  endfacet
  facet normal 0 0 -1
    outer loop
      vertex 159.718 155.502 0
      vertex 179.5 174 0
      vertex 160.008 155.382 0
    endloop
  endfacet
  facet normal 0 0 -1
    outer loop
      vertex 159.413 155.575 0
      vertex 179.5 174 0
      vertex 159.718 155.502 0
    endloop
  endfacet
  facet normal 0 0 -1
    outer loop
      vertex 159.1 155.6 0
      vertex 179.5 174 0
      vertex 159.413 155.575 0
    endloop
  endfacet
  facet normal 0 0 -1
    outer loop
      vertex 158.787 155.575 0
      vertex 179.5 174 0
      vertex 159.1 155.6 0
    endloop
  endfacet
  facet normal 0 0 -1
    outer loop
      vertex 158.482 155.502 0
      vertex 179.5 174 0
      vertex 158.787 155.575 0
    endloop
  endfacet
  facet normal 0 0 -1
    outer loop
      vertex 158.192 155.382 0
      vertex 179.5 174 0
      vertex 158.482 155.502 0
    endloop
  endfacet
  facet normal 0 0 -1
    outer loop
      vertex 113.775 155.382 0
      vertex 158.192 155.382 0
      vertex 157.924 155.218 0
    endloop
  endfacet
  facet normal 0 0 -1
    outer loop
      vertex 114.042 155.218 0
      vertex 157.924 155.218 0
      vertex 157.686 155.014 0
    endloop
  endfacet
  facet normal 0 0 -1
    outer loop
      vertex 157.125 73.3671 0
      vertex 114.867 73.68 0
      vertex 157.1 73.68 0
    endloop
  endfacet
  facet normal 0 0 -1
    outer loop
      vertex 157.198 126.342 0
      vertex 114.867 126.96 0
      vertex 157.125 126.647 0
    endloop
  endfacet
  facet normal 0 0 -1
    outer loop
      vertex 157.125 126.647 0
      vertex 114.867 126.96 0
      vertex 157.1 126.96 0
    endloop
  endfacet
  facet normal 0 0 -1
    outer loop
      vertex 157.198 152.982 0
      vertex 114.867 153.6 0
      vertex 157.125 153.287 0
    endloop
  endfacet
  facet normal 0 0 -1
    outer loop
      vertex 157.125 153.287 0
      vertex 114.867 153.6 0
      vertex 157.1 153.6 0
    endloop
  endfacet
  facet normal 0 0 -1
    outer loop
      vertex 157.1 153.6 0
      vertex 114.867 153.6 0
      vertex 157.125 153.913 0
    endloop
  endfacet
  facet normal 0 0 -1
    outer loop
      vertex 114.842 153.913 0
      vertex 157.125 153.913 0
      vertex 114.867 153.6 0
    endloop
  endfacet
  facet normal 0 0 -1
    outer loop
      vertex 157.125 153.913 0
      vertex 114.842 153.913 0
      vertex 157.198 154.218 0
    endloop
  endfacet
  facet normal 0 0 -1
    outer loop
      vertex 114.769 154.218 0
      vertex 157.198 154.218 0
      vertex 114.842 153.913 0
    endloop
  endfacet
  facet normal 0 0 -1
    outer loop
      vertex 157.198 154.218 0
      vertex 114.769 154.218 0
      vertex 157.318 154.508 0
    endloop
  endfacet
  facet normal 0 0 -1
    outer loop
      vertex 114.649 154.508 0
      vertex 157.318 154.508 0
      vertex 114.769 154.218 0
    endloop
  endfacet
  facet normal 0 0 -1
    outer loop
      vertex 157.318 154.508 0
      vertex 114.649 154.508 0
      vertex 157.482 154.776 0
    endloop
  endfacet
  facet normal 0 0 -1
    outer loop
      vertex 114.485 154.776 0
      vertex 157.482 154.776 0
      vertex 114.649 154.508 0
    endloop
  endfacet
  facet normal 0 0 -1
    outer loop
      vertex 157.482 154.776 0
      vertex 114.485 154.776 0
      vertex 157.686 155.014 0
    endloop
  endfacet
  facet normal 0 0 -1
    outer loop
      vertex 114.281 155.014 0
      vertex 157.686 155.014 0
      vertex 114.485 154.776 0
    endloop
  endfacet
  facet normal 0 0 -1
    outer loop
      vertex 114.042 155.218 0
      vertex 157.686 155.014 0
      vertex 114.281 155.014 0
    endloop
  endfacet
  facet normal 0 0 -1
    outer loop
      vertex 157.924 155.218 0
      vertex 114.042 155.218 0
      vertex 113.775 155.382 0
    endloop
  endfacet
  facet normal 0 0 -1
    outer loop
      vertex 158.192 155.382 0
      vertex 113.775 155.382 0
      vertex 179.5 174 0
    endloop
  endfacet
  facet normal 0 0 -1
    outer loop
      vertex 113.485 155.502 0
      vertex 179.5 174 0
      vertex 113.775 155.382 0
    endloop
  endfacet
  facet normal 0 0 -1
    outer loop
      vertex 113.18 155.575 0
      vertex 179.5 174 0
      vertex 113.485 155.502 0
    endloop
  endfacet
  facet normal 0 0 -1
    outer loop
      vertex 112.867 155.6 0
      vertex 179.5 174 0
      vertex 113.18 155.575 0
    endloop
  endfacet
  facet normal 0 0 -1
    outer loop
      vertex 112.554 155.575 0
      vertex 179.5 174 0
      vertex 112.867 155.6 0
    endloop
  endfacet
  facet normal 0 0 -1
    outer loop
      vertex 66.9462 155.575 0
      vertex 112.554 155.575 0
      vertex 112.249 155.502 0
    endloop
  endfacet
  facet normal 0 0 -1
    outer loop
      vertex 110.891 73.3671 0
      vertex 68.6333 73.68 0
      vertex 110.867 73.68 0
    endloop
  endfacet
  facet normal 0 0 -1
    outer loop
      vertex 110.965 126.342 0
      vertex 68.6333 126.96 0
      vertex 110.891 126.647 0
    endloop
  endfacet
  facet normal 0 0 -1
    outer loop
      vertex 110.891 126.647 0
      vertex 68.6333 126.96 0
      vertex 110.867 126.96 0
    endloop
  endfacet
  facet normal 0 0 -1
    outer loop
      vertex 110.965 152.982 0
      vertex 68.6333 153.6 0
      vertex 110.891 153.287 0
    endloop
  endfacet
  facet normal 0 0 -1
    outer loop
      vertex 110.891 153.287 0
      vertex 68.6333 153.6 0
      vertex 110.867 153.6 0
    endloop
  endfacet
  facet normal 0 0 -1
    outer loop
      vertex 110.867 153.6 0
      vertex 68.6333 153.6 0
      vertex 110.891 153.913 0
    endloop
  endfacet
  facet normal 0 0 -1
    outer loop
      vertex 68.6087 153.913 0
      vertex 110.891 153.913 0
      vertex 68.6333 153.6 0
    endloop
  endfacet
  facet normal 0 0 -1
    outer loop
      vertex 110.891 153.913 0
      vertex 68.6087 153.913 0
      vertex 110.965 154.218 0
    endloop
  endfacet
  facet normal 0 0 -1
    outer loop
      vertex 68.5354 154.218 0
      vertex 110.965 154.218 0
      vertex 68.6087 153.913 0
    endloop
  endfacet
  facet normal 0 0 -1
    outer loop
      vertex 110.965 154.218 0
      vertex 68.5354 154.218 0
      vertex 111.085 154.508 0
    endloop
  endfacet
  facet normal 0 0 -1
    outer loop
      vertex 68.4153 154.508 0
      vertex 111.085 154.508 0
      vertex 68.5354 154.218 0
    endloop
  endfacet
  facet normal 0 0 -1
    outer loop
      vertex 111.085 154.508 0
      vertex 68.4153 154.508 0
      vertex 111.249 154.776 0
    endloop
  endfacet
  facet normal 0 0 -1
    outer loop
      vertex 68.2514 154.776 0
      vertex 111.249 154.776 0
      vertex 68.4153 154.508 0
    endloop
  endfacet
  facet normal 0 0 -1
    outer loop
      vertex 111.249 154.776 0
      vertex 68.2514 154.776 0
      vertex 111.452 155.014 0
    endloop
  endfacet
  facet normal 0 0 -1
    outer loop
      vertex 68.0475 155.014 0
      vertex 111.452 155.014 0
      vertex 68.2514 154.776 0
    endloop
  endfacet
  facet normal 0 0 -1
    outer loop
      vertex 111.452 155.014 0
      vertex 68.0475 155.014 0
      vertex 111.691 155.218 0
    endloop
  endfacet
  facet normal 0 0 -1
    outer loop
      vertex 67.8089 155.218 0
      vertex 111.691 155.218 0
      vertex 68.0475 155.014 0
    endloop
  endfacet
  facet normal 0 0 -1
    outer loop
      vertex 111.691 155.218 0
      vertex 67.8089 155.218 0
      vertex 111.959 155.382 0
    endloop
  endfacet
  facet normal 0 0 -1
    outer loop
      vertex 67.5413 155.382 0
      vertex 111.959 155.382 0
      vertex 67.8089 155.218 0
    endloop
  endfacet
  facet normal 0 0 -1
    outer loop
      vertex 111.959 155.382 0
      vertex 67.5413 155.382 0
      vertex 112.249 155.502 0
    endloop
  endfacet
  facet normal 0 0 -1
    outer loop
      vertex 67.2514 155.502 0
      vertex 112.249 155.502 0
      vertex 67.5413 155.382 0
    endloop
  endfacet
  facet normal 0 0 -1
    outer loop
      vertex 66.9462 155.575 0
      vertex 112.249 155.502 0
      vertex 67.2514 155.502 0
    endloop
  endfacet
  facet normal 0 0 -1
    outer loop
      vertex 112.554 155.575 0
      vertex 66.9462 155.575 0
      vertex 179.5 174 0
    endloop
  endfacet
  facet normal 0 0 -1
    outer loop
      vertex 0 174 0
      vertex 66.9462 155.575 0
      vertex 66.6333 155.6 0
    endloop
  endfacet
  facet normal 0 0 -1
    outer loop
      vertex 0 174 0
      vertex 66.6333 155.6 0
      vertex 66.3205 155.575 0
    endloop
  endfacet
  facet normal 0 0 -1
    outer loop
      vertex 64.658 73.3671 0
      vertex 22.4 73.68 0
      vertex 64.6333 73.68 0
    endloop
  endfacet
  facet normal 0 0 -1
    outer loop
      vertex 64.7312 126.342 0
      vertex 22.4 126.96 0
      vertex 64.658 126.647 0
    endloop
  endfacet
  facet normal 0 0 -1
    outer loop
      vertex 64.658 126.647 0
      vertex 22.4 126.96 0
      vertex 64.6333 126.96 0
    endloop
  endfacet
  facet normal 0 0 -1
    outer loop
      vertex 64.7312 152.982 0
      vertex 22.4 153.6 0
      vertex 64.658 153.287 0
    endloop
  endfacet
  facet normal 0 0 -1
    outer loop
      vertex 64.658 153.287 0
      vertex 22.4 153.6 0
      vertex 64.6333 153.6 0
    endloop
  endfacet
  facet normal 0 0 -1
    outer loop
      vertex 64.6333 153.6 0
      vertex 22.4 153.6 0
      vertex 64.658 153.913 0
    endloop
  endfacet
  facet normal 0 0 -1
    outer loop
      vertex 22.3754 153.913 0
      vertex 64.658 153.913 0
      vertex 22.4 153.6 0
    endloop
  endfacet
  facet normal 0 0 -1
    outer loop
      vertex 64.658 153.913 0
      vertex 22.3754 153.913 0
      vertex 64.7312 154.218 0
    endloop
  endfacet
  facet normal 0 0 -1
    outer loop
      vertex 22.3021 154.218 0
      vertex 64.7312 154.218 0
      vertex 22.3754 153.913 0
    endloop
  endfacet
  facet normal 0 0 -1
    outer loop
      vertex 64.7312 154.218 0
      vertex 22.3021 154.218 0
      vertex 64.8513 154.508 0
    endloop
  endfacet
  facet normal 0 0 -1
    outer loop
      vertex 22.182 154.508 0
      vertex 64.8513 154.508 0
      vertex 22.3021 154.218 0
    endloop
  endfacet
  facet normal 0 0 -1
    outer loop
      vertex 64.8513 154.508 0
      vertex 22.182 154.508 0
      vertex 65.0153 154.776 0
    endloop
  endfacet
  facet normal 0 0 -1
    outer loop
      vertex 22.018 154.776 0
      vertex 65.0153 154.776 0
      vertex 22.182 154.508 0
    endloop
  endfacet
  facet normal 0 0 -1
    outer loop
      vertex 65.0153 154.776 0
      vertex 22.018 154.776 0
      vertex 65.2191 155.014 0
    endloop
  endfacet
  facet normal 0 0 -1
    outer loop
      vertex 21.8142 155.014 0
      vertex 65.2191 155.014 0
      vertex 22.018 154.776 0
    endloop
  endfacet
  facet normal 0 0 -1
    outer loop
      vertex 65.2191 155.014 0
      vertex 21.8142 155.014 0
      vertex 65.4578 155.218 0
    endloop
  endfacet
  facet normal 0 0 -1
    outer loop
      vertex 21.5756 155.218 0
      vertex 65.4578 155.218 0
      vertex 21.8142 155.014 0
    endloop
  endfacet
  facet normal 0 0 -1
    outer loop
      vertex 65.4578 155.218 0
      vertex 21.5756 155.218 0
      vertex 65.7253 155.382 0
    endloop
  endfacet
  facet normal 0 0 -1
    outer loop
      vertex 21.308 155.382 0
      vertex 65.7253 155.382 0
      vertex 21.5756 155.218 0
    endloop
  endfacet
  facet normal 0 0 -1
    outer loop
      vertex 0 174 0
      vertex 65.7253 155.382 0
      vertex 21.308 155.382 0
    endloop
  endfacet
  facet normal 0 0 -1
    outer loop
      vertex 65.7253 155.382 0
      vertex 0 174 0
      vertex 66.0153 155.502 0
    endloop
  endfacet
  facet normal 0 0 -1
    outer loop
      vertex 66.0153 155.502 0
      vertex 0 174 0
      vertex 66.3205 155.575 0
    endloop
  endfacet
  facet normal 0 0 -1
    outer loop
      vertex 0 174 0
      vertex 21.308 155.382 0
      vertex 21.018 155.502 0
    endloop
  endfacet
  facet normal 0 0 -1
    outer loop
      vertex 0 174 0
      vertex 21.018 155.502 0
      vertex 20.7129 155.575 0
    endloop
  endfacet
  facet normal 0 0 -1
    outer loop
      vertex 0 174 0
      vertex 20.7129 155.575 0
      vertex 20.4 155.6 0
    endloop
  endfacet
  facet normal 0 0 -1
    outer loop
      vertex 0 174 0
      vertex 20.4 155.6 0
      vertex 20.0871 155.575 0
    endloop
  endfacet
  facet normal 0 0 -1
    outer loop
      vertex 18.4246 153.287 0
      vertex 0 174 0
      vertex 18.4 153.6 0
    endloop
  endfacet
  facet normal 0 0 -1
    outer loop
      vertex 66.9462 155.575 0
      vertex 0 174 0
      vertex 179.5 174 0
    endloop
  endfacet
  facet normal 0 0 -1
    outer loop
      vertex 19.782 155.502 0
      vertex 0 174 0
      vertex 20.0871 155.575 0
    endloop
  endfacet
  facet normal 0 0 -1
    outer loop
      vertex 19.492 155.382 0
      vertex 0 174 0
      vertex 19.782 155.502 0
    endloop
  endfacet
  facet normal 0 0 -1
    outer loop
      vertex 19.2244 155.218 0
      vertex 0 174 0
      vertex 19.492 155.382 0
    endloop
  endfacet
  facet normal 0 0 -1
    outer loop
      vertex 18.9858 155.014 0
      vertex 0 174 0
      vertex 19.2244 155.218 0
    endloop
  endfacet
  facet normal 0 0 -1
    outer loop
      vertex 18.782 154.776 0
      vertex 0 174 0
      vertex 18.9858 155.014 0
    endloop
  endfacet
  facet normal 0 0 -1
    outer loop
      vertex 18.618 154.508 0
      vertex 0 174 0
      vertex 18.782 154.776 0
    endloop
  endfacet
  facet normal 0 0 -1
    outer loop
      vertex 18.4979 154.218 0
      vertex 0 174 0
      vertex 18.618 154.508 0
    endloop
  endfacet
  facet normal 0 0 -1
    outer loop
      vertex 18.4246 153.913 0
      vertex 0 174 0
      vertex 18.4979 154.218 0
    endloop
  endfacet
  facet normal 0 0 -1
    outer loop
      vertex 18.4 153.6 0
      vertex 0 174 0
      vertex 18.4246 153.913 0
    endloop
  endfacet
  facet normal -1 0 0
    outer loop
      vertex 0 174 0
      vertex 0 168 13
      vertex 0 174 28
    endloop
  endfacet
  facet normal -1 0 0
    outer loop
      vertex 0 174 0
      vertex 0 6 13
      vertex 0 168 13
    endloop
  endfacet
  facet normal -1 0 0
    outer loop
      vertex 0 0 29
      vertex 0 6 17
      vertex 0 6 13
    endloop
  endfacet
  facet normal -1 0 0
    outer loop
      vertex 0 0 0
      vertex 0 6 13
      vertex 0 174 0
    endloop
  endfacet
  facet normal -1 0 0
    outer loop
      vertex 0 0 29
      vertex 0 6 13
      vertex 0 0 0
    endloop
  endfacet
  facet normal -1 0 0
    outer loop
      vertex 0 6 17
      vertex 0 0 29
      vertex 0 4 28
    endloop
  endfacet
  facet normal -1 0 0
    outer loop
      vertex 0 4 28
      vertex 0 0 29
      vertex 0 4 29
    endloop
  endfacet
  facet normal -1 0 0
    outer loop
      vertex 0 168 17
      vertex 0 174 28
      vertex 0 168 13
    endloop
  endfacet
  facet normal -1 0 0
    outer loop
      vertex 0 4 28
      vertex 0 168 17
      vertex 0 6 17
    endloop
  endfacet
  facet normal -1 0 0
    outer loop
      vertex 0 168 17
      vertex 0 4 28
      vertex 0 174 28
    endloop
  endfacet
  facet normal 0 1 -0
    outer loop
      vertex 179.5 174 0
      vertex 0 174 28
      vertex 179.5 174 28
    endloop
  endfacet
  facet normal 0 1 0
    outer loop
      vertex 0 174 28
      vertex 179.5 174 0
      vertex 0 174 0
    endloop
  endfacet
  facet normal 0 -1 0
    outer loop
      vertex 121.75 0 8.84
      vertex 121.75 0 5
      vertex 127.75 0 8.84
    endloop
  endfacet
  facet normal 0 -1 0
    outer loop
      vertex 51.75 0 17.84
      vertex 83.0534 0 29
      vertex 0 0 29
    endloop
  endfacet
  facet normal 0 -1 -0
    outer loop
      vertex 83.0534 0 29
      vertex 51.75 0 17.84
      vertex 83.0926 0 28.8369
    endloop
  endfacet
  facet normal 0 -1 -0
    outer loop
      vertex 83.0926 0 28.8369
      vertex 51.75 0 17.84
      vertex 83.513 0 27.8221
    endloop
  endfacet
  facet normal 0 -1 -0
    outer loop
      vertex 83.513 0 27.8221
      vertex 51.75 0 17.84
      vertex 84.0869 0 26.8855
    endloop
  endfacet
  facet normal 0 -1 -0
    outer loop
      vertex 84.0869 0 26.8855
      vertex 51.75 0 17.84
      vertex 84.8003 0 26.0503
    endloop
  endfacet
  facet normal 0 -1 -0
    outer loop
      vertex 84.8003 0 26.0503
      vertex 51.75 0 17.84
      vertex 85.6355 0 25.3369
    endloop
  endfacet
  facet normal 0 -1 -0
    outer loop
      vertex 85.6355 0 25.3369
      vertex 51.75 0 17.84
      vertex 86.5721 0 24.763
    endloop
  endfacet
  facet normal 0 -1 -0
    outer loop
      vertex 86.5721 0 24.763
      vertex 51.75 0 17.84
      vertex 87.5869 0 24.3426
    endloop
  endfacet
  facet normal 0 -1 -0
    outer loop
      vertex 87.5869 0 24.3426
      vertex 51.75 0 17.84
      vertex 88.655 0 24.0862
    endloop
  endfacet
  facet normal 0 -1 -0
    outer loop
      vertex 88.655 0 24.0862
      vertex 51.75 0 17.84
      vertex 89.75 0 24
    endloop
  endfacet
  facet normal 0 -1 0
    outer loop
      vertex 0 0 0
      vertex 51.75 0 17.84
      vertex 0 0 29
    endloop
  endfacet
  facet normal 0 -1 0
    outer loop
      vertex 51.75 0 8.84
      vertex 57.75 0 5
      vertex 57.75 0 8.84
    endloop
  endfacet
  facet normal 0 -1 -0
    outer loop
      vertex 51.75 0 17.84
      vertex 0 0 0
      vertex 51.75 0 8.84
    endloop
  endfacet
  facet normal 0 -1 -0
    outer loop
      vertex 57.75 0 5
      vertex 0 0 0
      vertex 121.75 0 5
    endloop
  endfacet
  facet normal 0 -1 -0
    outer loop
      vertex 51.75 0 8.84
      vertex 0 0 0
      vertex 57.75 0 5
    endloop
  endfacet
  facet normal 0 -1 0
    outer loop
      vertex 127.75 0 17.84
      vertex 96.4466 0 29
      vertex 96.4074 0 28.8369
    endloop
  endfacet
  facet normal 0 -1 0
    outer loop
      vertex 127.75 0 17.84
      vertex 96.4074 0 28.8369
      vertex 95.987 0 27.8221
    endloop
  endfacet
  facet normal 0 -1 0
    outer loop
      vertex 127.75 0 17.84
      vertex 95.987 0 27.8221
      vertex 95.4131 0 26.8855
    endloop
  endfacet
  facet normal 0 -1 0
    outer loop
      vertex 127.75 0 17.84
      vertex 95.4131 0 26.8855
      vertex 94.6997 0 26.0503
    endloop
  endfacet
  facet normal 0 -1 0
    outer loop
      vertex 127.75 0 17.84
      vertex 94.6997 0 26.0503
      vertex 93.8645 0 25.3369
    endloop
  endfacet
  facet normal 0 -1 0
    outer loop
      vertex 127.75 0 17.84
      vertex 93.8645 0 25.3369
      vertex 92.9279 0 24.763
    endloop
  endfacet
  facet normal 0 -1 0
    outer loop
      vertex 127.75 0 17.84
      vertex 92.9279 0 24.763
      vertex 91.9131 0 24.3426
    endloop
  endfacet
  facet normal 0 -1 0
    outer loop
      vertex 127.75 0 17.84
      vertex 91.9131 0 24.3426
      vertex 90.845 0 24.0862
    endloop
  endfacet
  facet normal 0 -1 0
    outer loop
      vertex 127.75 0 17.84
      vertex 90.845 0 24.0862
      vertex 89.75 0 24
    endloop
  endfacet
  facet normal 0 -1 0
    outer loop
      vertex 127.75 0 17.84
      vertex 89.75 0 24
      vertex 51.75 0 17.84
    endloop
  endfacet
  facet normal 0 -1 0
    outer loop
      vertex 96.4466 0 29
      vertex 127.75 0 17.84
      vertex 179.5 0 29
    endloop
  endfacet
  facet normal 0 -1 0
    outer loop
      vertex 179.5 0 0
      vertex 127.75 0 17.84
      vertex 127.75 0 8.84
    endloop
  endfacet
  facet normal 0 -1 0
    outer loop
      vertex 179.5 0 0
      vertex 127.75 0 8.84
      vertex 121.75 0 5
    endloop
  endfacet
  facet normal 0 -1 0
    outer loop
      vertex 127.75 0 17.84
      vertex 179.5 0 0
      vertex 179.5 0 29
    endloop
  endfacet
  facet normal 0 -1 0
    outer loop
      vertex 179.5 0 0
      vertex 121.75 0 5
      vertex 0 0 0
    endloop
  endfacet
  facet normal -1 0 0
    outer loop
      vertex 177.1 4 2.6
      vertex 177.1 171.6 28
      vertex 177.1 171.6 2.6
    endloop
  endfacet
  facet normal -1 -0 0
    outer loop
      vertex 177.1 171.6 28
      vertex 177.1 4 2.6
      vertex 177.1 4 28
    endloop
  endfacet
  facet normal 0 0 1
    outer loop
      vertex 177.1 171.6 2.6
      vertex 169.75 160.8 2.6
      vertex 177.1 4 2.6
    endloop
  endfacet
  facet normal 0 0 1
    outer loop
      vertex 177.1 171.6 2.6
      vertex 9.75 160.8 2.6
      vertex 169.75 160.8 2.6
    endloop
  endfacet
  facet normal 0 0 1
    outer loop
      vertex 2.4 4 2.6
      vertex 9.75 160.8 2.6
      vertex 2.4 171.6 2.6
    endloop
  endfacet
  facet normal -0 0 1
    outer loop
      vertex 2.4 171.6 2.6
      vertex 9.75 160.8 2.6
      vertex 177.1 171.6 2.6
    endloop
  endfacet
  facet normal -0 0 1
    outer loop
      vertex 169.75 13.2 2.6
      vertex 177.1 4 2.6
      vertex 169.75 160.8 2.6
    endloop
  endfacet
  facet normal -0 0 1
    outer loop
      vertex 9.75 13.2 2.6
      vertex 177.1 4 2.6
      vertex 169.75 13.2 2.6
    endloop
  endfacet
  facet normal 0 0 1
    outer loop
      vertex 9.75 13.2 2.6
      vertex 2.4 4 2.6
      vertex 177.1 4 2.6
    endloop
  endfacet
  facet normal 0 0 1
    outer loop
      vertex 9.75 160.8 2.6
      vertex 2.4 4 2.6
      vertex 9.75 13.2 2.6
    endloop
  endfacet
  facet normal 1 -0 0
    outer loop
      vertex 2.4 4 28
      vertex 2.4 171.6 2.6
      vertex 2.4 171.6 28
    endloop
  endfacet
  facet normal 1 0 0
    outer loop
      vertex 2.4 171.6 2.6
      vertex 2.4 4 28
      vertex 2.4 4 2.6
    endloop
  endfacet
  facet normal 0 -1 0
    outer loop
      vertex 2.4 171.6 2.6
      vertex 177.1 171.6 28
      vertex 2.4 171.6 28
    endloop
  endfacet
  facet normal 0 -1 -0
    outer loop
      vertex 177.1 171.6 28
      vertex 2.4 171.6 2.6
      vertex 177.1 171.6 2.6
    endloop
  endfacet
  facet normal -0 0 1
    outer loop
      vertex -2.4 168 17
      vertex 0 6 17
      vertex 0 168 17
    endloop
  endfacet
  facet normal 0 0 1
    outer loop
      vertex 0 6 17
      vertex -2.4 168 17
      vertex -2.4 6 17
    endloop
  endfacet
  facet normal 0 0 -1
    outer loop
      vertex -2.4 6 13
      vertex 0 168 13
      vertex 0 6 13
    endloop
  endfacet
  facet normal -0 0 -1
    outer loop
      vertex 0 168 13
      vertex -2.4 6 13
      vertex -2.4 168 13
    endloop
  endfacet
  facet normal -1 0 0
    outer loop
      vertex -2.4 6 13
      vertex -2.4 168 17
      vertex -2.4 168 13
    endloop
  endfacet
  facet normal -1 -0 0
    outer loop
      vertex -2.4 168 17
      vertex -2.4 6 13
      vertex -2.4 6 17
    endloop
  endfacet
  facet normal 0 1 -0
    outer loop
      vertex 0 168 13
      vertex -2.4 168 17
      vertex 0 168 17
    endloop
  endfacet
  facet normal 0 1 0
    outer loop
      vertex -2.4 168 17
      vertex 0 168 13
      vertex -2.4 168 13
    endloop
  endfacet
  facet normal 0 -1 0
    outer loop
      vertex -2.4 6 13
      vertex 0 6 17
      vertex -2.4 6 17
    endloop
  endfacet
  facet normal 0 -1 -0
    outer loop
      vertex 0 6 17
      vertex -2.4 6 13
      vertex 0 6 13
    endloop
  endfacet
  facet normal 1 -0 0
    outer loop
      vertex 181.9 6 17
      vertex 181.9 168 13
      vertex 181.9 168 17
    endloop
  endfacet
  facet normal 1 0 0
    outer loop
      vertex 181.9 168 13
      vertex 181.9 6 17
      vertex 181.9 6 13
    endloop
  endfacet
  facet normal -0 0 1
    outer loop
      vertex 179.5 168 17
      vertex 181.9 6 17
      vertex 181.9 168 17
    endloop
  endfacet
  facet normal 0 0 1
    outer loop
      vertex 181.9 6 17
      vertex 179.5 168 17
      vertex 179.5 6 17
    endloop
  endfacet
  facet normal 0 0 -1
    outer loop
      vertex 179.5 6 13
      vertex 181.9 168 13
      vertex 181.9 6 13
    endloop
  endfacet
  facet normal -0 0 -1
    outer loop
      vertex 181.9 168 13
      vertex 179.5 6 13
      vertex 179.5 168 13
    endloop
  endfacet
  facet normal 0 1 -0
    outer loop
      vertex 181.9 168 13
      vertex 179.5 168 17
      vertex 181.9 168 17
    endloop
  endfacet
  facet normal 0 1 0
    outer loop
      vertex 179.5 168 17
      vertex 181.9 168 13
      vertex 179.5 168 13
    endloop
  endfacet
  facet normal 0 -1 0
    outer loop
      vertex 179.5 6 13
      vertex 181.9 6 17
      vertex 179.5 6 17
    endloop
  endfacet
  facet normal 0 -1 -0
    outer loop
      vertex 181.9 6 17
      vertex 179.5 6 13
      vertex 181.9 6 13
    endloop
  endfacet
  facet normal -0 0 1
    outer loop
      vertex 0 4 29
      vertex 83.0534 0 29
      vertex 83.0534 4 29
    endloop
  endfacet
  facet normal 0 0 1
    outer loop
      vertex 83.0534 0 29
      vertex 0 4 29
      vertex 0 0 29
    endloop
  endfacet
  facet normal -0 0 1
    outer loop
      vertex 96.4466 4 29
      vertex 179.5 0 29
      vertex 179.5 4 29
    endloop
  endfacet
  facet normal 0 0 1
    outer loop
      vertex 179.5 0 29
      vertex 96.4466 4 29
      vertex 96.4466 0 29
    endloop
  endfacet
  facet normal 0 1 -0
    outer loop
      vertex 177.1 4 28
      vertex 96.4466 4 29
      vertex 179.5 4 29
    endloop
  endfacet
  facet normal 0 1 0
    outer loop
      vertex 177.1 4 28
      vertex 179.5 4 29
      vertex 179.5 4 28
    endloop
  endfacet
  facet normal 0 1 -0
    outer loop
      vertex 127.75 4 16.6639
      vertex 96.4466 4 29
      vertex 177.1 4 28
    endloop
  endfacet
  facet normal 0 1 0
    outer loop
      vertex 96.4466 4 29
      vertex 127.75 4 16.6639
      vertex 96.4074 4 28.8369
    endloop
  endfacet
  facet normal 0 1 0
    outer loop
      vertex 96.4074 4 28.8369
      vertex 127.75 4 16.6639
      vertex 95.987 4 27.8221
    endloop
  endfacet
  facet normal 0 1 0
    outer loop
      vertex 95.987 4 27.8221
      vertex 127.75 4 16.6639
      vertex 95.4131 4 26.8855
    endloop
  endfacet
  facet normal 0 1 0
    outer loop
      vertex 95.4131 4 26.8855
      vertex 127.75 4 16.6639
      vertex 94.6997 4 26.0503
    endloop
  endfacet
  facet normal 0 1 0
    outer loop
      vertex 94.6997 4 26.0503
      vertex 127.75 4 16.6639
      vertex 93.8645 4 25.3369
    endloop
  endfacet
  facet normal 0 1 0
    outer loop
      vertex 93.8645 4 25.3369
      vertex 127.75 4 16.6639
      vertex 92.9279 4 24.763
    endloop
  endfacet
  facet normal 0 1 0
    outer loop
      vertex 92.9279 4 24.763
      vertex 127.75 4 16.6639
      vertex 91.9131 4 24.3426
    endloop
  endfacet
  facet normal 0 1 0
    outer loop
      vertex 91.9131 4 24.3426
      vertex 127.75 4 16.6639
      vertex 90.845 4 24.0862
    endloop
  endfacet
  facet normal 0 1 0
    outer loop
      vertex 90.845 4 24.0862
      vertex 127.75 4 16.6639
      vertex 89.75 4 24
    endloop
  endfacet
  facet normal 0 1 -0
    outer loop
      vertex 177.1 4 2.6
      vertex 127.75 4 16.6639
      vertex 177.1 4 28
    endloop
  endfacet
  facet normal 0 1 0
    outer loop
      vertex 127.75 4 10.0161
      vertex 177.1 4 2.6
      vertex 51.75 4 10.0161
    endloop
  endfacet
  facet normal 0 1 0
    outer loop
      vertex 127.75 4 16.6639
      vertex 177.1 4 2.6
      vertex 127.75 4 10.0161
    endloop
  endfacet
  facet normal 0 1 0
    outer loop
      vertex 51.75 4 16.6639
      vertex 83.0926 4 28.8369
      vertex 83.513 4 27.8221
    endloop
  endfacet
  facet normal 0 1 0
    outer loop
      vertex 51.75 4 16.6639
      vertex 83.513 4 27.8221
      vertex 84.0869 4 26.8855
    endloop
  endfacet
  facet normal 0 1 0
    outer loop
      vertex 51.75 4 16.6639
      vertex 84.0869 4 26.8855
      vertex 84.8003 4 26.0503
    endloop
  endfacet
  facet normal 0 1 0
    outer loop
      vertex 51.75 4 16.6639
      vertex 84.8003 4 26.0503
      vertex 85.6355 4 25.3369
    endloop
  endfacet
  facet normal 0 1 0
    outer loop
      vertex 51.75 4 16.6639
      vertex 85.6355 4 25.3369
      vertex 86.5721 4 24.763
    endloop
  endfacet
  facet normal 0 1 0
    outer loop
      vertex 51.75 4 16.6639
      vertex 86.5721 4 24.763
      vertex 87.5869 4 24.3426
    endloop
  endfacet
  facet normal 0 1 0
    outer loop
      vertex 51.75 4 16.6639
      vertex 87.5869 4 24.3426
      vertex 88.655 4 24.0862
    endloop
  endfacet
  facet normal 0 1 0
    outer loop
      vertex 51.75 4 16.6639
      vertex 88.655 4 24.0862
      vertex 89.75 4 24
    endloop
  endfacet
  facet normal 0 1 0
    outer loop
      vertex 51.75 4 16.6639
      vertex 89.75 4 24
      vertex 127.75 4 16.6639
    endloop
  endfacet
  facet normal 0 1 0
    outer loop
      vertex 83.0926 4 28.8369
      vertex 51.75 4 16.6639
      vertex 2.4 4 28
    endloop
  endfacet
  facet normal 0 1 0
    outer loop
      vertex 2.4 4 2.6
      vertex 51.75 4 16.6639
      vertex 51.75 4 10.0161
    endloop
  endfacet
  facet normal 0 1 0
    outer loop
      vertex 51.75 4 16.6639
      vertex 2.4 4 2.6
      vertex 2.4 4 28
    endloop
  endfacet
  facet normal 0 1 0
    outer loop
      vertex 2.4 4 2.6
      vertex 51.75 4 10.0161
      vertex 177.1 4 2.6
    endloop
  endfacet
  facet normal 0 1 0
    outer loop
      vertex 2.4 4 28
      vertex 83.0534 4 29
      vertex 83.0926 4 28.8369
    endloop
  endfacet
  facet normal 0 1 0
    outer loop
      vertex 83.0534 4 29
      vertex 2.4 4 28
      vertex 0 4 29
    endloop
  endfacet
  facet normal 0 1 0
    outer loop
      vertex 0 4 29
      vertex 2.4 4 28
      vertex 0 4 28
    endloop
  endfacet
  facet normal 0 0.707079 -0.707134
    outer loop
      vertex 51.75 4 10.0161
      vertex 127.75 4.51824 10.5343
      vertex 127.75 4 10.0161
    endloop
  endfacet
  facet normal 0 0.707079 -0.707134
    outer loop
      vertex 127.75 4.51824 10.5343
      vertex 51.75 4 10.0161
      vertex 51.75 4.51824 10.5343
    endloop
  endfacet
  facet normal 0 0 -1
    outer loop
      vertex 127.75 -12 8.84
      vertex 121.75 -0.0999994 8.84
      vertex 127.75 0 8.84
    endloop
  endfacet
  facet normal 0 0 -1
    outer loop
      vertex 127.75 -12 8.84
      vertex 57.75 -0.0999994 8.84
      vertex 121.75 -0.0999994 8.84
    endloop
  endfacet
  facet normal 0 0 -1
    outer loop
      vertex 51.75 -12 8.84
      vertex 57.75 -0.0999994 8.84
      vertex 127.75 -12 8.84
    endloop
  endfacet
  facet normal 0 0 -1
    outer loop
      vertex 51.75 0 8.84
      vertex 57.75 -0.0999994 8.84
      vertex 51.75 -12 8.84
    endloop
  endfacet
  facet normal 0 0 -1
    outer loop
      vertex 57.75 -0.0999994 8.84
      vertex 51.75 0 8.84
      vertex 57.75 0 8.84
    endloop
  endfacet
  facet normal -0 0 -1
    outer loop
      vertex 127.75 0 8.84
      vertex 121.75 -0.0999994 8.84
      vertex 121.75 0 8.84
    endloop
  endfacet
  facet normal 0 -0.330244 0.943895
    outer loop
      vertex 51.75 -13.0013 17.7272
      vertex 127.75 -13.9525 17.3944
      vertex 127.75 -13.0013 17.7272
    endloop
  endfacet
  facet normal 0 -0.330244 0.943895
    outer loop
      vertex 127.75 -13.9525 17.3944
      vertex 51.75 -13.0013 17.7272
      vertex 51.75 -13.9525 17.3944
    endloop
  endfacet
  facet normal 0 -0.111965 -0.993712
    outer loop
      vertex 51.75 -13.0013 8.95282
      vertex 127.75 -12 8.84
      vertex 127.75 -13.0013 8.95282
    endloop
  endfacet
  facet normal -0 -0.111965 -0.993712
    outer loop
      vertex 127.75 -12 8.84
      vertex 51.75 -13.0013 8.95282
      vertex 51.75 -12 8.84
    endloop
  endfacet
  facet normal 0 -0.532046 -0.846716
    outer loop
      vertex 51.75 -14.8057 9.82176
      vertex 127.75 -13.9525 9.28564
      vertex 127.75 -14.8057 9.82176
    endloop
  endfacet
  facet normal -0 -0.532046 -0.846716
    outer loop
      vertex 127.75 -13.9525 9.28564
      vertex 51.75 -14.8057 9.82176
      vertex 51.75 -13.9525 9.28564
    endloop
  endfacet
  facet normal 1 -0 0
    outer loop
      vertex 127.75 -12 17.84
      vertex 127.75 0 8.84
      vertex 127.75 0 17.84
    endloop
  endfacet
  facet normal 1 0 0
    outer loop
      vertex 127.75 -12 17.84
      vertex 127.75 -12 8.84
      vertex 127.75 0 8.84
    endloop
  endfacet
  facet normal 1 -0 0
    outer loop
      vertex 127.75 -13.0013 17.7272
      vertex 127.75 -12 8.84
      vertex 127.75 -12 17.84
    endloop
  endfacet
  facet normal 1 0 0
    outer loop
      vertex 127.75 -13.0013 17.7272
      vertex 127.75 -13.0013 8.95282
      vertex 127.75 -12 8.84
    endloop
  endfacet
  facet normal 1 -0 0
    outer loop
      vertex 127.75 -13.9525 17.3944
      vertex 127.75 -13.0013 8.95282
      vertex 127.75 -13.0013 17.7272
    endloop
  endfacet
  facet normal 1 0 0
    outer loop
      vertex 127.75 -13.9525 17.3944
      vertex 127.75 -13.9525 9.28564
      vertex 127.75 -13.0013 8.95282
    endloop
  endfacet
  facet normal 1 -0 0
    outer loop
      vertex 127.75 -14.8057 16.8582
      vertex 127.75 -13.9525 9.28564
      vertex 127.75 -13.9525 17.3944
    endloop
  endfacet
  facet normal 1 0 0
    outer loop
      vertex 127.75 -14.8057 16.8582
      vertex 127.75 -14.8057 9.82176
      vertex 127.75 -13.9525 9.28564
    endloop
  endfacet
  facet normal 1 -0 0
    outer loop
      vertex 127.75 -15.5182 16.1457
      vertex 127.75 -14.8057 9.82176
      vertex 127.75 -14.8057 16.8582
    endloop
  endfacet
  facet normal 1 0 0
    outer loop
      vertex 127.75 -15.5182 16.1457
      vertex 127.75 -15.5182 10.5343
      vertex 127.75 -14.8057 9.82176
    endloop
  endfacet
  facet normal 1 -0 0
    outer loop
      vertex 127.75 -16.0544 15.2925
      vertex 127.75 -15.5182 10.5343
      vertex 127.75 -15.5182 16.1457
    endloop
  endfacet
  facet normal 1 0 0
    outer loop
      vertex 127.75 -16.0544 15.2925
      vertex 127.75 -16.0544 11.3875
      vertex 127.75 -15.5182 10.5343
    endloop
  endfacet
  facet normal 1 -0 0
    outer loop
      vertex 127.75 -16.3872 14.3413
      vertex 127.75 -16.0544 11.3875
      vertex 127.75 -16.0544 15.2925
    endloop
  endfacet
  facet normal 1 0 0
    outer loop
      vertex 127.75 -16.3872 14.3413
      vertex 127.75 -16.3872 12.3387
      vertex 127.75 -16.0544 11.3875
    endloop
  endfacet
  facet normal 1 0 -0
    outer loop
      vertex 127.75 -16.3872 12.3387
      vertex 127.75 -16.3872 14.3413
      vertex 127.75 -16.5 13.34
    endloop
  endfacet
  facet normal 1 0 0
    outer loop
      vertex 127.75 5.38718 14.3413
      vertex 127.75 5.38718 12.3387
      vertex 127.75 5.5 13.34
    endloop
  endfacet
  facet normal 1 0 0
    outer loop
      vertex 127.75 5.05436 15.2925
      vertex 127.75 5.38718 12.3387
      vertex 127.75 5.38718 14.3413
    endloop
  endfacet
  facet normal 1 0 0
    outer loop
      vertex 127.75 5.05436 15.2925
      vertex 127.75 5.05436 11.3875
      vertex 127.75 5.38718 12.3387
    endloop
  endfacet
  facet normal 1 0 0
    outer loop
      vertex 127.75 4 16.6639
      vertex 127.75 5.05436 15.2925
      vertex 127.75 4.51824 16.1457
    endloop
  endfacet
  facet normal 1 0 0
    outer loop
      vertex 127.75 5.05436 15.2925
      vertex 127.75 4 16.6639
      vertex 127.75 5.05436 11.3875
    endloop
  endfacet
  facet normal 1 0 0
    outer loop
      vertex 127.75 4 10.0161
      vertex 127.75 5.05436 11.3875
      vertex 127.75 4 16.6639
    endloop
  endfacet
  facet normal 1 0 0
    outer loop
      vertex 127.75 5.05436 11.3875
      vertex 127.75 4 10.0161
      vertex 127.75 4.51824 10.5343
    endloop
  endfacet
  facet normal 0 0.993712 -0.111965
    outer loop
      vertex 127.75 5.38718 12.3387
      vertex 51.75 5.5 13.34
      vertex 127.75 5.5 13.34
    endloop
  endfacet
  facet normal 0 0.993712 -0.111965
    outer loop
      vertex 51.75 5.5 13.34
      vertex 127.75 5.38718 12.3387
      vertex 51.75 5.38718 12.3387
    endloop
  endfacet
  facet normal 0 0.846716 0.532046
    outer loop
      vertex 127.75 5.05436 15.2925
      vertex 51.75 4.51824 16.1457
      vertex 127.75 4.51824 16.1457
    endloop
  endfacet
  facet normal 0 0.846716 0.532046
    outer loop
      vertex 51.75 4.51824 16.1457
      vertex 127.75 5.05436 15.2925
      vertex 51.75 5.05436 15.2925
    endloop
  endfacet
  facet normal 0 -0.707107 0.707107
    outer loop
      vertex 51.75 -15.5182 16.1457
      vertex 127.75 -14.8057 16.8582
      vertex 51.75 -14.8057 16.8582
    endloop
  endfacet
  facet normal 0 -0.707107 0.707107
    outer loop
      vertex 127.75 -14.8057 16.8582
      vertex 51.75 -15.5182 16.1457
      vertex 127.75 -15.5182 16.1457
    endloop
  endfacet
  facet normal 0 -0.993714 0.111945
    outer loop
      vertex 51.75 -16.5 13.34
      vertex 127.75 -16.3872 14.3413
      vertex 51.75 -16.3872 14.3413
    endloop
  endfacet
  facet normal 0 -0.993714 0.111945
    outer loop
      vertex 127.75 -16.3872 14.3413
      vertex 51.75 -16.5 13.34
      vertex 127.75 -16.5 13.34
    endloop
  endfacet
  facet normal 0 -0.943895 0.330244
    outer loop
      vertex 51.75 -16.3872 14.3413
      vertex 127.75 -16.0544 15.2925
      vertex 51.75 -16.0544 15.2925
    endloop
  endfacet
  facet normal 0 -0.943895 0.330244
    outer loop
      vertex 127.75 -16.0544 15.2925
      vertex 51.75 -16.3872 14.3413
      vertex 127.75 -16.3872 14.3413
    endloop
  endfacet
  facet normal 0 -0.84668 -0.532102
    outer loop
      vertex 51.75 -15.5182 10.5343
      vertex 127.75 -16.0544 11.3875
      vertex 51.75 -16.0544 11.3875
    endloop
  endfacet
  facet normal 0 -0.84668 -0.532102
    outer loop
      vertex 127.75 -16.0544 11.3875
      vertex 51.75 -15.5182 10.5343
      vertex 127.75 -15.5182 10.5343
    endloop
  endfacet
  facet normal 0 -0.532102 0.84668
    outer loop
      vertex 51.75 -13.9525 17.3944
      vertex 127.75 -14.8057 16.8582
      vertex 127.75 -13.9525 17.3944
    endloop
  endfacet
  facet normal 0 -0.532102 0.84668
    outer loop
      vertex 127.75 -14.8057 16.8582
      vertex 51.75 -13.9525 17.3944
      vertex 51.75 -14.8057 16.8582
    endloop
  endfacet
  facet normal 0 -0.707127 -0.707087
    outer loop
      vertex 51.75 -15.5182 10.5343
      vertex 127.75 -14.8057 9.82176
      vertex 127.75 -15.5182 10.5343
    endloop
  endfacet
  facet normal -0 -0.707127 -0.707087
    outer loop
      vertex 127.75 -14.8057 9.82176
      vertex 51.75 -15.5182 10.5343
      vertex 51.75 -14.8057 9.82176
    endloop
  endfacet
  facet normal 0 0.943889 -0.330262
    outer loop
      vertex 127.75 5.05436 11.3875
      vertex 51.75 5.38718 12.3387
      vertex 127.75 5.38718 12.3387
    endloop
  endfacet
  facet normal 0 0.943889 -0.330262
    outer loop
      vertex 51.75 5.38718 12.3387
      vertex 127.75 5.05436 11.3875
      vertex 51.75 5.05436 11.3875
    endloop
  endfacet
  facet normal 0 0.707079 0.707134
    outer loop
      vertex 127.75 4.51824 16.1457
      vertex 51.75 4 16.6639
      vertex 127.75 4 16.6639
    endloop
  endfacet
  facet normal 0 0.707079 0.707134
    outer loop
      vertex 51.75 4 16.6639
      vertex 127.75 4.51824 16.1457
      vertex 51.75 4.51824 16.1457
    endloop
  endfacet
  facet normal 0 -0.993714 -0.111945
    outer loop
      vertex 51.75 -16.3872 12.3387
      vertex 127.75 -16.5 13.34
      vertex 51.75 -16.5 13.34
    endloop
  endfacet
  facet normal 0 -0.993714 -0.111945
    outer loop
      vertex 127.75 -16.5 13.34
      vertex 51.75 -16.3872 12.3387
      vertex 127.75 -16.3872 12.3387
    endloop
  endfacet
  facet normal 0 -0.111945 0.993714
    outer loop
      vertex 51.75 -12 17.84
      vertex 127.75 -13.0013 17.7272
      vertex 127.75 -12 17.84
    endloop
  endfacet
  facet normal 0 -0.111945 0.993714
    outer loop
      vertex 127.75 -13.0013 17.7272
      vertex 51.75 -12 17.84
      vertex 51.75 -13.0013 17.7272
    endloop
  endfacet
  facet normal 0 -0.943895 -0.330244
    outer loop
      vertex 51.75 -16.0544 11.3875
      vertex 127.75 -16.3872 12.3387
      vertex 51.75 -16.3872 12.3387
    endloop
  endfacet
  facet normal 0 -0.943895 -0.330244
    outer loop
      vertex 127.75 -16.3872 12.3387
      vertex 51.75 -16.0544 11.3875
      vertex 127.75 -16.0544 11.3875
    endloop
  endfacet
  facet normal -0 0 1
    outer loop
      vertex 51.75 0 17.84
      vertex 127.75 -12 17.84
      vertex 127.75 0 17.84
    endloop
  endfacet
  facet normal 0 0 1
    outer loop
      vertex 127.75 -12 17.84
      vertex 51.75 0 17.84
      vertex 51.75 -12 17.84
    endloop
  endfacet
  facet normal 0 -0.84668 0.532102
    outer loop
      vertex 51.75 -16.0544 15.2925
      vertex 127.75 -15.5182 16.1457
      vertex 51.75 -15.5182 16.1457
    endloop
  endfacet
  facet normal 0 -0.84668 0.532102
    outer loop
      vertex 127.75 -15.5182 16.1457
      vertex 51.75 -16.0544 15.2925
      vertex 127.75 -16.0544 15.2925
    endloop
  endfacet
  facet normal 0 -0.330262 -0.943889
    outer loop
      vertex 51.75 -13.9525 9.28564
      vertex 127.75 -13.0013 8.95282
      vertex 127.75 -13.9525 9.28564
    endloop
  endfacet
  facet normal -0 -0.330262 -0.943889
    outer loop
      vertex 127.75 -13.0013 8.95282
      vertex 51.75 -13.9525 9.28564
      vertex 51.75 -13.0013 8.95282
    endloop
  endfacet
  facet normal 0 0.993712 0.111965
    outer loop
      vertex 127.75 5.5 13.34
      vertex 51.75 5.38718 14.3413
      vertex 127.75 5.38718 14.3413
    endloop
  endfacet
  facet normal 0 0.993712 0.111965
    outer loop
      vertex 51.75 5.38718 14.3413
      vertex 127.75 5.5 13.34
      vertex 51.75 5.5 13.34
    endloop
  endfacet
  facet normal 0 0.943889 0.330262
    outer loop
      vertex 127.75 5.38718 14.3413
      vertex 51.75 5.05436 15.2925
      vertex 127.75 5.05436 15.2925
    endloop
  endfacet
  facet normal 0 0.943889 0.330262
    outer loop
      vertex 51.75 5.05436 15.2925
      vertex 127.75 5.38718 14.3413
      vertex 51.75 5.38718 14.3413
    endloop
  endfacet
  facet normal 0 0.846716 -0.532046
    outer loop
      vertex 127.75 4.51824 10.5343
      vertex 51.75 5.05436 11.3875
      vertex 127.75 5.05436 11.3875
    endloop
  endfacet
  facet normal 0 0.846716 -0.532046
    outer loop
      vertex 51.75 5.05436 11.3875
      vertex 127.75 4.51824 10.5343
      vertex 51.75 4.51824 10.5343
    endloop
  endfacet
  facet normal -1 0 0
    outer loop
      vertex 51.75 5.38718 12.3387
      vertex 51.75 5.38718 14.3413
      vertex 51.75 5.5 13.34
    endloop
  endfacet
  facet normal -1 0 0
    outer loop
      vertex 51.75 5.05436 11.3875
      vertex 51.75 5.38718 14.3413
      vertex 51.75 5.38718 12.3387
    endloop
  endfacet
  facet normal -1 0 0
    outer loop
      vertex 51.75 5.05436 11.3875
      vertex 51.75 5.05436 15.2925
      vertex 51.75 5.38718 14.3413
    endloop
  endfacet
  facet normal -1 0 0
    outer loop
      vertex 51.75 4 10.0161
      vertex 51.75 5.05436 11.3875
      vertex 51.75 4.51824 10.5343
    endloop
  endfacet
  facet normal -1 -0 0
    outer loop
      vertex 51.75 5.05436 11.3875
      vertex 51.75 4 10.0161
      vertex 51.75 5.05436 15.2925
    endloop
  endfacet
  facet normal -1 0 0
    outer loop
      vertex 51.75 4 16.6639
      vertex 51.75 5.05436 15.2925
      vertex 51.75 4 10.0161
    endloop
  endfacet
  facet normal -1 0 0
    outer loop
      vertex 51.75 5.05436 15.2925
      vertex 51.75 4 16.6639
      vertex 51.75 4.51824 16.1457
    endloop
  endfacet
  facet normal -1 0 0
    outer loop
      vertex 51.75 -12 8.84
      vertex 51.75 0 17.84
      vertex 51.75 0 8.84
    endloop
  endfacet
  facet normal -1 0 0
    outer loop
      vertex 51.75 -12 8.84
      vertex 51.75 -12 17.84
      vertex 51.75 0 17.84
    endloop
  endfacet
  facet normal -1 0 0
    outer loop
      vertex 51.75 -13.0013 8.95282
      vertex 51.75 -12 17.84
      vertex 51.75 -12 8.84
    endloop
  endfacet
  facet normal -1 0 0
    outer loop
      vertex 51.75 -13.0013 8.95282
      vertex 51.75 -13.0013 17.7272
      vertex 51.75 -12 17.84
    endloop
  endfacet
  facet normal -1 0 0
    outer loop
      vertex 51.75 -13.9525 9.28564
      vertex 51.75 -13.0013 17.7272
      vertex 51.75 -13.0013 8.95282
    endloop
  endfacet
  facet normal -1 0 0
    outer loop
      vertex 51.75 -13.9525 9.28564
      vertex 51.75 -13.9525 17.3944
      vertex 51.75 -13.0013 17.7272
    endloop
  endfacet
  facet normal -1 0 0
    outer loop
      vertex 51.75 -14.8057 9.82176
      vertex 51.75 -13.9525 17.3944
      vertex 51.75 -13.9525 9.28564
    endloop
  endfacet
  facet normal -1 0 0
    outer loop
      vertex 51.75 -14.8057 9.82176
      vertex 51.75 -14.8057 16.8582
      vertex 51.75 -13.9525 17.3944
    endloop
  endfacet
  facet normal -1 0 0
    outer loop
      vertex 51.75 -15.5182 10.5343
      vertex 51.75 -14.8057 16.8582
      vertex 51.75 -14.8057 9.82176
    endloop
  endfacet
  facet normal -1 0 0
    outer loop
      vertex 51.75 -15.5182 10.5343
      vertex 51.75 -15.5182 16.1457
      vertex 51.75 -14.8057 16.8582
    endloop
  endfacet
  facet normal -1 0 0
    outer loop
      vertex 51.75 -16.0544 11.3875
      vertex 51.75 -15.5182 16.1457
      vertex 51.75 -15.5182 10.5343
    endloop
  endfacet
  facet normal -1 0 0
    outer loop
      vertex 51.75 -16.0544 11.3875
      vertex 51.75 -16.0544 15.2925
      vertex 51.75 -15.5182 16.1457
    endloop
  endfacet
  facet normal -1 0 0
    outer loop
      vertex 51.75 -16.3872 12.3387
      vertex 51.75 -16.0544 15.2925
      vertex 51.75 -16.0544 11.3875
    endloop
  endfacet
  facet normal -1 0 0
    outer loop
      vertex 51.75 -16.3872 12.3387
      vertex 51.75 -16.3872 14.3413
      vertex 51.75 -16.0544 15.2925
    endloop
  endfacet
  facet normal -1 0 -0
    outer loop
      vertex 51.75 -16.3872 14.3413
      vertex 51.75 -16.3872 12.3387
      vertex 51.75 -16.5 13.34
    endloop
  endfacet
  facet normal -0.233602 0.972332 0
    outer loop
      vertex 21.018 18.4979 0
      vertex 20.7129 18.4246 1.6
      vertex 21.018 18.4979 1.6
    endloop
  endfacet
  facet normal -0.233602 0.972332 0
    outer loop
      vertex 20.7129 18.4246 1.6
      vertex 21.018 18.4979 0
      vertex 20.7129 18.4246 0
    endloop
  endfacet
  facet normal -0.972332 -0.233602 0
    outer loop
      vertex 22.3754 20.7129 0
      vertex 22.3021 21.018 1.6
      vertex 22.3021 21.018 0
    endloop
  endfacet
  facet normal -0.972332 -0.233602 0
    outer loop
      vertex 22.3021 21.018 1.6
      vertex 22.3754 20.7129 0
      vertex 22.3754 20.7129 1.6
    endloop
  endfacet
  facet normal -0.996924 -0.0783775 0
    outer loop
      vertex 22.4 20.4 0
      vertex 22.3754 20.7129 1.6
      vertex 22.3754 20.7129 0
    endloop
  endfacet
  facet normal -0.996924 -0.0783775 0
    outer loop
      vertex 22.3754 20.7129 1.6
      vertex 22.4 20.4 0
      vertex 22.4 20.4 1.6
    endloop
  endfacet
  facet normal -0.996924 0.0783775 0
    outer loop
      vertex 22.3754 20.0871 0
      vertex 22.4 20.4 1.6
      vertex 22.4 20.4 0
    endloop
  endfacet
  facet normal -0.996924 0.0783775 0
    outer loop
      vertex 22.4 20.4 1.6
      vertex 22.3754 20.0871 0
      vertex 22.3754 20.0871 1.6
    endloop
  endfacet
  facet normal 0.85262 0.522532 0
    outer loop
      vertex 18.782 19.2244 1.6
      vertex 18.618 19.492 0
      vertex 18.618 19.492 1.6
    endloop
  endfacet
  facet normal 0.85262 0.522532 0
    outer loop
      vertex 18.618 19.492 0
      vertex 18.782 19.2244 1.6
      vertex 18.782 19.2244 0
    endloop
  endfacet
  facet normal -0.76038 -0.649478 0
    outer loop
      vertex 22.018 21.5756 0
      vertex 21.8142 21.8142 1.6
      vertex 21.8142 21.8142 0
    endloop
  endfacet
  facet normal -0.76038 -0.649478 0
    outer loop
      vertex 21.8142 21.8142 1.6
      vertex 22.018 21.5756 0
      vertex 22.018 21.5756 1.6
    endloop
  endfacet
  facet normal -0.649478 -0.76038 0
    outer loop
      vertex 21.5756 22.018 0
      vertex 21.8142 21.8142 1.6
      vertex 21.5756 22.018 1.6
    endloop
  endfacet
  facet normal -0.649478 -0.76038 -0
    outer loop
      vertex 21.8142 21.8142 1.6
      vertex 21.5756 22.018 0
      vertex 21.8142 21.8142 0
    endloop
  endfacet
  facet normal 0.85262 -0.522532 0
    outer loop
      vertex 18.618 21.308 1.6
      vertex 18.782 21.5756 0
      vertex 18.782 21.5756 1.6
    endloop
  endfacet
  facet normal 0.85262 -0.522532 0
    outer loop
      vertex 18.782 21.5756 0
      vertex 18.618 21.308 1.6
      vertex 18.618 21.308 0
    endloop
  endfacet
  facet normal 0.649478 -0.76038 0
    outer loop
      vertex 18.9858 21.8142 0
      vertex 19.2244 22.018 1.6
      vertex 18.9858 21.8142 1.6
    endloop
  endfacet
  facet normal 0.649478 -0.76038 0
    outer loop
      vertex 19.2244 22.018 1.6
      vertex 18.9858 21.8142 0
      vertex 19.2244 22.018 0
    endloop
  endfacet
  facet normal -0.0783775 -0.996924 0
    outer loop
      vertex 20.4 22.4 0
      vertex 20.7129 22.3754 1.6
      vertex 20.4 22.4 1.6
    endloop
  endfacet
  facet normal -0.0783775 -0.996924 -0
    outer loop
      vertex 20.7129 22.3754 1.6
      vertex 20.4 22.4 0
      vertex 20.7129 22.3754 0
    endloop
  endfacet
  facet normal 0.972332 -0.233602 0
    outer loop
      vertex 18.4246 20.7129 1.6
      vertex 18.4979 21.018 0
      vertex 18.4979 21.018 1.6
    endloop
  endfacet
  facet normal 0.972332 -0.233602 0
    outer loop
      vertex 18.4979 21.018 0
      vertex 18.4246 20.7129 1.6
      vertex 18.4246 20.7129 0
    endloop
  endfacet
  facet normal 0.996924 -0.0783775 0
    outer loop
      vertex 18.4 20.4 1.6
      vertex 18.4246 20.7129 0
      vertex 18.4246 20.7129 1.6
    endloop
  endfacet
  facet normal 0.996924 -0.0783775 0
    outer loop
      vertex 18.4246 20.7129 0
      vertex 18.4 20.4 1.6
      vertex 18.4 20.4 0
    endloop
  endfacet
  facet normal -0.0783775 0.996924 0
    outer loop
      vertex 20.7129 18.4246 0
      vertex 20.4 18.4 1.6
      vertex 20.7129 18.4246 1.6
    endloop
  endfacet
  facet normal -0.0783775 0.996924 0
    outer loop
      vertex 20.4 18.4 1.6
      vertex 20.7129 18.4246 0
      vertex 20.4 18.4 0
    endloop
  endfacet
  facet normal 0.0783775 0.996924 -0
    outer loop
      vertex 20.4 18.4 0
      vertex 20.0871 18.4246 1.6
      vertex 20.4 18.4 1.6
    endloop
  endfacet
  facet normal 0.0783775 0.996924 0
    outer loop
      vertex 20.0871 18.4246 1.6
      vertex 20.4 18.4 0
      vertex 20.0871 18.4246 0
    endloop
  endfacet
  facet normal 0.382624 0.923904 -0
    outer loop
      vertex 19.782 18.4979 0
      vertex 19.492 18.618 1.6
      vertex 19.782 18.4979 1.6
    endloop
  endfacet
  facet normal 0.382624 0.923904 0
    outer loop
      vertex 19.492 18.618 1.6
      vertex 19.782 18.4979 0
      vertex 19.492 18.618 0
    endloop
  endfacet
  facet normal 0.972332 0.233602 0
    outer loop
      vertex 18.4979 19.782 1.6
      vertex 18.4246 20.0871 0
      vertex 18.4246 20.0871 1.6
    endloop
  endfacet
  facet normal 0.972332 0.233602 0
    outer loop
      vertex 18.4246 20.0871 0
      vertex 18.4979 19.782 1.6
      vertex 18.4979 19.782 0
    endloop
  endfacet
  facet normal -0.85262 0.522532 0
    outer loop
      vertex 22.018 19.2244 0
      vertex 22.182 19.492 1.6
      vertex 22.182 19.492 0
    endloop
  endfacet
  facet normal -0.85262 0.522532 0
    outer loop
      vertex 22.182 19.492 1.6
      vertex 22.018 19.2244 0
      vertex 22.018 19.2244 1.6
    endloop
  endfacet
  facet normal 0.522532 -0.85262 0
    outer loop
      vertex 19.2244 22.018 0
      vertex 19.492 22.182 1.6
      vertex 19.2244 22.018 1.6
    endloop
  endfacet
  facet normal 0.522532 -0.85262 0
    outer loop
      vertex 19.492 22.182 1.6
      vertex 19.2244 22.018 0
      vertex 19.492 22.182 0
    endloop
  endfacet
  facet normal -0.522532 0.85262 0
    outer loop
      vertex 21.5756 18.782 0
      vertex 21.308 18.618 1.6
      vertex 21.5756 18.782 1.6
    endloop
  endfacet
  facet normal -0.522532 0.85262 0
    outer loop
      vertex 21.308 18.618 1.6
      vertex 21.5756 18.782 0
      vertex 21.308 18.618 0
    endloop
  endfacet
  facet normal -0.923904 0.382624 0
    outer loop
      vertex 22.182 19.492 0
      vertex 22.3021 19.782 1.6
      vertex 22.3021 19.782 0
    endloop
  endfacet
  facet normal -0.923904 0.382624 0
    outer loop
      vertex 22.3021 19.782 1.6
      vertex 22.182 19.492 0
      vertex 22.182 19.492 1.6
    endloop
  endfacet
  facet normal -0.382624 -0.923904 0
    outer loop
      vertex 21.018 22.3021 0
      vertex 21.308 22.182 1.6
      vertex 21.018 22.3021 1.6
    endloop
  endfacet
  facet normal -0.382624 -0.923904 -0
    outer loop
      vertex 21.308 22.182 1.6
      vertex 21.018 22.3021 0
      vertex 21.308 22.182 0
    endloop
  endfacet
  facet normal 0.996924 0.0783775 0
    outer loop
      vertex 18.4246 20.0871 1.6
      vertex 18.4 20.4 0
      vertex 18.4 20.4 1.6
    endloop
  endfacet
  facet normal 0.996924 0.0783775 0
    outer loop
      vertex 18.4 20.4 0
      vertex 18.4246 20.0871 1.6
      vertex 18.4246 20.0871 0
    endloop
  endfacet
  facet normal -0.923904 -0.382624 0
    outer loop
      vertex 22.3021 21.018 0
      vertex 22.182 21.308 1.6
      vertex 22.182 21.308 0
    endloop
  endfacet
  facet normal -0.923904 -0.382624 0
    outer loop
      vertex 22.182 21.308 1.6
      vertex 22.3021 21.018 0
      vertex 22.3021 21.018 1.6
    endloop
  endfacet
  facet normal 0.76038 -0.649478 0
    outer loop
      vertex 18.782 21.5756 1.6
      vertex 18.9858 21.8142 0
      vertex 18.9858 21.8142 1.6
    endloop
  endfacet
  facet normal 0.76038 -0.649478 0
    outer loop
      vertex 18.9858 21.8142 0
      vertex 18.782 21.5756 1.6
      vertex 18.782 21.5756 0
    endloop
  endfacet
  facet normal -0.522532 -0.85262 0
    outer loop
      vertex 21.308 22.182 0
      vertex 21.5756 22.018 1.6
      vertex 21.308 22.182 1.6
    endloop
  endfacet
  facet normal -0.522532 -0.85262 -0
    outer loop
      vertex 21.5756 22.018 1.6
      vertex 21.308 22.182 0
      vertex 21.5756 22.018 0
    endloop
  endfacet
  facet normal 0.923904 -0.382624 0
    outer loop
      vertex 18.4979 21.018 1.6
      vertex 18.618 21.308 0
      vertex 18.618 21.308 1.6
    endloop
  endfacet
  facet normal 0.923904 -0.382624 0
    outer loop
      vertex 18.618 21.308 0
      vertex 18.4979 21.018 1.6
      vertex 18.4979 21.018 0
    endloop
  endfacet
  facet normal 0.522532 0.85262 -0
    outer loop
      vertex 19.492 18.618 0
      vertex 19.2244 18.782 1.6
      vertex 19.492 18.618 1.6
    endloop
  endfacet
  facet normal 0.522532 0.85262 0
    outer loop
      vertex 19.2244 18.782 1.6
      vertex 19.492 18.618 0
      vertex 19.2244 18.782 0
    endloop
  endfacet
  facet normal 0.233602 -0.972332 0
    outer loop
      vertex 19.782 22.3021 0
      vertex 20.0871 22.3754 1.6
      vertex 19.782 22.3021 1.6
    endloop
  endfacet
  facet normal 0.233602 -0.972332 0
    outer loop
      vertex 20.0871 22.3754 1.6
      vertex 19.782 22.3021 0
      vertex 20.0871 22.3754 0
    endloop
  endfacet
  facet normal -0.85262 -0.522532 0
    outer loop
      vertex 22.182 21.308 0
      vertex 22.018 21.5756 1.6
      vertex 22.018 21.5756 0
    endloop
  endfacet
  facet normal -0.85262 -0.522532 0
    outer loop
      vertex 22.018 21.5756 1.6
      vertex 22.182 21.308 0
      vertex 22.182 21.308 1.6
    endloop
  endfacet
  facet normal 0.76038 0.649478 0
    outer loop
      vertex 18.9858 18.9858 1.6
      vertex 18.782 19.2244 0
      vertex 18.782 19.2244 1.6
    endloop
  endfacet
  facet normal 0.76038 0.649478 0
    outer loop
      vertex 18.782 19.2244 0
      vertex 18.9858 18.9858 1.6
      vertex 18.9858 18.9858 0
    endloop
  endfacet
  facet normal -0.972332 0.233602 0
    outer loop
      vertex 22.3021 19.782 0
      vertex 22.3754 20.0871 1.6
      vertex 22.3754 20.0871 0
    endloop
  endfacet
  facet normal -0.972332 0.233602 0
    outer loop
      vertex 22.3754 20.0871 1.6
      vertex 22.3021 19.782 0
      vertex 22.3021 19.782 1.6
    endloop
  endfacet
  facet normal 0.649478 0.76038 -0
    outer loop
      vertex 19.2244 18.782 0
      vertex 18.9858 18.9858 1.6
      vertex 19.2244 18.782 1.6
    endloop
  endfacet
  facet normal 0.649478 0.76038 0
    outer loop
      vertex 18.9858 18.9858 1.6
      vertex 19.2244 18.782 0
      vertex 18.9858 18.9858 0
    endloop
  endfacet
  facet normal -0.76038 0.649478 0
    outer loop
      vertex 21.8142 18.9858 0
      vertex 22.018 19.2244 1.6
      vertex 22.018 19.2244 0
    endloop
  endfacet
  facet normal -0.76038 0.649478 0
    outer loop
      vertex 22.018 19.2244 1.6
      vertex 21.8142 18.9858 0
      vertex 21.8142 18.9858 1.6
    endloop
  endfacet
  facet normal -0.649478 0.76038 0
    outer loop
      vertex 21.8142 18.9858 0
      vertex 21.5756 18.782 1.6
      vertex 21.8142 18.9858 1.6
    endloop
  endfacet
  facet normal -0.649478 0.76038 0
    outer loop
      vertex 21.5756 18.782 1.6
      vertex 21.8142 18.9858 0
      vertex 21.5756 18.782 0
    endloop
  endfacet
  facet normal 0.233602 0.972332 -0
    outer loop
      vertex 20.0871 18.4246 0
      vertex 19.782 18.4979 1.6
      vertex 20.0871 18.4246 1.6
    endloop
  endfacet
  facet normal 0.233602 0.972332 0
    outer loop
      vertex 19.782 18.4979 1.6
      vertex 20.0871 18.4246 0
      vertex 19.782 18.4979 0
    endloop
  endfacet
  facet normal 0.382624 -0.923904 0
    outer loop
      vertex 19.492 22.182 0
      vertex 19.782 22.3021 1.6
      vertex 19.492 22.182 1.6
    endloop
  endfacet
  facet normal 0.382624 -0.923904 0
    outer loop
      vertex 19.782 22.3021 1.6
      vertex 19.492 22.182 0
      vertex 19.782 22.3021 0
    endloop
  endfacet
  facet normal 0.923904 0.382624 0
    outer loop
      vertex 18.618 19.492 1.6
      vertex 18.4979 19.782 0
      vertex 18.4979 19.782 1.6
    endloop
  endfacet
  facet normal 0.923904 0.382624 0
    outer loop
      vertex 18.4979 19.782 0
      vertex 18.618 19.492 1.6
      vertex 18.618 19.492 0
    endloop
  endfacet
  facet normal -0.382624 0.923904 0
    outer loop
      vertex 21.308 18.618 0
      vertex 21.018 18.4979 1.6
      vertex 21.308 18.618 1.6
    endloop
  endfacet
  facet normal -0.382624 0.923904 0
    outer loop
      vertex 21.018 18.4979 1.6
      vertex 21.308 18.618 0
      vertex 21.018 18.4979 0
    endloop
  endfacet
  facet normal 0.0783775 -0.996924 0
    outer loop
      vertex 20.0871 22.3754 0
      vertex 20.4 22.4 1.6
      vertex 20.0871 22.3754 1.6
    endloop
  endfacet
  facet normal 0.0783775 -0.996924 0
    outer loop
      vertex 20.4 22.4 1.6
      vertex 20.0871 22.3754 0
      vertex 20.4 22.4 0
    endloop
  endfacet
  facet normal -0.233602 -0.972332 0
    outer loop
      vertex 20.7129 22.3754 0
      vertex 21.018 22.3021 1.6
      vertex 20.7129 22.3754 1.6
    endloop
  endfacet
  facet normal -0.233602 -0.972332 -0
    outer loop
      vertex 21.018 22.3021 1.6
      vertex 20.7129 22.3754 0
      vertex 21.018 22.3021 0
    endloop
  endfacet
  facet normal -0.233602 0.972332 0
    outer loop
      vertex 21.018 45.1379 0
      vertex 20.7129 45.0646 1.6
      vertex 21.018 45.1379 1.6
    endloop
  endfacet
  facet normal -0.233602 0.972332 0
    outer loop
      vertex 20.7129 45.0646 1.6
      vertex 21.018 45.1379 0
      vertex 20.7129 45.0646 0
    endloop
  endfacet
  facet normal -0.972332 -0.233602 0
    outer loop
      vertex 22.3754 47.3529 0
      vertex 22.3021 47.658 1.6
      vertex 22.3021 47.658 0
    endloop
  endfacet
  facet normal -0.972332 -0.233602 0
    outer loop
      vertex 22.3021 47.658 1.6
      vertex 22.3754 47.3529 0
      vertex 22.3754 47.3529 1.6
    endloop
  endfacet
  facet normal -0.996924 -0.0783775 0
    outer loop
      vertex 22.4 47.04 0
      vertex 22.3754 47.3529 1.6
      vertex 22.3754 47.3529 0
    endloop
  endfacet
  facet normal -0.996924 -0.0783775 0
    outer loop
      vertex 22.3754 47.3529 1.6
      vertex 22.4 47.04 0
      vertex 22.4 47.04 1.6
    endloop
  endfacet
  facet normal -0.76038 -0.649478 0
    outer loop
      vertex 22.018 48.2156 0
      vertex 21.8142 48.4542 1.6
      vertex 21.8142 48.4542 0
    endloop
  endfacet
  facet normal -0.76038 -0.649478 0
    outer loop
      vertex 21.8142 48.4542 1.6
      vertex 22.018 48.2156 0
      vertex 22.018 48.2156 1.6
    endloop
  endfacet
  facet normal -0.649478 -0.76038 0
    outer loop
      vertex 21.5756 48.658 0
      vertex 21.8142 48.4542 1.6
      vertex 21.5756 48.658 1.6
    endloop
  endfacet
  facet normal -0.649478 -0.76038 -0
    outer loop
      vertex 21.8142 48.4542 1.6
      vertex 21.5756 48.658 0
      vertex 21.8142 48.4542 0
    endloop
  endfacet
  facet normal -0.233602 -0.972332 0
    outer loop
      vertex 20.7129 49.0154 0
      vertex 21.018 48.9421 1.6
      vertex 20.7129 49.0154 1.6
    endloop
  endfacet
  facet normal -0.233602 -0.972332 -0
    outer loop
      vertex 21.018 48.9421 1.6
      vertex 20.7129 49.0154 0
      vertex 21.018 48.9421 0
    endloop
  endfacet
  facet normal -0.649478 0.76038 0
    outer loop
      vertex 21.8142 45.6258 0
      vertex 21.5756 45.422 1.6
      vertex 21.8142 45.6258 1.6
    endloop
  endfacet
  facet normal -0.649478 0.76038 0
    outer loop
      vertex 21.5756 45.422 1.6
      vertex 21.8142 45.6258 0
      vertex 21.5756 45.422 0
    endloop
  endfacet
  facet normal -0.382624 0.923904 0
    outer loop
      vertex 21.308 45.258 0
      vertex 21.018 45.1379 1.6
      vertex 21.308 45.258 1.6
    endloop
  endfacet
  facet normal -0.382624 0.923904 0
    outer loop
      vertex 21.018 45.1379 1.6
      vertex 21.308 45.258 0
      vertex 21.018 45.1379 0
    endloop
  endfacet
  facet normal 0.382624 0.923904 -0
    outer loop
      vertex 19.782 45.1379 0
      vertex 19.492 45.258 1.6
      vertex 19.782 45.1379 1.6
    endloop
  endfacet
  facet normal 0.382624 0.923904 0
    outer loop
      vertex 19.492 45.258 1.6
      vertex 19.782 45.1379 0
      vertex 19.492 45.258 0
    endloop
  endfacet
  facet normal 0.76038 0.649478 0
    outer loop
      vertex 18.9858 45.6258 1.6
      vertex 18.782 45.8644 0
      vertex 18.782 45.8644 1.6
    endloop
  endfacet
  facet normal 0.76038 0.649478 0
    outer loop
      vertex 18.782 45.8644 0
      vertex 18.9858 45.6258 1.6
      vertex 18.9858 45.6258 0
    endloop
  endfacet
  facet normal 0.649478 -0.76038 0
    outer loop
      vertex 18.9858 48.4542 0
      vertex 19.2244 48.658 1.6
      vertex 18.9858 48.4542 1.6
    endloop
  endfacet
  facet normal 0.649478 -0.76038 0
    outer loop
      vertex 19.2244 48.658 1.6
      vertex 18.9858 48.4542 0
      vertex 19.2244 48.658 0
    endloop
  endfacet
  facet normal 0.972332 0.233602 0
    outer loop
      vertex 18.4979 46.422 1.6
      vertex 18.4246 46.7271 0
      vertex 18.4246 46.7271 1.6
    endloop
  endfacet
  facet normal 0.972332 0.233602 0
    outer loop
      vertex 18.4246 46.7271 0
      vertex 18.4979 46.422 1.6
      vertex 18.4979 46.422 0
    endloop
  endfacet
  facet normal -0.85262 0.522532 0
    outer loop
      vertex 22.018 45.8644 0
      vertex 22.182 46.132 1.6
      vertex 22.182 46.132 0
    endloop
  endfacet
  facet normal -0.85262 0.522532 0
    outer loop
      vertex 22.182 46.132 1.6
      vertex 22.018 45.8644 0
      vertex 22.018 45.8644 1.6
    endloop
  endfacet
  facet normal 0.996924 -0.0783775 0
    outer loop
      vertex 18.4 47.04 1.6
      vertex 18.4246 47.3529 0
      vertex 18.4246 47.3529 1.6
    endloop
  endfacet
  facet normal 0.996924 -0.0783775 0
    outer loop
      vertex 18.4246 47.3529 0
      vertex 18.4 47.04 1.6
      vertex 18.4 47.04 0
    endloop
  endfacet
  facet normal -0.923904 0.382624 0
    outer loop
      vertex 22.182 46.132 0
      vertex 22.3021 46.422 1.6
      vertex 22.3021 46.422 0
    endloop
  endfacet
  facet normal -0.923904 0.382624 0
    outer loop
      vertex 22.3021 46.422 1.6
      vertex 22.182 46.132 0
      vertex 22.182 46.132 1.6
    endloop
  endfacet
  facet normal -0.382624 -0.923904 0
    outer loop
      vertex 21.018 48.9421 0
      vertex 21.308 48.822 1.6
      vertex 21.018 48.9421 1.6
    endloop
  endfacet
  facet normal -0.382624 -0.923904 -0
    outer loop
      vertex 21.308 48.822 1.6
      vertex 21.018 48.9421 0
      vertex 21.308 48.822 0
    endloop
  endfacet
  facet normal 0.923904 0.382624 0
    outer loop
      vertex 18.618 46.132 1.6
      vertex 18.4979 46.422 0
      vertex 18.4979 46.422 1.6
    endloop
  endfacet
  facet normal 0.923904 0.382624 0
    outer loop
      vertex 18.4979 46.422 0
      vertex 18.618 46.132 1.6
      vertex 18.618 46.132 0
    endloop
  endfacet
  facet normal -0.522532 0.85262 0
    outer loop
      vertex 21.5756 45.422 0
      vertex 21.308 45.258 1.6
      vertex 21.5756 45.422 1.6
    endloop
  endfacet
  facet normal -0.522532 0.85262 0
    outer loop
      vertex 21.308 45.258 1.6
      vertex 21.5756 45.422 0
      vertex 21.308 45.258 0
    endloop
  endfacet
  facet normal 0.0783775 0.996924 -0
    outer loop
      vertex 20.4 45.04 0
      vertex 20.0871 45.0646 1.6
      vertex 20.4 45.04 1.6
    endloop
  endfacet
  facet normal 0.0783775 0.996924 0
    outer loop
      vertex 20.0871 45.0646 1.6
      vertex 20.4 45.04 0
      vertex 20.0871 45.0646 0
    endloop
  endfacet
  facet normal -0.923904 -0.382624 0
    outer loop
      vertex 22.3021 47.658 0
      vertex 22.182 47.948 1.6
      vertex 22.182 47.948 0
    endloop
  endfacet
  facet normal -0.923904 -0.382624 0
    outer loop
      vertex 22.182 47.948 1.6
      vertex 22.3021 47.658 0
      vertex 22.3021 47.658 1.6
    endloop
  endfacet
  facet normal 0.76038 -0.649478 0
    outer loop
      vertex 18.782 48.2156 1.6
      vertex 18.9858 48.4542 0
      vertex 18.9858 48.4542 1.6
    endloop
  endfacet
  facet normal 0.76038 -0.649478 0
    outer loop
      vertex 18.9858 48.4542 0
      vertex 18.782 48.2156 1.6
      vertex 18.782 48.2156 0
    endloop
  endfacet
  facet normal -0.522532 -0.85262 0
    outer loop
      vertex 21.308 48.822 0
      vertex 21.5756 48.658 1.6
      vertex 21.308 48.822 1.6
    endloop
  endfacet
  facet normal -0.522532 -0.85262 -0
    outer loop
      vertex 21.5756 48.658 1.6
      vertex 21.308 48.822 0
      vertex 21.5756 48.658 0
    endloop
  endfacet
  facet normal 0.923904 -0.382624 0
    outer loop
      vertex 18.4979 47.658 1.6
      vertex 18.618 47.948 0
      vertex 18.618 47.948 1.6
    endloop
  endfacet
  facet normal 0.923904 -0.382624 0
    outer loop
      vertex 18.618 47.948 0
      vertex 18.4979 47.658 1.6
      vertex 18.4979 47.658 0
    endloop
  endfacet
  facet normal -0.972332 0.233602 0
    outer loop
      vertex 22.3021 46.422 0
      vertex 22.3754 46.7271 1.6
      vertex 22.3754 46.7271 0
    endloop
  endfacet
  facet normal -0.972332 0.233602 0
    outer loop
      vertex 22.3754 46.7271 1.6
      vertex 22.3021 46.422 0
      vertex 22.3021 46.422 1.6
    endloop
  endfacet
  facet normal -0.996924 0.0783775 0
    outer loop
      vertex 22.3754 46.7271 0
      vertex 22.4 47.04 1.6
      vertex 22.4 47.04 0
    endloop
  endfacet
  facet normal -0.996924 0.0783775 0
    outer loop
      vertex 22.4 47.04 1.6
      vertex 22.3754 46.7271 0
      vertex 22.3754 46.7271 1.6
    endloop
  endfacet
  facet normal 0.382624 -0.923904 0
    outer loop
      vertex 19.492 48.822 0
      vertex 19.782 48.9421 1.6
      vertex 19.492 48.822 1.6
    endloop
  endfacet
  facet normal 0.382624 -0.923904 0
    outer loop
      vertex 19.782 48.9421 1.6
      vertex 19.492 48.822 0
      vertex 19.782 48.9421 0
    endloop
  endfacet
  facet normal 0.233602 -0.972332 0
    outer loop
      vertex 19.782 48.9421 0
      vertex 20.0871 49.0154 1.6
      vertex 19.782 48.9421 1.6
    endloop
  endfacet
  facet normal 0.233602 -0.972332 0
    outer loop
      vertex 20.0871 49.0154 1.6
      vertex 19.782 48.9421 0
      vertex 20.0871 49.0154 0
    endloop
  endfacet
  facet normal -0.85262 -0.522532 0
    outer loop
      vertex 22.182 47.948 0
      vertex 22.018 48.2156 1.6
      vertex 22.018 48.2156 0
    endloop
  endfacet
  facet normal -0.85262 -0.522532 0
    outer loop
      vertex 22.018 48.2156 1.6
      vertex 22.182 47.948 0
      vertex 22.182 47.948 1.6
    endloop
  endfacet
  facet normal 0.85262 -0.522532 0
    outer loop
      vertex 18.618 47.948 1.6
      vertex 18.782 48.2156 0
      vertex 18.782 48.2156 1.6
    endloop
  endfacet
  facet normal 0.85262 -0.522532 0
    outer loop
      vertex 18.782 48.2156 0
      vertex 18.618 47.948 1.6
      vertex 18.618 47.948 0
    endloop
  endfacet
  facet normal -0.0783775 0.996924 0
    outer loop
      vertex 20.7129 45.0646 0
      vertex 20.4 45.04 1.6
      vertex 20.7129 45.0646 1.6
    endloop
  endfacet
  facet normal -0.0783775 0.996924 0
    outer loop
      vertex 20.4 45.04 1.6
      vertex 20.7129 45.0646 0
      vertex 20.4 45.04 0
    endloop
  endfacet
  facet normal 0.996924 0.0783775 0
    outer loop
      vertex 18.4246 46.7271 1.6
      vertex 18.4 47.04 0
      vertex 18.4 47.04 1.6
    endloop
  endfacet
  facet normal 0.996924 0.0783775 0
    outer loop
      vertex 18.4 47.04 0
      vertex 18.4246 46.7271 1.6
      vertex 18.4246 46.7271 0
    endloop
  endfacet
  facet normal 0.649478 0.76038 -0
    outer loop
      vertex 19.2244 45.422 0
      vertex 18.9858 45.6258 1.6
      vertex 19.2244 45.422 1.6
    endloop
  endfacet
  facet normal 0.649478 0.76038 0
    outer loop
      vertex 18.9858 45.6258 1.6
      vertex 19.2244 45.422 0
      vertex 18.9858 45.6258 0
    endloop
  endfacet
  facet normal -0.76038 0.649478 0
    outer loop
      vertex 21.8142 45.6258 0
      vertex 22.018 45.8644 1.6
      vertex 22.018 45.8644 0
    endloop
  endfacet
  facet normal -0.76038 0.649478 0
    outer loop
      vertex 22.018 45.8644 1.6
      vertex 21.8142 45.6258 0
      vertex 21.8142 45.6258 1.6
    endloop
  endfacet
  facet normal 0.233602 0.972332 -0
    outer loop
      vertex 20.0871 45.0646 0
      vertex 19.782 45.1379 1.6
      vertex 20.0871 45.0646 1.6
    endloop
  endfacet
  facet normal 0.233602 0.972332 0
    outer loop
      vertex 19.782 45.1379 1.6
      vertex 20.0871 45.0646 0
      vertex 19.782 45.1379 0
    endloop
  endfacet
  facet normal 0.85262 0.522532 0
    outer loop
      vertex 18.782 45.8644 1.6
      vertex 18.618 46.132 0
      vertex 18.618 46.132 1.6
    endloop
  endfacet
  facet normal 0.85262 0.522532 0
    outer loop
      vertex 18.618 46.132 0
      vertex 18.782 45.8644 1.6
      vertex 18.782 45.8644 0
    endloop
  endfacet
  facet normal 0.522532 0.85262 -0
    outer loop
      vertex 19.492 45.258 0
      vertex 19.2244 45.422 1.6
      vertex 19.492 45.258 1.6
    endloop
  endfacet
  facet normal 0.522532 0.85262 0
    outer loop
      vertex 19.2244 45.422 1.6
      vertex 19.492 45.258 0
      vertex 19.2244 45.422 0
    endloop
  endfacet
  facet normal 0.0783775 -0.996924 0
    outer loop
      vertex 20.0871 49.0154 0
      vertex 20.4 49.04 1.6
      vertex 20.0871 49.0154 1.6
    endloop
  endfacet
  facet normal 0.0783775 -0.996924 0
    outer loop
      vertex 20.4 49.04 1.6
      vertex 20.0871 49.0154 0
      vertex 20.4 49.04 0
    endloop
  endfacet
  facet normal 0.522532 -0.85262 0
    outer loop
      vertex 19.2244 48.658 0
      vertex 19.492 48.822 1.6
      vertex 19.2244 48.658 1.6
    endloop
  endfacet
  facet normal 0.522532 -0.85262 0
    outer loop
      vertex 19.492 48.822 1.6
      vertex 19.2244 48.658 0
      vertex 19.492 48.822 0
    endloop
  endfacet
  facet normal -0.0783775 -0.996924 0
    outer loop
      vertex 20.4 49.04 0
      vertex 20.7129 49.0154 1.6
      vertex 20.4 49.04 1.6
    endloop
  endfacet
  facet normal -0.0783775 -0.996924 -0
    outer loop
      vertex 20.7129 49.0154 1.6
      vertex 20.4 49.04 0
      vertex 20.7129 49.0154 0
    endloop
  endfacet
  facet normal 0.972332 -0.233602 0
    outer loop
      vertex 18.4246 47.3529 1.6
      vertex 18.4979 47.658 0
      vertex 18.4979 47.658 1.6
    endloop
  endfacet
  facet normal 0.972332 -0.233602 0
    outer loop
      vertex 18.4979 47.658 0
      vertex 18.4246 47.3529 1.6
      vertex 18.4246 47.3529 0
    endloop
  endfacet
  facet normal -0.972332 -0.233602 0
    outer loop
      vertex 22.3754 73.9929 0
      vertex 22.3021 74.298 1.6
      vertex 22.3021 74.298 0
    endloop
  endfacet
  facet normal -0.972332 -0.233602 0
    outer loop
      vertex 22.3021 74.298 1.6
      vertex 22.3754 73.9929 0
      vertex 22.3754 73.9929 1.6
    endloop
  endfacet
  facet normal -0.996924 -0.0783775 0
    outer loop
      vertex 22.4 73.68 0
      vertex 22.3754 73.9929 1.6
      vertex 22.3754 73.9929 0
    endloop
  endfacet
  facet normal -0.996924 -0.0783775 0
    outer loop
      vertex 22.3754 73.9929 1.6
      vertex 22.4 73.68 0
      vertex 22.4 73.68 1.6
    endloop
  endfacet
  facet normal 0.85262 -0.522532 0
    outer loop
      vertex 18.618 74.588 1.6
      vertex 18.782 74.8556 0
      vertex 18.782 74.8556 1.6
    endloop
  endfacet
  facet normal 0.85262 -0.522532 0
    outer loop
      vertex 18.782 74.8556 0
      vertex 18.618 74.588 1.6
      vertex 18.618 74.588 0
    endloop
  endfacet
  facet normal -0.0783775 0.996924 0
    outer loop
      vertex 20.7129 71.7046 0
      vertex 20.4 71.68 1.6
      vertex 20.7129 71.7046 1.6
    endloop
  endfacet
  facet normal -0.0783775 0.996924 0
    outer loop
      vertex 20.4 71.68 1.6
      vertex 20.7129 71.7046 0
      vertex 20.4 71.68 0
    endloop
  endfacet
  facet normal 0.233602 -0.972332 0
    outer loop
      vertex 19.782 75.5821 0
      vertex 20.0871 75.6554 1.6
      vertex 19.782 75.5821 1.6
    endloop
  endfacet
  facet normal 0.233602 -0.972332 0
    outer loop
      vertex 20.0871 75.6554 1.6
      vertex 19.782 75.5821 0
      vertex 20.0871 75.6554 0
    endloop
  endfacet
  facet normal -0.76038 -0.649478 0
    outer loop
      vertex 22.018 74.8556 0
      vertex 21.8142 75.0942 1.6
      vertex 21.8142 75.0942 0
    endloop
  endfacet
  facet normal -0.76038 -0.649478 0
    outer loop
      vertex 21.8142 75.0942 1.6
      vertex 22.018 74.8556 0
      vertex 22.018 74.8556 1.6
    endloop
  endfacet
  facet normal -0.522532 -0.85262 0
    outer loop
      vertex 21.308 75.462 0
      vertex 21.5756 75.298 1.6
      vertex 21.308 75.462 1.6
    endloop
  endfacet
  facet normal -0.522532 -0.85262 -0
    outer loop
      vertex 21.5756 75.298 1.6
      vertex 21.308 75.462 0
      vertex 21.5756 75.298 0
    endloop
  endfacet
  facet normal -0.85262 0.522532 0
    outer loop
      vertex 22.018 72.5044 0
      vertex 22.182 72.772 1.6
      vertex 22.182 72.772 0
    endloop
  endfacet
  facet normal -0.85262 0.522532 0
    outer loop
      vertex 22.182 72.772 1.6
      vertex 22.018 72.5044 0
      vertex 22.018 72.5044 1.6
    endloop
  endfacet
  facet normal 0.972332 -0.233602 0
    outer loop
      vertex 18.4246 73.9929 1.6
      vertex 18.4979 74.298 0
      vertex 18.4979 74.298 1.6
    endloop
  endfacet
  facet normal 0.972332 -0.233602 0
    outer loop
      vertex 18.4979 74.298 0
      vertex 18.4246 73.9929 1.6
      vertex 18.4246 73.9929 0
    endloop
  endfacet
  facet normal -0.382624 0.923904 0
    outer loop
      vertex 21.308 71.898 0
      vertex 21.018 71.7779 1.6
      vertex 21.308 71.898 1.6
    endloop
  endfacet
  facet normal -0.382624 0.923904 0
    outer loop
      vertex 21.018 71.7779 1.6
      vertex 21.308 71.898 0
      vertex 21.018 71.7779 0
    endloop
  endfacet
  facet normal -0.972332 0.233602 0
    outer loop
      vertex 22.3021 73.062 0
      vertex 22.3754 73.3671 1.6
      vertex 22.3754 73.3671 0
    endloop
  endfacet
  facet normal -0.972332 0.233602 0
    outer loop
      vertex 22.3754 73.3671 1.6
      vertex 22.3021 73.062 0
      vertex 22.3021 73.062 1.6
    endloop
  endfacet
  facet normal -0.996924 0.0783775 0
    outer loop
      vertex 22.3754 73.3671 0
      vertex 22.4 73.68 1.6
      vertex 22.4 73.68 0
    endloop
  endfacet
  facet normal -0.996924 0.0783775 0
    outer loop
      vertex 22.4 73.68 1.6
      vertex 22.3754 73.3671 0
      vertex 22.3754 73.3671 1.6
    endloop
  endfacet
  facet normal 0.522532 -0.85262 0
    outer loop
      vertex 19.2244 75.298 0
      vertex 19.492 75.462 1.6
      vertex 19.2244 75.298 1.6
    endloop
  endfacet
  facet normal 0.522532 -0.85262 0
    outer loop
      vertex 19.492 75.462 1.6
      vertex 19.2244 75.298 0
      vertex 19.492 75.462 0
    endloop
  endfacet
  facet normal 0.923904 0.382624 0
    outer loop
      vertex 18.618 72.772 1.6
      vertex 18.4979 73.062 0
      vertex 18.4979 73.062 1.6
    endloop
  endfacet
  facet normal 0.923904 0.382624 0
    outer loop
      vertex 18.4979 73.062 0
      vertex 18.618 72.772 1.6
      vertex 18.618 72.772 0
    endloop
  endfacet
  facet normal 0.85262 0.522532 0
    outer loop
      vertex 18.782 72.5044 1.6
      vertex 18.618 72.772 0
      vertex 18.618 72.772 1.6
    endloop
  endfacet
  facet normal 0.85262 0.522532 0
    outer loop
      vertex 18.618 72.772 0
      vertex 18.782 72.5044 1.6
      vertex 18.782 72.5044 0
    endloop
  endfacet
  facet normal -0.233602 -0.972332 0
    outer loop
      vertex 20.7129 75.6554 0
      vertex 21.018 75.5821 1.6
      vertex 20.7129 75.6554 1.6
    endloop
  endfacet
  facet normal -0.233602 -0.972332 -0
    outer loop
      vertex 21.018 75.5821 1.6
      vertex 20.7129 75.6554 0
      vertex 21.018 75.5821 0
    endloop
  endfacet
  facet normal 0.649478 0.76038 -0
    outer loop
      vertex 19.2244 72.062 0
      vertex 18.9858 72.2658 1.6
      vertex 19.2244 72.062 1.6
    endloop
  endfacet
  facet normal 0.649478 0.76038 0
    outer loop
      vertex 18.9858 72.2658 1.6
      vertex 19.2244 72.062 0
      vertex 18.9858 72.2658 0
    endloop
  endfacet
  facet normal 0.0783775 0.996924 -0
    outer loop
      vertex 20.4 71.68 0
      vertex 20.0871 71.7046 1.6
      vertex 20.4 71.68 1.6
    endloop
  endfacet
  facet normal 0.0783775 0.996924 0
    outer loop
      vertex 20.0871 71.7046 1.6
      vertex 20.4 71.68 0
      vertex 20.0871 71.7046 0
    endloop
  endfacet
  facet normal -0.85262 -0.522532 0
    outer loop
      vertex 22.182 74.588 0
      vertex 22.018 74.8556 1.6
      vertex 22.018 74.8556 0
    endloop
  endfacet
  facet normal -0.85262 -0.522532 0
    outer loop
      vertex 22.018 74.8556 1.6
      vertex 22.182 74.588 0
      vertex 22.182 74.588 1.6
    endloop
  endfacet
  facet normal 0.382624 -0.923904 0
    outer loop
      vertex 19.492 75.462 0
      vertex 19.782 75.5821 1.6
      vertex 19.492 75.462 1.6
    endloop
  endfacet
  facet normal 0.382624 -0.923904 0
    outer loop
      vertex 19.782 75.5821 1.6
      vertex 19.492 75.462 0
      vertex 19.782 75.5821 0
    endloop
  endfacet
  facet normal 0.522532 0.85262 -0
    outer loop
      vertex 19.492 71.898 0
      vertex 19.2244 72.062 1.6
      vertex 19.492 71.898 1.6
    endloop
  endfacet
  facet normal 0.522532 0.85262 0
    outer loop
      vertex 19.2244 72.062 1.6
      vertex 19.492 71.898 0
      vertex 19.2244 72.062 0
    endloop
  endfacet
  facet normal 0.649478 -0.76038 0
    outer loop
      vertex 18.9858 75.0942 0
      vertex 19.2244 75.298 1.6
      vertex 18.9858 75.0942 1.6
    endloop
  endfacet
  facet normal 0.649478 -0.76038 0
    outer loop
      vertex 19.2244 75.298 1.6
      vertex 18.9858 75.0942 0
      vertex 19.2244 75.298 0
    endloop
  endfacet
  facet normal -0.233602 0.972332 0
    outer loop
      vertex 21.018 71.7779 0
      vertex 20.7129 71.7046 1.6
      vertex 21.018 71.7779 1.6
    endloop
  endfacet
  facet normal -0.233602 0.972332 0
    outer loop
      vertex 20.7129 71.7046 1.6
      vertex 21.018 71.7779 0
      vertex 20.7129 71.7046 0
    endloop
  endfacet
  facet normal 0.76038 0.649478 0
    outer loop
      vertex 18.9858 72.2658 1.6
      vertex 18.782 72.5044 0
      vertex 18.782 72.5044 1.6
    endloop
  endfacet
  facet normal 0.76038 0.649478 0
    outer loop
      vertex 18.782 72.5044 0
      vertex 18.9858 72.2658 1.6
      vertex 18.9858 72.2658 0
    endloop
  endfacet
  facet normal -0.923904 0.382624 0
    outer loop
      vertex 22.182 72.772 0
      vertex 22.3021 73.062 1.6
      vertex 22.3021 73.062 0
    endloop
  endfacet
  facet normal -0.923904 0.382624 0
    outer loop
      vertex 22.3021 73.062 1.6
      vertex 22.182 72.772 0
      vertex 22.182 72.772 1.6
    endloop
  endfacet
  facet normal -0.649478 0.76038 0
    outer loop
      vertex 21.8142 72.2658 0
      vertex 21.5756 72.062 1.6
      vertex 21.8142 72.2658 1.6
    endloop
  endfacet
  facet normal -0.649478 0.76038 0
    outer loop
      vertex 21.5756 72.062 1.6
      vertex 21.8142 72.2658 0
      vertex 21.5756 72.062 0
    endloop
  endfacet
  facet normal -0.649478 -0.76038 0
    outer loop
      vertex 21.5756 75.298 0
      vertex 21.8142 75.0942 1.6
      vertex 21.5756 75.298 1.6
    endloop
  endfacet
  facet normal -0.649478 -0.76038 -0
    outer loop
      vertex 21.8142 75.0942 1.6
      vertex 21.5756 75.298 0
      vertex 21.8142 75.0942 0
    endloop
  endfacet
  facet normal 0.0783775 -0.996924 0
    outer loop
      vertex 20.0871 75.6554 0
      vertex 20.4 75.68 1.6
      vertex 20.0871 75.6554 1.6
    endloop
  endfacet
  facet normal 0.0783775 -0.996924 0
    outer loop
      vertex 20.4 75.68 1.6
      vertex 20.0871 75.6554 0
      vertex 20.4 75.68 0
    endloop
  endfacet
  facet normal -0.0783775 -0.996924 0
    outer loop
      vertex 20.4 75.68 0
      vertex 20.7129 75.6554 1.6
      vertex 20.4 75.68 1.6
    endloop
  endfacet
  facet normal -0.0783775 -0.996924 -0
    outer loop
      vertex 20.7129 75.6554 1.6
      vertex 20.4 75.68 0
      vertex 20.7129 75.6554 0
    endloop
  endfacet
  facet normal -0.382624 -0.923904 0
    outer loop
      vertex 21.018 75.5821 0
      vertex 21.308 75.462 1.6
      vertex 21.018 75.5821 1.6
    endloop
  endfacet
  facet normal -0.382624 -0.923904 -0
    outer loop
      vertex 21.308 75.462 1.6
      vertex 21.018 75.5821 0
      vertex 21.308 75.462 0
    endloop
  endfacet
  facet normal 0.76038 -0.649478 0
    outer loop
      vertex 18.782 74.8556 1.6
      vertex 18.9858 75.0942 0
      vertex 18.9858 75.0942 1.6
    endloop
  endfacet
  facet normal 0.76038 -0.649478 0
    outer loop
      vertex 18.9858 75.0942 0
      vertex 18.782 74.8556 1.6
      vertex 18.782 74.8556 0
    endloop
  endfacet
  facet normal 0.972332 0.233602 0
    outer loop
      vertex 18.4979 73.062 1.6
      vertex 18.4246 73.3671 0
      vertex 18.4246 73.3671 1.6
    endloop
  endfacet
  facet normal 0.972332 0.233602 0
    outer loop
      vertex 18.4246 73.3671 0
      vertex 18.4979 73.062 1.6
      vertex 18.4979 73.062 0
    endloop
  endfacet
  facet normal -0.522532 0.85262 0
    outer loop
      vertex 21.5756 72.062 0
      vertex 21.308 71.898 1.6
      vertex 21.5756 72.062 1.6
    endloop
  endfacet
  facet normal -0.522532 0.85262 0
    outer loop
      vertex 21.308 71.898 1.6
      vertex 21.5756 72.062 0
      vertex 21.308 71.898 0
    endloop
  endfacet
  facet normal 0.382624 0.923904 -0
    outer loop
      vertex 19.782 71.7779 0
      vertex 19.492 71.898 1.6
      vertex 19.782 71.7779 1.6
    endloop
  endfacet
  facet normal 0.382624 0.923904 0
    outer loop
      vertex 19.492 71.898 1.6
      vertex 19.782 71.7779 0
      vertex 19.492 71.898 0
    endloop
  endfacet
  facet normal 0.233602 0.972332 -0
    outer loop
      vertex 20.0871 71.7046 0
      vertex 19.782 71.7779 1.6
      vertex 20.0871 71.7046 1.6
    endloop
  endfacet
  facet normal 0.233602 0.972332 0
    outer loop
      vertex 19.782 71.7779 1.6
      vertex 20.0871 71.7046 0
      vertex 19.782 71.7779 0
    endloop
  endfacet
  facet normal -0.923904 -0.382624 0
    outer loop
      vertex 22.3021 74.298 0
      vertex 22.182 74.588 1.6
      vertex 22.182 74.588 0
    endloop
  endfacet
  facet normal -0.923904 -0.382624 0
    outer loop
      vertex 22.182 74.588 1.6
      vertex 22.3021 74.298 0
      vertex 22.3021 74.298 1.6
    endloop
  endfacet
  facet normal 0.996924 -0.0783775 0
    outer loop
      vertex 18.4 73.68 1.6
      vertex 18.4246 73.9929 0
      vertex 18.4246 73.9929 1.6
    endloop
  endfacet
  facet normal 0.996924 -0.0783775 0
    outer loop
      vertex 18.4246 73.9929 0
      vertex 18.4 73.68 1.6
      vertex 18.4 73.68 0
    endloop
  endfacet
  facet normal 0.996924 0.0783775 0
    outer loop
      vertex 18.4246 73.3671 1.6
      vertex 18.4 73.68 0
      vertex 18.4 73.68 1.6
    endloop
  endfacet
  facet normal 0.996924 0.0783775 0
    outer loop
      vertex 18.4 73.68 0
      vertex 18.4246 73.3671 1.6
      vertex 18.4246 73.3671 0
    endloop
  endfacet
  facet normal -0.76038 0.649478 0
    outer loop
      vertex 21.8142 72.2658 0
      vertex 22.018 72.5044 1.6
      vertex 22.018 72.5044 0
    endloop
  endfacet
  facet normal -0.76038 0.649478 0
    outer loop
      vertex 22.018 72.5044 1.6
      vertex 21.8142 72.2658 0
      vertex 21.8142 72.2658 1.6
    endloop
  endfacet
  facet normal 0.923904 -0.382624 0
    outer loop
      vertex 18.4979 74.298 1.6
      vertex 18.618 74.588 0
      vertex 18.618 74.588 1.6
    endloop
  endfacet
  facet normal 0.923904 -0.382624 0
    outer loop
      vertex 18.618 74.588 0
      vertex 18.4979 74.298 1.6
      vertex 18.4979 74.298 0
    endloop
  endfacet
  facet normal 0.852967 -0.521965 0
    outer loop
      vertex 18.618 101.228 1.6
      vertex 18.782 101.496 0
      vertex 18.782 101.496 1.6
    endloop
  endfacet
  facet normal 0.852967 -0.521965 0
    outer loop
      vertex 18.782 101.496 0
      vertex 18.618 101.228 1.6
      vertex 18.618 101.228 0
    endloop
  endfacet
  facet normal -0.233602 0.972332 0
    outer loop
      vertex 21.018 98.4179 0
      vertex 20.7129 98.3446 1.6
      vertex 21.018 98.4179 1.6
    endloop
  endfacet
  facet normal -0.233602 0.972332 0
    outer loop
      vertex 20.7129 98.3446 1.6
      vertex 21.018 98.4179 0
      vertex 20.7129 98.3446 0
    endloop
  endfacet
  facet normal -0.972315 -0.233674 0
    outer loop
      vertex 22.3754 100.633 0
      vertex 22.3021 100.938 1.6
      vertex 22.3021 100.938 0
    endloop
  endfacet
  facet normal -0.972315 -0.233674 0
    outer loop
      vertex 22.3021 100.938 1.6
      vertex 22.3754 100.633 0
      vertex 22.3754 100.633 1.6
    endloop
  endfacet
  facet normal -0.996926 -0.0783526 0
    outer loop
      vertex 22.4 100.32 0
      vertex 22.3754 100.633 1.6
      vertex 22.3754 100.633 0
    endloop
  endfacet
  facet normal -0.996926 -0.0783526 0
    outer loop
      vertex 22.3754 100.633 1.6
      vertex 22.4 100.32 0
      vertex 22.4 100.32 1.6
    endloop
  endfacet
  facet normal -0.972315 0.233674 0
    outer loop
      vertex 22.3021 99.702 0
      vertex 22.3754 100.007 1.6
      vertex 22.3754 100.007 0
    endloop
  endfacet
  facet normal -0.972315 0.233674 0
    outer loop
      vertex 22.3754 100.007 1.6
      vertex 22.3021 99.702 0
      vertex 22.3021 99.702 1.6
    endloop
  endfacet
  facet normal 0.233602 0.972332 -0
    outer loop
      vertex 20.0871 98.3446 0
      vertex 19.782 98.4179 1.6
      vertex 20.0871 98.3446 1.6
    endloop
  endfacet
  facet normal 0.233602 0.972332 0
    outer loop
      vertex 19.782 98.4179 1.6
      vertex 20.0871 98.3446 0
      vertex 19.782 98.4179 0
    endloop
  endfacet
  facet normal -0.759572 -0.650423 0
    outer loop
      vertex 22.018 101.496 0
      vertex 21.8142 101.734 1.6
      vertex 21.8142 101.734 0
    endloop
  endfacet
  facet normal -0.759572 -0.650423 0
    outer loop
      vertex 21.8142 101.734 1.6
      vertex 22.018 101.496 0
      vertex 22.018 101.496 1.6
    endloop
  endfacet
  facet normal -0.649846 -0.760066 0
    outer loop
      vertex 21.5756 101.938 0
      vertex 21.8142 101.734 1.6
      vertex 21.5756 101.938 1.6
    endloop
  endfacet
  facet normal -0.649846 -0.760066 -0
    outer loop
      vertex 21.8142 101.734 1.6
      vertex 21.5756 101.938 0
      vertex 21.8142 101.734 0
    endloop
  endfacet
  facet normal -0.382624 0.923904 0
    outer loop
      vertex 21.308 98.538 0
      vertex 21.018 98.4179 1.6
      vertex 21.308 98.538 1.6
    endloop
  endfacet
  facet normal -0.382624 0.923904 0
    outer loop
      vertex 21.018 98.4179 1.6
      vertex 21.308 98.538 0
      vertex 21.018 98.4179 0
    endloop
  endfacet
  facet normal 0.996926 0.0783526 0
    outer loop
      vertex 18.4246 100.007 1.6
      vertex 18.4 100.32 0
      vertex 18.4 100.32 1.6
    endloop
  endfacet
  facet normal 0.996926 0.0783526 0
    outer loop
      vertex 18.4 100.32 0
      vertex 18.4246 100.007 1.6
      vertex 18.4246 100.007 0
    endloop
  endfacet
  facet normal 0.996926 -0.0783526 0
    outer loop
      vertex 18.4 100.32 1.6
      vertex 18.4246 100.633 0
      vertex 18.4246 100.633 1.6
    endloop
  endfacet
  facet normal 0.996926 -0.0783526 0
    outer loop
      vertex 18.4246 100.633 0
      vertex 18.4 100.32 1.6
      vertex 18.4 100.32 0
    endloop
  endfacet
  facet normal 0.382624 0.923904 -0
    outer loop
      vertex 19.782 98.4179 0
      vertex 19.492 98.538 1.6
      vertex 19.782 98.4179 1.6
    endloop
  endfacet
  facet normal 0.382624 0.923904 0
    outer loop
      vertex 19.492 98.538 1.6
      vertex 19.782 98.4179 0
      vertex 19.492 98.538 0
    endloop
  endfacet
  facet normal 0.649846 -0.760066 0
    outer loop
      vertex 18.9858 101.734 0
      vertex 19.2244 101.938 1.6
      vertex 18.9858 101.734 1.6
    endloop
  endfacet
  facet normal 0.649846 -0.760066 0
    outer loop
      vertex 19.2244 101.938 1.6
      vertex 18.9858 101.734 0
      vertex 19.2244 101.938 0
    endloop
  endfacet
  facet normal 0.232698 -0.972549 0
    outer loop
      vertex 19.782 102.222 0
      vertex 20.0871 102.295 1.6
      vertex 19.782 102.222 1.6
    endloop
  endfacet
  facet normal 0.232698 -0.972549 0
    outer loop
      vertex 20.0871 102.295 1.6
      vertex 19.782 102.222 0
      vertex 20.0871 102.295 0
    endloop
  endfacet
  facet normal 0.923904 0.382624 0
    outer loop
      vertex 18.618 99.412 1.6
      vertex 18.4979 99.702 0
      vertex 18.4979 99.702 1.6
    endloop
  endfacet
  facet normal 0.923904 0.382624 0
    outer loop
      vertex 18.4979 99.702 0
      vertex 18.618 99.412 1.6
      vertex 18.618 99.412 0
    endloop
  endfacet
  facet normal 0.972315 0.233674 0
    outer loop
      vertex 18.4979 99.702 1.6
      vertex 18.4246 100.007 0
      vertex 18.4246 100.007 1.6
    endloop
  endfacet
  facet normal 0.972315 0.233674 0
    outer loop
      vertex 18.4246 100.007 0
      vertex 18.4979 99.702 1.6
      vertex 18.4979 99.702 0
    endloop
  endfacet
  facet normal -0.85262 0.522532 0
    outer loop
      vertex 22.018 99.1444 0
      vertex 22.182 99.412 1.6
      vertex 22.182 99.412 0
    endloop
  endfacet
  facet normal -0.85262 0.522532 0
    outer loop
      vertex 22.182 99.412 1.6
      vertex 22.018 99.1444 0
      vertex 22.018 99.1444 1.6
    endloop
  endfacet
  facet normal 0.923904 -0.382624 0
    outer loop
      vertex 18.4979 100.938 1.6
      vertex 18.618 101.228 0
      vertex 18.618 101.228 1.6
    endloop
  endfacet
  facet normal 0.923904 -0.382624 0
    outer loop
      vertex 18.618 101.228 0
      vertex 18.4979 100.938 1.6
      vertex 18.4979 100.938 0
    endloop
  endfacet
  facet normal 0.522532 0.85262 -0
    outer loop
      vertex 19.492 98.538 0
      vertex 19.2244 98.702 1.6
      vertex 19.492 98.538 1.6
    endloop
  endfacet
  facet normal 0.522532 0.85262 0
    outer loop
      vertex 19.2244 98.702 1.6
      vertex 19.492 98.538 0
      vertex 19.2244 98.702 0
    endloop
  endfacet
  facet normal -0.923904 0.382624 0
    outer loop
      vertex 22.182 99.412 0
      vertex 22.3021 99.702 1.6
      vertex 22.3021 99.702 0
    endloop
  endfacet
  facet normal -0.923904 0.382624 0
    outer loop
      vertex 22.3021 99.702 1.6
      vertex 22.182 99.412 0
      vertex 22.182 99.412 1.6
    endloop
  endfacet
  facet normal -0.382352 -0.924017 0
    outer loop
      vertex 21.018 102.222 0
      vertex 21.308 102.102 1.6
      vertex 21.018 102.222 1.6
    endloop
  endfacet
  facet normal -0.382352 -0.924017 -0
    outer loop
      vertex 21.308 102.102 1.6
      vertex 21.018 102.222 0
      vertex 21.308 102.102 0
    endloop
  endfacet
  facet normal -0.996926 0.0783526 0
    outer loop
      vertex 22.3754 100.007 0
      vertex 22.4 100.32 1.6
      vertex 22.4 100.32 0
    endloop
  endfacet
  facet normal -0.996926 0.0783526 0
    outer loop
      vertex 22.4 100.32 1.6
      vertex 22.3754 100.007 0
      vertex 22.3754 100.007 1.6
    endloop
  endfacet
  facet normal -0.923904 -0.382624 0
    outer loop
      vertex 22.3021 100.938 0
      vertex 22.182 101.228 1.6
      vertex 22.182 101.228 0
    endloop
  endfacet
  facet normal -0.923904 -0.382624 0
    outer loop
      vertex 22.182 101.228 1.6
      vertex 22.3021 100.938 0
      vertex 22.3021 100.938 1.6
    endloop
  endfacet
  facet normal 0.759572 -0.650423 0
    outer loop
      vertex 18.782 101.496 1.6
      vertex 18.9858 101.734 0
      vertex 18.9858 101.734 1.6
    endloop
  endfacet
  facet normal 0.759572 -0.650423 0
    outer loop
      vertex 18.9858 101.734 0
      vertex 18.782 101.496 1.6
      vertex 18.782 101.496 0
    endloop
  endfacet
  facet normal -0.232698 -0.972549 0
    outer loop
      vertex 20.7129 102.295 0
      vertex 21.018 102.222 1.6
      vertex 20.7129 102.295 1.6
    endloop
  endfacet
  facet normal -0.232698 -0.972549 -0
    outer loop
      vertex 21.018 102.222 1.6
      vertex 20.7129 102.295 0
      vertex 21.018 102.222 0
    endloop
  endfacet
  facet normal -0.522532 0.85262 0
    outer loop
      vertex 21.5756 98.702 0
      vertex 21.308 98.538 1.6
      vertex 21.5756 98.702 1.6
    endloop
  endfacet
  facet normal -0.522532 0.85262 0
    outer loop
      vertex 21.308 98.538 1.6
      vertex 21.5756 98.702 0
      vertex 21.308 98.538 0
    endloop
  endfacet
  facet normal -0.522532 -0.85262 0
    outer loop
      vertex 21.308 102.102 0
      vertex 21.5756 101.938 1.6
      vertex 21.308 102.102 1.6
    endloop
  endfacet
  facet normal -0.522532 -0.85262 -0
    outer loop
      vertex 21.5756 101.938 1.6
      vertex 21.308 102.102 0
      vertex 21.5756 101.938 0
    endloop
  endfacet
  facet normal 0.382352 -0.924017 0
    outer loop
      vertex 19.492 102.102 0
      vertex 19.782 102.222 1.6
      vertex 19.492 102.102 1.6
    endloop
  endfacet
  facet normal 0.382352 -0.924017 0
    outer loop
      vertex 19.782 102.222 1.6
      vertex 19.492 102.102 0
      vertex 19.782 102.222 0
    endloop
  endfacet
  facet normal -0.852967 -0.521965 0
    outer loop
      vertex 22.182 101.228 0
      vertex 22.018 101.496 1.6
      vertex 22.018 101.496 0
    endloop
  endfacet
  facet normal -0.852967 -0.521965 0
    outer loop
      vertex 22.018 101.496 1.6
      vertex 22.182 101.228 0
      vertex 22.182 101.228 1.6
    endloop
  endfacet
  facet normal 0.76038 0.649478 0
    outer loop
      vertex 18.9858 98.9058 1.6
      vertex 18.782 99.1444 0
      vertex 18.782 99.1444 1.6
    endloop
  endfacet
  facet normal 0.76038 0.649478 0
    outer loop
      vertex 18.782 99.1444 0
      vertex 18.9858 98.9058 1.6
      vertex 18.9858 98.9058 0
    endloop
  endfacet
  facet normal 0.649478 0.76038 -0
    outer loop
      vertex 19.2244 98.702 0
      vertex 18.9858 98.9058 1.6
      vertex 19.2244 98.702 1.6
    endloop
  endfacet
  facet normal 0.649478 0.76038 0
    outer loop
      vertex 18.9858 98.9058 1.6
      vertex 19.2244 98.702 0
      vertex 18.9858 98.9058 0
    endloop
  endfacet
  facet normal -0.76038 0.649478 0
    outer loop
      vertex 21.8142 98.9058 0
      vertex 22.018 99.1444 1.6
      vertex 22.018 99.1444 0
    endloop
  endfacet
  facet normal -0.76038 0.649478 0
    outer loop
      vertex 22.018 99.1444 1.6
      vertex 21.8142 98.9058 0
      vertex 21.8142 98.9058 1.6
    endloop
  endfacet
  facet normal -0.649478 0.76038 0
    outer loop
      vertex 21.8142 98.9058 0
      vertex 21.5756 98.702 1.6
      vertex 21.8142 98.9058 1.6
    endloop
  endfacet
  facet normal -0.649478 0.76038 0
    outer loop
      vertex 21.5756 98.702 1.6
      vertex 21.8142 98.9058 0
      vertex 21.5756 98.702 0
    endloop
  endfacet
  facet normal 0.85262 0.522532 0
    outer loop
      vertex 18.782 99.1444 1.6
      vertex 18.618 99.412 0
      vertex 18.618 99.412 1.6
    endloop
  endfacet
  facet normal 0.85262 0.522532 0
    outer loop
      vertex 18.618 99.412 0
      vertex 18.782 99.1444 1.6
      vertex 18.782 99.1444 0
    endloop
  endfacet
  facet normal 0.0796439 -0.996823 0
    outer loop
      vertex 20.0871 102.295 0
      vertex 20.4 102.32 1.6
      vertex 20.0871 102.295 1.6
    endloop
  endfacet
  facet normal 0.0796439 -0.996823 0
    outer loop
      vertex 20.4 102.32 1.6
      vertex 20.0871 102.295 0
      vertex 20.4 102.32 0
    endloop
  endfacet
  facet normal -0.0796439 -0.996823 0
    outer loop
      vertex 20.4 102.32 0
      vertex 20.7129 102.295 1.6
      vertex 20.4 102.32 1.6
    endloop
  endfacet
  facet normal -0.0796439 -0.996823 -0
    outer loop
      vertex 20.7129 102.295 1.6
      vertex 20.4 102.32 0
      vertex 20.7129 102.295 0
    endloop
  endfacet
  facet normal -0.0783775 0.996924 0
    outer loop
      vertex 20.7129 98.3446 0
      vertex 20.4 98.32 1.6
      vertex 20.7129 98.3446 1.6
    endloop
  endfacet
  facet normal -0.0783775 0.996924 0
    outer loop
      vertex 20.4 98.32 1.6
      vertex 20.7129 98.3446 0
      vertex 20.4 98.32 0
    endloop
  endfacet
  facet normal 0.0783775 0.996924 -0
    outer loop
      vertex 20.4 98.32 0
      vertex 20.0871 98.3446 1.6
      vertex 20.4 98.32 1.6
    endloop
  endfacet
  facet normal 0.0783775 0.996924 0
    outer loop
      vertex 20.0871 98.3446 1.6
      vertex 20.4 98.32 0
      vertex 20.0871 98.3446 0
    endloop
  endfacet
  facet normal 0.522532 -0.85262 0
    outer loop
      vertex 19.2244 101.938 0
      vertex 19.492 102.102 1.6
      vertex 19.2244 101.938 1.6
    endloop
  endfacet
  facet normal 0.522532 -0.85262 0
    outer loop
      vertex 19.492 102.102 1.6
      vertex 19.2244 101.938 0
      vertex 19.492 102.102 0
    endloop
  endfacet
  facet normal 0.972315 -0.233674 0
    outer loop
      vertex 18.4246 100.633 1.6
      vertex 18.4979 100.938 0
      vertex 18.4979 100.938 1.6
    endloop
  endfacet
  facet normal 0.972315 -0.233674 0
    outer loop
      vertex 18.4979 100.938 0
      vertex 18.4246 100.633 1.6
      vertex 18.4246 100.633 0
    endloop
  endfacet
  facet normal -0.972315 -0.233674 0
    outer loop
      vertex 22.3754 127.273 0
      vertex 22.3021 127.578 1.6
      vertex 22.3021 127.578 0
    endloop
  endfacet
  facet normal -0.972315 -0.233674 0
    outer loop
      vertex 22.3021 127.578 1.6
      vertex 22.3754 127.273 0
      vertex 22.3754 127.273 1.6
    endloop
  endfacet
  facet normal -0.996926 -0.0783526 0
    outer loop
      vertex 22.4 126.96 0
      vertex 22.3754 127.273 1.6
      vertex 22.3754 127.273 0
    endloop
  endfacet
  facet normal -0.996926 -0.0783526 0
    outer loop
      vertex 22.3754 127.273 1.6
      vertex 22.4 126.96 0
      vertex 22.4 126.96 1.6
    endloop
  endfacet
  facet normal -0.923904 -0.382624 0
    outer loop
      vertex 22.3021 127.578 0
      vertex 22.182 127.868 1.6
      vertex 22.182 127.868 0
    endloop
  endfacet
  facet normal -0.923904 -0.382624 0
    outer loop
      vertex 22.182 127.868 1.6
      vertex 22.3021 127.578 0
      vertex 22.3021 127.578 1.6
    endloop
  endfacet
  facet normal -0.0796439 0.996823 0
    outer loop
      vertex 20.7129 124.985 0
      vertex 20.4 124.96 1.6
      vertex 20.7129 124.985 1.6
    endloop
  endfacet
  facet normal -0.0796439 0.996823 0
    outer loop
      vertex 20.4 124.96 1.6
      vertex 20.7129 124.985 0
      vertex 20.4 124.96 0
    endloop
  endfacet
  facet normal 0.232698 -0.972549 0
    outer loop
      vertex 19.782 128.862 0
      vertex 20.0871 128.935 1.6
      vertex 19.782 128.862 1.6
    endloop
  endfacet
  facet normal 0.232698 -0.972549 0
    outer loop
      vertex 20.0871 128.935 1.6
      vertex 19.782 128.862 0
      vertex 20.0871 128.935 0
    endloop
  endfacet
  facet normal -0.759572 0.650423 0
    outer loop
      vertex 21.8142 125.546 0
      vertex 22.018 125.784 1.6
      vertex 22.018 125.784 0
    endloop
  endfacet
  facet normal -0.759572 0.650423 0
    outer loop
      vertex 22.018 125.784 1.6
      vertex 21.8142 125.546 0
      vertex 21.8142 125.546 1.6
    endloop
  endfacet
  facet normal -0.852967 -0.521965 0
    outer loop
      vertex 22.182 127.868 0
      vertex 22.018 128.136 1.6
      vertex 22.018 128.136 0
    endloop
  endfacet
  facet normal -0.852967 -0.521965 0
    outer loop
      vertex 22.018 128.136 1.6
      vertex 22.182 127.868 0
      vertex 22.182 127.868 1.6
    endloop
  endfacet
  facet normal 0.232698 0.972549 -0
    outer loop
      vertex 20.0871 124.985 0
      vertex 19.782 125.058 1.6
      vertex 20.0871 124.985 1.6
    endloop
  endfacet
  facet normal 0.232698 0.972549 0
    outer loop
      vertex 19.782 125.058 1.6
      vertex 20.0871 124.985 0
      vertex 19.782 125.058 0
    endloop
  endfacet
  facet normal -0.923904 0.382624 0
    outer loop
      vertex 22.182 126.052 0
      vertex 22.3021 126.342 1.6
      vertex 22.3021 126.342 0
    endloop
  endfacet
  facet normal -0.923904 0.382624 0
    outer loop
      vertex 22.3021 126.342 1.6
      vertex 22.182 126.052 0
      vertex 22.182 126.052 1.6
    endloop
  endfacet
  facet normal -0.382352 0.924017 0
    outer loop
      vertex 21.308 125.178 0
      vertex 21.018 125.058 1.6
      vertex 21.308 125.178 1.6
    endloop
  endfacet
  facet normal -0.382352 0.924017 0
    outer loop
      vertex 21.018 125.058 1.6
      vertex 21.308 125.178 0
      vertex 21.018 125.058 0
    endloop
  endfacet
  facet normal -0.232698 -0.972549 0
    outer loop
      vertex 20.7129 128.935 0
      vertex 21.018 128.862 1.6
      vertex 20.7129 128.935 1.6
    endloop
  endfacet
  facet normal -0.232698 -0.972549 -0
    outer loop
      vertex 21.018 128.862 1.6
      vertex 20.7129 128.935 0
      vertex 21.018 128.862 0
    endloop
  endfacet
  facet normal 0.0796439 -0.996823 0
    outer loop
      vertex 20.0871 128.935 0
      vertex 20.4 128.96 1.6
      vertex 20.0871 128.935 1.6
    endloop
  endfacet
  facet normal 0.0796439 -0.996823 0
    outer loop
      vertex 20.4 128.96 1.6
      vertex 20.0871 128.935 0
      vertex 20.4 128.96 0
    endloop
  endfacet
  facet normal -0.996926 0.0783526 0
    outer loop
      vertex 22.3754 126.647 0
      vertex 22.4 126.96 1.6
      vertex 22.4 126.96 0
    endloop
  endfacet
  facet normal -0.996926 0.0783526 0
    outer loop
      vertex 22.4 126.96 1.6
      vertex 22.3754 126.647 0
      vertex 22.3754 126.647 1.6
    endloop
  endfacet
  facet normal 0.649846 -0.760066 0
    outer loop
      vertex 18.9858 128.374 0
      vertex 19.2244 128.578 1.6
      vertex 18.9858 128.374 1.6
    endloop
  endfacet
  facet normal 0.649846 -0.760066 0
    outer loop
      vertex 19.2244 128.578 1.6
      vertex 18.9858 128.374 0
      vertex 19.2244 128.578 0
    endloop
  endfacet
  facet normal -0.759572 -0.650423 0
    outer loop
      vertex 22.018 128.136 0
      vertex 21.8142 128.374 1.6
      vertex 21.8142 128.374 0
    endloop
  endfacet
  facet normal -0.759572 -0.650423 0
    outer loop
      vertex 21.8142 128.374 1.6
      vertex 22.018 128.136 0
      vertex 22.018 128.136 1.6
    endloop
  endfacet
  facet normal -0.382352 -0.924017 0
    outer loop
      vertex 21.018 128.862 0
      vertex 21.308 128.742 1.6
      vertex 21.018 128.862 1.6
    endloop
  endfacet
  facet normal -0.382352 -0.924017 -0
    outer loop
      vertex 21.308 128.742 1.6
      vertex 21.018 128.862 0
      vertex 21.308 128.742 0
    endloop
  endfacet
  facet normal -0.972315 0.233674 0
    outer loop
      vertex 22.3021 126.342 0
      vertex 22.3754 126.647 1.6
      vertex 22.3754 126.647 0
    endloop
  endfacet
  facet normal -0.972315 0.233674 0
    outer loop
      vertex 22.3754 126.647 1.6
      vertex 22.3021 126.342 0
      vertex 22.3021 126.342 1.6
    endloop
  endfacet
  facet normal 0.923904 -0.382624 0
    outer loop
      vertex 18.4979 127.578 1.6
      vertex 18.618 127.868 0
      vertex 18.618 127.868 1.6
    endloop
  endfacet
  facet normal 0.923904 -0.382624 0
    outer loop
      vertex 18.618 127.868 0
      vertex 18.4979 127.578 1.6
      vertex 18.4979 127.578 0
    endloop
  endfacet
  facet normal 0.0796439 0.996823 -0
    outer loop
      vertex 20.4 124.96 0
      vertex 20.0871 124.985 1.6
      vertex 20.4 124.96 1.6
    endloop
  endfacet
  facet normal 0.0796439 0.996823 0
    outer loop
      vertex 20.0871 124.985 1.6
      vertex 20.4 124.96 0
      vertex 20.0871 124.985 0
    endloop
  endfacet
  facet normal 0.852967 -0.521965 0
    outer loop
      vertex 18.618 127.868 1.6
      vertex 18.782 128.136 0
      vertex 18.782 128.136 1.6
    endloop
  endfacet
  facet normal 0.852967 -0.521965 0
    outer loop
      vertex 18.782 128.136 0
      vertex 18.618 127.868 1.6
      vertex 18.618 127.868 0
    endloop
  endfacet
  facet normal -0.232698 0.972549 0
    outer loop
      vertex 21.018 125.058 0
      vertex 20.7129 124.985 1.6
      vertex 21.018 125.058 1.6
    endloop
  endfacet
  facet normal -0.232698 0.972549 0
    outer loop
      vertex 20.7129 124.985 1.6
      vertex 21.018 125.058 0
      vertex 20.7129 124.985 0
    endloop
  endfacet
  facet normal 0.382352 -0.924017 0
    outer loop
      vertex 19.492 128.742 0
      vertex 19.782 128.862 1.6
      vertex 19.492 128.742 1.6
    endloop
  endfacet
  facet normal 0.382352 -0.924017 0
    outer loop
      vertex 19.782 128.862 1.6
      vertex 19.492 128.742 0
      vertex 19.782 128.862 0
    endloop
  endfacet
  facet normal 0.759572 0.650423 0
    outer loop
      vertex 18.9858 125.546 1.6
      vertex 18.782 125.784 0
      vertex 18.782 125.784 1.6
    endloop
  endfacet
  facet normal 0.759572 0.650423 0
    outer loop
      vertex 18.782 125.784 0
      vertex 18.9858 125.546 1.6
      vertex 18.9858 125.546 0
    endloop
  endfacet
  facet normal 0.996926 0.0783526 0
    outer loop
      vertex 18.4246 126.647 1.6
      vertex 18.4 126.96 0
      vertex 18.4 126.96 1.6
    endloop
  endfacet
  facet normal 0.996926 0.0783526 0
    outer loop
      vertex 18.4 126.96 0
      vertex 18.4246 126.647 1.6
      vertex 18.4246 126.647 0
    endloop
  endfacet
  facet normal -0.852967 0.521965 0
    outer loop
      vertex 22.018 125.784 0
      vertex 22.182 126.052 1.6
      vertex 22.182 126.052 0
    endloop
  endfacet
  facet normal -0.852967 0.521965 0
    outer loop
      vertex 22.182 126.052 1.6
      vertex 22.018 125.784 0
      vertex 22.018 125.784 1.6
    endloop
  endfacet
  facet normal 0.852967 0.521965 0
    outer loop
      vertex 18.782 125.784 1.6
      vertex 18.618 126.052 0
      vertex 18.618 126.052 1.6
    endloop
  endfacet
  facet normal 0.852967 0.521965 0
    outer loop
      vertex 18.618 126.052 0
      vertex 18.782 125.784 1.6
      vertex 18.782 125.784 0
    endloop
  endfacet
  facet normal 0.996926 -0.0783526 0
    outer loop
      vertex 18.4 126.96 1.6
      vertex 18.4246 127.273 0
      vertex 18.4246 127.273 1.6
    endloop
  endfacet
  facet normal 0.996926 -0.0783526 0
    outer loop
      vertex 18.4246 127.273 0
      vertex 18.4 126.96 1.6
      vertex 18.4 126.96 0
    endloop
  endfacet
  facet normal -0.522532 -0.85262 0
    outer loop
      vertex 21.308 128.742 0
      vertex 21.5756 128.578 1.6
      vertex 21.308 128.742 1.6
    endloop
  endfacet
  facet normal -0.522532 -0.85262 -0
    outer loop
      vertex 21.5756 128.578 1.6
      vertex 21.308 128.742 0
      vertex 21.5756 128.578 0
    endloop
  endfacet
  facet normal 0.759572 -0.650423 0
    outer loop
      vertex 18.782 128.136 1.6
      vertex 18.9858 128.374 0
      vertex 18.9858 128.374 1.6
    endloop
  endfacet
  facet normal 0.759572 -0.650423 0
    outer loop
      vertex 18.9858 128.374 0
      vertex 18.782 128.136 1.6
      vertex 18.782 128.136 0
    endloop
  endfacet
  facet normal 0.522532 -0.85262 0
    outer loop
      vertex 19.2244 128.578 0
      vertex 19.492 128.742 1.6
      vertex 19.2244 128.578 1.6
    endloop
  endfacet
  facet normal 0.522532 -0.85262 0
    outer loop
      vertex 19.492 128.742 1.6
      vertex 19.2244 128.578 0
      vertex 19.492 128.742 0
    endloop
  endfacet
  facet normal -0.649846 0.760066 0
    outer loop
      vertex 21.8142 125.546 0
      vertex 21.5756 125.342 1.6
      vertex 21.8142 125.546 1.6
    endloop
  endfacet
  facet normal -0.649846 0.760066 0
    outer loop
      vertex 21.5756 125.342 1.6
      vertex 21.8142 125.546 0
      vertex 21.5756 125.342 0
    endloop
  endfacet
  facet normal 0.972315 0.233674 0
    outer loop
      vertex 18.4979 126.342 1.6
      vertex 18.4246 126.647 0
      vertex 18.4246 126.647 1.6
    endloop
  endfacet
  facet normal 0.972315 0.233674 0
    outer loop
      vertex 18.4246 126.647 0
      vertex 18.4979 126.342 1.6
      vertex 18.4979 126.342 0
    endloop
  endfacet
  facet normal -0.0796439 -0.996823 0
    outer loop
      vertex 20.4 128.96 0
      vertex 20.7129 128.935 1.6
      vertex 20.4 128.96 1.6
    endloop
  endfacet
  facet normal -0.0796439 -0.996823 -0
    outer loop
      vertex 20.7129 128.935 1.6
      vertex 20.4 128.96 0
      vertex 20.7129 128.935 0
    endloop
  endfacet
  facet normal 0.923904 0.382624 0
    outer loop
      vertex 18.618 126.052 1.6
      vertex 18.4979 126.342 0
      vertex 18.4979 126.342 1.6
    endloop
  endfacet
  facet normal 0.923904 0.382624 0
    outer loop
      vertex 18.4979 126.342 0
      vertex 18.618 126.052 1.6
      vertex 18.618 126.052 0
    endloop
  endfacet
  facet normal 0.522532 0.85262 -0
    outer loop
      vertex 19.492 125.178 0
      vertex 19.2244 125.342 1.6
      vertex 19.492 125.178 1.6
    endloop
  endfacet
  facet normal 0.522532 0.85262 0
    outer loop
      vertex 19.2244 125.342 1.6
      vertex 19.492 125.178 0
      vertex 19.2244 125.342 0
    endloop
  endfacet
  facet normal -0.649846 -0.760066 0
    outer loop
      vertex 21.5756 128.578 0
      vertex 21.8142 128.374 1.6
      vertex 21.5756 128.578 1.6
    endloop
  endfacet
  facet normal -0.649846 -0.760066 -0
    outer loop
      vertex 21.8142 128.374 1.6
      vertex 21.5756 128.578 0
      vertex 21.8142 128.374 0
    endloop
  endfacet
  facet normal -0.522532 0.85262 0
    outer loop
      vertex 21.5756 125.342 0
      vertex 21.308 125.178 1.6
      vertex 21.5756 125.342 1.6
    endloop
  endfacet
  facet normal -0.522532 0.85262 0
    outer loop
      vertex 21.308 125.178 1.6
      vertex 21.5756 125.342 0
      vertex 21.308 125.178 0
    endloop
  endfacet
  facet normal 0.382352 0.924017 -0
    outer loop
      vertex 19.782 125.058 0
      vertex 19.492 125.178 1.6
      vertex 19.782 125.058 1.6
    endloop
  endfacet
  facet normal 0.382352 0.924017 0
    outer loop
      vertex 19.492 125.178 1.6
      vertex 19.782 125.058 0
      vertex 19.492 125.178 0
    endloop
  endfacet
  facet normal 0.972315 -0.233674 0
    outer loop
      vertex 18.4246 127.273 1.6
      vertex 18.4979 127.578 0
      vertex 18.4979 127.578 1.6
    endloop
  endfacet
  facet normal 0.972315 -0.233674 0
    outer loop
      vertex 18.4979 127.578 0
      vertex 18.4246 127.273 1.6
      vertex 18.4246 127.273 0
    endloop
  endfacet
  facet normal 0.649846 0.760066 -0
    outer loop
      vertex 19.2244 125.342 0
      vertex 18.9858 125.546 1.6
      vertex 19.2244 125.342 1.6
    endloop
  endfacet
  facet normal 0.649846 0.760066 0
    outer loop
      vertex 18.9858 125.546 1.6
      vertex 19.2244 125.342 0
      vertex 18.9858 125.546 0
    endloop
  endfacet
  facet normal -0.0796439 -0.996823 0
    outer loop
      vertex 20.4 155.6 0
      vertex 20.7129 155.575 1.6
      vertex 20.4 155.6 1.6
    endloop
  endfacet
  facet normal -0.0796439 -0.996823 -0
    outer loop
      vertex 20.7129 155.575 1.6
      vertex 20.4 155.6 0
      vertex 20.7129 155.575 0
    endloop
  endfacet
  facet normal -0.972315 -0.233674 0
    outer loop
      vertex 22.3754 153.913 0
      vertex 22.3021 154.218 1.6
      vertex 22.3021 154.218 0
    endloop
  endfacet
  facet normal -0.972315 -0.233674 0
    outer loop
      vertex 22.3021 154.218 1.6
      vertex 22.3754 153.913 0
      vertex 22.3754 153.913 1.6
    endloop
  endfacet
  facet normal -0.996926 -0.0783526 0
    outer loop
      vertex 22.4 153.6 0
      vertex 22.3754 153.913 1.6
      vertex 22.3754 153.913 0
    endloop
  endfacet
  facet normal -0.996926 -0.0783526 0
    outer loop
      vertex 22.3754 153.913 1.6
      vertex 22.4 153.6 0
      vertex 22.4 153.6 1.6
    endloop
  endfacet
  facet normal 0.0796439 0.996823 -0
    outer loop
      vertex 20.4 151.6 0
      vertex 20.0871 151.625 1.6
      vertex 20.4 151.6 1.6
    endloop
  endfacet
  facet normal 0.0796439 0.996823 0
    outer loop
      vertex 20.0871 151.625 1.6
      vertex 20.4 151.6 0
      vertex 20.0871 151.625 0
    endloop
  endfacet
  facet normal 0.232698 -0.972549 0
    outer loop
      vertex 19.782 155.502 0
      vertex 20.0871 155.575 1.6
      vertex 19.782 155.502 1.6
    endloop
  endfacet
  facet normal 0.232698 -0.972549 0
    outer loop
      vertex 20.0871 155.575 1.6
      vertex 19.782 155.502 0
      vertex 20.0871 155.575 0
    endloop
  endfacet
  facet normal 0.522532 0.85262 -0
    outer loop
      vertex 19.492 151.818 0
      vertex 19.2244 151.982 1.6
      vertex 19.492 151.818 1.6
    endloop
  endfacet
  facet normal 0.522532 0.85262 0
    outer loop
      vertex 19.2244 151.982 1.6
      vertex 19.492 151.818 0
      vertex 19.2244 151.982 0
    endloop
  endfacet
  facet normal 0.759572 0.650423 0
    outer loop
      vertex 18.9858 152.186 1.6
      vertex 18.782 152.424 0
      vertex 18.782 152.424 1.6
    endloop
  endfacet
  facet normal 0.759572 0.650423 0
    outer loop
      vertex 18.782 152.424 0
      vertex 18.9858 152.186 1.6
      vertex 18.9858 152.186 0
    endloop
  endfacet
  facet normal 0.996926 0.0783526 0
    outer loop
      vertex 18.4246 153.287 1.6
      vertex 18.4 153.6 0
      vertex 18.4 153.6 1.6
    endloop
  endfacet
  facet normal 0.996926 0.0783526 0
    outer loop
      vertex 18.4 153.6 0
      vertex 18.4246 153.287 1.6
      vertex 18.4246 153.287 0
    endloop
  endfacet
  facet normal 0.649846 0.760066 -0
    outer loop
      vertex 19.2244 151.982 0
      vertex 18.9858 152.186 1.6
      vertex 19.2244 151.982 1.6
    endloop
  endfacet
  facet normal 0.649846 0.760066 0
    outer loop
      vertex 18.9858 152.186 1.6
      vertex 19.2244 151.982 0
      vertex 18.9858 152.186 0
    endloop
  endfacet
  facet normal -0.522532 -0.85262 0
    outer loop
      vertex 21.308 155.382 0
      vertex 21.5756 155.218 1.6
      vertex 21.308 155.382 1.6
    endloop
  endfacet
  facet normal -0.522532 -0.85262 -0
    outer loop
      vertex 21.5756 155.218 1.6
      vertex 21.308 155.382 0
      vertex 21.5756 155.218 0
    endloop
  endfacet
  facet normal -0.382352 0.924017 0
    outer loop
      vertex 21.308 151.818 0
      vertex 21.018 151.698 1.6
      vertex 21.308 151.818 1.6
    endloop
  endfacet
  facet normal -0.382352 0.924017 0
    outer loop
      vertex 21.018 151.698 1.6
      vertex 21.308 151.818 0
      vertex 21.018 151.698 0
    endloop
  endfacet
  facet normal 0.923904 0.382624 0
    outer loop
      vertex 18.618 152.692 1.6
      vertex 18.4979 152.982 0
      vertex 18.4979 152.982 1.6
    endloop
  endfacet
  facet normal 0.923904 0.382624 0
    outer loop
      vertex 18.4979 152.982 0
      vertex 18.618 152.692 1.6
      vertex 18.618 152.692 0
    endloop
  endfacet
  facet normal -0.996926 0.0783526 0
    outer loop
      vertex 22.3754 153.287 0
      vertex 22.4 153.6 1.6
      vertex 22.4 153.6 0
    endloop
  endfacet
  facet normal -0.996926 0.0783526 0
    outer loop
      vertex 22.4 153.6 1.6
      vertex 22.3754 153.287 0
      vertex 22.3754 153.287 1.6
    endloop
  endfacet
  facet normal -0.852967 0.521965 0
    outer loop
      vertex 22.018 152.424 0
      vertex 22.182 152.692 1.6
      vertex 22.182 152.692 0
    endloop
  endfacet
  facet normal -0.852967 0.521965 0
    outer loop
      vertex 22.182 152.692 1.6
      vertex 22.018 152.424 0
      vertex 22.018 152.424 1.6
    endloop
  endfacet
  facet normal -0.972315 0.233674 0
    outer loop
      vertex 22.3021 152.982 0
      vertex 22.3754 153.287 1.6
      vertex 22.3754 153.287 0
    endloop
  endfacet
  facet normal -0.972315 0.233674 0
    outer loop
      vertex 22.3754 153.287 1.6
      vertex 22.3021 152.982 0
      vertex 22.3021 152.982 1.6
    endloop
  endfacet
  facet normal -0.649846 0.760066 0
    outer loop
      vertex 21.8142 152.186 0
      vertex 21.5756 151.982 1.6
      vertex 21.8142 152.186 1.6
    endloop
  endfacet
  facet normal -0.649846 0.760066 0
    outer loop
      vertex 21.5756 151.982 1.6
      vertex 21.8142 152.186 0
      vertex 21.5756 151.982 0
    endloop
  endfacet
  facet normal -0.232698 -0.972549 0
    outer loop
      vertex 20.7129 155.575 0
      vertex 21.018 155.502 1.6
      vertex 20.7129 155.575 1.6
    endloop
  endfacet
  facet normal -0.232698 -0.972549 -0
    outer loop
      vertex 21.018 155.502 1.6
      vertex 20.7129 155.575 0
      vertex 21.018 155.502 0
    endloop
  endfacet
  facet normal -0.923904 0.382624 0
    outer loop
      vertex 22.182 152.692 0
      vertex 22.3021 152.982 1.6
      vertex 22.3021 152.982 0
    endloop
  endfacet
  facet normal -0.923904 0.382624 0
    outer loop
      vertex 22.3021 152.982 1.6
      vertex 22.182 152.692 0
      vertex 22.182 152.692 1.6
    endloop
  endfacet
  facet normal -0.0796439 0.996823 0
    outer loop
      vertex 20.7129 151.625 0
      vertex 20.4 151.6 1.6
      vertex 20.7129 151.625 1.6
    endloop
  endfacet
  facet normal -0.0796439 0.996823 0
    outer loop
      vertex 20.4 151.6 1.6
      vertex 20.7129 151.625 0
      vertex 20.4 151.6 0
    endloop
  endfacet
  facet normal 0.0796439 -0.996823 0
    outer loop
      vertex 20.0871 155.575 0
      vertex 20.4 155.6 1.6
      vertex 20.0871 155.575 1.6
    endloop
  endfacet
  facet normal 0.0796439 -0.996823 0
    outer loop
      vertex 20.4 155.6 1.6
      vertex 20.0871 155.575 0
      vertex 20.4 155.6 0
    endloop
  endfacet
  facet normal -0.232698 0.972549 0
    outer loop
      vertex 21.018 151.698 0
      vertex 20.7129 151.625 1.6
      vertex 21.018 151.698 1.6
    endloop
  endfacet
  facet normal -0.232698 0.972549 0
    outer loop
      vertex 20.7129 151.625 1.6
      vertex 21.018 151.698 0
      vertex 20.7129 151.625 0
    endloop
  endfacet
  facet normal 0.382352 0.924017 -0
    outer loop
      vertex 19.782 151.698 0
      vertex 19.492 151.818 1.6
      vertex 19.782 151.698 1.6
    endloop
  endfacet
  facet normal 0.382352 0.924017 0
    outer loop
      vertex 19.492 151.818 1.6
      vertex 19.782 151.698 0
      vertex 19.492 151.818 0
    endloop
  endfacet
  facet normal 0.649846 -0.760066 0
    outer loop
      vertex 18.9858 155.014 0
      vertex 19.2244 155.218 1.6
      vertex 18.9858 155.014 1.6
    endloop
  endfacet
  facet normal 0.649846 -0.760066 0
    outer loop
      vertex 19.2244 155.218 1.6
      vertex 18.9858 155.014 0
      vertex 19.2244 155.218 0
    endloop
  endfacet
  facet normal -0.759572 -0.650423 0
    outer loop
      vertex 22.018 154.776 0
      vertex 21.8142 155.014 1.6
      vertex 21.8142 155.014 0
    endloop
  endfacet
  facet normal -0.759572 -0.650423 0
    outer loop
      vertex 21.8142 155.014 1.6
      vertex 22.018 154.776 0
      vertex 22.018 154.776 1.6
    endloop
  endfacet
  facet normal -0.923904 -0.382624 0
    outer loop
      vertex 22.3021 154.218 0
      vertex 22.182 154.508 1.6
      vertex 22.182 154.508 0
    endloop
  endfacet
  facet normal -0.923904 -0.382624 0
    outer loop
      vertex 22.182 154.508 1.6
      vertex 22.3021 154.218 0
      vertex 22.3021 154.218 1.6
    endloop
  endfacet
  facet normal -0.649846 -0.760066 0
    outer loop
      vertex 21.5756 155.218 0
      vertex 21.8142 155.014 1.6
      vertex 21.5756 155.218 1.6
    endloop
  endfacet
  facet normal -0.649846 -0.760066 -0
    outer loop
      vertex 21.8142 155.014 1.6
      vertex 21.5756 155.218 0
      vertex 21.8142 155.014 0
    endloop
  endfacet
  facet normal -0.522532 0.85262 0
    outer loop
      vertex 21.5756 151.982 0
      vertex 21.308 151.818 1.6
      vertex 21.5756 151.982 1.6
    endloop
  endfacet
  facet normal -0.522532 0.85262 0
    outer loop
      vertex 21.308 151.818 1.6
      vertex 21.5756 151.982 0
      vertex 21.308 151.818 0
    endloop
  endfacet
  facet normal -0.759572 0.650423 0
    outer loop
      vertex 21.8142 152.186 0
      vertex 22.018 152.424 1.6
      vertex 22.018 152.424 0
    endloop
  endfacet
  facet normal -0.759572 0.650423 0
    outer loop
      vertex 22.018 152.424 1.6
      vertex 21.8142 152.186 0
      vertex 21.8142 152.186 1.6
    endloop
  endfacet
  facet normal 0.232698 0.972549 -0
    outer loop
      vertex 20.0871 151.625 0
      vertex 19.782 151.698 1.6
      vertex 20.0871 151.625 1.6
    endloop
  endfacet
  facet normal 0.232698 0.972549 0
    outer loop
      vertex 19.782 151.698 1.6
      vertex 20.0871 151.625 0
      vertex 19.782 151.698 0
    endloop
  endfacet
  facet normal 0.852967 0.521965 0
    outer loop
      vertex 18.782 152.424 1.6
      vertex 18.618 152.692 0
      vertex 18.618 152.692 1.6
    endloop
  endfacet
  facet normal 0.852967 0.521965 0
    outer loop
      vertex 18.618 152.692 0
      vertex 18.782 152.424 1.6
      vertex 18.782 152.424 0
    endloop
  endfacet
  facet normal 0.522532 -0.85262 0
    outer loop
      vertex 19.2244 155.218 0
      vertex 19.492 155.382 1.6
      vertex 19.2244 155.218 1.6
    endloop
  endfacet
  facet normal 0.522532 -0.85262 0
    outer loop
      vertex 19.492 155.382 1.6
      vertex 19.2244 155.218 0
      vertex 19.492 155.382 0
    endloop
  endfacet
  facet normal 0.972315 0.233674 0
    outer loop
      vertex 18.4979 152.982 1.6
      vertex 18.4246 153.287 0
      vertex 18.4246 153.287 1.6
    endloop
  endfacet
  facet normal 0.972315 0.233674 0
    outer loop
      vertex 18.4246 153.287 0
      vertex 18.4979 152.982 1.6
      vertex 18.4979 152.982 0
    endloop
  endfacet
  facet normal 0.759572 -0.650423 0
    outer loop
      vertex 18.782 154.776 1.6
      vertex 18.9858 155.014 0
      vertex 18.9858 155.014 1.6
    endloop
  endfacet
  facet normal 0.759572 -0.650423 0
    outer loop
      vertex 18.9858 155.014 0
      vertex 18.782 154.776 1.6
      vertex 18.782 154.776 0
    endloop
  endfacet
  facet normal 0.852967 -0.521965 0
    outer loop
      vertex 18.618 154.508 1.6
      vertex 18.782 154.776 0
      vertex 18.782 154.776 1.6
    endloop
  endfacet
  facet normal 0.852967 -0.521965 0
    outer loop
      vertex 18.782 154.776 0
      vertex 18.618 154.508 1.6
      vertex 18.618 154.508 0
    endloop
  endfacet
  facet normal -0.852967 -0.521965 0
    outer loop
      vertex 22.182 154.508 0
      vertex 22.018 154.776 1.6
      vertex 22.018 154.776 0
    endloop
  endfacet
  facet normal -0.852967 -0.521965 0
    outer loop
      vertex 22.018 154.776 1.6
      vertex 22.182 154.508 0
      vertex 22.182 154.508 1.6
    endloop
  endfacet
  facet normal -0.382352 -0.924017 0
    outer loop
      vertex 21.018 155.502 0
      vertex 21.308 155.382 1.6
      vertex 21.018 155.502 1.6
    endloop
  endfacet
  facet normal -0.382352 -0.924017 -0
    outer loop
      vertex 21.308 155.382 1.6
      vertex 21.018 155.502 0
      vertex 21.308 155.382 0
    endloop
  endfacet
  facet normal 0.996926 -0.0783526 0
    outer loop
      vertex 18.4 153.6 1.6
      vertex 18.4246 153.913 0
      vertex 18.4246 153.913 1.6
    endloop
  endfacet
  facet normal 0.996926 -0.0783526 0
    outer loop
      vertex 18.4246 153.913 0
      vertex 18.4 153.6 1.6
      vertex 18.4 153.6 0
    endloop
  endfacet
  facet normal 0.382352 -0.924017 0
    outer loop
      vertex 19.492 155.382 0
      vertex 19.782 155.502 1.6
      vertex 19.492 155.382 1.6
    endloop
  endfacet
  facet normal 0.382352 -0.924017 0
    outer loop
      vertex 19.782 155.502 1.6
      vertex 19.492 155.382 0
      vertex 19.782 155.502 0
    endloop
  endfacet
  facet normal 0.972315 -0.233674 0
    outer loop
      vertex 18.4246 153.913 1.6
      vertex 18.4979 154.218 0
      vertex 18.4979 154.218 1.6
    endloop
  endfacet
  facet normal 0.972315 -0.233674 0
    outer loop
      vertex 18.4979 154.218 0
      vertex 18.4246 153.913 1.6
      vertex 18.4246 153.913 0
    endloop
  endfacet
  facet normal 0.923904 -0.382624 0
    outer loop
      vertex 18.4979 154.218 1.6
      vertex 18.618 154.508 0
      vertex 18.618 154.508 1.6
    endloop
  endfacet
  facet normal 0.923904 -0.382624 0
    outer loop
      vertex 18.618 154.508 0
      vertex 18.4979 154.218 1.6
      vertex 18.4979 154.218 0
    endloop
  endfacet
  facet normal -0.0783775 -0.996924 0
    outer loop
      vertex 66.6333 22.4 0
      vertex 66.9462 22.3754 1.6
      vertex 66.6333 22.4 1.6
    endloop
  endfacet
  facet normal -0.0783775 -0.996924 -0
    outer loop
      vertex 66.9462 22.3754 1.6
      vertex 66.6333 22.4 0
      vertex 66.9462 22.3754 0
    endloop
  endfacet
  facet normal -0.760223 0.649662 0
    outer loop
      vertex 68.0475 18.9858 0
      vertex 68.2514 19.2244 1.6
      vertex 68.2514 19.2244 0
    endloop
  endfacet
  facet normal -0.760223 0.649662 0
    outer loop
      vertex 68.2514 19.2244 1.6
      vertex 68.0475 18.9858 0
      vertex 68.0475 18.9858 1.6
    endloop
  endfacet
  facet normal -0.649478 -0.76038 0
    outer loop
      vertex 67.8089 22.018 0
      vertex 68.0475 21.8142 1.6
      vertex 67.8089 22.018 1.6
    endloop
  endfacet
  facet normal -0.649478 -0.76038 -0
    outer loop
      vertex 68.0475 21.8142 1.6
      vertex 67.8089 22.018 0
      vertex 68.0475 21.8142 0
    endloop
  endfacet
  facet normal -0.972332 -0.233602 0
    outer loop
      vertex 68.6087 20.7129 0
      vertex 68.5354 21.018 1.6
      vertex 68.5354 21.018 0
    endloop
  endfacet
  facet normal -0.972332 -0.233602 0
    outer loop
      vertex 68.5354 21.018 1.6
      vertex 68.6087 20.7129 0
      vertex 68.6087 20.7129 1.6
    endloop
  endfacet
  facet normal 0.76038 -0.649478 0
    outer loop
      vertex 65.0153 21.5756 1.6
      vertex 65.2191 21.8142 0
      vertex 65.2191 21.8142 1.6
    endloop
  endfacet
  facet normal 0.76038 -0.649478 0
    outer loop
      vertex 65.2191 21.8142 0
      vertex 65.0153 21.5756 1.6
      vertex 65.0153 21.5756 0
    endloop
  endfacet
  facet normal -0.852762 0.5223 0
    outer loop
      vertex 68.2514 19.2244 0
      vertex 68.4153 19.492 1.6
      vertex 68.4153 19.492 0
    endloop
  endfacet
  facet normal -0.852762 0.5223 0
    outer loop
      vertex 68.4153 19.492 1.6
      vertex 68.2514 19.2244 0
      vertex 68.2514 19.2244 1.6
    endloop
  endfacet
  facet normal 0.0784024 0.996922 -0
    outer loop
      vertex 66.6333 18.4 0
      vertex 66.3205 18.4246 1.6
      vertex 66.6333 18.4 1.6
    endloop
  endfacet
  facet normal 0.0784024 0.996922 0
    outer loop
      vertex 66.3205 18.4246 1.6
      vertex 66.6333 18.4 0
      vertex 66.3205 18.4246 0
    endloop
  endfacet
  facet normal 0.23353 -0.97235 0
    outer loop
      vertex 66.0153 22.3021 0
      vertex 66.3205 22.3754 1.6
      vertex 66.0153 22.3021 1.6
    endloop
  endfacet
  facet normal 0.23353 -0.97235 0
    outer loop
      vertex 66.3205 22.3754 1.6
      vertex 66.0153 22.3021 0
      vertex 66.3205 22.3754 0
    endloop
  endfacet
  facet normal 0.85262 0.522532 0
    outer loop
      vertex 65.0153 19.2244 1.6
      vertex 64.8513 19.492 0
      vertex 64.8513 19.492 1.6
    endloop
  endfacet
  facet normal 0.85262 0.522532 0
    outer loop
      vertex 64.8513 19.492 0
      vertex 65.0153 19.2244 1.6
      vertex 65.0153 19.2244 0
    endloop
  endfacet
  facet normal -0.996924 -0.0783775 0
    outer loop
      vertex 68.6333 20.4 0
      vertex 68.6087 20.7129 1.6
      vertex 68.6087 20.7129 0
    endloop
  endfacet
  facet normal -0.996924 -0.0783775 0
    outer loop
      vertex 68.6087 20.7129 1.6
      vertex 68.6333 20.4 0
      vertex 68.6333 20.4 1.6
    endloop
  endfacet
  facet normal 0.85262 -0.522532 0
    outer loop
      vertex 64.8513 21.308 1.6
      vertex 65.0153 21.5756 0
      vertex 65.0153 21.5756 1.6
    endloop
  endfacet
  facet normal 0.85262 -0.522532 0
    outer loop
      vertex 65.0153 21.5756 0
      vertex 64.8513 21.308 1.6
      vertex 64.8513 21.308 0
    endloop
  endfacet
  facet normal 0.923904 0.382624 0
    outer loop
      vertex 64.8513 19.492 1.6
      vertex 64.7312 19.782 0
      vertex 64.7312 19.782 1.6
    endloop
  endfacet
  facet normal 0.923904 0.382624 0
    outer loop
      vertex 64.7312 19.782 0
      vertex 64.8513 19.492 1.6
      vertex 64.8513 19.492 0
    endloop
  endfacet
  facet normal -0.923904 -0.382624 0
    outer loop
      vertex 68.5354 21.018 0
      vertex 68.4153 21.308 1.6
      vertex 68.4153 21.308 0
    endloop
  endfacet
  facet normal -0.923904 -0.382624 0
    outer loop
      vertex 68.4153 21.308 1.6
      vertex 68.5354 21.018 0
      vertex 68.5354 21.018 1.6
    endloop
  endfacet
  facet normal -0.382736 -0.923858 0
    outer loop
      vertex 67.2514 22.3021 0
      vertex 67.5413 22.182 1.6
      vertex 67.2514 22.3021 1.6
    endloop
  endfacet
  facet normal -0.382736 -0.923858 -0
    outer loop
      vertex 67.5413 22.182 1.6
      vertex 67.2514 22.3021 0
      vertex 67.5413 22.182 0
    endloop
  endfacet
  facet normal 0.996899 -0.0786942 0
    outer loop
      vertex 64.6333 20.4 1.6
      vertex 64.658 20.7129 0
      vertex 64.658 20.7129 1.6
    endloop
  endfacet
  facet normal 0.996899 -0.0786942 0
    outer loop
      vertex 64.658 20.7129 0
      vertex 64.6333 20.4 1.6
      vertex 64.6333 20.4 0
    endloop
  endfacet
  facet normal 0.923904 -0.382624 0
    outer loop
      vertex 64.7312 21.018 1.6
      vertex 64.8513 21.308 0
      vertex 64.8513 21.308 1.6
    endloop
  endfacet
  facet normal 0.923904 -0.382624 0
    outer loop
      vertex 64.8513 21.308 0
      vertex 64.7312 21.018 1.6
      vertex 64.7312 21.018 0
    endloop
  endfacet
  facet normal -0.382736 0.923858 0
    outer loop
      vertex 67.5413 18.618 0
      vertex 67.2514 18.4979 1.6
      vertex 67.5413 18.618 1.6
    endloop
  endfacet
  facet normal -0.382736 0.923858 0
    outer loop
      vertex 67.2514 18.4979 1.6
      vertex 67.5413 18.618 0
      vertex 67.2514 18.4979 0
    endloop
  endfacet
  facet normal 0.522674 -0.852533 0
    outer loop
      vertex 65.4578 22.018 0
      vertex 65.7253 22.182 1.6
      vertex 65.4578 22.018 1.6
    endloop
  endfacet
  facet normal 0.522674 -0.852533 0
    outer loop
      vertex 65.7253 22.182 1.6
      vertex 65.4578 22.018 0
      vertex 65.7253 22.182 0
    endloop
  endfacet
  facet normal -0.996924 0.0783775 0
    outer loop
      vertex 68.6087 20.0871 0
      vertex 68.6333 20.4 1.6
      vertex 68.6333 20.4 0
    endloop
  endfacet
  facet normal -0.996924 0.0783775 0
    outer loop
      vertex 68.6333 20.4 1.6
      vertex 68.6087 20.0871 0
      vertex 68.6087 20.0871 1.6
    endloop
  endfacet
  facet normal 0.996899 0.0786942 0
    outer loop
      vertex 64.658 20.0871 1.6
      vertex 64.6333 20.4 0
      vertex 64.6333 20.4 1.6
    endloop
  endfacet
  facet normal 0.996899 0.0786942 0
    outer loop
      vertex 64.6333 20.4 0
      vertex 64.658 20.0871 1.6
      vertex 64.658 20.0871 0
    endloop
  endfacet
  facet normal 0.972405 -0.233301 0
    outer loop
      vertex 64.658 20.7129 1.6
      vertex 64.7312 21.018 0
      vertex 64.7312 21.018 1.6
    endloop
  endfacet
  facet normal 0.972405 -0.233301 0
    outer loop
      vertex 64.7312 21.018 0
      vertex 64.658 20.7129 1.6
      vertex 64.658 20.7129 0
    endloop
  endfacet
  facet normal 0.382624 0.923904 -0
    outer loop
      vertex 66.0153 18.4979 0
      vertex 65.7253 18.618 1.6
      vertex 66.0153 18.4979 1.6
    endloop
  endfacet
  facet normal 0.382624 0.923904 0
    outer loop
      vertex 65.7253 18.618 1.6
      vertex 66.0153 18.4979 0
      vertex 65.7253 18.618 0
    endloop
  endfacet
  facet normal -0.522532 0.85262 0
    outer loop
      vertex 67.8089 18.782 0
      vertex 67.5413 18.618 1.6
      vertex 67.8089 18.782 1.6
    endloop
  endfacet
  facet normal -0.522532 0.85262 0
    outer loop
      vertex 67.5413 18.618 1.6
      vertex 67.8089 18.782 0
      vertex 67.5413 18.618 0
    endloop
  endfacet
  facet normal -0.852762 -0.5223 0
    outer loop
      vertex 68.4153 21.308 0
      vertex 68.2514 21.5756 1.6
      vertex 68.2514 21.5756 0
    endloop
  endfacet
  facet normal -0.852762 -0.5223 0
    outer loop
      vertex 68.2514 21.5756 1.6
      vertex 68.4153 21.308 0
      vertex 68.4153 21.308 1.6
    endloop
  endfacet
  facet normal -0.522532 -0.85262 0
    outer loop
      vertex 67.5413 22.182 0
      vertex 67.8089 22.018 1.6
      vertex 67.5413 22.182 1.6
    endloop
  endfacet
  facet normal -0.522532 -0.85262 -0
    outer loop
      vertex 67.8089 22.018 1.6
      vertex 67.5413 22.182 0
      vertex 67.8089 22.018 0
    endloop
  endfacet
  facet normal -0.923904 0.382624 0
    outer loop
      vertex 68.4153 19.492 0
      vertex 68.5354 19.782 1.6
      vertex 68.5354 19.782 0
    endloop
  endfacet
  facet normal -0.923904 0.382624 0
    outer loop
      vertex 68.5354 19.782 1.6
      vertex 68.4153 19.492 0
      vertex 68.4153 19.492 1.6
    endloop
  endfacet
  facet normal 0.382624 -0.923904 0
    outer loop
      vertex 65.7253 22.182 0
      vertex 66.0153 22.3021 1.6
      vertex 65.7253 22.182 1.6
    endloop
  endfacet
  facet normal 0.382624 -0.923904 0
    outer loop
      vertex 66.0153 22.3021 1.6
      vertex 65.7253 22.182 0
      vertex 66.0153 22.3021 0
    endloop
  endfacet
  facet normal -0.23353 -0.97235 0
    outer loop
      vertex 66.9462 22.3754 0
      vertex 67.2514 22.3021 1.6
      vertex 66.9462 22.3754 1.6
    endloop
  endfacet
  facet normal -0.23353 -0.97235 -0
    outer loop
      vertex 67.2514 22.3021 1.6
      vertex 66.9462 22.3754 0
      vertex 67.2514 22.3021 0
    endloop
  endfacet
  facet normal 0.649321 -0.760515 0
    outer loop
      vertex 65.2191 21.8142 0
      vertex 65.4578 22.018 1.6
      vertex 65.2191 21.8142 1.6
    endloop
  endfacet
  facet normal 0.649321 -0.760515 0
    outer loop
      vertex 65.4578 22.018 1.6
      vertex 65.2191 21.8142 0
      vertex 65.4578 22.018 0
    endloop
  endfacet
  facet normal 0.0784024 -0.996922 0
    outer loop
      vertex 66.3205 22.3754 0
      vertex 66.6333 22.4 1.6
      vertex 66.3205 22.3754 1.6
    endloop
  endfacet
  facet normal 0.0784024 -0.996922 0
    outer loop
      vertex 66.6333 22.4 1.6
      vertex 66.3205 22.3754 0
      vertex 66.6333 22.4 0
    endloop
  endfacet
  facet normal 0.76038 0.649478 0
    outer loop
      vertex 65.2191 18.9858 1.6
      vertex 65.0153 19.2244 0
      vertex 65.0153 19.2244 1.6
    endloop
  endfacet
  facet normal 0.76038 0.649478 0
    outer loop
      vertex 65.0153 19.2244 0
      vertex 65.2191 18.9858 1.6
      vertex 65.2191 18.9858 0
    endloop
  endfacet
  facet normal 0.649321 0.760515 -0
    outer loop
      vertex 65.4578 18.782 0
      vertex 65.2191 18.9858 1.6
      vertex 65.4578 18.782 1.6
    endloop
  endfacet
  facet normal 0.649321 0.760515 0
    outer loop
      vertex 65.2191 18.9858 1.6
      vertex 65.4578 18.782 0
      vertex 65.2191 18.9858 0
    endloop
  endfacet
  facet normal 0.972405 0.233301 0
    outer loop
      vertex 64.7312 19.782 1.6
      vertex 64.658 20.0871 0
      vertex 64.658 20.0871 1.6
    endloop
  endfacet
  facet normal 0.972405 0.233301 0
    outer loop
      vertex 64.658 20.0871 0
      vertex 64.7312 19.782 1.6
      vertex 64.7312 19.782 0
    endloop
  endfacet
  facet normal -0.23353 0.97235 0
    outer loop
      vertex 67.2514 18.4979 0
      vertex 66.9462 18.4246 1.6
      vertex 67.2514 18.4979 1.6
    endloop
  endfacet
  facet normal -0.23353 0.97235 0
    outer loop
      vertex 66.9462 18.4246 1.6
      vertex 67.2514 18.4979 0
      vertex 66.9462 18.4246 0
    endloop
  endfacet
  facet normal 0.522674 0.852533 -0
    outer loop
      vertex 65.7253 18.618 0
      vertex 65.4578 18.782 1.6
      vertex 65.7253 18.618 1.6
    endloop
  endfacet
  facet normal 0.522674 0.852533 0
    outer loop
      vertex 65.4578 18.782 1.6
      vertex 65.7253 18.618 0
      vertex 65.4578 18.782 0
    endloop
  endfacet
  facet normal 0.23353 0.97235 -0
    outer loop
      vertex 66.3205 18.4246 0
      vertex 66.0153 18.4979 1.6
      vertex 66.3205 18.4246 1.6
    endloop
  endfacet
  facet normal 0.23353 0.97235 0
    outer loop
      vertex 66.0153 18.4979 1.6
      vertex 66.3205 18.4246 0
      vertex 66.0153 18.4979 0
    endloop
  endfacet
  facet normal -0.649478 0.76038 0
    outer loop
      vertex 68.0475 18.9858 0
      vertex 67.8089 18.782 1.6
      vertex 68.0475 18.9858 1.6
    endloop
  endfacet
  facet normal -0.649478 0.76038 0
    outer loop
      vertex 67.8089 18.782 1.6
      vertex 68.0475 18.9858 0
      vertex 67.8089 18.782 0
    endloop
  endfacet
  facet normal -0.972332 0.233602 0
    outer loop
      vertex 68.5354 19.782 0
      vertex 68.6087 20.0871 1.6
      vertex 68.6087 20.0871 0
    endloop
  endfacet
  facet normal -0.972332 0.233602 0
    outer loop
      vertex 68.6087 20.0871 1.6
      vertex 68.5354 19.782 0
      vertex 68.5354 19.782 1.6
    endloop
  endfacet
  facet normal -0.760223 -0.649662 0
    outer loop
      vertex 68.2514 21.5756 0
      vertex 68.0475 21.8142 1.6
      vertex 68.0475 21.8142 0
    endloop
  endfacet
  facet normal -0.760223 -0.649662 0
    outer loop
      vertex 68.0475 21.8142 1.6
      vertex 68.2514 21.5756 0
      vertex 68.2514 21.5756 1.6
    endloop
  endfacet
  facet normal -0.0783775 0.996924 0
    outer loop
      vertex 66.9462 18.4246 0
      vertex 66.6333 18.4 1.6
      vertex 66.9462 18.4246 1.6
    endloop
  endfacet
  facet normal -0.0783775 0.996924 0
    outer loop
      vertex 66.6333 18.4 1.6
      vertex 66.9462 18.4246 0
      vertex 66.6333 18.4 0
    endloop
  endfacet
  facet normal -0.760223 0.649662 0
    outer loop
      vertex 68.0475 45.6258 0
      vertex 68.2514 45.8644 1.6
      vertex 68.2514 45.8644 0
    endloop
  endfacet
  facet normal -0.760223 0.649662 0
    outer loop
      vertex 68.2514 45.8644 1.6
      vertex 68.0475 45.6258 0
      vertex 68.0475 45.6258 1.6
    endloop
  endfacet
  facet normal -0.972332 -0.233602 0
    outer loop
      vertex 68.6087 47.3529 0
      vertex 68.5354 47.658 1.6
      vertex 68.5354 47.658 0
    endloop
  endfacet
  facet normal -0.972332 -0.233602 0
    outer loop
      vertex 68.5354 47.658 1.6
      vertex 68.6087 47.3529 0
      vertex 68.6087 47.3529 1.6
    endloop
  endfacet
  facet normal -0.382736 0.923858 0
    outer loop
      vertex 67.5413 45.258 0
      vertex 67.2514 45.1379 1.6
      vertex 67.5413 45.258 1.6
    endloop
  endfacet
  facet normal -0.382736 0.923858 0
    outer loop
      vertex 67.2514 45.1379 1.6
      vertex 67.5413 45.258 0
      vertex 67.2514 45.1379 0
    endloop
  endfacet
  facet normal 0.996899 -0.0786942 0
    outer loop
      vertex 64.6333 47.04 1.6
      vertex 64.658 47.3529 0
      vertex 64.658 47.3529 1.6
    endloop
  endfacet
  facet normal 0.996899 -0.0786942 0
    outer loop
      vertex 64.658 47.3529 0
      vertex 64.6333 47.04 1.6
      vertex 64.6333 47.04 0
    endloop
  endfacet
  facet normal -0.760223 -0.649662 0
    outer loop
      vertex 68.2514 48.2156 0
      vertex 68.0475 48.4542 1.6
      vertex 68.0475 48.4542 0
    endloop
  endfacet
  facet normal -0.760223 -0.649662 0
    outer loop
      vertex 68.0475 48.4542 1.6
      vertex 68.2514 48.2156 0
      vertex 68.2514 48.2156 1.6
    endloop
  endfacet
  facet normal 0.85262 -0.522532 0
    outer loop
      vertex 64.8513 47.948 1.6
      vertex 65.0153 48.2156 0
      vertex 65.0153 48.2156 1.6
    endloop
  endfacet
  facet normal 0.85262 -0.522532 0
    outer loop
      vertex 65.0153 48.2156 0
      vertex 64.8513 47.948 1.6
      vertex 64.8513 47.948 0
    endloop
  endfacet
  facet normal -0.852762 0.5223 0
    outer loop
      vertex 68.2514 45.8644 0
      vertex 68.4153 46.132 1.6
      vertex 68.4153 46.132 0
    endloop
  endfacet
  facet normal -0.852762 0.5223 0
    outer loop
      vertex 68.4153 46.132 1.6
      vertex 68.2514 45.8644 0
      vertex 68.2514 45.8644 1.6
    endloop
  endfacet
  facet normal 0.76038 -0.649478 0
    outer loop
      vertex 65.0153 48.2156 1.6
      vertex 65.2191 48.4542 0
      vertex 65.2191 48.4542 1.6
    endloop
  endfacet
  facet normal 0.76038 -0.649478 0
    outer loop
      vertex 65.2191 48.4542 0
      vertex 65.0153 48.2156 1.6
      vertex 65.0153 48.2156 0
    endloop
  endfacet
  facet normal -0.23353 0.97235 0
    outer loop
      vertex 67.2514 45.1379 0
      vertex 66.9462 45.0646 1.6
      vertex 67.2514 45.1379 1.6
    endloop
  endfacet
  facet normal -0.23353 0.97235 0
    outer loop
      vertex 66.9462 45.0646 1.6
      vertex 67.2514 45.1379 0
      vertex 66.9462 45.0646 0
    endloop
  endfacet
  facet normal 0.996899 0.0786942 0
    outer loop
      vertex 64.658 46.7271 1.6
      vertex 64.6333 47.04 0
      vertex 64.6333 47.04 1.6
    endloop
  endfacet
  facet normal 0.996899 0.0786942 0
    outer loop
      vertex 64.6333 47.04 0
      vertex 64.658 46.7271 1.6
      vertex 64.658 46.7271 0
    endloop
  endfacet
  facet normal 0.972405 0.233301 0
    outer loop
      vertex 64.7312 46.422 1.6
      vertex 64.658 46.7271 0
      vertex 64.658 46.7271 1.6
    endloop
  endfacet
  facet normal 0.972405 0.233301 0
    outer loop
      vertex 64.658 46.7271 0
      vertex 64.7312 46.422 1.6
      vertex 64.7312 46.422 0
    endloop
  endfacet
  facet normal -0.382736 -0.923858 0
    outer loop
      vertex 67.2514 48.9421 0
      vertex 67.5413 48.822 1.6
      vertex 67.2514 48.9421 1.6
    endloop
  endfacet
  facet normal -0.382736 -0.923858 -0
    outer loop
      vertex 67.5413 48.822 1.6
      vertex 67.2514 48.9421 0
      vertex 67.5413 48.822 0
    endloop
  endfacet
  facet normal -0.996924 -0.0783775 0
    outer loop
      vertex 68.6333 47.04 0
      vertex 68.6087 47.3529 1.6
      vertex 68.6087 47.3529 0
    endloop
  endfacet
  facet normal -0.996924 -0.0783775 0
    outer loop
      vertex 68.6087 47.3529 1.6
      vertex 68.6333 47.04 0
      vertex 68.6333 47.04 1.6
    endloop
  endfacet
  facet normal 0.23353 -0.97235 0
    outer loop
      vertex 66.0153 48.9421 0
      vertex 66.3205 49.0154 1.6
      vertex 66.0153 48.9421 1.6
    endloop
  endfacet
  facet normal 0.23353 -0.97235 0
    outer loop
      vertex 66.3205 49.0154 1.6
      vertex 66.0153 48.9421 0
      vertex 66.3205 49.0154 0
    endloop
  endfacet
  facet normal -0.923904 -0.382624 0
    outer loop
      vertex 68.5354 47.658 0
      vertex 68.4153 47.948 1.6
      vertex 68.4153 47.948 0
    endloop
  endfacet
  facet normal -0.923904 -0.382624 0
    outer loop
      vertex 68.4153 47.948 1.6
      vertex 68.5354 47.658 0
      vertex 68.5354 47.658 1.6
    endloop
  endfacet
  facet normal -0.0783775 -0.996924 0
    outer loop
      vertex 66.6333 49.04 0
      vertex 66.9462 49.0154 1.6
      vertex 66.6333 49.04 1.6
    endloop
  endfacet
  facet normal -0.0783775 -0.996924 -0
    outer loop
      vertex 66.9462 49.0154 1.6
      vertex 66.6333 49.04 0
      vertex 66.9462 49.0154 0
    endloop
  endfacet
  facet normal -0.923904 0.382624 0
    outer loop
      vertex 68.4153 46.132 0
      vertex 68.5354 46.422 1.6
      vertex 68.5354 46.422 0
    endloop
  endfacet
  facet normal -0.923904 0.382624 0
    outer loop
      vertex 68.5354 46.422 1.6
      vertex 68.4153 46.132 0
      vertex 68.4153 46.132 1.6
    endloop
  endfacet
  facet normal 0.923904 0.382624 0
    outer loop
      vertex 64.8513 46.132 1.6
      vertex 64.7312 46.422 0
      vertex 64.7312 46.422 1.6
    endloop
  endfacet
  facet normal 0.923904 0.382624 0
    outer loop
      vertex 64.7312 46.422 0
      vertex 64.8513 46.132 1.6
      vertex 64.8513 46.132 0
    endloop
  endfacet
  facet normal -0.23353 -0.97235 0
    outer loop
      vertex 66.9462 49.0154 0
      vertex 67.2514 48.9421 1.6
      vertex 66.9462 49.0154 1.6
    endloop
  endfacet
  facet normal -0.23353 -0.97235 -0
    outer loop
      vertex 67.2514 48.9421 1.6
      vertex 66.9462 49.0154 0
      vertex 67.2514 48.9421 0
    endloop
  endfacet
  facet normal -0.649478 0.76038 0
    outer loop
      vertex 68.0475 45.6258 0
      vertex 67.8089 45.422 1.6
      vertex 68.0475 45.6258 1.6
    endloop
  endfacet
  facet normal -0.649478 0.76038 0
    outer loop
      vertex 67.8089 45.422 1.6
      vertex 68.0475 45.6258 0
      vertex 67.8089 45.422 0
    endloop
  endfacet
  facet normal 0.923904 -0.382624 0
    outer loop
      vertex 64.7312 47.658 1.6
      vertex 64.8513 47.948 0
      vertex 64.8513 47.948 1.6
    endloop
  endfacet
  facet normal 0.923904 -0.382624 0
    outer loop
      vertex 64.8513 47.948 0
      vertex 64.7312 47.658 1.6
      vertex 64.7312 47.658 0
    endloop
  endfacet
  facet normal -0.852762 -0.5223 0
    outer loop
      vertex 68.4153 47.948 0
      vertex 68.2514 48.2156 1.6
      vertex 68.2514 48.2156 0
    endloop
  endfacet
  facet normal -0.852762 -0.5223 0
    outer loop
      vertex 68.2514 48.2156 1.6
      vertex 68.4153 47.948 0
      vertex 68.4153 47.948 1.6
    endloop
  endfacet
  facet normal -0.522532 0.85262 0
    outer loop
      vertex 67.8089 45.422 0
      vertex 67.5413 45.258 1.6
      vertex 67.8089 45.422 1.6
    endloop
  endfacet
  facet normal -0.522532 0.85262 0
    outer loop
      vertex 67.5413 45.258 1.6
      vertex 67.8089 45.422 0
      vertex 67.5413 45.258 0
    endloop
  endfacet
  facet normal 0.0784024 0.996922 -0
    outer loop
      vertex 66.6333 45.04 0
      vertex 66.3205 45.0646 1.6
      vertex 66.6333 45.04 1.6
    endloop
  endfacet
  facet normal 0.0784024 0.996922 0
    outer loop
      vertex 66.3205 45.0646 1.6
      vertex 66.6333 45.04 0
      vertex 66.3205 45.0646 0
    endloop
  endfacet
  facet normal -0.522532 -0.85262 0
    outer loop
      vertex 67.5413 48.822 0
      vertex 67.8089 48.658 1.6
      vertex 67.5413 48.822 1.6
    endloop
  endfacet
  facet normal -0.522532 -0.85262 -0
    outer loop
      vertex 67.8089 48.658 1.6
      vertex 67.5413 48.822 0
      vertex 67.8089 48.658 0
    endloop
  endfacet
  facet normal -0.649478 -0.76038 0
    outer loop
      vertex 67.8089 48.658 0
      vertex 68.0475 48.4542 1.6
      vertex 67.8089 48.658 1.6
    endloop
  endfacet
  facet normal -0.649478 -0.76038 -0
    outer loop
      vertex 68.0475 48.4542 1.6
      vertex 67.8089 48.658 0
      vertex 68.0475 48.4542 0
    endloop
  endfacet
  facet normal 0.23353 0.97235 -0
    outer loop
      vertex 66.3205 45.0646 0
      vertex 66.0153 45.1379 1.6
      vertex 66.3205 45.0646 1.6
    endloop
  endfacet
  facet normal 0.23353 0.97235 0
    outer loop
      vertex 66.0153 45.1379 1.6
      vertex 66.3205 45.0646 0
      vertex 66.0153 45.1379 0
    endloop
  endfacet
  facet normal 0.522674 0.852533 -0
    outer loop
      vertex 65.7253 45.258 0
      vertex 65.4578 45.422 1.6
      vertex 65.7253 45.258 1.6
    endloop
  endfacet
  facet normal 0.522674 0.852533 0
    outer loop
      vertex 65.4578 45.422 1.6
      vertex 65.7253 45.258 0
      vertex 65.4578 45.422 0
    endloop
  endfacet
  facet normal 0.382624 -0.923904 0
    outer loop
      vertex 65.7253 48.822 0
      vertex 66.0153 48.9421 1.6
      vertex 65.7253 48.822 1.6
    endloop
  endfacet
  facet normal 0.382624 -0.923904 0
    outer loop
      vertex 66.0153 48.9421 1.6
      vertex 65.7253 48.822 0
      vertex 66.0153 48.9421 0
    endloop
  endfacet
  facet normal 0.649321 0.760515 -0
    outer loop
      vertex 65.4578 45.422 0
      vertex 65.2191 45.6258 1.6
      vertex 65.4578 45.422 1.6
    endloop
  endfacet
  facet normal 0.649321 0.760515 0
    outer loop
      vertex 65.2191 45.6258 1.6
      vertex 65.4578 45.422 0
      vertex 65.2191 45.6258 0
    endloop
  endfacet
  facet normal -0.996924 0.0783775 0
    outer loop
      vertex 68.6087 46.7271 0
      vertex 68.6333 47.04 1.6
      vertex 68.6333 47.04 0
    endloop
  endfacet
  facet normal -0.996924 0.0783775 0
    outer loop
      vertex 68.6333 47.04 1.6
      vertex 68.6087 46.7271 0
      vertex 68.6087 46.7271 1.6
    endloop
  endfacet
  facet normal 0.76038 0.649478 0
    outer loop
      vertex 65.2191 45.6258 1.6
      vertex 65.0153 45.8644 0
      vertex 65.0153 45.8644 1.6
    endloop
  endfacet
  facet normal 0.76038 0.649478 0
    outer loop
      vertex 65.0153 45.8644 0
      vertex 65.2191 45.6258 1.6
      vertex 65.2191 45.6258 0
    endloop
  endfacet
  facet normal -0.0783775 0.996924 0
    outer loop
      vertex 66.9462 45.0646 0
      vertex 66.6333 45.04 1.6
      vertex 66.9462 45.0646 1.6
    endloop
  endfacet
  facet normal -0.0783775 0.996924 0
    outer loop
      vertex 66.6333 45.04 1.6
      vertex 66.9462 45.0646 0
      vertex 66.6333 45.04 0
    endloop
  endfacet
  facet normal -0.972332 0.233602 0
    outer loop
      vertex 68.5354 46.422 0
      vertex 68.6087 46.7271 1.6
      vertex 68.6087 46.7271 0
    endloop
  endfacet
  facet normal -0.972332 0.233602 0
    outer loop
      vertex 68.6087 46.7271 1.6
      vertex 68.5354 46.422 0
      vertex 68.5354 46.422 1.6
    endloop
  endfacet
  facet normal 0.85262 0.522532 0
    outer loop
      vertex 65.0153 45.8644 1.6
      vertex 64.8513 46.132 0
      vertex 64.8513 46.132 1.6
    endloop
  endfacet
  facet normal 0.85262 0.522532 0
    outer loop
      vertex 64.8513 46.132 0
      vertex 65.0153 45.8644 1.6
      vertex 65.0153 45.8644 0
    endloop
  endfacet
  facet normal 0.0784024 -0.996922 0
    outer loop
      vertex 66.3205 49.0154 0
      vertex 66.6333 49.04 1.6
      vertex 66.3205 49.0154 1.6
    endloop
  endfacet
  facet normal 0.0784024 -0.996922 0
    outer loop
      vertex 66.6333 49.04 1.6
      vertex 66.3205 49.0154 0
      vertex 66.6333 49.04 0
    endloop
  endfacet
  facet normal 0.382624 0.923904 -0
    outer loop
      vertex 66.0153 45.1379 0
      vertex 65.7253 45.258 1.6
      vertex 66.0153 45.1379 1.6
    endloop
  endfacet
  facet normal 0.382624 0.923904 0
    outer loop
      vertex 65.7253 45.258 1.6
      vertex 66.0153 45.1379 0
      vertex 65.7253 45.258 0
    endloop
  endfacet
  facet normal 0.522674 -0.852533 0
    outer loop
      vertex 65.4578 48.658 0
      vertex 65.7253 48.822 1.6
      vertex 65.4578 48.658 1.6
    endloop
  endfacet
  facet normal 0.522674 -0.852533 0
    outer loop
      vertex 65.7253 48.822 1.6
      vertex 65.4578 48.658 0
      vertex 65.7253 48.822 0
    endloop
  endfacet
  facet normal 0.649321 -0.760515 0
    outer loop
      vertex 65.2191 48.4542 0
      vertex 65.4578 48.658 1.6
      vertex 65.2191 48.4542 1.6
    endloop
  endfacet
  facet normal 0.649321 -0.760515 0
    outer loop
      vertex 65.4578 48.658 1.6
      vertex 65.2191 48.4542 0
      vertex 65.4578 48.658 0
    endloop
  endfacet
  facet normal 0.972405 -0.233301 0
    outer loop
      vertex 64.658 47.3529 1.6
      vertex 64.7312 47.658 0
      vertex 64.7312 47.658 1.6
    endloop
  endfacet
  facet normal 0.972405 -0.233301 0
    outer loop
      vertex 64.7312 47.658 0
      vertex 64.658 47.3529 1.6
      vertex 64.658 47.3529 0
    endloop
  endfacet
  facet normal -0.972332 -0.233602 0
    outer loop
      vertex 68.6087 73.9929 0
      vertex 68.5354 74.298 1.6
      vertex 68.5354 74.298 0
    endloop
  endfacet
  facet normal -0.972332 -0.233602 0
    outer loop
      vertex 68.5354 74.298 1.6
      vertex 68.6087 73.9929 0
      vertex 68.6087 73.9929 1.6
    endloop
  endfacet
  facet normal -0.996924 -0.0783775 0
    outer loop
      vertex 68.6333 73.68 0
      vertex 68.6087 73.9929 1.6
      vertex 68.6087 73.9929 0
    endloop
  endfacet
  facet normal -0.996924 -0.0783775 0
    outer loop
      vertex 68.6087 73.9929 1.6
      vertex 68.6333 73.68 0
      vertex 68.6333 73.68 1.6
    endloop
  endfacet
  facet normal -0.923904 -0.382624 0
    outer loop
      vertex 68.5354 74.298 0
      vertex 68.4153 74.588 1.6
      vertex 68.4153 74.588 0
    endloop
  endfacet
  facet normal -0.923904 -0.382624 0
    outer loop
      vertex 68.4153 74.588 1.6
      vertex 68.5354 74.298 0
      vertex 68.5354 74.298 1.6
    endloop
  endfacet
  facet normal 0.85262 0.522532 0
    outer loop
      vertex 65.0153 72.5044 1.6
      vertex 64.8513 72.772 0
      vertex 64.8513 72.772 1.6
    endloop
  endfacet
  facet normal 0.85262 0.522532 0
    outer loop
      vertex 64.8513 72.772 0
      vertex 65.0153 72.5044 1.6
      vertex 65.0153 72.5044 0
    endloop
  endfacet
  facet normal -0.382736 -0.923858 0
    outer loop
      vertex 67.2514 75.5821 0
      vertex 67.5413 75.462 1.6
      vertex 67.2514 75.5821 1.6
    endloop
  endfacet
  facet normal -0.382736 -0.923858 -0
    outer loop
      vertex 67.5413 75.462 1.6
      vertex 67.2514 75.5821 0
      vertex 67.5413 75.462 0
    endloop
  endfacet
  facet normal -0.760223 -0.649662 0
    outer loop
      vertex 68.2514 74.8556 0
      vertex 68.0475 75.0942 1.6
      vertex 68.0475 75.0942 0
    endloop
  endfacet
  facet normal -0.760223 -0.649662 0
    outer loop
      vertex 68.0475 75.0942 1.6
      vertex 68.2514 74.8556 0
      vertex 68.2514 74.8556 1.6
    endloop
  endfacet
  facet normal -0.0783775 0.996924 0
    outer loop
      vertex 66.9462 71.7046 0
      vertex 66.6333 71.68 1.6
      vertex 66.9462 71.7046 1.6
    endloop
  endfacet
  facet normal -0.0783775 0.996924 0
    outer loop
      vertex 66.6333 71.68 1.6
      vertex 66.9462 71.7046 0
      vertex 66.6333 71.68 0
    endloop
  endfacet
  facet normal 0.23353 -0.97235 0
    outer loop
      vertex 66.0153 75.5821 0
      vertex 66.3205 75.6554 1.6
      vertex 66.0153 75.5821 1.6
    endloop
  endfacet
  facet normal 0.23353 -0.97235 0
    outer loop
      vertex 66.3205 75.6554 1.6
      vertex 66.0153 75.5821 0
      vertex 66.3205 75.6554 0
    endloop
  endfacet
  facet normal 0.972405 -0.233301 0
    outer loop
      vertex 64.658 73.9929 1.6
      vertex 64.7312 74.298 0
      vertex 64.7312 74.298 1.6
    endloop
  endfacet
  facet normal 0.972405 -0.233301 0
    outer loop
      vertex 64.7312 74.298 0
      vertex 64.658 73.9929 1.6
      vertex 64.658 73.9929 0
    endloop
  endfacet
  facet normal -0.852762 -0.5223 0
    outer loop
      vertex 68.4153 74.588 0
      vertex 68.2514 74.8556 1.6
      vertex 68.2514 74.8556 0
    endloop
  endfacet
  facet normal -0.852762 -0.5223 0
    outer loop
      vertex 68.2514 74.8556 1.6
      vertex 68.4153 74.588 0
      vertex 68.4153 74.588 1.6
    endloop
  endfacet
  facet normal -0.852762 0.5223 0
    outer loop
      vertex 68.2514 72.5044 0
      vertex 68.4153 72.772 1.6
      vertex 68.4153 72.772 0
    endloop
  endfacet
  facet normal -0.852762 0.5223 0
    outer loop
      vertex 68.4153 72.772 1.6
      vertex 68.2514 72.5044 0
      vertex 68.2514 72.5044 1.6
    endloop
  endfacet
  facet normal -0.382736 0.923858 0
    outer loop
      vertex 67.5413 71.898 0
      vertex 67.2514 71.7779 1.6
      vertex 67.5413 71.898 1.6
    endloop
  endfacet
  facet normal -0.382736 0.923858 0
    outer loop
      vertex 67.2514 71.7779 1.6
      vertex 67.5413 71.898 0
      vertex 67.2514 71.7779 0
    endloop
  endfacet
  facet normal -0.996924 0.0783775 0
    outer loop
      vertex 68.6087 73.3671 0
      vertex 68.6333 73.68 1.6
      vertex 68.6333 73.68 0
    endloop
  endfacet
  facet normal -0.996924 0.0783775 0
    outer loop
      vertex 68.6333 73.68 1.6
      vertex 68.6087 73.3671 0
      vertex 68.6087 73.3671 1.6
    endloop
  endfacet
  facet normal -0.972332 0.233602 0
    outer loop
      vertex 68.5354 73.062 0
      vertex 68.6087 73.3671 1.6
      vertex 68.6087 73.3671 0
    endloop
  endfacet
  facet normal -0.972332 0.233602 0
    outer loop
      vertex 68.6087 73.3671 1.6
      vertex 68.5354 73.062 0
      vertex 68.5354 73.062 1.6
    endloop
  endfacet
  facet normal 0.85262 -0.522532 0
    outer loop
      vertex 64.8513 74.588 1.6
      vertex 65.0153 74.8556 0
      vertex 65.0153 74.8556 1.6
    endloop
  endfacet
  facet normal 0.85262 -0.522532 0
    outer loop
      vertex 65.0153 74.8556 0
      vertex 64.8513 74.588 1.6
      vertex 64.8513 74.588 0
    endloop
  endfacet
  facet normal 0.649321 0.760515 -0
    outer loop
      vertex 65.4578 72.062 0
      vertex 65.2191 72.2658 1.6
      vertex 65.4578 72.062 1.6
    endloop
  endfacet
  facet normal 0.649321 0.760515 0
    outer loop
      vertex 65.2191 72.2658 1.6
      vertex 65.4578 72.062 0
      vertex 65.2191 72.2658 0
    endloop
  endfacet
  facet normal 0.0784024 -0.996922 0
    outer loop
      vertex 66.3205 75.6554 0
      vertex 66.6333 75.68 1.6
      vertex 66.3205 75.6554 1.6
    endloop
  endfacet
  facet normal 0.0784024 -0.996922 0
    outer loop
      vertex 66.6333 75.68 1.6
      vertex 66.3205 75.6554 0
      vertex 66.6333 75.68 0
    endloop
  endfacet
  facet normal 0.0784024 0.996922 -0
    outer loop
      vertex 66.6333 71.68 0
      vertex 66.3205 71.7046 1.6
      vertex 66.6333 71.68 1.6
    endloop
  endfacet
  facet normal 0.0784024 0.996922 0
    outer loop
      vertex 66.3205 71.7046 1.6
      vertex 66.6333 71.68 0
      vertex 66.3205 71.7046 0
    endloop
  endfacet
  facet normal -0.0783775 -0.996924 0
    outer loop
      vertex 66.6333 75.68 0
      vertex 66.9462 75.6554 1.6
      vertex 66.6333 75.68 1.6
    endloop
  endfacet
  facet normal -0.0783775 -0.996924 -0
    outer loop
      vertex 66.9462 75.6554 1.6
      vertex 66.6333 75.68 0
      vertex 66.9462 75.6554 0
    endloop
  endfacet
  facet normal 0.923904 0.382624 0
    outer loop
      vertex 64.8513 72.772 1.6
      vertex 64.7312 73.062 0
      vertex 64.7312 73.062 1.6
    endloop
  endfacet
  facet normal 0.923904 0.382624 0
    outer loop
      vertex 64.7312 73.062 0
      vertex 64.8513 72.772 1.6
      vertex 64.8513 72.772 0
    endloop
  endfacet
  facet normal 0.649321 -0.760515 0
    outer loop
      vertex 65.2191 75.0942 0
      vertex 65.4578 75.298 1.6
      vertex 65.2191 75.0942 1.6
    endloop
  endfacet
  facet normal 0.649321 -0.760515 0
    outer loop
      vertex 65.4578 75.298 1.6
      vertex 65.2191 75.0942 0
      vertex 65.4578 75.298 0
    endloop
  endfacet
  facet normal -0.23353 0.97235 0
    outer loop
      vertex 67.2514 71.7779 0
      vertex 66.9462 71.7046 1.6
      vertex 67.2514 71.7779 1.6
    endloop
  endfacet
  facet normal -0.23353 0.97235 0
    outer loop
      vertex 66.9462 71.7046 1.6
      vertex 67.2514 71.7779 0
      vertex 66.9462 71.7046 0
    endloop
  endfacet
  facet normal 0.76038 0.649478 0
    outer loop
      vertex 65.2191 72.2658 1.6
      vertex 65.0153 72.5044 0
      vertex 65.0153 72.5044 1.6
    endloop
  endfacet
  facet normal 0.76038 0.649478 0
    outer loop
      vertex 65.0153 72.5044 0
      vertex 65.2191 72.2658 1.6
      vertex 65.2191 72.2658 0
    endloop
  endfacet
  facet normal 0.382624 0.923904 -0
    outer loop
      vertex 66.0153 71.7779 0
      vertex 65.7253 71.898 1.6
      vertex 66.0153 71.7779 1.6
    endloop
  endfacet
  facet normal 0.382624 0.923904 0
    outer loop
      vertex 65.7253 71.898 1.6
      vertex 66.0153 71.7779 0
      vertex 65.7253 71.898 0
    endloop
  endfacet
  facet normal 0.382624 -0.923904 0
    outer loop
      vertex 65.7253 75.462 0
      vertex 66.0153 75.5821 1.6
      vertex 65.7253 75.462 1.6
    endloop
  endfacet
  facet normal 0.382624 -0.923904 0
    outer loop
      vertex 66.0153 75.5821 1.6
      vertex 65.7253 75.462 0
      vertex 66.0153 75.5821 0
    endloop
  endfacet
  facet normal -0.923904 0.382624 0
    outer loop
      vertex 68.4153 72.772 0
      vertex 68.5354 73.062 1.6
      vertex 68.5354 73.062 0
    endloop
  endfacet
  facet normal -0.923904 0.382624 0
    outer loop
      vertex 68.5354 73.062 1.6
      vertex 68.4153 72.772 0
      vertex 68.4153 72.772 1.6
    endloop
  endfacet
  facet normal -0.649478 -0.76038 0
    outer loop
      vertex 67.8089 75.298 0
      vertex 68.0475 75.0942 1.6
      vertex 67.8089 75.298 1.6
    endloop
  endfacet
  facet normal -0.649478 -0.76038 -0
    outer loop
      vertex 68.0475 75.0942 1.6
      vertex 67.8089 75.298 0
      vertex 68.0475 75.0942 0
    endloop
  endfacet
  facet normal -0.522532 0.85262 0
    outer loop
      vertex 67.8089 72.062 0
      vertex 67.5413 71.898 1.6
      vertex 67.8089 72.062 1.6
    endloop
  endfacet
  facet normal -0.522532 0.85262 0
    outer loop
      vertex 67.5413 71.898 1.6
      vertex 67.8089 72.062 0
      vertex 67.5413 71.898 0
    endloop
  endfacet
  facet normal -0.522532 -0.85262 0
    outer loop
      vertex 67.5413 75.462 0
      vertex 67.8089 75.298 1.6
      vertex 67.5413 75.462 1.6
    endloop
  endfacet
  facet normal -0.522532 -0.85262 -0
    outer loop
      vertex 67.8089 75.298 1.6
      vertex 67.5413 75.462 0
      vertex 67.8089 75.298 0
    endloop
  endfacet
  facet normal -0.649478 0.76038 0
    outer loop
      vertex 68.0475 72.2658 0
      vertex 67.8089 72.062 1.6
      vertex 68.0475 72.2658 1.6
    endloop
  endfacet
  facet normal -0.649478 0.76038 0
    outer loop
      vertex 67.8089 72.062 1.6
      vertex 68.0475 72.2658 0
      vertex 67.8089 72.062 0
    endloop
  endfacet
  facet normal 0.522674 -0.852533 0
    outer loop
      vertex 65.4578 75.298 0
      vertex 65.7253 75.462 1.6
      vertex 65.4578 75.298 1.6
    endloop
  endfacet
  facet normal 0.522674 -0.852533 0
    outer loop
      vertex 65.7253 75.462 1.6
      vertex 65.4578 75.298 0
      vertex 65.7253 75.462 0
    endloop
  endfacet
  facet normal 0.76038 -0.649478 0
    outer loop
      vertex 65.0153 74.8556 1.6
      vertex 65.2191 75.0942 0
      vertex 65.2191 75.0942 1.6
    endloop
  endfacet
  facet normal 0.76038 -0.649478 0
    outer loop
      vertex 65.2191 75.0942 0
      vertex 65.0153 74.8556 1.6
      vertex 65.0153 74.8556 0
    endloop
  endfacet
  facet normal -0.23353 -0.97235 0
    outer loop
      vertex 66.9462 75.6554 0
      vertex 67.2514 75.5821 1.6
      vertex 66.9462 75.6554 1.6
    endloop
  endfacet
  facet normal -0.23353 -0.97235 -0
    outer loop
      vertex 67.2514 75.5821 1.6
      vertex 66.9462 75.6554 0
      vertex 67.2514 75.5821 0
    endloop
  endfacet
  facet normal 0.972405 0.233301 0
    outer loop
      vertex 64.7312 73.062 1.6
      vertex 64.658 73.3671 0
      vertex 64.658 73.3671 1.6
    endloop
  endfacet
  facet normal 0.972405 0.233301 0
    outer loop
      vertex 64.658 73.3671 0
      vertex 64.7312 73.062 1.6
      vertex 64.7312 73.062 0
    endloop
  endfacet
  facet normal 0.522674 0.852533 -0
    outer loop
      vertex 65.7253 71.898 0
      vertex 65.4578 72.062 1.6
      vertex 65.7253 71.898 1.6
    endloop
  endfacet
  facet normal 0.522674 0.852533 0
    outer loop
      vertex 65.4578 72.062 1.6
      vertex 65.7253 71.898 0
      vertex 65.4578 72.062 0
    endloop
  endfacet
  facet normal 0.23353 0.97235 -0
    outer loop
      vertex 66.3205 71.7046 0
      vertex 66.0153 71.7779 1.6
      vertex 66.3205 71.7046 1.6
    endloop
  endfacet
  facet normal 0.23353 0.97235 0
    outer loop
      vertex 66.0153 71.7779 1.6
      vertex 66.3205 71.7046 0
      vertex 66.0153 71.7779 0
    endloop
  endfacet
  facet normal 0.996899 -0.0786942 0
    outer loop
      vertex 64.6333 73.68 1.6
      vertex 64.658 73.9929 0
      vertex 64.658 73.9929 1.6
    endloop
  endfacet
  facet normal 0.996899 -0.0786942 0
    outer loop
      vertex 64.658 73.9929 0
      vertex 64.6333 73.68 1.6
      vertex 64.6333 73.68 0
    endloop
  endfacet
  facet normal 0.996899 0.0786942 0
    outer loop
      vertex 64.658 73.3671 1.6
      vertex 64.6333 73.68 0
      vertex 64.6333 73.68 1.6
    endloop
  endfacet
  facet normal 0.996899 0.0786942 0
    outer loop
      vertex 64.6333 73.68 0
      vertex 64.658 73.3671 1.6
      vertex 64.658 73.3671 0
    endloop
  endfacet
  facet normal -0.760223 0.649662 0
    outer loop
      vertex 68.0475 72.2658 0
      vertex 68.2514 72.5044 1.6
      vertex 68.2514 72.5044 0
    endloop
  endfacet
  facet normal -0.760223 0.649662 0
    outer loop
      vertex 68.2514 72.5044 1.6
      vertex 68.0475 72.2658 0
      vertex 68.0475 72.2658 1.6
    endloop
  endfacet
  facet normal 0.923904 -0.382624 0
    outer loop
      vertex 64.7312 74.298 1.6
      vertex 64.8513 74.588 0
      vertex 64.8513 74.588 1.6
    endloop
  endfacet
  facet normal 0.923904 -0.382624 0
    outer loop
      vertex 64.8513 74.588 0
      vertex 64.7312 74.298 1.6
      vertex 64.7312 74.298 0
    endloop
  endfacet
  facet normal 0.996901 0.0786692 0
    outer loop
      vertex 64.658 100.007 1.6
      vertex 64.6333 100.32 0
      vertex 64.6333 100.32 1.6
    endloop
  endfacet
  facet normal 0.996901 0.0786692 0
    outer loop
      vertex 64.6333 100.32 0
      vertex 64.658 100.007 1.6
      vertex 64.658 100.007 0
    endloop
  endfacet
  facet normal -0.972315 -0.233674 0
    outer loop
      vertex 68.6087 100.633 0
      vertex 68.5354 100.938 1.6
      vertex 68.5354 100.938 0
    endloop
  endfacet
  facet normal -0.972315 -0.233674 0
    outer loop
      vertex 68.5354 100.938 1.6
      vertex 68.6087 100.633 0
      vertex 68.6087 100.633 1.6
    endloop
  endfacet
  facet normal -0.996926 -0.0783526 0
    outer loop
      vertex 68.6333 100.32 0
      vertex 68.6087 100.633 1.6
      vertex 68.6087 100.633 0
    endloop
  endfacet
  facet normal -0.996926 -0.0783526 0
    outer loop
      vertex 68.6087 100.633 1.6
      vertex 68.6333 100.32 0
      vertex 68.6333 100.32 1.6
    endloop
  endfacet
  facet normal -0.923904 -0.382624 0
    outer loop
      vertex 68.5354 100.938 0
      vertex 68.4153 101.228 1.6
      vertex 68.4153 101.228 0
    endloop
  endfacet
  facet normal -0.923904 -0.382624 0
    outer loop
      vertex 68.4153 101.228 1.6
      vertex 68.5354 100.938 0
      vertex 68.5354 100.938 1.6
    endloop
  endfacet
  facet normal -0.996926 0.0783526 0
    outer loop
      vertex 68.6087 100.007 0
      vertex 68.6333 100.32 1.6
      vertex 68.6333 100.32 0
    endloop
  endfacet
  facet normal -0.996926 0.0783526 0
    outer loop
      vertex 68.6333 100.32 1.6
      vertex 68.6087 100.007 0
      vertex 68.6087 100.007 1.6
    endloop
  endfacet
  facet normal -0.853109 -0.521733 0
    outer loop
      vertex 68.4153 101.228 0
      vertex 68.2514 101.496 1.6
      vertex 68.2514 101.496 0
    endloop
  endfacet
  facet normal -0.853109 -0.521733 0
    outer loop
      vertex 68.2514 101.496 1.6
      vertex 68.4153 101.228 0
      vertex 68.4153 101.228 1.6
    endloop
  endfacet
  facet normal 0.649689 -0.7602 0
    outer loop
      vertex 65.2191 101.734 0
      vertex 65.4578 101.938 1.6
      vertex 65.2191 101.734 1.6
    endloop
  endfacet
  facet normal 0.649689 -0.7602 0
    outer loop
      vertex 65.4578 101.938 1.6
      vertex 65.2191 101.734 0
      vertex 65.4578 101.938 0
    endloop
  endfacet
  facet normal -0.649478 0.76038 0
    outer loop
      vertex 68.0475 98.9058 0
      vertex 67.8089 98.702 1.6
      vertex 68.0475 98.9058 1.6
    endloop
  endfacet
  facet normal -0.649478 0.76038 0
    outer loop
      vertex 67.8089 98.702 1.6
      vertex 68.0475 98.9058 0
      vertex 67.8089 98.702 0
    endloop
  endfacet
  facet normal 0.382624 0.923904 -0
    outer loop
      vertex 66.0153 98.4179 0
      vertex 65.7253 98.538 1.6
      vertex 66.0153 98.4179 1.6
    endloop
  endfacet
  facet normal 0.382624 0.923904 0
    outer loop
      vertex 65.7253 98.538 1.6
      vertex 66.0153 98.4179 0
      vertex 65.7253 98.538 0
    endloop
  endfacet
  facet normal 0.996901 -0.0786692 0
    outer loop
      vertex 64.6333 100.32 1.6
      vertex 64.658 100.633 0
      vertex 64.658 100.633 1.6
    endloop
  endfacet
  facet normal 0.996901 -0.0786692 0
    outer loop
      vertex 64.658 100.633 0
      vertex 64.6333 100.32 1.6
      vertex 64.6333 100.32 0
    endloop
  endfacet
  facet normal -0.0796439 -0.996823 0
    outer loop
      vertex 66.6333 102.32 0
      vertex 66.9462 102.295 1.6
      vertex 66.6333 102.32 1.6
    endloop
  endfacet
  facet normal -0.0796439 -0.996823 -0
    outer loop
      vertex 66.9462 102.295 1.6
      vertex 66.6333 102.32 0
      vertex 66.9462 102.295 0
    endloop
  endfacet
  facet normal 0.852967 -0.521965 0
    outer loop
      vertex 64.8513 101.228 1.6
      vertex 65.0153 101.496 0
      vertex 65.0153 101.496 1.6
    endloop
  endfacet
  facet normal 0.852967 -0.521965 0
    outer loop
      vertex 65.0153 101.496 0
      vertex 64.8513 101.228 1.6
      vertex 64.8513 101.228 0
    endloop
  endfacet
  facet normal -0.522532 0.85262 0
    outer loop
      vertex 67.8089 98.702 0
      vertex 67.5413 98.538 1.6
      vertex 67.8089 98.702 1.6
    endloop
  endfacet
  facet normal -0.522532 0.85262 0
    outer loop
      vertex 67.5413 98.538 1.6
      vertex 67.8089 98.702 0
      vertex 67.5413 98.538 0
    endloop
  endfacet
  facet normal 0.382352 -0.924017 0
    outer loop
      vertex 65.7253 102.102 0
      vertex 66.0153 102.222 1.6
      vertex 65.7253 102.102 1.6
    endloop
  endfacet
  facet normal 0.382352 -0.924017 0
    outer loop
      vertex 66.0153 102.222 1.6
      vertex 65.7253 102.102 0
      vertex 66.0153 102.222 0
    endloop
  endfacet
  facet normal 0.23353 0.97235 -0
    outer loop
      vertex 66.3205 98.3446 0
      vertex 66.0153 98.4179 1.6
      vertex 66.3205 98.3446 1.6
    endloop
  endfacet
  facet normal 0.23353 0.97235 0
    outer loop
      vertex 66.0153 98.4179 1.6
      vertex 66.3205 98.3446 0
      vertex 66.0153 98.4179 0
    endloop
  endfacet
  facet normal 0.923904 -0.382624 0
    outer loop
      vertex 64.7312 100.938 1.6
      vertex 64.8513 101.228 0
      vertex 64.8513 101.228 1.6
    endloop
  endfacet
  facet normal 0.923904 -0.382624 0
    outer loop
      vertex 64.8513 101.228 0
      vertex 64.7312 100.938 1.6
      vertex 64.7312 100.938 0
    endloop
  endfacet
  facet normal 0.522674 0.852533 -0
    outer loop
      vertex 65.7253 98.538 0
      vertex 65.4578 98.702 1.6
      vertex 65.7253 98.538 1.6
    endloop
  endfacet
  facet normal 0.522674 0.852533 0
    outer loop
      vertex 65.4578 98.702 1.6
      vertex 65.7253 98.538 0
      vertex 65.4578 98.702 0
    endloop
  endfacet
  facet normal -0.23353 0.97235 0
    outer loop
      vertex 67.2514 98.4179 0
      vertex 66.9462 98.3446 1.6
      vertex 67.2514 98.4179 1.6
    endloop
  endfacet
  facet normal -0.23353 0.97235 0
    outer loop
      vertex 66.9462 98.3446 1.6
      vertex 67.2514 98.4179 0
      vertex 66.9462 98.3446 0
    endloop
  endfacet
  facet normal 0.522674 -0.852533 0
    outer loop
      vertex 65.4578 101.938 0
      vertex 65.7253 102.102 1.6
      vertex 65.4578 101.938 1.6
    endloop
  endfacet
  facet normal 0.522674 -0.852533 0
    outer loop
      vertex 65.7253 102.102 1.6
      vertex 65.4578 101.938 0
      vertex 65.7253 102.102 0
    endloop
  endfacet
  facet normal -0.923904 0.382624 0
    outer loop
      vertex 68.4153 99.412 0
      vertex 68.5354 99.702 1.6
      vertex 68.5354 99.702 0
    endloop
  endfacet
  facet normal -0.923904 0.382624 0
    outer loop
      vertex 68.5354 99.702 1.6
      vertex 68.4153 99.412 0
      vertex 68.4153 99.412 1.6
    endloop
  endfacet
  facet normal 0.649321 0.760515 -0
    outer loop
      vertex 65.4578 98.702 0
      vertex 65.2191 98.9058 1.6
      vertex 65.4578 98.702 1.6
    endloop
  endfacet
  facet normal 0.649321 0.760515 0
    outer loop
      vertex 65.2191 98.9058 1.6
      vertex 65.4578 98.702 0
      vertex 65.2191 98.9058 0
    endloop
  endfacet
  facet normal 0.759572 -0.650423 0
    outer loop
      vertex 65.0153 101.496 1.6
      vertex 65.2191 101.734 0
      vertex 65.2191 101.734 1.6
    endloop
  endfacet
  facet normal 0.759572 -0.650423 0
    outer loop
      vertex 65.2191 101.734 0
      vertex 65.0153 101.496 1.6
      vertex 65.0153 101.496 0
    endloop
  endfacet
  facet normal -0.232626 -0.972566 0
    outer loop
      vertex 66.9462 102.295 0
      vertex 67.2514 102.222 1.6
      vertex 66.9462 102.295 1.6
    endloop
  endfacet
  facet normal -0.232626 -0.972566 -0
    outer loop
      vertex 67.2514 102.222 1.6
      vertex 66.9462 102.295 0
      vertex 67.2514 102.222 0
    endloop
  endfacet
  facet normal -0.852762 0.5223 0
    outer loop
      vertex 68.2514 99.1444 0
      vertex 68.4153 99.412 1.6
      vertex 68.4153 99.412 0
    endloop
  endfacet
  facet normal -0.852762 0.5223 0
    outer loop
      vertex 68.4153 99.412 1.6
      vertex 68.2514 99.1444 0
      vertex 68.2514 99.1444 1.6
    endloop
  endfacet
  facet normal 0.0796692 -0.996821 0
    outer loop
      vertex 66.3205 102.295 0
      vertex 66.6333 102.32 1.6
      vertex 66.3205 102.295 1.6
    endloop
  endfacet
  facet normal 0.0796692 -0.996821 0
    outer loop
      vertex 66.6333 102.32 1.6
      vertex 66.3205 102.295 0
      vertex 66.6333 102.32 0
    endloop
  endfacet
  facet normal -0.382464 -0.92397 0
    outer loop
      vertex 67.2514 102.222 0
      vertex 67.5413 102.102 1.6
      vertex 67.2514 102.222 1.6
    endloop
  endfacet
  facet normal -0.382464 -0.92397 -0
    outer loop
      vertex 67.5413 102.102 1.6
      vertex 67.2514 102.222 0
      vertex 67.5413 102.102 0
    endloop
  endfacet
  facet normal -0.759414 -0.650607 0
    outer loop
      vertex 68.2514 101.496 0
      vertex 68.0475 101.734 1.6
      vertex 68.0475 101.734 0
    endloop
  endfacet
  facet normal -0.759414 -0.650607 0
    outer loop
      vertex 68.0475 101.734 1.6
      vertex 68.2514 101.496 0
      vertex 68.2514 101.496 1.6
    endloop
  endfacet
  facet normal -0.649846 -0.760066 0
    outer loop
      vertex 67.8089 101.938 0
      vertex 68.0475 101.734 1.6
      vertex 67.8089 101.938 1.6
    endloop
  endfacet
  facet normal -0.649846 -0.760066 -0
    outer loop
      vertex 68.0475 101.734 1.6
      vertex 67.8089 101.938 0
      vertex 68.0475 101.734 0
    endloop
  endfacet
  facet normal -0.382736 0.923858 0
    outer loop
      vertex 67.5413 98.538 0
      vertex 67.2514 98.4179 1.6
      vertex 67.5413 98.538 1.6
    endloop
  endfacet
  facet normal -0.382736 0.923858 0
    outer loop
      vertex 67.2514 98.4179 1.6
      vertex 67.5413 98.538 0
      vertex 67.2514 98.4179 0
    endloop
  endfacet
  facet normal -0.522532 -0.85262 0
    outer loop
      vertex 67.5413 102.102 0
      vertex 67.8089 101.938 1.6
      vertex 67.5413 102.102 1.6
    endloop
  endfacet
  facet normal -0.522532 -0.85262 -0
    outer loop
      vertex 67.8089 101.938 1.6
      vertex 67.5413 102.102 0
      vertex 67.8089 101.938 0
    endloop
  endfacet
  facet normal 0.232626 -0.972566 0
    outer loop
      vertex 66.0153 102.222 0
      vertex 66.3205 102.295 1.6
      vertex 66.0153 102.222 1.6
    endloop
  endfacet
  facet normal 0.232626 -0.972566 0
    outer loop
      vertex 66.3205 102.295 1.6
      vertex 66.0153 102.222 0
      vertex 66.3205 102.295 0
    endloop
  endfacet
  facet normal 0.76038 0.649478 0
    outer loop
      vertex 65.2191 98.9058 1.6
      vertex 65.0153 99.1444 0
      vertex 65.0153 99.1444 1.6
    endloop
  endfacet
  facet normal 0.76038 0.649478 0
    outer loop
      vertex 65.0153 99.1444 0
      vertex 65.2191 98.9058 1.6
      vertex 65.2191 98.9058 0
    endloop
  endfacet
  facet normal -0.972315 0.233674 0
    outer loop
      vertex 68.5354 99.702 0
      vertex 68.6087 100.007 1.6
      vertex 68.6087 100.007 0
    endloop
  endfacet
  facet normal -0.972315 0.233674 0
    outer loop
      vertex 68.6087 100.007 1.6
      vertex 68.5354 99.702 0
      vertex 68.5354 99.702 1.6
    endloop
  endfacet
  facet normal 0.85262 0.522532 0
    outer loop
      vertex 65.0153 99.1444 1.6
      vertex 64.8513 99.412 0
      vertex 64.8513 99.412 1.6
    endloop
  endfacet
  facet normal 0.85262 0.522532 0
    outer loop
      vertex 64.8513 99.412 0
      vertex 65.0153 99.1444 1.6
      vertex 65.0153 99.1444 0
    endloop
  endfacet
  facet normal -0.760223 0.649662 0
    outer loop
      vertex 68.0475 98.9058 0
      vertex 68.2514 99.1444 1.6
      vertex 68.2514 99.1444 0
    endloop
  endfacet
  facet normal -0.760223 0.649662 0
    outer loop
      vertex 68.2514 99.1444 1.6
      vertex 68.0475 98.9058 0
      vertex 68.0475 98.9058 1.6
    endloop
  endfacet
  facet normal 0.972387 0.233373 0
    outer loop
      vertex 64.7312 99.702 1.6
      vertex 64.658 100.007 0
      vertex 64.658 100.007 1.6
    endloop
  endfacet
  facet normal 0.972387 0.233373 0
    outer loop
      vertex 64.658 100.007 0
      vertex 64.7312 99.702 1.6
      vertex 64.7312 99.702 0
    endloop
  endfacet
  facet normal 0.923904 0.382624 0
    outer loop
      vertex 64.8513 99.412 1.6
      vertex 64.7312 99.702 0
      vertex 64.7312 99.702 1.6
    endloop
  endfacet
  facet normal 0.923904 0.382624 0
    outer loop
      vertex 64.7312 99.702 0
      vertex 64.8513 99.412 1.6
      vertex 64.8513 99.412 0
    endloop
  endfacet
  facet normal -0.0783775 0.996924 0
    outer loop
      vertex 66.9462 98.3446 0
      vertex 66.6333 98.32 1.6
      vertex 66.9462 98.3446 1.6
    endloop
  endfacet
  facet normal -0.0783775 0.996924 0
    outer loop
      vertex 66.6333 98.32 1.6
      vertex 66.9462 98.3446 0
      vertex 66.6333 98.32 0
    endloop
  endfacet
  facet normal 0.0784024 0.996922 -0
    outer loop
      vertex 66.6333 98.32 0
      vertex 66.3205 98.3446 1.6
      vertex 66.6333 98.32 1.6
    endloop
  endfacet
  facet normal 0.0784024 0.996922 0
    outer loop
      vertex 66.3205 98.3446 1.6
      vertex 66.6333 98.32 0
      vertex 66.3205 98.3446 0
    endloop
  endfacet
  facet normal 0.972387 -0.233373 0
    outer loop
      vertex 64.658 100.633 1.6
      vertex 64.7312 100.938 0
      vertex 64.7312 100.938 1.6
    endloop
  endfacet
  facet normal 0.972387 -0.233373 0
    outer loop
      vertex 64.7312 100.938 0
      vertex 64.658 100.633 1.6
      vertex 64.658 100.633 0
    endloop
  endfacet
  facet normal -0.972315 -0.233674 0
    outer loop
      vertex 68.6087 127.273 0
      vertex 68.5354 127.578 1.6
      vertex 68.5354 127.578 0
    endloop
  endfacet
  facet normal -0.972315 -0.233674 0
    outer loop
      vertex 68.5354 127.578 1.6
      vertex 68.6087 127.273 0
      vertex 68.6087 127.273 1.6
    endloop
  endfacet
  facet normal -0.996926 -0.0783526 0
    outer loop
      vertex 68.6333 126.96 0
      vertex 68.6087 127.273 1.6
      vertex 68.6087 127.273 0
    endloop
  endfacet
  facet normal -0.996926 -0.0783526 0
    outer loop
      vertex 68.6087 127.273 1.6
      vertex 68.6333 126.96 0
      vertex 68.6333 126.96 1.6
    endloop
  endfacet
  facet normal -0.923904 -0.382624 0
    outer loop
      vertex 68.5354 127.578 0
      vertex 68.4153 127.868 1.6
      vertex 68.4153 127.868 0
    endloop
  endfacet
  facet normal -0.923904 -0.382624 0
    outer loop
      vertex 68.4153 127.868 1.6
      vertex 68.5354 127.578 0
      vertex 68.5354 127.578 1.6
    endloop
  endfacet
  facet normal -0.759414 -0.650607 0
    outer loop
      vertex 68.2514 128.136 0
      vertex 68.0475 128.374 1.6
      vertex 68.0475 128.374 0
    endloop
  endfacet
  facet normal -0.759414 -0.650607 0
    outer loop
      vertex 68.0475 128.374 1.6
      vertex 68.2514 128.136 0
      vertex 68.2514 128.136 1.6
    endloop
  endfacet
  facet normal -0.0796439 0.996823 0
    outer loop
      vertex 66.9462 124.985 0
      vertex 66.6333 124.96 1.6
      vertex 66.9462 124.985 1.6
    endloop
  endfacet
  facet normal -0.0796439 0.996823 0
    outer loop
      vertex 66.6333 124.96 1.6
      vertex 66.9462 124.985 0
      vertex 66.6333 124.96 0
    endloop
  endfacet
  facet normal 0.232626 -0.972566 0
    outer loop
      vertex 66.0153 128.862 0
      vertex 66.3205 128.935 1.6
      vertex 66.0153 128.862 1.6
    endloop
  endfacet
  facet normal 0.232626 -0.972566 0
    outer loop
      vertex 66.3205 128.935 1.6
      vertex 66.0153 128.862 0
      vertex 66.3205 128.935 0
    endloop
  endfacet
  facet normal 0.996901 0.0786692 0
    outer loop
      vertex 64.658 126.647 1.6
      vertex 64.6333 126.96 0
      vertex 64.6333 126.96 1.6
    endloop
  endfacet
  facet normal 0.996901 0.0786692 0
    outer loop
      vertex 64.6333 126.96 0
      vertex 64.658 126.647 1.6
      vertex 64.658 126.647 0
    endloop
  endfacet
  facet normal -0.853109 -0.521733 0
    outer loop
      vertex 68.4153 127.868 0
      vertex 68.2514 128.136 1.6
      vertex 68.2514 128.136 0
    endloop
  endfacet
  facet normal -0.853109 -0.521733 0
    outer loop
      vertex 68.2514 128.136 1.6
      vertex 68.4153 127.868 0
      vertex 68.4153 127.868 1.6
    endloop
  endfacet
  facet normal -0.522532 0.85262 0
    outer loop
      vertex 67.8089 125.342 0
      vertex 67.5413 125.178 1.6
      vertex 67.8089 125.342 1.6
    endloop
  endfacet
  facet normal -0.522532 0.85262 0
    outer loop
      vertex 67.5413 125.178 1.6
      vertex 67.8089 125.342 0
      vertex 67.5413 125.178 0
    endloop
  endfacet
  facet normal -0.382464 0.92397 0
    outer loop
      vertex 67.5413 125.178 0
      vertex 67.2514 125.058 1.6
      vertex 67.5413 125.178 1.6
    endloop
  endfacet
  facet normal -0.382464 0.92397 0
    outer loop
      vertex 67.2514 125.058 1.6
      vertex 67.5413 125.178 0
      vertex 67.2514 125.058 0
    endloop
  endfacet
  facet normal -0.759414 0.650607 0
    outer loop
      vertex 68.0475 125.546 0
      vertex 68.2514 125.784 1.6
      vertex 68.2514 125.784 0
    endloop
  endfacet
  facet normal -0.759414 0.650607 0
    outer loop
      vertex 68.2514 125.784 1.6
      vertex 68.0475 125.546 0
      vertex 68.0475 125.546 1.6
    endloop
  endfacet
  facet normal -0.996926 0.0783526 0
    outer loop
      vertex 68.6087 126.647 0
      vertex 68.6333 126.96 1.6
      vertex 68.6333 126.96 0
    endloop
  endfacet
  facet normal -0.996926 0.0783526 0
    outer loop
      vertex 68.6333 126.96 1.6
      vertex 68.6087 126.647 0
      vertex 68.6087 126.647 1.6
    endloop
  endfacet
  facet normal -0.232626 -0.972566 0
    outer loop
      vertex 66.9462 128.935 0
      vertex 67.2514 128.862 1.6
      vertex 66.9462 128.935 1.6
    endloop
  endfacet
  facet normal -0.232626 -0.972566 -0
    outer loop
      vertex 67.2514 128.862 1.6
      vertex 66.9462 128.935 0
      vertex 67.2514 128.862 0
    endloop
  endfacet
  facet normal -0.382464 -0.92397 0
    outer loop
      vertex 67.2514 128.862 0
      vertex 67.5413 128.742 1.6
      vertex 67.2514 128.862 1.6
    endloop
  endfacet
  facet normal -0.382464 -0.92397 -0
    outer loop
      vertex 67.5413 128.742 1.6
      vertex 67.2514 128.862 0
      vertex 67.5413 128.742 0
    endloop
  endfacet
  facet normal 0.522674 -0.852533 0
    outer loop
      vertex 65.4578 128.578 0
      vertex 65.7253 128.742 1.6
      vertex 65.4578 128.578 1.6
    endloop
  endfacet
  facet normal 0.522674 -0.852533 0
    outer loop
      vertex 65.7253 128.742 1.6
      vertex 65.4578 128.578 0
      vertex 65.7253 128.742 0
    endloop
  endfacet
  facet normal -0.972315 0.233674 0
    outer loop
      vertex 68.5354 126.342 0
      vertex 68.6087 126.647 1.6
      vertex 68.6087 126.647 0
    endloop
  endfacet
  facet normal -0.972315 0.233674 0
    outer loop
      vertex 68.6087 126.647 1.6
      vertex 68.5354 126.342 0
      vertex 68.5354 126.342 1.6
    endloop
  endfacet
  facet normal 0.996901 -0.0786692 0
    outer loop
      vertex 64.6333 126.96 1.6
      vertex 64.658 127.273 0
      vertex 64.658 127.273 1.6
    endloop
  endfacet
  facet normal 0.996901 -0.0786692 0
    outer loop
      vertex 64.658 127.273 0
      vertex 64.6333 126.96 1.6
      vertex 64.6333 126.96 0
    endloop
  endfacet
  facet normal -0.649846 0.760066 0
    outer loop
      vertex 68.0475 125.546 0
      vertex 67.8089 125.342 1.6
      vertex 68.0475 125.546 1.6
    endloop
  endfacet
  facet normal -0.649846 0.760066 0
    outer loop
      vertex 67.8089 125.342 1.6
      vertex 68.0475 125.546 0
      vertex 67.8089 125.342 0
    endloop
  endfacet
  facet normal 0.852967 -0.521965 0
    outer loop
      vertex 64.8513 127.868 1.6
      vertex 65.0153 128.136 0
      vertex 65.0153 128.136 1.6
    endloop
  endfacet
  facet normal 0.852967 -0.521965 0
    outer loop
      vertex 65.0153 128.136 0
      vertex 64.8513 127.868 1.6
      vertex 64.8513 127.868 0
    endloop
  endfacet
  facet normal -0.232626 0.972566 0
    outer loop
      vertex 67.2514 125.058 0
      vertex 66.9462 124.985 1.6
      vertex 67.2514 125.058 1.6
    endloop
  endfacet
  facet normal -0.232626 0.972566 0
    outer loop
      vertex 66.9462 124.985 1.6
      vertex 67.2514 125.058 0
      vertex 66.9462 124.985 0
    endloop
  endfacet
  facet normal 0.382352 -0.924017 0
    outer loop
      vertex 65.7253 128.742 0
      vertex 66.0153 128.862 1.6
      vertex 65.7253 128.742 1.6
    endloop
  endfacet
  facet normal 0.382352 -0.924017 0
    outer loop
      vertex 66.0153 128.862 1.6
      vertex 65.7253 128.742 0
      vertex 66.0153 128.862 0
    endloop
  endfacet
  facet normal 0.759572 0.650423 0
    outer loop
      vertex 65.2191 125.546 1.6
      vertex 65.0153 125.784 0
      vertex 65.0153 125.784 1.6
    endloop
  endfacet
  facet normal 0.759572 0.650423 0
    outer loop
      vertex 65.0153 125.784 0
      vertex 65.2191 125.546 1.6
      vertex 65.2191 125.546 0
    endloop
  endfacet
  facet normal -0.853109 0.521733 0
    outer loop
      vertex 68.2514 125.784 0
      vertex 68.4153 126.052 1.6
      vertex 68.4153 126.052 0
    endloop
  endfacet
  facet normal -0.853109 0.521733 0
    outer loop
      vertex 68.4153 126.052 1.6
      vertex 68.2514 125.784 0
      vertex 68.2514 125.784 1.6
    endloop
  endfacet
  facet normal -0.923904 0.382624 0
    outer loop
      vertex 68.4153 126.052 0
      vertex 68.5354 126.342 1.6
      vertex 68.5354 126.342 0
    endloop
  endfacet
  facet normal -0.923904 0.382624 0
    outer loop
      vertex 68.5354 126.342 1.6
      vertex 68.4153 126.052 0
      vertex 68.4153 126.052 1.6
    endloop
  endfacet
  facet normal 0.852967 0.521965 0
    outer loop
      vertex 65.0153 125.784 1.6
      vertex 64.8513 126.052 0
      vertex 64.8513 126.052 1.6
    endloop
  endfacet
  facet normal 0.852967 0.521965 0
    outer loop
      vertex 64.8513 126.052 0
      vertex 65.0153 125.784 1.6
      vertex 65.0153 125.784 0
    endloop
  endfacet
  facet normal -0.649846 -0.760066 0
    outer loop
      vertex 67.8089 128.578 0
      vertex 68.0475 128.374 1.6
      vertex 67.8089 128.578 1.6
    endloop
  endfacet
  facet normal -0.649846 -0.760066 -0
    outer loop
      vertex 68.0475 128.374 1.6
      vertex 67.8089 128.578 0
      vertex 68.0475 128.374 0
    endloop
  endfacet
  facet normal -0.522532 -0.85262 0
    outer loop
      vertex 67.5413 128.742 0
      vertex 67.8089 128.578 1.6
      vertex 67.5413 128.742 1.6
    endloop
  endfacet
  facet normal -0.522532 -0.85262 -0
    outer loop
      vertex 67.8089 128.578 1.6
      vertex 67.5413 128.742 0
      vertex 67.8089 128.578 0
    endloop
  endfacet
  facet normal 0.923904 0.382624 0
    outer loop
      vertex 64.8513 126.052 1.6
      vertex 64.7312 126.342 0
      vertex 64.7312 126.342 1.6
    endloop
  endfacet
  facet normal 0.923904 0.382624 0
    outer loop
      vertex 64.7312 126.342 0
      vertex 64.8513 126.052 1.6
      vertex 64.8513 126.052 0
    endloop
  endfacet
  facet normal 0.759572 -0.650423 0
    outer loop
      vertex 65.0153 128.136 1.6
      vertex 65.2191 128.374 0
      vertex 65.2191 128.374 1.6
    endloop
  endfacet
  facet normal 0.759572 -0.650423 0
    outer loop
      vertex 65.2191 128.374 0
      vertex 65.0153 128.136 1.6
      vertex 65.0153 128.136 0
    endloop
  endfacet
  facet normal 0.972387 0.233373 0
    outer loop
      vertex 64.7312 126.342 1.6
      vertex 64.658 126.647 0
      vertex 64.658 126.647 1.6
    endloop
  endfacet
  facet normal 0.972387 0.233373 0
    outer loop
      vertex 64.658 126.647 0
      vertex 64.7312 126.342 1.6
      vertex 64.7312 126.342 0
    endloop
  endfacet
  facet normal 0.232626 0.972566 -0
    outer loop
      vertex 66.3205 124.985 0
      vertex 66.0153 125.058 1.6
      vertex 66.3205 124.985 1.6
    endloop
  endfacet
  facet normal 0.232626 0.972566 0
    outer loop
      vertex 66.0153 125.058 1.6
      vertex 66.3205 124.985 0
      vertex 66.0153 125.058 0
    endloop
  endfacet
  facet normal 0.0796692 0.996821 -0
    outer loop
      vertex 66.6333 124.96 0
      vertex 66.3205 124.985 1.6
      vertex 66.6333 124.96 1.6
    endloop
  endfacet
  facet normal 0.0796692 0.996821 0
    outer loop
      vertex 66.3205 124.985 1.6
      vertex 66.6333 124.96 0
      vertex 66.3205 124.985 0
    endloop
  endfacet
  facet normal 0.522674 0.852533 -0
    outer loop
      vertex 65.7253 125.178 0
      vertex 65.4578 125.342 1.6
      vertex 65.7253 125.178 1.6
    endloop
  endfacet
  facet normal 0.522674 0.852533 0
    outer loop
      vertex 65.4578 125.342 1.6
      vertex 65.7253 125.178 0
      vertex 65.4578 125.342 0
    endloop
  endfacet
  facet normal 0.923904 -0.382624 0
    outer loop
      vertex 64.7312 127.578 1.6
      vertex 64.8513 127.868 0
      vertex 64.8513 127.868 1.6
    endloop
  endfacet
  facet normal 0.923904 -0.382624 0
    outer loop
      vertex 64.8513 127.868 0
      vertex 64.7312 127.578 1.6
      vertex 64.7312 127.578 0
    endloop
  endfacet
  facet normal 0.382352 0.924017 -0
    outer loop
      vertex 66.0153 125.058 0
      vertex 65.7253 125.178 1.6
      vertex 66.0153 125.058 1.6
    endloop
  endfacet
  facet normal 0.382352 0.924017 0
    outer loop
      vertex 65.7253 125.178 1.6
      vertex 66.0153 125.058 0
      vertex 65.7253 125.178 0
    endloop
  endfacet
  facet normal -0.0796439 -0.996823 0
    outer loop
      vertex 66.6333 128.96 0
      vertex 66.9462 128.935 1.6
      vertex 66.6333 128.96 1.6
    endloop
  endfacet
  facet normal -0.0796439 -0.996823 -0
    outer loop
      vertex 66.9462 128.935 1.6
      vertex 66.6333 128.96 0
      vertex 66.9462 128.935 0
    endloop
  endfacet
  facet normal 0.972387 -0.233373 0
    outer loop
      vertex 64.658 127.273 1.6
      vertex 64.7312 127.578 0
      vertex 64.7312 127.578 1.6
    endloop
  endfacet
  facet normal 0.972387 -0.233373 0
    outer loop
      vertex 64.7312 127.578 0
      vertex 64.658 127.273 1.6
      vertex 64.658 127.273 0
    endloop
  endfacet
  facet normal 0.0796692 -0.996821 0
    outer loop
      vertex 66.3205 128.935 0
      vertex 66.6333 128.96 1.6
      vertex 66.3205 128.935 1.6
    endloop
  endfacet
  facet normal 0.0796692 -0.996821 0
    outer loop
      vertex 66.6333 128.96 1.6
      vertex 66.3205 128.935 0
      vertex 66.6333 128.96 0
    endloop
  endfacet
  facet normal 0.649689 -0.7602 0
    outer loop
      vertex 65.2191 128.374 0
      vertex 65.4578 128.578 1.6
      vertex 65.2191 128.374 1.6
    endloop
  endfacet
  facet normal 0.649689 -0.7602 0
    outer loop
      vertex 65.4578 128.578 1.6
      vertex 65.2191 128.374 0
      vertex 65.4578 128.578 0
    endloop
  endfacet
  facet normal 0.649689 0.7602 -0
    outer loop
      vertex 65.4578 125.342 0
      vertex 65.2191 125.546 1.6
      vertex 65.4578 125.342 1.6
    endloop
  endfacet
  facet normal 0.649689 0.7602 0
    outer loop
      vertex 65.2191 125.546 1.6
      vertex 65.4578 125.342 0
      vertex 65.2191 125.546 0
    endloop
  endfacet
  facet normal -0.972315 -0.233674 0
    outer loop
      vertex 68.6087 153.913 0
      vertex 68.5354 154.218 1.6
      vertex 68.5354 154.218 0
    endloop
  endfacet
  facet normal -0.972315 -0.233674 0
    outer loop
      vertex 68.5354 154.218 1.6
      vertex 68.6087 153.913 0
      vertex 68.6087 153.913 1.6
    endloop
  endfacet
  facet normal -0.996926 -0.0783526 0
    outer loop
      vertex 68.6333 153.6 0
      vertex 68.6087 153.913 1.6
      vertex 68.6087 153.913 0
    endloop
  endfacet
  facet normal -0.996926 -0.0783526 0
    outer loop
      vertex 68.6087 153.913 1.6
      vertex 68.6333 153.6 0
      vertex 68.6333 153.6 1.6
    endloop
  endfacet
  facet normal -0.923904 -0.382624 0
    outer loop
      vertex 68.5354 154.218 0
      vertex 68.4153 154.508 1.6
      vertex 68.4153 154.508 0
    endloop
  endfacet
  facet normal -0.923904 -0.382624 0
    outer loop
      vertex 68.4153 154.508 1.6
      vertex 68.5354 154.218 0
      vertex 68.5354 154.218 1.6
    endloop
  endfacet
  facet normal 0.996901 -0.0786692 0
    outer loop
      vertex 64.6333 153.6 1.6
      vertex 64.658 153.913 0
      vertex 64.658 153.913 1.6
    endloop
  endfacet
  facet normal 0.996901 -0.0786692 0
    outer loop
      vertex 64.658 153.913 0
      vertex 64.6333 153.6 1.6
      vertex 64.6333 153.6 0
    endloop
  endfacet
  facet normal -0.382464 -0.92397 0
    outer loop
      vertex 67.2514 155.502 0
      vertex 67.5413 155.382 1.6
      vertex 67.2514 155.502 1.6
    endloop
  endfacet
  facet normal -0.382464 -0.92397 -0
    outer loop
      vertex 67.5413 155.382 1.6
      vertex 67.2514 155.502 0
      vertex 67.5413 155.382 0
    endloop
  endfacet
  facet normal -0.0796439 -0.996823 0
    outer loop
      vertex 66.6333 155.6 0
      vertex 66.9462 155.575 1.6
      vertex 66.6333 155.6 1.6
    endloop
  endfacet
  facet normal -0.0796439 -0.996823 -0
    outer loop
      vertex 66.9462 155.575 1.6
      vertex 66.6333 155.6 0
      vertex 66.9462 155.575 0
    endloop
  endfacet
  facet normal -0.996926 0.0783526 0
    outer loop
      vertex 68.6087 153.287 0
      vertex 68.6333 153.6 1.6
      vertex 68.6333 153.6 0
    endloop
  endfacet
  facet normal -0.996926 0.0783526 0
    outer loop
      vertex 68.6333 153.6 1.6
      vertex 68.6087 153.287 0
      vertex 68.6087 153.287 1.6
    endloop
  endfacet
  facet normal 0.522674 0.852533 -0
    outer loop
      vertex 65.7253 151.818 0
      vertex 65.4578 151.982 1.6
      vertex 65.7253 151.818 1.6
    endloop
  endfacet
  facet normal 0.522674 0.852533 0
    outer loop
      vertex 65.4578 151.982 1.6
      vertex 65.7253 151.818 0
      vertex 65.4578 151.982 0
    endloop
  endfacet
  facet normal -0.853109 -0.521733 0
    outer loop
      vertex 68.4153 154.508 0
      vertex 68.2514 154.776 1.6
      vertex 68.2514 154.776 0
    endloop
  endfacet
  facet normal -0.853109 -0.521733 0
    outer loop
      vertex 68.2514 154.776 1.6
      vertex 68.4153 154.508 0
      vertex 68.4153 154.508 1.6
    endloop
  endfacet
  facet normal 0.0796692 -0.996821 0
    outer loop
      vertex 66.3205 155.575 0
      vertex 66.6333 155.6 1.6
      vertex 66.3205 155.575 1.6
    endloop
  endfacet
  facet normal 0.0796692 -0.996821 0
    outer loop
      vertex 66.6333 155.6 1.6
      vertex 66.3205 155.575 0
      vertex 66.6333 155.6 0
    endloop
  endfacet
  facet normal -0.923904 0.382624 0
    outer loop
      vertex 68.4153 152.692 0
      vertex 68.5354 152.982 1.6
      vertex 68.5354 152.982 0
    endloop
  endfacet
  facet normal -0.923904 0.382624 0
    outer loop
      vertex 68.5354 152.982 1.6
      vertex 68.4153 152.692 0
      vertex 68.4153 152.692 1.6
    endloop
  endfacet
  facet normal 0.649689 -0.7602 0
    outer loop
      vertex 65.2191 155.014 0
      vertex 65.4578 155.218 1.6
      vertex 65.2191 155.014 1.6
    endloop
  endfacet
  facet normal 0.649689 -0.7602 0
    outer loop
      vertex 65.4578 155.218 1.6
      vertex 65.2191 155.014 0
      vertex 65.4578 155.218 0
    endloop
  endfacet
  facet normal -0.232626 0.972566 0
    outer loop
      vertex 67.2514 151.698 0
      vertex 66.9462 151.625 1.6
      vertex 67.2514 151.698 1.6
    endloop
  endfacet
  facet normal -0.232626 0.972566 0
    outer loop
      vertex 66.9462 151.625 1.6
      vertex 67.2514 151.698 0
      vertex 66.9462 151.625 0
    endloop
  endfacet
  facet normal 0.382352 0.924017 -0
    outer loop
      vertex 66.0153 151.698 0
      vertex 65.7253 151.818 1.6
      vertex 66.0153 151.698 1.6
    endloop
  endfacet
  facet normal 0.382352 0.924017 0
    outer loop
      vertex 65.7253 151.818 1.6
      vertex 66.0153 151.698 0
      vertex 65.7253 151.818 0
    endloop
  endfacet
  facet normal -0.232626 -0.972566 0
    outer loop
      vertex 66.9462 155.575 0
      vertex 67.2514 155.502 1.6
      vertex 66.9462 155.575 1.6
    endloop
  endfacet
  facet normal -0.232626 -0.972566 -0
    outer loop
      vertex 67.2514 155.502 1.6
      vertex 66.9462 155.575 0
      vertex 67.2514 155.502 0
    endloop
  endfacet
  facet normal 0.923904 0.382624 0
    outer loop
      vertex 64.8513 152.692 1.6
      vertex 64.7312 152.982 0
      vertex 64.7312 152.982 1.6
    endloop
  endfacet
  facet normal 0.923904 0.382624 0
    outer loop
      vertex 64.7312 152.982 0
      vertex 64.8513 152.692 1.6
      vertex 64.8513 152.692 0
    endloop
  endfacet
  facet normal 0.996901 0.0786692 0
    outer loop
      vertex 64.658 153.287 1.6
      vertex 64.6333 153.6 0
      vertex 64.6333 153.6 1.6
    endloop
  endfacet
  facet normal 0.996901 0.0786692 0
    outer loop
      vertex 64.6333 153.6 0
      vertex 64.658 153.287 1.6
      vertex 64.658 153.287 0
    endloop
  endfacet
  facet normal 0.522674 -0.852533 0
    outer loop
      vertex 65.4578 155.218 0
      vertex 65.7253 155.382 1.6
      vertex 65.4578 155.218 1.6
    endloop
  endfacet
  facet normal 0.522674 -0.852533 0
    outer loop
      vertex 65.7253 155.382 1.6
      vertex 65.4578 155.218 0
      vertex 65.7253 155.382 0
    endloop
  endfacet
  facet normal -0.0796439 0.996823 0
    outer loop
      vertex 66.9462 151.625 0
      vertex 66.6333 151.6 1.6
      vertex 66.9462 151.625 1.6
    endloop
  endfacet
  facet normal -0.0796439 0.996823 0
    outer loop
      vertex 66.6333 151.6 1.6
      vertex 66.9462 151.625 0
      vertex 66.6333 151.6 0
    endloop
  endfacet
  facet normal -0.853109 0.521733 0
    outer loop
      vertex 68.2514 152.424 0
      vertex 68.4153 152.692 1.6
      vertex 68.4153 152.692 0
    endloop
  endfacet
  facet normal -0.853109 0.521733 0
    outer loop
      vertex 68.4153 152.692 1.6
      vertex 68.2514 152.424 0
      vertex 68.2514 152.424 1.6
    endloop
  endfacet
  facet normal 0.382352 -0.924017 0
    outer loop
      vertex 65.7253 155.382 0
      vertex 66.0153 155.502 1.6
      vertex 65.7253 155.382 1.6
    endloop
  endfacet
  facet normal 0.382352 -0.924017 0
    outer loop
      vertex 66.0153 155.502 1.6
      vertex 65.7253 155.382 0
      vertex 66.0153 155.502 0
    endloop
  endfacet
  facet normal 0.759572 -0.650423 0
    outer loop
      vertex 65.0153 154.776 1.6
      vertex 65.2191 155.014 0
      vertex 65.2191 155.014 1.6
    endloop
  endfacet
  facet normal 0.759572 -0.650423 0
    outer loop
      vertex 65.2191 155.014 0
      vertex 65.0153 154.776 1.6
      vertex 65.0153 154.776 0
    endloop
  endfacet
  facet normal -0.649846 -0.760066 0
    outer loop
      vertex 67.8089 155.218 0
      vertex 68.0475 155.014 1.6
      vertex 67.8089 155.218 1.6
    endloop
  endfacet
  facet normal -0.649846 -0.760066 -0
    outer loop
      vertex 68.0475 155.014 1.6
      vertex 67.8089 155.218 0
      vertex 68.0475 155.014 0
    endloop
  endfacet
  facet normal -0.382464 0.92397 0
    outer loop
      vertex 67.5413 151.818 0
      vertex 67.2514 151.698 1.6
      vertex 67.5413 151.818 1.6
    endloop
  endfacet
  facet normal -0.382464 0.92397 0
    outer loop
      vertex 67.2514 151.698 1.6
      vertex 67.5413 151.818 0
      vertex 67.2514 151.698 0
    endloop
  endfacet
  facet normal -0.522532 -0.85262 0
    outer loop
      vertex 67.5413 155.382 0
      vertex 67.8089 155.218 1.6
      vertex 67.5413 155.382 1.6
    endloop
  endfacet
  facet normal -0.522532 -0.85262 -0
    outer loop
      vertex 67.8089 155.218 1.6
      vertex 67.5413 155.382 0
      vertex 67.8089 155.218 0
    endloop
  endfacet
  facet normal -0.522532 0.85262 0
    outer loop
      vertex 67.8089 151.982 0
      vertex 67.5413 151.818 1.6
      vertex 67.8089 151.982 1.6
    endloop
  endfacet
  facet normal -0.522532 0.85262 0
    outer loop
      vertex 67.5413 151.818 1.6
      vertex 67.8089 151.982 0
      vertex 67.5413 151.818 0
    endloop
  endfacet
  facet normal 0.232626 -0.972566 0
    outer loop
      vertex 66.0153 155.502 0
      vertex 66.3205 155.575 1.6
      vertex 66.0153 155.502 1.6
    endloop
  endfacet
  facet normal 0.232626 -0.972566 0
    outer loop
      vertex 66.3205 155.575 1.6
      vertex 66.0153 155.502 0
      vertex 66.3205 155.575 0
    endloop
  endfacet
  facet normal -0.759414 -0.650607 0
    outer loop
      vertex 68.2514 154.776 0
      vertex 68.0475 155.014 1.6
      vertex 68.0475 155.014 0
    endloop
  endfacet
  facet normal -0.759414 -0.650607 0
    outer loop
      vertex 68.0475 155.014 1.6
      vertex 68.2514 154.776 0
      vertex 68.2514 154.776 1.6
    endloop
  endfacet
  facet normal 0.759572 0.650423 0
    outer loop
      vertex 65.2191 152.186 1.6
      vertex 65.0153 152.424 0
      vertex 65.0153 152.424 1.6
    endloop
  endfacet
  facet normal 0.759572 0.650423 0
    outer loop
      vertex 65.0153 152.424 0
      vertex 65.2191 152.186 1.6
      vertex 65.2191 152.186 0
    endloop
  endfacet
  facet normal -0.759414 0.650607 0
    outer loop
      vertex 68.0475 152.186 0
      vertex 68.2514 152.424 1.6
      vertex 68.2514 152.424 0
    endloop
  endfacet
  facet normal -0.759414 0.650607 0
    outer loop
      vertex 68.2514 152.424 1.6
      vertex 68.0475 152.186 0
      vertex 68.0475 152.186 1.6
    endloop
  endfacet
  facet normal -0.649846 0.760066 0
    outer loop
      vertex 68.0475 152.186 0
      vertex 67.8089 151.982 1.6
      vertex 68.0475 152.186 1.6
    endloop
  endfacet
  facet normal -0.649846 0.760066 0
    outer loop
      vertex 67.8089 151.982 1.6
      vertex 68.0475 152.186 0
      vertex 67.8089 151.982 0
    endloop
  endfacet
  facet normal -0.972315 0.233674 0
    outer loop
      vertex 68.5354 152.982 0
      vertex 68.6087 153.287 1.6
      vertex 68.6087 153.287 0
    endloop
  endfacet
  facet normal -0.972315 0.233674 0
    outer loop
      vertex 68.6087 153.287 1.6
      vertex 68.5354 152.982 0
      vertex 68.5354 152.982 1.6
    endloop
  endfacet
  facet normal 0.649689 0.7602 -0
    outer loop
      vertex 65.4578 151.982 0
      vertex 65.2191 152.186 1.6
      vertex 65.4578 151.982 1.6
    endloop
  endfacet
  facet normal 0.649689 0.7602 0
    outer loop
      vertex 65.2191 152.186 1.6
      vertex 65.4578 151.982 0
      vertex 65.2191 152.186 0
    endloop
  endfacet
  facet normal 0.0796692 0.996821 -0
    outer loop
      vertex 66.6333 151.6 0
      vertex 66.3205 151.625 1.6
      vertex 66.6333 151.6 1.6
    endloop
  endfacet
  facet normal 0.0796692 0.996821 0
    outer loop
      vertex 66.3205 151.625 1.6
      vertex 66.6333 151.6 0
      vertex 66.3205 151.625 0
    endloop
  endfacet
  facet normal 0.972387 0.233373 0
    outer loop
      vertex 64.7312 152.982 1.6
      vertex 64.658 153.287 0
      vertex 64.658 153.287 1.6
    endloop
  endfacet
  facet normal 0.972387 0.233373 0
    outer loop
      vertex 64.658 153.287 0
      vertex 64.7312 152.982 1.6
      vertex 64.7312 152.982 0
    endloop
  endfacet
  facet normal 0.232626 0.972566 -0
    outer loop
      vertex 66.3205 151.625 0
      vertex 66.0153 151.698 1.6
      vertex 66.3205 151.625 1.6
    endloop
  endfacet
  facet normal 0.232626 0.972566 0
    outer loop
      vertex 66.0153 151.698 1.6
      vertex 66.3205 151.625 0
      vertex 66.0153 151.698 0
    endloop
  endfacet
  facet normal 0.852967 -0.521965 0
    outer loop
      vertex 64.8513 154.508 1.6
      vertex 65.0153 154.776 0
      vertex 65.0153 154.776 1.6
    endloop
  endfacet
  facet normal 0.852967 -0.521965 0
    outer loop
      vertex 65.0153 154.776 0
      vertex 64.8513 154.508 1.6
      vertex 64.8513 154.508 0
    endloop
  endfacet
  facet normal 0.852967 0.521965 0
    outer loop
      vertex 65.0153 152.424 1.6
      vertex 64.8513 152.692 0
      vertex 64.8513 152.692 1.6
    endloop
  endfacet
  facet normal 0.852967 0.521965 0
    outer loop
      vertex 64.8513 152.692 0
      vertex 65.0153 152.424 1.6
      vertex 65.0153 152.424 0
    endloop
  endfacet
  facet normal 0.972387 -0.233373 0
    outer loop
      vertex 64.658 153.913 1.6
      vertex 64.7312 154.218 0
      vertex 64.7312 154.218 1.6
    endloop
  endfacet
  facet normal 0.972387 -0.233373 0
    outer loop
      vertex 64.7312 154.218 0
      vertex 64.658 153.913 1.6
      vertex 64.658 153.913 0
    endloop
  endfacet
  facet normal 0.923904 -0.382624 0
    outer loop
      vertex 64.7312 154.218 1.6
      vertex 64.8513 154.508 0
      vertex 64.8513 154.508 1.6
    endloop
  endfacet
  facet normal 0.923904 -0.382624 0
    outer loop
      vertex 64.8513 154.508 0
      vertex 64.7312 154.218 1.6
      vertex 64.7312 154.218 0
    endloop
  endfacet
  facet normal -0.972549 -0.232698 0
    outer loop
      vertex 114.842 20.7129 0
      vertex 114.769 21.018 1.6
      vertex 114.769 21.018 0
    endloop
  endfacet
  facet normal -0.972549 -0.232698 0
    outer loop
      vertex 114.769 21.018 1.6
      vertex 114.842 20.7129 0
      vertex 114.842 20.7129 1.6
    endloop
  endfacet
  facet normal -0.996823 -0.0796439 0
    outer loop
      vertex 114.867 20.4 0
      vertex 114.842 20.7129 1.6
      vertex 114.842 20.7129 0
    endloop
  endfacet
  facet normal -0.996823 -0.0796439 0
    outer loop
      vertex 114.842 20.7129 1.6
      vertex 114.867 20.4 0
      vertex 114.867 20.4 1.6
    endloop
  endfacet
  facet normal -0.0783526 0.996926 0
    outer loop
      vertex 113.18 18.4246 0
      vertex 112.867 18.4 1.6
      vertex 113.18 18.4246 1.6
    endloop
  endfacet
  facet normal -0.0783526 0.996926 0
    outer loop
      vertex 112.867 18.4 1.6
      vertex 113.18 18.4246 0
      vertex 112.867 18.4 0
    endloop
  endfacet
  facet normal 0.233674 0.972315 -0
    outer loop
      vertex 112.554 18.4246 0
      vertex 112.249 18.4979 1.6
      vertex 112.554 18.4246 1.6
    endloop
  endfacet
  facet normal 0.233674 0.972315 0
    outer loop
      vertex 112.249 18.4979 1.6
      vertex 112.554 18.4246 0
      vertex 112.249 18.4979 0
    endloop
  endfacet
  facet normal -0.996823 0.0796439 0
    outer loop
      vertex 114.842 20.0871 0
      vertex 114.867 20.4 1.6
      vertex 114.867 20.4 0
    endloop
  endfacet
  facet normal -0.996823 0.0796439 0
    outer loop
      vertex 114.867 20.4 1.6
      vertex 114.842 20.0871 0
      vertex 114.842 20.0871 1.6
    endloop
  endfacet
  facet normal -0.85262 -0.522532 0
    outer loop
      vertex 114.649 21.308 0
      vertex 114.485 21.5756 1.6
      vertex 114.485 21.5756 0
    endloop
  endfacet
  facet normal -0.85262 -0.522532 0
    outer loop
      vertex 114.485 21.5756 1.6
      vertex 114.649 21.308 0
      vertex 114.649 21.308 1.6
    endloop
  endfacet
  facet normal 0.0783526 -0.996926 0
    outer loop
      vertex 112.554 22.3754 0
      vertex 112.867 22.4 1.6
      vertex 112.554 22.3754 1.6
    endloop
  endfacet
  facet normal 0.0783526 -0.996926 0
    outer loop
      vertex 112.867 22.4 1.6
      vertex 112.554 22.3754 0
      vertex 112.867 22.4 0
    endloop
  endfacet
  facet normal -0.760066 -0.649846 0
    outer loop
      vertex 114.485 21.5756 0
      vertex 114.281 21.8142 1.6
      vertex 114.281 21.8142 0
    endloop
  endfacet
  facet normal -0.760066 -0.649846 0
    outer loop
      vertex 114.281 21.8142 1.6
      vertex 114.485 21.5756 0
      vertex 114.485 21.5756 1.6
    endloop
  endfacet
  facet normal 0.648849 0.760917 -0
    outer loop
      vertex 111.691 18.782 0
      vertex 111.452 18.9858 1.6
      vertex 111.691 18.782 1.6
    endloop
  endfacet
  facet normal 0.648849 0.760917 0
    outer loop
      vertex 111.452 18.9858 1.6
      vertex 111.691 18.782 0
      vertex 111.452 18.9858 0
    endloop
  endfacet
  facet normal 0.648849 -0.760917 0
    outer loop
      vertex 111.452 21.8142 0
      vertex 111.691 22.018 1.6
      vertex 111.452 21.8142 1.6
    endloop
  endfacet
  facet normal 0.648849 -0.760917 0
    outer loop
      vertex 111.691 22.018 1.6
      vertex 111.452 21.8142 0
      vertex 111.691 22.018 0
    endloop
  endfacet
  facet normal -0.924017 0.382352 0
    outer loop
      vertex 114.649 19.492 0
      vertex 114.769 19.782 1.6
      vertex 114.769 19.782 0
    endloop
  endfacet
  facet normal -0.924017 0.382352 0
    outer loop
      vertex 114.769 19.782 1.6
      vertex 114.649 19.492 0
      vertex 114.649 19.492 1.6
    endloop
  endfacet
  facet normal -0.972549 0.232698 0
    outer loop
      vertex 114.769 19.782 0
      vertex 114.842 20.0871 1.6
      vertex 114.842 20.0871 0
    endloop
  endfacet
  facet normal -0.972549 0.232698 0
    outer loop
      vertex 114.842 20.0871 1.6
      vertex 114.769 19.782 0
      vertex 114.769 19.782 1.6
    endloop
  endfacet
  facet normal 0.997071 0.0764772 0
    outer loop
      vertex 110.891 20.0871 1.6
      vertex 110.867 20.4 0
      vertex 110.867 20.4 1.6
    endloop
  endfacet
  facet normal 0.997071 0.0764772 0
    outer loop
      vertex 110.867 20.4 0
      vertex 110.891 20.0871 1.6
      vertex 110.891 20.0871 0
    endloop
  endfacet
  facet normal 0.382624 -0.923904 0
    outer loop
      vertex 111.959 22.182 0
      vertex 112.249 22.3021 1.6
      vertex 111.959 22.182 1.6
    endloop
  endfacet
  facet normal 0.382624 -0.923904 0
    outer loop
      vertex 112.249 22.3021 1.6
      vertex 111.959 22.182 0
      vertex 112.249 22.3021 0
    endloop
  endfacet
  facet normal 0.924017 -0.382352 0
    outer loop
      vertex 110.965 21.018 1.6
      vertex 111.085 21.308 0
      vertex 111.085 21.308 1.6
    endloop
  endfacet
  facet normal 0.924017 -0.382352 0
    outer loop
      vertex 111.085 21.308 0
      vertex 110.965 21.018 1.6
      vertex 110.965 21.018 0
    endloop
  endfacet
  facet normal 0.971824 0.235709 0
    outer loop
      vertex 110.965 19.782 1.6
      vertex 110.891 20.0871 0
      vertex 110.891 20.0871 1.6
    endloop
  endfacet
  facet normal 0.971824 0.235709 0
    outer loop
      vertex 110.891 20.0871 0
      vertex 110.965 19.782 1.6
      vertex 110.965 19.782 0
    endloop
  endfacet
  facet normal 0.76164 0.648 0
    outer loop
      vertex 111.452 18.9858 1.6
      vertex 111.249 19.2244 0
      vertex 111.249 19.2244 1.6
    endloop
  endfacet
  facet normal 0.76164 0.648 0
    outer loop
      vertex 111.249 19.2244 0
      vertex 111.452 18.9858 1.6
      vertex 111.452 18.9858 0
    endloop
  endfacet
  facet normal 0.521965 -0.852967 0
    outer loop
      vertex 111.691 22.018 0
      vertex 111.959 22.182 1.6
      vertex 111.691 22.018 1.6
    endloop
  endfacet
  facet normal 0.521965 -0.852967 0
    outer loop
      vertex 111.959 22.182 1.6
      vertex 111.691 22.018 0
      vertex 111.959 22.182 0
    endloop
  endfacet
  facet normal -0.523385 0.852096 0
    outer loop
      vertex 114.042 18.782 0
      vertex 113.775 18.618 1.6
      vertex 114.042 18.782 1.6
    endloop
  endfacet
  facet normal -0.523385 0.852096 0
    outer loop
      vertex 113.775 18.618 1.6
      vertex 114.042 18.782 0
      vertex 113.775 18.618 0
    endloop
  endfacet
  facet normal 0.924017 0.382352 0
    outer loop
      vertex 111.085 19.492 1.6
      vertex 110.965 19.782 0
      vertex 110.965 19.782 1.6
    endloop
  endfacet
  facet normal 0.924017 0.382352 0
    outer loop
      vertex 110.965 19.782 0
      vertex 111.085 19.492 1.6
      vertex 111.085 19.492 0
    endloop
  endfacet
  facet normal -0.382624 0.923904 0
    outer loop
      vertex 113.775 18.618 0
      vertex 113.485 18.4979 1.6
      vertex 113.775 18.618 1.6
    endloop
  endfacet
  facet normal -0.382624 0.923904 0
    outer loop
      vertex 113.485 18.4979 1.6
      vertex 113.775 18.618 0
      vertex 113.485 18.4979 0
    endloop
  endfacet
  facet normal -0.382624 -0.923904 0
    outer loop
      vertex 113.485 22.3021 0
      vertex 113.775 22.182 1.6
      vertex 113.485 22.3021 1.6
    endloop
  endfacet
  facet normal -0.382624 -0.923904 -0
    outer loop
      vertex 113.775 22.182 1.6
      vertex 113.485 22.3021 0
      vertex 113.775 22.182 0
    endloop
  endfacet
  facet normal 0.85262 -0.522532 0
    outer loop
      vertex 111.085 21.308 1.6
      vertex 111.249 21.5756 0
      vertex 111.249 21.5756 1.6
    endloop
  endfacet
  facet normal 0.85262 -0.522532 0
    outer loop
      vertex 111.249 21.5756 0
      vertex 111.085 21.308 1.6
      vertex 111.085 21.308 0
    endloop
  endfacet
  facet normal -0.648849 -0.760917 0
    outer loop
      vertex 114.042 22.018 0
      vertex 114.281 21.8142 1.6
      vertex 114.042 22.018 1.6
    endloop
  endfacet
  facet normal -0.648849 -0.760917 -0
    outer loop
      vertex 114.281 21.8142 1.6
      vertex 114.042 22.018 0
      vertex 114.281 21.8142 0
    endloop
  endfacet
  facet normal 0.997071 -0.0764772 0
    outer loop
      vertex 110.867 20.4 1.6
      vertex 110.891 20.7129 0
      vertex 110.891 20.7129 1.6
    endloop
  endfacet
  facet normal 0.997071 -0.0764772 0
    outer loop
      vertex 110.891 20.7129 0
      vertex 110.867 20.4 1.6
      vertex 110.867 20.4 0
    endloop
  endfacet
  facet normal -0.523385 -0.852096 0
    outer loop
      vertex 113.775 22.182 0
      vertex 114.042 22.018 1.6
      vertex 113.775 22.182 1.6
    endloop
  endfacet
  facet normal -0.523385 -0.852096 -0
    outer loop
      vertex 114.042 22.018 1.6
      vertex 113.775 22.182 0
      vertex 114.042 22.018 0
    endloop
  endfacet
  facet normal 0.233674 -0.972315 0
    outer loop
      vertex 112.249 22.3021 0
      vertex 112.554 22.3754 1.6
      vertex 112.249 22.3021 1.6
    endloop
  endfacet
  facet normal 0.233674 -0.972315 0
    outer loop
      vertex 112.554 22.3754 1.6
      vertex 112.249 22.3021 0
      vertex 112.554 22.3754 0
    endloop
  endfacet
  facet normal 0.521965 0.852967 -0
    outer loop
      vertex 111.959 18.618 0
      vertex 111.691 18.782 1.6
      vertex 111.959 18.618 1.6
    endloop
  endfacet
  facet normal 0.521965 0.852967 0
    outer loop
      vertex 111.691 18.782 1.6
      vertex 111.959 18.618 0
      vertex 111.691 18.782 0
    endloop
  endfacet
  facet normal 0.0783526 0.996926 -0
    outer loop
      vertex 112.867 18.4 0
      vertex 112.554 18.4246 1.6
      vertex 112.867 18.4 1.6
    endloop
  endfacet
  facet normal 0.0783526 0.996926 0
    outer loop
      vertex 112.554 18.4246 1.6
      vertex 112.867 18.4 0
      vertex 112.554 18.4246 0
    endloop
  endfacet
  facet normal 0.382624 0.923904 -0
    outer loop
      vertex 112.249 18.4979 0
      vertex 111.959 18.618 1.6
      vertex 112.249 18.4979 1.6
    endloop
  endfacet
  facet normal 0.382624 0.923904 0
    outer loop
      vertex 111.959 18.618 1.6
      vertex 112.249 18.4979 0
      vertex 111.959 18.618 0
    endloop
  endfacet
  facet normal -0.0783526 -0.996926 0
    outer loop
      vertex 112.867 22.4 0
      vertex 113.18 22.3754 1.6
      vertex 112.867 22.4 1.6
    endloop
  endfacet
  facet normal -0.0783526 -0.996926 -0
    outer loop
      vertex 113.18 22.3754 1.6
      vertex 112.867 22.4 0
      vertex 113.18 22.3754 0
    endloop
  endfacet
  facet normal -0.233674 0.972315 0
    outer loop
      vertex 113.485 18.4979 0
      vertex 113.18 18.4246 1.6
      vertex 113.485 18.4979 1.6
    endloop
  endfacet
  facet normal -0.233674 0.972315 0
    outer loop
      vertex 113.18 18.4246 1.6
      vertex 113.485 18.4979 0
      vertex 113.18 18.4246 0
    endloop
  endfacet
  facet normal -0.648849 0.760917 0
    outer loop
      vertex 114.281 18.9858 0
      vertex 114.042 18.782 1.6
      vertex 114.281 18.9858 1.6
    endloop
  endfacet
  facet normal -0.648849 0.760917 0
    outer loop
      vertex 114.042 18.782 1.6
      vertex 114.281 18.9858 0
      vertex 114.042 18.782 0
    endloop
  endfacet
  facet normal -0.760066 0.649846 0
    outer loop
      vertex 114.281 18.9858 0
      vertex 114.485 19.2244 1.6
      vertex 114.485 19.2244 0
    endloop
  endfacet
  facet normal -0.760066 0.649846 0
    outer loop
      vertex 114.485 19.2244 1.6
      vertex 114.281 18.9858 0
      vertex 114.281 18.9858 1.6
    endloop
  endfacet
  facet normal 0.971824 -0.235709 0
    outer loop
      vertex 110.891 20.7129 1.6
      vertex 110.965 21.018 0
      vertex 110.965 21.018 1.6
    endloop
  endfacet
  facet normal 0.971824 -0.235709 0
    outer loop
      vertex 110.965 21.018 0
      vertex 110.891 20.7129 1.6
      vertex 110.891 20.7129 0
    endloop
  endfacet
  facet normal -0.233674 -0.972315 0
    outer loop
      vertex 113.18 22.3754 0
      vertex 113.485 22.3021 1.6
      vertex 113.18 22.3754 1.6
    endloop
  endfacet
  facet normal -0.233674 -0.972315 -0
    outer loop
      vertex 113.485 22.3021 1.6
      vertex 113.18 22.3754 0
      vertex 113.485 22.3021 0
    endloop
  endfacet
  facet normal -0.924017 -0.382352 0
    outer loop
      vertex 114.769 21.018 0
      vertex 114.649 21.308 1.6
      vertex 114.649 21.308 0
    endloop
  endfacet
  facet normal -0.924017 -0.382352 0
    outer loop
      vertex 114.649 21.308 1.6
      vertex 114.769 21.018 0
      vertex 114.769 21.018 1.6
    endloop
  endfacet
  facet normal -0.85262 0.522532 0
    outer loop
      vertex 114.485 19.2244 0
      vertex 114.649 19.492 1.6
      vertex 114.649 19.492 0
    endloop
  endfacet
  facet normal -0.85262 0.522532 0
    outer loop
      vertex 114.649 19.492 1.6
      vertex 114.485 19.2244 0
      vertex 114.485 19.2244 1.6
    endloop
  endfacet
  facet normal 0.85262 0.522532 0
    outer loop
      vertex 111.249 19.2244 1.6
      vertex 111.085 19.492 0
      vertex 111.085 19.492 1.6
    endloop
  endfacet
  facet normal 0.85262 0.522532 0
    outer loop
      vertex 111.085 19.492 0
      vertex 111.249 19.2244 1.6
      vertex 111.249 19.2244 0
    endloop
  endfacet
  facet normal 0.76164 -0.648 0
    outer loop
      vertex 111.249 21.5756 1.6
      vertex 111.452 21.8142 0
      vertex 111.452 21.8142 1.6
    endloop
  endfacet
  facet normal 0.76164 -0.648 0
    outer loop
      vertex 111.452 21.8142 0
      vertex 111.249 21.5756 1.6
      vertex 111.249 21.5756 0
    endloop
  endfacet
  facet normal 0.76164 -0.648 0
    outer loop
      vertex 111.249 48.2156 1.6
      vertex 111.452 48.4542 0
      vertex 111.452 48.4542 1.6
    endloop
  endfacet
  facet normal 0.76164 -0.648 0
    outer loop
      vertex 111.452 48.4542 0
      vertex 111.249 48.2156 1.6
      vertex 111.249 48.2156 0
    endloop
  endfacet
  facet normal -0.972549 -0.232698 0
    outer loop
      vertex 114.842 47.3529 0
      vertex 114.769 47.658 1.6
      vertex 114.769 47.658 0
    endloop
  endfacet
  facet normal -0.972549 -0.232698 0
    outer loop
      vertex 114.769 47.658 1.6
      vertex 114.842 47.3529 0
      vertex 114.842 47.3529 1.6
    endloop
  endfacet
  facet normal -0.996823 -0.0796439 0
    outer loop
      vertex 114.867 47.04 0
      vertex 114.842 47.3529 1.6
      vertex 114.842 47.3529 0
    endloop
  endfacet
  facet normal -0.996823 -0.0796439 0
    outer loop
      vertex 114.842 47.3529 1.6
      vertex 114.867 47.04 0
      vertex 114.867 47.04 1.6
    endloop
  endfacet
  facet normal -0.924017 -0.382352 0
    outer loop
      vertex 114.769 47.658 0
      vertex 114.649 47.948 1.6
      vertex 114.649 47.948 0
    endloop
  endfacet
  facet normal -0.924017 -0.382352 0
    outer loop
      vertex 114.649 47.948 1.6
      vertex 114.769 47.658 0
      vertex 114.769 47.658 1.6
    endloop
  endfacet
  facet normal -0.85262 0.522532 0
    outer loop
      vertex 114.485 45.8644 0
      vertex 114.649 46.132 1.6
      vertex 114.649 46.132 0
    endloop
  endfacet
  facet normal -0.85262 0.522532 0
    outer loop
      vertex 114.649 46.132 1.6
      vertex 114.485 45.8644 0
      vertex 114.485 45.8644 1.6
    endloop
  endfacet
  facet normal 0.233674 -0.972315 0
    outer loop
      vertex 112.249 48.9421 0
      vertex 112.554 49.0154 1.6
      vertex 112.249 48.9421 1.6
    endloop
  endfacet
  facet normal 0.233674 -0.972315 0
    outer loop
      vertex 112.554 49.0154 1.6
      vertex 112.249 48.9421 0
      vertex 112.554 49.0154 0
    endloop
  endfacet
  facet normal -0.996823 0.0796439 0
    outer loop
      vertex 114.842 46.7271 0
      vertex 114.867 47.04 1.6
      vertex 114.867 47.04 0
    endloop
  endfacet
  facet normal -0.996823 0.0796439 0
    outer loop
      vertex 114.867 47.04 1.6
      vertex 114.842 46.7271 0
      vertex 114.842 46.7271 1.6
    endloop
  endfacet
  facet normal -0.233674 0.972315 0
    outer loop
      vertex 113.485 45.1379 0
      vertex 113.18 45.0646 1.6
      vertex 113.485 45.1379 1.6
    endloop
  endfacet
  facet normal -0.233674 0.972315 0
    outer loop
      vertex 113.18 45.0646 1.6
      vertex 113.485 45.1379 0
      vertex 113.18 45.0646 0
    endloop
  endfacet
  facet normal -0.85262 -0.522532 0
    outer loop
      vertex 114.649 47.948 0
      vertex 114.485 48.2156 1.6
      vertex 114.485 48.2156 0
    endloop
  endfacet
  facet normal -0.85262 -0.522532 0
    outer loop
      vertex 114.485 48.2156 1.6
      vertex 114.649 47.948 0
      vertex 114.649 47.948 1.6
    endloop
  endfacet
  facet normal 0.85262 -0.522532 0
    outer loop
      vertex 111.085 47.948 1.6
      vertex 111.249 48.2156 0
      vertex 111.249 48.2156 1.6
    endloop
  endfacet
  facet normal 0.85262 -0.522532 0
    outer loop
      vertex 111.249 48.2156 0
      vertex 111.085 47.948 1.6
      vertex 111.085 47.948 0
    endloop
  endfacet
  facet normal 0.648849 -0.760917 0
    outer loop
      vertex 111.452 48.4542 0
      vertex 111.691 48.658 1.6
      vertex 111.452 48.4542 1.6
    endloop
  endfacet
  facet normal 0.648849 -0.760917 0
    outer loop
      vertex 111.691 48.658 1.6
      vertex 111.452 48.4542 0
      vertex 111.691 48.658 0
    endloop
  endfacet
  facet normal 0.521965 -0.852967 0
    outer loop
      vertex 111.691 48.658 0
      vertex 111.959 48.822 1.6
      vertex 111.691 48.658 1.6
    endloop
  endfacet
  facet normal 0.521965 -0.852967 0
    outer loop
      vertex 111.959 48.822 1.6
      vertex 111.691 48.658 0
      vertex 111.959 48.822 0
    endloop
  endfacet
  facet normal 0.521965 0.852967 -0
    outer loop
      vertex 111.959 45.258 0
      vertex 111.691 45.422 1.6
      vertex 111.959 45.258 1.6
    endloop
  endfacet
  facet normal 0.521965 0.852967 0
    outer loop
      vertex 111.691 45.422 1.6
      vertex 111.959 45.258 0
      vertex 111.691 45.422 0
    endloop
  endfacet
  facet normal -0.972549 0.232698 0
    outer loop
      vertex 114.769 46.422 0
      vertex 114.842 46.7271 1.6
      vertex 114.842 46.7271 0
    endloop
  endfacet
  facet normal -0.972549 0.232698 0
    outer loop
      vertex 114.842 46.7271 1.6
      vertex 114.769 46.422 0
      vertex 114.769 46.422 1.6
    endloop
  endfacet
  facet normal 0.382624 -0.923904 0
    outer loop
      vertex 111.959 48.822 0
      vertex 112.249 48.9421 1.6
      vertex 111.959 48.822 1.6
    endloop
  endfacet
  facet normal 0.382624 -0.923904 0
    outer loop
      vertex 112.249 48.9421 1.6
      vertex 111.959 48.822 0
      vertex 112.249 48.9421 0
    endloop
  endfacet
  facet normal -0.0783526 -0.996926 0
    outer loop
      vertex 112.867 49.04 0
      vertex 113.18 49.0154 1.6
      vertex 112.867 49.04 1.6
    endloop
  endfacet
  facet normal -0.0783526 -0.996926 -0
    outer loop
      vertex 113.18 49.0154 1.6
      vertex 112.867 49.04 0
      vertex 113.18 49.0154 0
    endloop
  endfacet
  facet normal -0.233674 -0.972315 0
    outer loop
      vertex 113.18 49.0154 0
      vertex 113.485 48.9421 1.6
      vertex 113.18 49.0154 1.6
    endloop
  endfacet
  facet normal -0.233674 -0.972315 -0
    outer loop
      vertex 113.485 48.9421 1.6
      vertex 113.18 49.0154 0
      vertex 113.485 48.9421 0
    endloop
  endfacet
  facet normal -0.382624 -0.923904 0
    outer loop
      vertex 113.485 48.9421 0
      vertex 113.775 48.822 1.6
      vertex 113.485 48.9421 1.6
    endloop
  endfacet
  facet normal -0.382624 -0.923904 -0
    outer loop
      vertex 113.775 48.822 1.6
      vertex 113.485 48.9421 0
      vertex 113.775 48.822 0
    endloop
  endfacet
  facet normal -0.648849 -0.760917 0
    outer loop
      vertex 114.042 48.658 0
      vertex 114.281 48.4542 1.6
      vertex 114.042 48.658 1.6
    endloop
  endfacet
  facet normal -0.648849 -0.760917 -0
    outer loop
      vertex 114.281 48.4542 1.6
      vertex 114.042 48.658 0
      vertex 114.281 48.4542 0
    endloop
  endfacet
  facet normal 0.0783526 -0.996926 0
    outer loop
      vertex 112.554 49.0154 0
      vertex 112.867 49.04 1.6
      vertex 112.554 49.0154 1.6
    endloop
  endfacet
  facet normal 0.0783526 -0.996926 0
    outer loop
      vertex 112.867 49.04 1.6
      vertex 112.554 49.0154 0
      vertex 112.867 49.04 0
    endloop
  endfacet
  facet normal 0.76164 0.648 0
    outer loop
      vertex 111.452 45.6258 1.6
      vertex 111.249 45.8644 0
      vertex 111.249 45.8644 1.6
    endloop
  endfacet
  facet normal 0.76164 0.648 0
    outer loop
      vertex 111.249 45.8644 0
      vertex 111.452 45.6258 1.6
      vertex 111.452 45.6258 0
    endloop
  endfacet
  facet normal -0.760066 0.649846 0
    outer loop
      vertex 114.281 45.6258 0
      vertex 114.485 45.8644 1.6
      vertex 114.485 45.8644 0
    endloop
  endfacet
  facet normal -0.760066 0.649846 0
    outer loop
      vertex 114.485 45.8644 1.6
      vertex 114.281 45.6258 0
      vertex 114.281 45.6258 1.6
    endloop
  endfacet
  facet normal 0.85262 0.522532 0
    outer loop
      vertex 111.249 45.8644 1.6
      vertex 111.085 46.132 0
      vertex 111.085 46.132 1.6
    endloop
  endfacet
  facet normal 0.85262 0.522532 0
    outer loop
      vertex 111.085 46.132 0
      vertex 111.249 45.8644 1.6
      vertex 111.249 45.8644 0
    endloop
  endfacet
  facet normal 0.233674 0.972315 -0
    outer loop
      vertex 112.554 45.0646 0
      vertex 112.249 45.1379 1.6
      vertex 112.554 45.0646 1.6
    endloop
  endfacet
  facet normal 0.233674 0.972315 0
    outer loop
      vertex 112.249 45.1379 1.6
      vertex 112.554 45.0646 0
      vertex 112.249 45.1379 0
    endloop
  endfacet
  facet normal -0.382624 0.923904 0
    outer loop
      vertex 113.775 45.258 0
      vertex 113.485 45.1379 1.6
      vertex 113.775 45.258 1.6
    endloop
  endfacet
  facet normal -0.382624 0.923904 0
    outer loop
      vertex 113.485 45.1379 1.6
      vertex 113.775 45.258 0
      vertex 113.485 45.1379 0
    endloop
  endfacet
  facet normal 0.648849 0.760917 -0
    outer loop
      vertex 111.691 45.422 0
      vertex 111.452 45.6258 1.6
      vertex 111.691 45.422 1.6
    endloop
  endfacet
  facet normal 0.648849 0.760917 0
    outer loop
      vertex 111.452 45.6258 1.6
      vertex 111.691 45.422 0
      vertex 111.452 45.6258 0
    endloop
  endfacet
  facet normal 0.997071 0.0764772 0
    outer loop
      vertex 110.891 46.7271 1.6
      vertex 110.867 47.04 0
      vertex 110.867 47.04 1.6
    endloop
  endfacet
  facet normal 0.997071 0.0764772 0
    outer loop
      vertex 110.867 47.04 0
      vertex 110.891 46.7271 1.6
      vertex 110.891 46.7271 0
    endloop
  endfacet
  facet normal -0.760066 -0.649846 0
    outer loop
      vertex 114.485 48.2156 0
      vertex 114.281 48.4542 1.6
      vertex 114.281 48.4542 0
    endloop
  endfacet
  facet normal -0.760066 -0.649846 0
    outer loop
      vertex 114.281 48.4542 1.6
      vertex 114.485 48.2156 0
      vertex 114.485 48.2156 1.6
    endloop
  endfacet
  facet normal -0.648849 0.760917 0
    outer loop
      vertex 114.281 45.6258 0
      vertex 114.042 45.422 1.6
      vertex 114.281 45.6258 1.6
    endloop
  endfacet
  facet normal -0.648849 0.760917 0
    outer loop
      vertex 114.042 45.422 1.6
      vertex 114.281 45.6258 0
      vertex 114.042 45.422 0
    endloop
  endfacet
  facet normal -0.523385 0.852096 0
    outer loop
      vertex 114.042 45.422 0
      vertex 113.775 45.258 1.6
      vertex 114.042 45.422 1.6
    endloop
  endfacet
  facet normal -0.523385 0.852096 0
    outer loop
      vertex 113.775 45.258 1.6
      vertex 114.042 45.422 0
      vertex 113.775 45.258 0
    endloop
  endfacet
  facet normal -0.924017 0.382352 0
    outer loop
      vertex 114.649 46.132 0
      vertex 114.769 46.422 1.6
      vertex 114.769 46.422 0
    endloop
  endfacet
  facet normal -0.924017 0.382352 0
    outer loop
      vertex 114.769 46.422 1.6
      vertex 114.649 46.132 0
      vertex 114.649 46.132 1.6
    endloop
  endfacet
  facet normal 0.971824 -0.235709 0
    outer loop
      vertex 110.891 47.3529 1.6
      vertex 110.965 47.658 0
      vertex 110.965 47.658 1.6
    endloop
  endfacet
  facet normal 0.971824 -0.235709 0
    outer loop
      vertex 110.965 47.658 0
      vertex 110.891 47.3529 1.6
      vertex 110.891 47.3529 0
    endloop
  endfacet
  facet normal 0.0783526 0.996926 -0
    outer loop
      vertex 112.867 45.04 0
      vertex 112.554 45.0646 1.6
      vertex 112.867 45.04 1.6
    endloop
  endfacet
  facet normal 0.0783526 0.996926 0
    outer loop
      vertex 112.554 45.0646 1.6
      vertex 112.867 45.04 0
      vertex 112.554 45.0646 0
    endloop
  endfacet
  facet normal 0.924017 -0.382352 0
    outer loop
      vertex 110.965 47.658 1.6
      vertex 111.085 47.948 0
      vertex 111.085 47.948 1.6
    endloop
  endfacet
  facet normal 0.924017 -0.382352 0
    outer loop
      vertex 111.085 47.948 0
      vertex 110.965 47.658 1.6
      vertex 110.965 47.658 0
    endloop
  endfacet
  facet normal -0.523385 -0.852096 0
    outer loop
      vertex 113.775 48.822 0
      vertex 114.042 48.658 1.6
      vertex 113.775 48.822 1.6
    endloop
  endfacet
  facet normal -0.523385 -0.852096 -0
    outer loop
      vertex 114.042 48.658 1.6
      vertex 113.775 48.822 0
      vertex 114.042 48.658 0
    endloop
  endfacet
  facet normal -0.0783526 0.996926 0
    outer loop
      vertex 113.18 45.0646 0
      vertex 112.867 45.04 1.6
      vertex 113.18 45.0646 1.6
    endloop
  endfacet
  facet normal -0.0783526 0.996926 0
    outer loop
      vertex 112.867 45.04 1.6
      vertex 113.18 45.0646 0
      vertex 112.867 45.04 0
    endloop
  endfacet
  facet normal 0.382624 0.923904 -0
    outer loop
      vertex 112.249 45.1379 0
      vertex 111.959 45.258 1.6
      vertex 112.249 45.1379 1.6
    endloop
  endfacet
  facet normal 0.382624 0.923904 0
    outer loop
      vertex 111.959 45.258 1.6
      vertex 112.249 45.1379 0
      vertex 111.959 45.258 0
    endloop
  endfacet
  facet normal 0.997071 -0.0764772 0
    outer loop
      vertex 110.867 47.04 1.6
      vertex 110.891 47.3529 0
      vertex 110.891 47.3529 1.6
    endloop
  endfacet
  facet normal 0.997071 -0.0764772 0
    outer loop
      vertex 110.891 47.3529 0
      vertex 110.867 47.04 1.6
      vertex 110.867 47.04 0
    endloop
  endfacet
  facet normal 0.971824 0.235709 0
    outer loop
      vertex 110.965 46.422 1.6
      vertex 110.891 46.7271 0
      vertex 110.891 46.7271 1.6
    endloop
  endfacet
  facet normal 0.971824 0.235709 0
    outer loop
      vertex 110.891 46.7271 0
      vertex 110.965 46.422 1.6
      vertex 110.965 46.422 0
    endloop
  endfacet
  facet normal 0.924017 0.382352 0
    outer loop
      vertex 111.085 46.132 1.6
      vertex 110.965 46.422 0
      vertex 110.965 46.422 1.6
    endloop
  endfacet
  facet normal 0.924017 0.382352 0
    outer loop
      vertex 110.965 46.422 0
      vertex 111.085 46.132 1.6
      vertex 111.085 46.132 0
    endloop
  endfacet
  facet normal -0.972549 -0.232698 0
    outer loop
      vertex 114.842 73.9929 0
      vertex 114.769 74.298 1.6
      vertex 114.769 74.298 0
    endloop
  endfacet
  facet normal -0.972549 -0.232698 0
    outer loop
      vertex 114.769 74.298 1.6
      vertex 114.842 73.9929 0
      vertex 114.842 73.9929 1.6
    endloop
  endfacet
  facet normal -0.996823 -0.0796439 0
    outer loop
      vertex 114.867 73.68 0
      vertex 114.842 73.9929 1.6
      vertex 114.842 73.9929 0
    endloop
  endfacet
  facet normal -0.996823 -0.0796439 0
    outer loop
      vertex 114.842 73.9929 1.6
      vertex 114.867 73.68 0
      vertex 114.867 73.68 1.6
    endloop
  endfacet
  facet normal 0.0783526 -0.996926 0
    outer loop
      vertex 112.554 75.6554 0
      vertex 112.867 75.68 1.6
      vertex 112.554 75.6554 1.6
    endloop
  endfacet
  facet normal 0.0783526 -0.996926 0
    outer loop
      vertex 112.867 75.68 1.6
      vertex 112.554 75.6554 0
      vertex 112.867 75.68 0
    endloop
  endfacet
  facet normal -0.85262 0.522532 0
    outer loop
      vertex 114.485 72.5044 0
      vertex 114.649 72.772 1.6
      vertex 114.649 72.772 0
    endloop
  endfacet
  facet normal -0.85262 0.522532 0
    outer loop
      vertex 114.649 72.772 1.6
      vertex 114.485 72.5044 0
      vertex 114.485 72.5044 1.6
    endloop
  endfacet
  facet normal 0.648849 -0.760917 0
    outer loop
      vertex 111.452 75.0942 0
      vertex 111.691 75.298 1.6
      vertex 111.452 75.0942 1.6
    endloop
  endfacet
  facet normal 0.648849 -0.760917 0
    outer loop
      vertex 111.691 75.298 1.6
      vertex 111.452 75.0942 0
      vertex 111.691 75.298 0
    endloop
  endfacet
  facet normal -0.523385 -0.852096 0
    outer loop
      vertex 113.775 75.462 0
      vertex 114.042 75.298 1.6
      vertex 113.775 75.462 1.6
    endloop
  endfacet
  facet normal -0.523385 -0.852096 -0
    outer loop
      vertex 114.042 75.298 1.6
      vertex 113.775 75.462 0
      vertex 114.042 75.298 0
    endloop
  endfacet
  facet normal -0.382624 0.923904 0
    outer loop
      vertex 113.775 71.898 0
      vertex 113.485 71.7779 1.6
      vertex 113.775 71.898 1.6
    endloop
  endfacet
  facet normal -0.382624 0.923904 0
    outer loop
      vertex 113.485 71.7779 1.6
      vertex 113.775 71.898 0
      vertex 113.485 71.7779 0
    endloop
  endfacet
  facet normal 0.997071 -0.0764772 0
    outer loop
      vertex 110.867 73.68 1.6
      vertex 110.891 73.9929 0
      vertex 110.891 73.9929 1.6
    endloop
  endfacet
  facet normal 0.997071 -0.0764772 0
    outer loop
      vertex 110.891 73.9929 0
      vertex 110.867 73.68 1.6
      vertex 110.867 73.68 0
    endloop
  endfacet
  facet normal 0.648849 0.760917 -0
    outer loop
      vertex 111.691 72.062 0
      vertex 111.452 72.2658 1.6
      vertex 111.691 72.062 1.6
    endloop
  endfacet
  facet normal 0.648849 0.760917 0
    outer loop
      vertex 111.452 72.2658 1.6
      vertex 111.691 72.062 0
      vertex 111.452 72.2658 0
    endloop
  endfacet
  facet normal -0.0783526 0.996926 0
    outer loop
      vertex 113.18 71.7046 0
      vertex 112.867 71.68 1.6
      vertex 113.18 71.7046 1.6
    endloop
  endfacet
  facet normal -0.0783526 0.996926 0
    outer loop
      vertex 112.867 71.68 1.6
      vertex 113.18 71.7046 0
      vertex 112.867 71.68 0
    endloop
  endfacet
  facet normal -0.996823 0.0796439 0
    outer loop
      vertex 114.842 73.3671 0
      vertex 114.867 73.68 1.6
      vertex 114.867 73.68 0
    endloop
  endfacet
  facet normal -0.996823 0.0796439 0
    outer loop
      vertex 114.867 73.68 1.6
      vertex 114.842 73.3671 0
      vertex 114.842 73.3671 1.6
    endloop
  endfacet
  facet normal 0.971824 -0.235709 0
    outer loop
      vertex 110.891 73.9929 1.6
      vertex 110.965 74.298 0
      vertex 110.965 74.298 1.6
    endloop
  endfacet
  facet normal 0.971824 -0.235709 0
    outer loop
      vertex 110.965 74.298 0
      vertex 110.891 73.9929 1.6
      vertex 110.891 73.9929 0
    endloop
  endfacet
  facet normal 0.924017 -0.382352 0
    outer loop
      vertex 110.965 74.298 1.6
      vertex 111.085 74.588 0
      vertex 111.085 74.588 1.6
    endloop
  endfacet
  facet normal 0.924017 -0.382352 0
    outer loop
      vertex 111.085 74.588 0
      vertex 110.965 74.298 1.6
      vertex 110.965 74.298 0
    endloop
  endfacet
  facet normal 0.521965 0.852967 -0
    outer loop
      vertex 111.959 71.898 0
      vertex 111.691 72.062 1.6
      vertex 111.959 71.898 1.6
    endloop
  endfacet
  facet normal 0.521965 0.852967 0
    outer loop
      vertex 111.691 72.062 1.6
      vertex 111.959 71.898 0
      vertex 111.691 72.062 0
    endloop
  endfacet
  facet normal 0.521965 -0.852967 0
    outer loop
      vertex 111.691 75.298 0
      vertex 111.959 75.462 1.6
      vertex 111.691 75.298 1.6
    endloop
  endfacet
  facet normal 0.521965 -0.852967 0
    outer loop
      vertex 111.959 75.462 1.6
      vertex 111.691 75.298 0
      vertex 111.959 75.462 0
    endloop
  endfacet
  facet normal 0.924017 0.382352 0
    outer loop
      vertex 111.085 72.772 1.6
      vertex 110.965 73.062 0
      vertex 110.965 73.062 1.6
    endloop
  endfacet
  facet normal 0.924017 0.382352 0
    outer loop
      vertex 110.965 73.062 0
      vertex 111.085 72.772 1.6
      vertex 111.085 72.772 0
    endloop
  endfacet
  facet normal 0.971824 0.235709 0
    outer loop
      vertex 110.965 73.062 1.6
      vertex 110.891 73.3671 0
      vertex 110.891 73.3671 1.6
    endloop
  endfacet
  facet normal 0.971824 0.235709 0
    outer loop
      vertex 110.891 73.3671 0
      vertex 110.965 73.062 1.6
      vertex 110.965 73.062 0
    endloop
  endfacet
  facet normal -0.760066 -0.649846 0
    outer loop
      vertex 114.485 74.8556 0
      vertex 114.281 75.0942 1.6
      vertex 114.281 75.0942 0
    endloop
  endfacet
  facet normal -0.760066 -0.649846 0
    outer loop
      vertex 114.281 75.0942 1.6
      vertex 114.485 74.8556 0
      vertex 114.485 74.8556 1.6
    endloop
  endfacet
  facet normal -0.233674 -0.972315 0
    outer loop
      vertex 113.18 75.6554 0
      vertex 113.485 75.5821 1.6
      vertex 113.18 75.6554 1.6
    endloop
  endfacet
  facet normal -0.233674 -0.972315 -0
    outer loop
      vertex 113.485 75.5821 1.6
      vertex 113.18 75.6554 0
      vertex 113.485 75.5821 0
    endloop
  endfacet
  facet normal -0.924017 0.382352 0
    outer loop
      vertex 114.649 72.772 0
      vertex 114.769 73.062 1.6
      vertex 114.769 73.062 0
    endloop
  endfacet
  facet normal -0.924017 0.382352 0
    outer loop
      vertex 114.769 73.062 1.6
      vertex 114.649 72.772 0
      vertex 114.649 72.772 1.6
    endloop
  endfacet
  facet normal -0.648849 -0.760917 0
    outer loop
      vertex 114.042 75.298 0
      vertex 114.281 75.0942 1.6
      vertex 114.042 75.298 1.6
    endloop
  endfacet
  facet normal -0.648849 -0.760917 -0
    outer loop
      vertex 114.281 75.0942 1.6
      vertex 114.042 75.298 0
      vertex 114.281 75.0942 0
    endloop
  endfacet
  facet normal 0.997071 0.0764772 0
    outer loop
      vertex 110.891 73.3671 1.6
      vertex 110.867 73.68 0
      vertex 110.867 73.68 1.6
    endloop
  endfacet
  facet normal 0.997071 0.0764772 0
    outer loop
      vertex 110.867 73.68 0
      vertex 110.891 73.3671 1.6
      vertex 110.891 73.3671 0
    endloop
  endfacet
  facet normal -0.760066 0.649846 0
    outer loop
      vertex 114.281 72.2658 0
      vertex 114.485 72.5044 1.6
      vertex 114.485 72.5044 0
    endloop
  endfacet
  facet normal -0.760066 0.649846 0
    outer loop
      vertex 114.485 72.5044 1.6
      vertex 114.281 72.2658 0
      vertex 114.281 72.2658 1.6
    endloop
  endfacet
  facet normal -0.523385 0.852096 0
    outer loop
      vertex 114.042 72.062 0
      vertex 113.775 71.898 1.6
      vertex 114.042 72.062 1.6
    endloop
  endfacet
  facet normal -0.523385 0.852096 0
    outer loop
      vertex 113.775 71.898 1.6
      vertex 114.042 72.062 0
      vertex 113.775 71.898 0
    endloop
  endfacet
  facet normal 0.382624 -0.923904 0
    outer loop
      vertex 111.959 75.462 0
      vertex 112.249 75.5821 1.6
      vertex 111.959 75.462 1.6
    endloop
  endfacet
  facet normal 0.382624 -0.923904 0
    outer loop
      vertex 112.249 75.5821 1.6
      vertex 111.959 75.462 0
      vertex 112.249 75.5821 0
    endloop
  endfacet
  facet normal -0.972549 0.232698 0
    outer loop
      vertex 114.769 73.062 0
      vertex 114.842 73.3671 1.6
      vertex 114.842 73.3671 0
    endloop
  endfacet
  facet normal -0.972549 0.232698 0
    outer loop
      vertex 114.842 73.3671 1.6
      vertex 114.769 73.062 0
      vertex 114.769 73.062 1.6
    endloop
  endfacet
  facet normal 0.233674 -0.972315 0
    outer loop
      vertex 112.249 75.5821 0
      vertex 112.554 75.6554 1.6
      vertex 112.249 75.5821 1.6
    endloop
  endfacet
  facet normal 0.233674 -0.972315 0
    outer loop
      vertex 112.554 75.6554 1.6
      vertex 112.249 75.5821 0
      vertex 112.554 75.6554 0
    endloop
  endfacet
  facet normal 0.85262 0.522532 0
    outer loop
      vertex 111.249 72.5044 1.6
      vertex 111.085 72.772 0
      vertex 111.085 72.772 1.6
    endloop
  endfacet
  facet normal 0.85262 0.522532 0
    outer loop
      vertex 111.085 72.772 0
      vertex 111.249 72.5044 1.6
      vertex 111.249 72.5044 0
    endloop
  endfacet
  facet normal 0.76164 0.648 0
    outer loop
      vertex 111.452 72.2658 1.6
      vertex 111.249 72.5044 0
      vertex 111.249 72.5044 1.6
    endloop
  endfacet
  facet normal 0.76164 0.648 0
    outer loop
      vertex 111.249 72.5044 0
      vertex 111.452 72.2658 1.6
      vertex 111.452 72.2658 0
    endloop
  endfacet
  facet normal -0.233674 0.972315 0
    outer loop
      vertex 113.485 71.7779 0
      vertex 113.18 71.7046 1.6
      vertex 113.485 71.7779 1.6
    endloop
  endfacet
  facet normal -0.233674 0.972315 0
    outer loop
      vertex 113.18 71.7046 1.6
      vertex 113.485 71.7779 0
      vertex 113.18 71.7046 0
    endloop
  endfacet
  facet normal -0.85262 -0.522532 0
    outer loop
      vertex 114.649 74.588 0
      vertex 114.485 74.8556 1.6
      vertex 114.485 74.8556 0
    endloop
  endfacet
  facet normal -0.85262 -0.522532 0
    outer loop
      vertex 114.485 74.8556 1.6
      vertex 114.649 74.588 0
      vertex 114.649 74.588 1.6
    endloop
  endfacet
  facet normal 0.76164 -0.648 0
    outer loop
      vertex 111.249 74.8556 1.6
      vertex 111.452 75.0942 0
      vertex 111.452 75.0942 1.6
    endloop
  endfacet
  facet normal 0.76164 -0.648 0
    outer loop
      vertex 111.452 75.0942 0
      vertex 111.249 74.8556 1.6
      vertex 111.249 74.8556 0
    endloop
  endfacet
  facet normal -0.382624 -0.923904 0
    outer loop
      vertex 113.485 75.5821 0
      vertex 113.775 75.462 1.6
      vertex 113.485 75.5821 1.6
    endloop
  endfacet
  facet normal -0.382624 -0.923904 -0
    outer loop
      vertex 113.775 75.462 1.6
      vertex 113.485 75.5821 0
      vertex 113.775 75.462 0
    endloop
  endfacet
  facet normal -0.648849 0.760917 0
    outer loop
      vertex 114.281 72.2658 0
      vertex 114.042 72.062 1.6
      vertex 114.281 72.2658 1.6
    endloop
  endfacet
  facet normal -0.648849 0.760917 0
    outer loop
      vertex 114.042 72.062 1.6
      vertex 114.281 72.2658 0
      vertex 114.042 72.062 0
    endloop
  endfacet
  facet normal -0.0783526 -0.996926 0
    outer loop
      vertex 112.867 75.68 0
      vertex 113.18 75.6554 1.6
      vertex 112.867 75.68 1.6
    endloop
  endfacet
  facet normal -0.0783526 -0.996926 -0
    outer loop
      vertex 113.18 75.6554 1.6
      vertex 112.867 75.68 0
      vertex 113.18 75.6554 0
    endloop
  endfacet
  facet normal -0.924017 -0.382352 0
    outer loop
      vertex 114.769 74.298 0
      vertex 114.649 74.588 1.6
      vertex 114.649 74.588 0
    endloop
  endfacet
  facet normal -0.924017 -0.382352 0
    outer loop
      vertex 114.649 74.588 1.6
      vertex 114.769 74.298 0
      vertex 114.769 74.298 1.6
    endloop
  endfacet
  facet normal 0.382624 0.923904 -0
    outer loop
      vertex 112.249 71.7779 0
      vertex 111.959 71.898 1.6
      vertex 112.249 71.7779 1.6
    endloop
  endfacet
  facet normal 0.382624 0.923904 0
    outer loop
      vertex 111.959 71.898 1.6
      vertex 112.249 71.7779 0
      vertex 111.959 71.898 0
    endloop
  endfacet
  facet normal 0.0783526 0.996926 -0
    outer loop
      vertex 112.867 71.68 0
      vertex 112.554 71.7046 1.6
      vertex 112.867 71.68 1.6
    endloop
  endfacet
  facet normal 0.0783526 0.996926 0
    outer loop
      vertex 112.554 71.7046 1.6
      vertex 112.867 71.68 0
      vertex 112.554 71.7046 0
    endloop
  endfacet
  facet normal 0.233674 0.972315 -0
    outer loop
      vertex 112.554 71.7046 0
      vertex 112.249 71.7779 1.6
      vertex 112.554 71.7046 1.6
    endloop
  endfacet
  facet normal 0.233674 0.972315 0
    outer loop
      vertex 112.249 71.7779 1.6
      vertex 112.554 71.7046 0
      vertex 112.249 71.7779 0
    endloop
  endfacet
  facet normal 0.85262 -0.522532 0
    outer loop
      vertex 111.085 74.588 1.6
      vertex 111.249 74.8556 0
      vertex 111.249 74.8556 1.6
    endloop
  endfacet
  facet normal 0.85262 -0.522532 0
    outer loop
      vertex 111.249 74.8556 0
      vertex 111.085 74.588 1.6
      vertex 111.085 74.588 0
    endloop
  endfacet
  facet normal -0.972532 -0.23277 0
    outer loop
      vertex 114.842 100.633 0
      vertex 114.769 100.938 1.6
      vertex 114.769 100.938 0
    endloop
  endfacet
  facet normal -0.972532 -0.23277 0
    outer loop
      vertex 114.769 100.938 1.6
      vertex 114.842 100.633 0
      vertex 114.842 100.633 1.6
    endloop
  endfacet
  facet normal -0.996825 -0.0796186 0
    outer loop
      vertex 114.867 100.32 0
      vertex 114.842 100.633 1.6
      vertex 114.842 100.633 0
    endloop
  endfacet
  facet normal -0.996825 -0.0796186 0
    outer loop
      vertex 114.842 100.633 1.6
      vertex 114.867 100.32 0
      vertex 114.867 100.32 1.6
    endloop
  endfacet
  facet normal -0.924017 -0.382352 0
    outer loop
      vertex 114.769 100.938 0
      vertex 114.649 101.228 1.6
      vertex 114.649 101.228 0
    endloop
  endfacet
  facet normal -0.924017 -0.382352 0
    outer loop
      vertex 114.649 101.228 1.6
      vertex 114.769 100.938 0
      vertex 114.769 100.938 1.6
    endloop
  endfacet
  facet normal -0.996825 0.0796186 0
    outer loop
      vertex 114.842 100.007 0
      vertex 114.867 100.32 1.6
      vertex 114.867 100.32 0
    endloop
  endfacet
  facet normal -0.996825 0.0796186 0
    outer loop
      vertex 114.867 100.32 1.6
      vertex 114.842 100.007 0
      vertex 114.842 100.007 1.6
    endloop
  endfacet
  facet normal -0.852967 -0.521965 0
    outer loop
      vertex 114.649 101.228 0
      vertex 114.485 101.496 1.6
      vertex 114.485 101.496 0
    endloop
  endfacet
  facet normal -0.852967 -0.521965 0
    outer loop
      vertex 114.485 101.496 1.6
      vertex 114.649 101.228 0
      vertex 114.649 101.228 1.6
    endloop
  endfacet
  facet normal 0.648849 0.760917 -0
    outer loop
      vertex 111.691 98.702 0
      vertex 111.452 98.9058 1.6
      vertex 111.691 98.702 1.6
    endloop
  endfacet
  facet normal 0.648849 0.760917 0
    outer loop
      vertex 111.452 98.9058 1.6
      vertex 111.691 98.702 0
      vertex 111.452 98.9058 0
    endloop
  endfacet
  facet normal 0.649217 -0.760603 0
    outer loop
      vertex 111.452 101.734 0
      vertex 111.691 101.938 1.6
      vertex 111.452 101.734 1.6
    endloop
  endfacet
  facet normal 0.649217 -0.760603 0
    outer loop
      vertex 111.691 101.938 1.6
      vertex 111.452 101.734 0
      vertex 111.691 101.938 0
    endloop
  endfacet
  facet normal -0.649217 -0.760603 0
    outer loop
      vertex 114.042 101.938 0
      vertex 114.281 101.734 1.6
      vertex 114.042 101.938 1.6
    endloop
  endfacet
  facet normal -0.649217 -0.760603 -0
    outer loop
      vertex 114.281 101.734 1.6
      vertex 114.042 101.938 0
      vertex 114.281 101.734 0
    endloop
  endfacet
  facet normal -0.924017 0.382352 0
    outer loop
      vertex 114.649 99.412 0
      vertex 114.769 99.702 1.6
      vertex 114.769 99.702 0
    endloop
  endfacet
  facet normal -0.924017 0.382352 0
    outer loop
      vertex 114.769 99.702 1.6
      vertex 114.649 99.412 0
      vertex 114.649 99.412 1.6
    endloop
  endfacet
  facet normal -0.972532 0.23277 0
    outer loop
      vertex 114.769 99.702 0
      vertex 114.842 100.007 1.6
      vertex 114.842 100.007 0
    endloop
  endfacet
  facet normal -0.972532 0.23277 0
    outer loop
      vertex 114.842 100.007 1.6
      vertex 114.769 99.702 0
      vertex 114.769 99.702 1.6
    endloop
  endfacet
  facet normal 0.971806 -0.235782 0
    outer loop
      vertex 110.891 100.633 1.6
      vertex 110.965 100.938 0
      vertex 110.965 100.938 1.6
    endloop
  endfacet
  facet normal 0.971806 -0.235782 0
    outer loop
      vertex 110.965 100.938 0
      vertex 110.891 100.633 1.6
      vertex 110.891 100.633 0
    endloop
  endfacet
  facet normal 0.997073 0.0764529 0
    outer loop
      vertex 110.891 100.007 1.6
      vertex 110.867 100.32 0
      vertex 110.867 100.32 1.6
    endloop
  endfacet
  facet normal 0.997073 0.0764529 0
    outer loop
      vertex 110.867 100.32 0
      vertex 110.891 100.007 1.6
      vertex 110.891 100.007 0
    endloop
  endfacet
  facet normal 0.382352 -0.924017 0
    outer loop
      vertex 111.959 102.102 0
      vertex 112.249 102.222 1.6
      vertex 111.959 102.102 1.6
    endloop
  endfacet
  facet normal 0.382352 -0.924017 0
    outer loop
      vertex 112.249 102.222 1.6
      vertex 111.959 102.102 0
      vertex 112.249 102.222 0
    endloop
  endfacet
  facet normal 0.852967 -0.521965 0
    outer loop
      vertex 111.085 101.228 1.6
      vertex 111.249 101.496 0
      vertex 111.249 101.496 1.6
    endloop
  endfacet
  facet normal 0.852967 -0.521965 0
    outer loop
      vertex 111.249 101.496 0
      vertex 111.085 101.228 1.6
      vertex 111.085 101.228 0
    endloop
  endfacet
  facet normal 0.0796186 -0.996825 0
    outer loop
      vertex 112.554 102.295 0
      vertex 112.867 102.32 1.6
      vertex 112.554 102.295 1.6
    endloop
  endfacet
  facet normal 0.0796186 -0.996825 0
    outer loop
      vertex 112.867 102.32 1.6
      vertex 112.554 102.295 0
      vertex 112.867 102.32 0
    endloop
  endfacet
  facet normal 0.521965 -0.852967 0
    outer loop
      vertex 111.691 101.938 0
      vertex 111.959 102.102 1.6
      vertex 111.691 101.938 1.6
    endloop
  endfacet
  facet normal 0.521965 -0.852967 0
    outer loop
      vertex 111.959 102.102 1.6
      vertex 111.691 101.938 0
      vertex 111.959 102.102 0
    endloop
  endfacet
  facet normal -0.382624 0.923904 0
    outer loop
      vertex 113.775 98.538 0
      vertex 113.485 98.4179 1.6
      vertex 113.775 98.538 1.6
    endloop
  endfacet
  facet normal -0.382624 0.923904 0
    outer loop
      vertex 113.485 98.4179 1.6
      vertex 113.775 98.538 0
      vertex 113.485 98.4179 0
    endloop
  endfacet
  facet normal -0.382352 -0.924017 0
    outer loop
      vertex 113.485 102.222 0
      vertex 113.775 102.102 1.6
      vertex 113.485 102.222 1.6
    endloop
  endfacet
  facet normal -0.382352 -0.924017 -0
    outer loop
      vertex 113.775 102.102 1.6
      vertex 113.485 102.222 0
      vertex 113.775 102.102 0
    endloop
  endfacet
  facet normal 0.85262 0.522532 0
    outer loop
      vertex 111.249 99.1444 1.6
      vertex 111.085 99.412 0
      vertex 111.085 99.412 1.6
    endloop
  endfacet
  facet normal 0.85262 0.522532 0
    outer loop
      vertex 111.085 99.412 0
      vertex 111.249 99.1444 1.6
      vertex 111.249 99.1444 0
    endloop
  endfacet
  facet normal -0.523385 0.852096 0
    outer loop
      vertex 114.042 98.702 0
      vertex 113.775 98.538 1.6
      vertex 114.042 98.702 1.6
    endloop
  endfacet
  facet normal -0.523385 0.852096 0
    outer loop
      vertex 113.775 98.538 1.6
      vertex 114.042 98.702 0
      vertex 113.775 98.538 0
    endloop
  endfacet
  facet normal 0.382624 0.923904 -0
    outer loop
      vertex 112.249 98.4179 0
      vertex 111.959 98.538 1.6
      vertex 112.249 98.4179 1.6
    endloop
  endfacet
  facet normal 0.382624 0.923904 0
    outer loop
      vertex 111.959 98.538 1.6
      vertex 112.249 98.4179 0
      vertex 111.959 98.538 0
    endloop
  endfacet
  facet normal 0.924017 0.382352 0
    outer loop
      vertex 111.085 99.412 1.6
      vertex 110.965 99.702 0
      vertex 110.965 99.702 1.6
    endloop
  endfacet
  facet normal 0.924017 0.382352 0
    outer loop
      vertex 110.965 99.702 0
      vertex 111.085 99.412 1.6
      vertex 111.085 99.412 0
    endloop
  endfacet
  facet normal 0.760834 -0.648947 0
    outer loop
      vertex 111.249 101.496 1.6
      vertex 111.452 101.734 0
      vertex 111.452 101.734 1.6
    endloop
  endfacet
  facet normal 0.760834 -0.648947 0
    outer loop
      vertex 111.452 101.734 0
      vertex 111.249 101.496 1.6
      vertex 111.249 101.496 0
    endloop
  endfacet
  facet normal -0.759257 -0.650791 0
    outer loop
      vertex 114.485 101.496 0
      vertex 114.281 101.734 1.6
      vertex 114.281 101.734 0
    endloop
  endfacet
  facet normal -0.759257 -0.650791 0
    outer loop
      vertex 114.281 101.734 1.6
      vertex 114.485 101.496 0
      vertex 114.485 101.496 1.6
    endloop
  endfacet
  facet normal -0.648849 0.760917 0
    outer loop
      vertex 114.281 98.9058 0
      vertex 114.042 98.702 1.6
      vertex 114.281 98.9058 1.6
    endloop
  endfacet
  facet normal -0.648849 0.760917 0
    outer loop
      vertex 114.042 98.702 1.6
      vertex 114.281 98.9058 0
      vertex 114.042 98.702 0
    endloop
  endfacet
  facet normal 0.233674 0.972315 -0
    outer loop
      vertex 112.554 98.3446 0
      vertex 112.249 98.4179 1.6
      vertex 112.554 98.3446 1.6
    endloop
  endfacet
  facet normal 0.233674 0.972315 0
    outer loop
      vertex 112.249 98.4179 1.6
      vertex 112.554 98.3446 0
      vertex 112.249 98.4179 0
    endloop
  endfacet
  facet normal 0.521965 0.852967 -0
    outer loop
      vertex 111.959 98.538 0
      vertex 111.691 98.702 1.6
      vertex 111.959 98.538 1.6
    endloop
  endfacet
  facet normal 0.521965 0.852967 0
    outer loop
      vertex 111.691 98.702 1.6
      vertex 111.959 98.538 0
      vertex 111.691 98.702 0
    endloop
  endfacet
  facet normal 0.0783526 0.996926 -0
    outer loop
      vertex 112.867 98.32 0
      vertex 112.554 98.3446 1.6
      vertex 112.867 98.32 1.6
    endloop
  endfacet
  facet normal 0.0783526 0.996926 0
    outer loop
      vertex 112.554 98.3446 1.6
      vertex 112.867 98.32 0
      vertex 112.554 98.3446 0
    endloop
  endfacet
  facet normal 0.971806 0.235782 0
    outer loop
      vertex 110.965 99.702 1.6
      vertex 110.891 100.007 0
      vertex 110.891 100.007 1.6
    endloop
  endfacet
  facet normal 0.971806 0.235782 0
    outer loop
      vertex 110.891 100.007 0
      vertex 110.965 99.702 1.6
      vertex 110.965 99.702 0
    endloop
  endfacet
  facet normal -0.0796186 -0.996825 0
    outer loop
      vertex 112.867 102.32 0
      vertex 113.18 102.295 1.6
      vertex 112.867 102.32 1.6
    endloop
  endfacet
  facet normal -0.0796186 -0.996825 -0
    outer loop
      vertex 113.18 102.295 1.6
      vertex 112.867 102.32 0
      vertex 113.18 102.295 0
    endloop
  endfacet
  facet normal -0.233674 0.972315 0
    outer loop
      vertex 113.485 98.4179 0
      vertex 113.18 98.3446 1.6
      vertex 113.485 98.4179 1.6
    endloop
  endfacet
  facet normal -0.233674 0.972315 0
    outer loop
      vertex 113.18 98.3446 1.6
      vertex 113.485 98.4179 0
      vertex 113.18 98.3446 0
    endloop
  endfacet
  facet normal -0.0783526 0.996926 0
    outer loop
      vertex 113.18 98.3446 0
      vertex 112.867 98.32 1.6
      vertex 113.18 98.3446 1.6
    endloop
  endfacet
  facet normal -0.0783526 0.996926 0
    outer loop
      vertex 112.867 98.32 1.6
      vertex 113.18 98.3446 0
      vertex 112.867 98.32 0
    endloop
  endfacet
  facet normal 0.23277 -0.972532 0
    outer loop
      vertex 112.249 102.222 0
      vertex 112.554 102.295 1.6
      vertex 112.249 102.222 1.6
    endloop
  endfacet
  facet normal 0.23277 -0.972532 0
    outer loop
      vertex 112.554 102.295 1.6
      vertex 112.249 102.222 0
      vertex 112.554 102.295 0
    endloop
  endfacet
  facet normal 0.76164 0.648 0
    outer loop
      vertex 111.452 98.9058 1.6
      vertex 111.249 99.1444 0
      vertex 111.249 99.1444 1.6
    endloop
  endfacet
  facet normal 0.76164 0.648 0
    outer loop
      vertex 111.249 99.1444 0
      vertex 111.452 98.9058 1.6
      vertex 111.452 98.9058 0
    endloop
  endfacet
  facet normal -0.760066 0.649846 0
    outer loop
      vertex 114.281 98.9058 0
      vertex 114.485 99.1444 1.6
      vertex 114.485 99.1444 0
    endloop
  endfacet
  facet normal -0.760066 0.649846 0
    outer loop
      vertex 114.485 99.1444 1.6
      vertex 114.281 98.9058 0
      vertex 114.281 98.9058 1.6
    endloop
  endfacet
  facet normal 0.924017 -0.382352 0
    outer loop
      vertex 110.965 100.938 1.6
      vertex 111.085 101.228 0
      vertex 111.085 101.228 1.6
    endloop
  endfacet
  facet normal 0.924017 -0.382352 0
    outer loop
      vertex 111.085 101.228 0
      vertex 110.965 100.938 1.6
      vertex 110.965 100.938 0
    endloop
  endfacet
  facet normal -0.23277 -0.972532 0
    outer loop
      vertex 113.18 102.295 0
      vertex 113.485 102.222 1.6
      vertex 113.18 102.295 1.6
    endloop
  endfacet
  facet normal -0.23277 -0.972532 -0
    outer loop
      vertex 113.485 102.222 1.6
      vertex 113.18 102.295 0
      vertex 113.485 102.222 0
    endloop
  endfacet
  facet normal -0.523385 -0.852096 0
    outer loop
      vertex 113.775 102.102 0
      vertex 114.042 101.938 1.6
      vertex 113.775 102.102 1.6
    endloop
  endfacet
  facet normal -0.523385 -0.852096 -0
    outer loop
      vertex 114.042 101.938 1.6
      vertex 113.775 102.102 0
      vertex 114.042 101.938 0
    endloop
  endfacet
  facet normal 0.997073 -0.0764529 0
    outer loop
      vertex 110.867 100.32 1.6
      vertex 110.891 100.633 0
      vertex 110.891 100.633 1.6
    endloop
  endfacet
  facet normal 0.997073 -0.0764529 0
    outer loop
      vertex 110.891 100.633 0
      vertex 110.867 100.32 1.6
      vertex 110.867 100.32 0
    endloop
  endfacet
  facet normal -0.85262 0.522532 0
    outer loop
      vertex 114.485 99.1444 0
      vertex 114.649 99.412 1.6
      vertex 114.649 99.412 0
    endloop
  endfacet
  facet normal -0.85262 0.522532 0
    outer loop
      vertex 114.649 99.412 1.6
      vertex 114.485 99.1444 0
      vertex 114.485 99.1444 1.6
    endloop
  endfacet
  facet normal -0.523385 0.852096 0
    outer loop
      vertex 114.042 125.342 0
      vertex 113.775 125.178 1.6
      vertex 114.042 125.342 1.6
    endloop
  endfacet
  facet normal -0.523385 0.852096 0
    outer loop
      vertex 113.775 125.178 1.6
      vertex 114.042 125.342 0
      vertex 113.775 125.178 0
    endloop
  endfacet
  facet normal -0.972532 -0.23277 0
    outer loop
      vertex 114.842 127.273 0
      vertex 114.769 127.578 1.6
      vertex 114.769 127.578 0
    endloop
  endfacet
  facet normal -0.972532 -0.23277 0
    outer loop
      vertex 114.769 127.578 1.6
      vertex 114.842 127.273 0
      vertex 114.842 127.273 1.6
    endloop
  endfacet
  facet normal -0.996825 -0.0796186 0
    outer loop
      vertex 114.867 126.96 0
      vertex 114.842 127.273 1.6
      vertex 114.842 127.273 0
    endloop
  endfacet
  facet normal -0.996825 -0.0796186 0
    outer loop
      vertex 114.842 127.273 1.6
      vertex 114.867 126.96 0
      vertex 114.867 126.96 1.6
    endloop
  endfacet
  facet normal -0.924017 -0.382352 0
    outer loop
      vertex 114.769 127.578 0
      vertex 114.649 127.868 1.6
      vertex 114.649 127.868 0
    endloop
  endfacet
  facet normal -0.924017 -0.382352 0
    outer loop
      vertex 114.649 127.868 1.6
      vertex 114.769 127.578 0
      vertex 114.769 127.578 1.6
    endloop
  endfacet
  facet normal -0.924017 0.382352 0
    outer loop
      vertex 114.649 126.052 0
      vertex 114.769 126.342 1.6
      vertex 114.769 126.342 0
    endloop
  endfacet
  facet normal -0.924017 0.382352 0
    outer loop
      vertex 114.769 126.342 1.6
      vertex 114.649 126.052 0
      vertex 114.649 126.052 1.6
    endloop
  endfacet
  facet normal -0.852967 0.521965 0
    outer loop
      vertex 114.485 125.784 0
      vertex 114.649 126.052 1.6
      vertex 114.649 126.052 0
    endloop
  endfacet
  facet normal -0.852967 0.521965 0
    outer loop
      vertex 114.649 126.052 1.6
      vertex 114.485 125.784 0
      vertex 114.485 125.784 1.6
    endloop
  endfacet
  facet normal -0.759257 0.650791 0
    outer loop
      vertex 114.281 125.546 0
      vertex 114.485 125.784 1.6
      vertex 114.485 125.784 0
    endloop
  endfacet
  facet normal -0.759257 0.650791 0
    outer loop
      vertex 114.485 125.784 1.6
      vertex 114.281 125.546 0
      vertex 114.281 125.546 1.6
    endloop
  endfacet
  facet normal 0.649217 -0.760603 0
    outer loop
      vertex 111.452 128.374 0
      vertex 111.691 128.578 1.6
      vertex 111.452 128.374 1.6
    endloop
  endfacet
  facet normal 0.649217 -0.760603 0
    outer loop
      vertex 111.691 128.578 1.6
      vertex 111.452 128.374 0
      vertex 111.691 128.578 0
    endloop
  endfacet
  facet normal 0.23277 0.972532 -0
    outer loop
      vertex 112.554 124.985 0
      vertex 112.249 125.058 1.6
      vertex 112.554 124.985 1.6
    endloop
  endfacet
  facet normal 0.23277 0.972532 0
    outer loop
      vertex 112.249 125.058 1.6
      vertex 112.554 124.985 0
      vertex 112.249 125.058 0
    endloop
  endfacet
  facet normal -0.382352 0.924017 0
    outer loop
      vertex 113.775 125.178 0
      vertex 113.485 125.058 1.6
      vertex 113.775 125.178 1.6
    endloop
  endfacet
  facet normal -0.382352 0.924017 0
    outer loop
      vertex 113.485 125.058 1.6
      vertex 113.775 125.178 0
      vertex 113.485 125.058 0
    endloop
  endfacet
  facet normal -0.23277 0.972532 0
    outer loop
      vertex 113.485 125.058 0
      vertex 113.18 124.985 1.6
      vertex 113.485 125.058 1.6
    endloop
  endfacet
  facet normal -0.23277 0.972532 0
    outer loop
      vertex 113.18 124.985 1.6
      vertex 113.485 125.058 0
      vertex 113.18 124.985 0
    endloop
  endfacet
  facet normal -0.0796186 0.996825 0
    outer loop
      vertex 113.18 124.985 0
      vertex 112.867 124.96 1.6
      vertex 113.18 124.985 1.6
    endloop
  endfacet
  facet normal -0.0796186 0.996825 0
    outer loop
      vertex 112.867 124.96 1.6
      vertex 113.18 124.985 0
      vertex 112.867 124.96 0
    endloop
  endfacet
  facet normal -0.996825 0.0796186 0
    outer loop
      vertex 114.842 126.647 0
      vertex 114.867 126.96 1.6
      vertex 114.867 126.96 0
    endloop
  endfacet
  facet normal -0.996825 0.0796186 0
    outer loop
      vertex 114.867 126.96 1.6
      vertex 114.842 126.647 0
      vertex 114.842 126.647 1.6
    endloop
  endfacet
  facet normal 0.924017 -0.382352 0
    outer loop
      vertex 110.965 127.578 1.6
      vertex 111.085 127.868 0
      vertex 111.085 127.868 1.6
    endloop
  endfacet
  facet normal 0.924017 -0.382352 0
    outer loop
      vertex 111.085 127.868 0
      vertex 110.965 127.578 1.6
      vertex 110.965 127.578 0
    endloop
  endfacet
  facet normal 0.0796186 -0.996825 0
    outer loop
      vertex 112.554 128.935 0
      vertex 112.867 128.96 1.6
      vertex 112.554 128.935 1.6
    endloop
  endfacet
  facet normal 0.0796186 -0.996825 0
    outer loop
      vertex 112.867 128.96 1.6
      vertex 112.554 128.935 0
      vertex 112.867 128.96 0
    endloop
  endfacet
  facet normal -0.649217 0.760603 0
    outer loop
      vertex 114.281 125.546 0
      vertex 114.042 125.342 1.6
      vertex 114.281 125.546 1.6
    endloop
  endfacet
  facet normal -0.649217 0.760603 0
    outer loop
      vertex 114.042 125.342 1.6
      vertex 114.281 125.546 0
      vertex 114.042 125.342 0
    endloop
  endfacet
  facet normal 0.997073 0.0764529 0
    outer loop
      vertex 110.891 126.647 1.6
      vertex 110.867 126.96 0
      vertex 110.867 126.96 1.6
    endloop
  endfacet
  facet normal 0.997073 0.0764529 0
    outer loop
      vertex 110.867 126.96 0
      vertex 110.891 126.647 1.6
      vertex 110.891 126.647 0
    endloop
  endfacet
  facet normal 0.521965 -0.852967 0
    outer loop
      vertex 111.691 128.578 0
      vertex 111.959 128.742 1.6
      vertex 111.691 128.578 1.6
    endloop
  endfacet
  facet normal 0.521965 -0.852967 0
    outer loop
      vertex 111.959 128.742 1.6
      vertex 111.691 128.578 0
      vertex 111.959 128.742 0
    endloop
  endfacet
  facet normal 0.924017 0.382352 0
    outer loop
      vertex 111.085 126.052 1.6
      vertex 110.965 126.342 0
      vertex 110.965 126.342 1.6
    endloop
  endfacet
  facet normal 0.924017 0.382352 0
    outer loop
      vertex 110.965 126.342 0
      vertex 111.085 126.052 1.6
      vertex 111.085 126.052 0
    endloop
  endfacet
  facet normal 0.521965 0.852967 -0
    outer loop
      vertex 111.959 125.178 0
      vertex 111.691 125.342 1.6
      vertex 111.959 125.178 1.6
    endloop
  endfacet
  facet normal 0.521965 0.852967 0
    outer loop
      vertex 111.691 125.342 1.6
      vertex 111.959 125.178 0
      vertex 111.691 125.342 0
    endloop
  endfacet
  facet normal 0.971806 -0.235782 0
    outer loop
      vertex 110.891 127.273 1.6
      vertex 110.965 127.578 0
      vertex 110.965 127.578 1.6
    endloop
  endfacet
  facet normal 0.971806 -0.235782 0
    outer loop
      vertex 110.965 127.578 0
      vertex 110.891 127.273 1.6
      vertex 110.891 127.273 0
    endloop
  endfacet
  facet normal -0.759257 -0.650791 0
    outer loop
      vertex 114.485 128.136 0
      vertex 114.281 128.374 1.6
      vertex 114.281 128.374 0
    endloop
  endfacet
  facet normal -0.759257 -0.650791 0
    outer loop
      vertex 114.281 128.374 1.6
      vertex 114.485 128.136 0
      vertex 114.485 128.136 1.6
    endloop
  endfacet
  facet normal -0.382352 -0.924017 0
    outer loop
      vertex 113.485 128.862 0
      vertex 113.775 128.742 1.6
      vertex 113.485 128.862 1.6
    endloop
  endfacet
  facet normal -0.382352 -0.924017 -0
    outer loop
      vertex 113.775 128.742 1.6
      vertex 113.485 128.862 0
      vertex 113.775 128.742 0
    endloop
  endfacet
  facet normal -0.649217 -0.760603 0
    outer loop
      vertex 114.042 128.578 0
      vertex 114.281 128.374 1.6
      vertex 114.042 128.578 1.6
    endloop
  endfacet
  facet normal -0.649217 -0.760603 -0
    outer loop
      vertex 114.281 128.374 1.6
      vertex 114.042 128.578 0
      vertex 114.281 128.374 0
    endloop
  endfacet
  facet normal -0.523385 -0.852096 0
    outer loop
      vertex 113.775 128.742 0
      vertex 114.042 128.578 1.6
      vertex 113.775 128.742 1.6
    endloop
  endfacet
  facet normal -0.523385 -0.852096 -0
    outer loop
      vertex 114.042 128.578 1.6
      vertex 113.775 128.742 0
      vertex 114.042 128.578 0
    endloop
  endfacet
  facet normal 0.382352 -0.924017 0
    outer loop
      vertex 111.959 128.742 0
      vertex 112.249 128.862 1.6
      vertex 111.959 128.742 1.6
    endloop
  endfacet
  facet normal 0.382352 -0.924017 0
    outer loop
      vertex 112.249 128.862 1.6
      vertex 111.959 128.742 0
      vertex 112.249 128.862 0
    endloop
  endfacet
  facet normal -0.972532 0.23277 0
    outer loop
      vertex 114.769 126.342 0
      vertex 114.842 126.647 1.6
      vertex 114.842 126.647 0
    endloop
  endfacet
  facet normal -0.972532 0.23277 0
    outer loop
      vertex 114.842 126.647 1.6
      vertex 114.769 126.342 0
      vertex 114.769 126.342 1.6
    endloop
  endfacet
  facet normal 0.23277 -0.972532 0
    outer loop
      vertex 112.249 128.862 0
      vertex 112.554 128.935 1.6
      vertex 112.249 128.862 1.6
    endloop
  endfacet
  facet normal 0.23277 -0.972532 0
    outer loop
      vertex 112.554 128.935 1.6
      vertex 112.249 128.862 0
      vertex 112.554 128.935 0
    endloop
  endfacet
  facet normal 0.852967 0.521965 0
    outer loop
      vertex 111.249 125.784 1.6
      vertex 111.085 126.052 0
      vertex 111.085 126.052 1.6
    endloop
  endfacet
  facet normal 0.852967 0.521965 0
    outer loop
      vertex 111.085 126.052 0
      vertex 111.249 125.784 1.6
      vertex 111.249 125.784 0
    endloop
  endfacet
  facet normal 0.760834 -0.648947 0
    outer loop
      vertex 111.249 128.136 1.6
      vertex 111.452 128.374 0
      vertex 111.452 128.374 1.6
    endloop
  endfacet
  facet normal 0.760834 -0.648947 0
    outer loop
      vertex 111.452 128.374 0
      vertex 111.249 128.136 1.6
      vertex 111.249 128.136 0
    endloop
  endfacet
  facet normal 0.760834 0.648947 0
    outer loop
      vertex 111.452 125.546 1.6
      vertex 111.249 125.784 0
      vertex 111.249 125.784 1.6
    endloop
  endfacet
  facet normal 0.760834 0.648947 0
    outer loop
      vertex 111.249 125.784 0
      vertex 111.452 125.546 1.6
      vertex 111.452 125.546 0
    endloop
  endfacet
  facet normal -0.23277 -0.972532 0
    outer loop
      vertex 113.18 128.935 0
      vertex 113.485 128.862 1.6
      vertex 113.18 128.935 1.6
    endloop
  endfacet
  facet normal -0.23277 -0.972532 -0
    outer loop
      vertex 113.485 128.862 1.6
      vertex 113.18 128.935 0
      vertex 113.485 128.862 0
    endloop
  endfacet
  facet normal -0.852967 -0.521965 0
    outer loop
      vertex 114.649 127.868 0
      vertex 114.485 128.136 1.6
      vertex 114.485 128.136 0
    endloop
  endfacet
  facet normal -0.852967 -0.521965 0
    outer loop
      vertex 114.485 128.136 1.6
      vertex 114.649 127.868 0
      vertex 114.649 127.868 1.6
    endloop
  endfacet
  facet normal -0.0796186 -0.996825 0
    outer loop
      vertex 112.867 128.96 0
      vertex 113.18 128.935 1.6
      vertex 112.867 128.96 1.6
    endloop
  endfacet
  facet normal -0.0796186 -0.996825 -0
    outer loop
      vertex 113.18 128.935 1.6
      vertex 112.867 128.96 0
      vertex 113.18 128.935 0
    endloop
  endfacet
  facet normal 0.649217 0.760603 -0
    outer loop
      vertex 111.691 125.342 0
      vertex 111.452 125.546 1.6
      vertex 111.691 125.342 1.6
    endloop
  endfacet
  facet normal 0.649217 0.760603 0
    outer loop
      vertex 111.452 125.546 1.6
      vertex 111.691 125.342 0
      vertex 111.452 125.546 0
    endloop
  endfacet
  facet normal 0.971806 0.235782 0
    outer loop
      vertex 110.965 126.342 1.6
      vertex 110.891 126.647 0
      vertex 110.891 126.647 1.6
    endloop
  endfacet
  facet normal 0.971806 0.235782 0
    outer loop
      vertex 110.891 126.647 0
      vertex 110.965 126.342 1.6
      vertex 110.965 126.342 0
    endloop
  endfacet
  facet normal 0.382352 0.924017 -0
    outer loop
      vertex 112.249 125.058 0
      vertex 111.959 125.178 1.6
      vertex 112.249 125.058 1.6
    endloop
  endfacet
  facet normal 0.382352 0.924017 0
    outer loop
      vertex 111.959 125.178 1.6
      vertex 112.249 125.058 0
      vertex 111.959 125.178 0
    endloop
  endfacet
  facet normal 0.997073 -0.0764529 0
    outer loop
      vertex 110.867 126.96 1.6
      vertex 110.891 127.273 0
      vertex 110.891 127.273 1.6
    endloop
  endfacet
  facet normal 0.997073 -0.0764529 0
    outer loop
      vertex 110.891 127.273 0
      vertex 110.867 126.96 1.6
      vertex 110.867 126.96 0
    endloop
  endfacet
  facet normal 0.852967 -0.521965 0
    outer loop
      vertex 111.085 127.868 1.6
      vertex 111.249 128.136 0
      vertex 111.249 128.136 1.6
    endloop
  endfacet
  facet normal 0.852967 -0.521965 0
    outer loop
      vertex 111.249 128.136 0
      vertex 111.085 127.868 1.6
      vertex 111.085 127.868 0
    endloop
  endfacet
  facet normal 0.0796186 0.996825 -0
    outer loop
      vertex 112.867 124.96 0
      vertex 112.554 124.985 1.6
      vertex 112.867 124.96 1.6
    endloop
  endfacet
  facet normal 0.0796186 0.996825 0
    outer loop
      vertex 112.554 124.985 1.6
      vertex 112.867 124.96 0
      vertex 112.554 124.985 0
    endloop
  endfacet
  facet normal -0.972532 -0.23277 0
    outer loop
      vertex 114.842 153.913 0
      vertex 114.769 154.218 1.6
      vertex 114.769 154.218 0
    endloop
  endfacet
  facet normal -0.972532 -0.23277 0
    outer loop
      vertex 114.769 154.218 1.6
      vertex 114.842 153.913 0
      vertex 114.842 153.913 1.6
    endloop
  endfacet
  facet normal -0.996825 -0.0796186 0
    outer loop
      vertex 114.867 153.6 0
      vertex 114.842 153.913 1.6
      vertex 114.842 153.913 0
    endloop
  endfacet
  facet normal -0.996825 -0.0796186 0
    outer loop
      vertex 114.842 153.913 1.6
      vertex 114.867 153.6 0
      vertex 114.867 153.6 1.6
    endloop
  endfacet
  facet normal -0.23277 0.972532 0
    outer loop
      vertex 113.485 151.698 0
      vertex 113.18 151.625 1.6
      vertex 113.485 151.698 1.6
    endloop
  endfacet
  facet normal -0.23277 0.972532 0
    outer loop
      vertex 113.18 151.625 1.6
      vertex 113.485 151.698 0
      vertex 113.18 151.625 0
    endloop
  endfacet
  facet normal -0.382352 0.924017 0
    outer loop
      vertex 113.775 151.818 0
      vertex 113.485 151.698 1.6
      vertex 113.775 151.818 1.6
    endloop
  endfacet
  facet normal -0.382352 0.924017 0
    outer loop
      vertex 113.485 151.698 1.6
      vertex 113.775 151.818 0
      vertex 113.485 151.698 0
    endloop
  endfacet
  facet normal 0.971806 0.235782 0
    outer loop
      vertex 110.965 152.982 1.6
      vertex 110.891 153.287 0
      vertex 110.891 153.287 1.6
    endloop
  endfacet
  facet normal 0.971806 0.235782 0
    outer loop
      vertex 110.891 153.287 0
      vertex 110.965 152.982 1.6
      vertex 110.965 152.982 0
    endloop
  endfacet
  facet normal -0.0796186 -0.996825 0
    outer loop
      vertex 112.867 155.6 0
      vertex 113.18 155.575 1.6
      vertex 112.867 155.6 1.6
    endloop
  endfacet
  facet normal -0.0796186 -0.996825 -0
    outer loop
      vertex 113.18 155.575 1.6
      vertex 112.867 155.6 0
      vertex 113.18 155.575 0
    endloop
  endfacet
  facet normal -0.523385 -0.852096 0
    outer loop
      vertex 113.775 155.382 0
      vertex 114.042 155.218 1.6
      vertex 113.775 155.382 1.6
    endloop
  endfacet
  facet normal -0.523385 -0.852096 -0
    outer loop
      vertex 114.042 155.218 1.6
      vertex 113.775 155.382 0
      vertex 114.042 155.218 0
    endloop
  endfacet
  facet normal 0.521965 -0.852967 0
    outer loop
      vertex 111.691 155.218 0
      vertex 111.959 155.382 1.6
      vertex 111.691 155.218 1.6
    endloop
  endfacet
  facet normal 0.521965 -0.852967 0
    outer loop
      vertex 111.959 155.382 1.6
      vertex 111.691 155.218 0
      vertex 111.959 155.382 0
    endloop
  endfacet
  facet normal 0.924017 -0.382352 0
    outer loop
      vertex 110.965 154.218 1.6
      vertex 111.085 154.508 0
      vertex 111.085 154.508 1.6
    endloop
  endfacet
  facet normal 0.924017 -0.382352 0
    outer loop
      vertex 111.085 154.508 0
      vertex 110.965 154.218 1.6
      vertex 110.965 154.218 0
    endloop
  endfacet
  facet normal 0.760834 -0.648947 0
    outer loop
      vertex 111.249 154.776 1.6
      vertex 111.452 155.014 0
      vertex 111.452 155.014 1.6
    endloop
  endfacet
  facet normal 0.760834 -0.648947 0
    outer loop
      vertex 111.452 155.014 0
      vertex 111.249 154.776 1.6
      vertex 111.249 154.776 0
    endloop
  endfacet
  facet normal -0.972532 0.23277 0
    outer loop
      vertex 114.769 152.982 0
      vertex 114.842 153.287 1.6
      vertex 114.842 153.287 0
    endloop
  endfacet
  facet normal -0.972532 0.23277 0
    outer loop
      vertex 114.842 153.287 1.6
      vertex 114.769 152.982 0
      vertex 114.769 152.982 1.6
    endloop
  endfacet
  facet normal 0.997073 0.0764529 0
    outer loop
      vertex 110.891 153.287 1.6
      vertex 110.867 153.6 0
      vertex 110.867 153.6 1.6
    endloop
  endfacet
  facet normal 0.997073 0.0764529 0
    outer loop
      vertex 110.867 153.6 0
      vertex 110.891 153.287 1.6
      vertex 110.891 153.287 0
    endloop
  endfacet
  facet normal -0.649217 -0.760603 0
    outer loop
      vertex 114.042 155.218 0
      vertex 114.281 155.014 1.6
      vertex 114.042 155.218 1.6
    endloop
  endfacet
  facet normal -0.649217 -0.760603 -0
    outer loop
      vertex 114.281 155.014 1.6
      vertex 114.042 155.218 0
      vertex 114.281 155.014 0
    endloop
  endfacet
  facet normal -0.924017 0.382352 0
    outer loop
      vertex 114.649 152.692 0
      vertex 114.769 152.982 1.6
      vertex 114.769 152.982 0
    endloop
  endfacet
  facet normal -0.924017 0.382352 0
    outer loop
      vertex 114.769 152.982 1.6
      vertex 114.649 152.692 0
      vertex 114.649 152.692 1.6
    endloop
  endfacet
  facet normal 0.0796186 -0.996825 0
    outer loop
      vertex 112.554 155.575 0
      vertex 112.867 155.6 1.6
      vertex 112.554 155.575 1.6
    endloop
  endfacet
  facet normal 0.0796186 -0.996825 0
    outer loop
      vertex 112.867 155.6 1.6
      vertex 112.554 155.575 0
      vertex 112.867 155.6 0
    endloop
  endfacet
  facet normal 0.649217 0.760603 -0
    outer loop
      vertex 111.691 151.982 0
      vertex 111.452 152.186 1.6
      vertex 111.691 151.982 1.6
    endloop
  endfacet
  facet normal 0.649217 0.760603 0
    outer loop
      vertex 111.452 152.186 1.6
      vertex 111.691 151.982 0
      vertex 111.452 152.186 0
    endloop
  endfacet
  facet normal 0.760834 0.648947 0
    outer loop
      vertex 111.452 152.186 1.6
      vertex 111.249 152.424 0
      vertex 111.249 152.424 1.6
    endloop
  endfacet
  facet normal 0.760834 0.648947 0
    outer loop
      vertex 111.249 152.424 0
      vertex 111.452 152.186 1.6
      vertex 111.452 152.186 0
    endloop
  endfacet
  facet normal 0.649217 -0.760603 0
    outer loop
      vertex 111.452 155.014 0
      vertex 111.691 155.218 1.6
      vertex 111.452 155.014 1.6
    endloop
  endfacet
  facet normal 0.649217 -0.760603 0
    outer loop
      vertex 111.691 155.218 1.6
      vertex 111.452 155.014 0
      vertex 111.691 155.218 0
    endloop
  endfacet
  facet normal 0.997073 -0.0764529 0
    outer loop
      vertex 110.867 153.6 1.6
      vertex 110.891 153.913 0
      vertex 110.891 153.913 1.6
    endloop
  endfacet
  facet normal 0.997073 -0.0764529 0
    outer loop
      vertex 110.891 153.913 0
      vertex 110.867 153.6 1.6
      vertex 110.867 153.6 0
    endloop
  endfacet
  facet normal -0.759257 -0.650791 0
    outer loop
      vertex 114.485 154.776 0
      vertex 114.281 155.014 1.6
      vertex 114.281 155.014 0
    endloop
  endfacet
  facet normal -0.759257 -0.650791 0
    outer loop
      vertex 114.281 155.014 1.6
      vertex 114.485 154.776 0
      vertex 114.485 154.776 1.6
    endloop
  endfacet
  facet normal -0.23277 -0.972532 0
    outer loop
      vertex 113.18 155.575 0
      vertex 113.485 155.502 1.6
      vertex 113.18 155.575 1.6
    endloop
  endfacet
  facet normal -0.23277 -0.972532 -0
    outer loop
      vertex 113.485 155.502 1.6
      vertex 113.18 155.575 0
      vertex 113.485 155.502 0
    endloop
  endfacet
  facet normal 0.0796186 0.996825 -0
    outer loop
      vertex 112.867 151.6 0
      vertex 112.554 151.625 1.6
      vertex 112.867 151.6 1.6
    endloop
  endfacet
  facet normal 0.0796186 0.996825 0
    outer loop
      vertex 112.554 151.625 1.6
      vertex 112.867 151.6 0
      vertex 112.554 151.625 0
    endloop
  endfacet
  facet normal 0.852967 0.521965 0
    outer loop
      vertex 111.249 152.424 1.6
      vertex 111.085 152.692 0
      vertex 111.085 152.692 1.6
    endloop
  endfacet
  facet normal 0.852967 0.521965 0
    outer loop
      vertex 111.085 152.692 0
      vertex 111.249 152.424 1.6
      vertex 111.249 152.424 0
    endloop
  endfacet
  facet normal -0.523385 0.852096 0
    outer loop
      vertex 114.042 151.982 0
      vertex 113.775 151.818 1.6
      vertex 114.042 151.982 1.6
    endloop
  endfacet
  facet normal -0.523385 0.852096 0
    outer loop
      vertex 113.775 151.818 1.6
      vertex 114.042 151.982 0
      vertex 113.775 151.818 0
    endloop
  endfacet
  facet normal -0.852967 0.521965 0
    outer loop
      vertex 114.485 152.424 0
      vertex 114.649 152.692 1.6
      vertex 114.649 152.692 0
    endloop
  endfacet
  facet normal -0.852967 0.521965 0
    outer loop
      vertex 114.649 152.692 1.6
      vertex 114.485 152.424 0
      vertex 114.485 152.424 1.6
    endloop
  endfacet
  facet normal -0.0796186 0.996825 0
    outer loop
      vertex 113.18 151.625 0
      vertex 112.867 151.6 1.6
      vertex 113.18 151.625 1.6
    endloop
  endfacet
  facet normal -0.0796186 0.996825 0
    outer loop
      vertex 112.867 151.6 1.6
      vertex 113.18 151.625 0
      vertex 112.867 151.6 0
    endloop
  endfacet
  facet normal 0.382352 -0.924017 0
    outer loop
      vertex 111.959 155.382 0
      vertex 112.249 155.502 1.6
      vertex 111.959 155.382 1.6
    endloop
  endfacet
  facet normal 0.382352 -0.924017 0
    outer loop
      vertex 112.249 155.502 1.6
      vertex 111.959 155.382 0
      vertex 112.249 155.502 0
    endloop
  endfacet
  facet normal 0.23277 -0.972532 0
    outer loop
      vertex 112.249 155.502 0
      vertex 112.554 155.575 1.6
      vertex 112.249 155.502 1.6
    endloop
  endfacet
  facet normal 0.23277 -0.972532 0
    outer loop
      vertex 112.554 155.575 1.6
      vertex 112.249 155.502 0
      vertex 112.554 155.575 0
    endloop
  endfacet
  facet normal 0.924017 0.382352 0
    outer loop
      vertex 111.085 152.692 1.6
      vertex 110.965 152.982 0
      vertex 110.965 152.982 1.6
    endloop
  endfacet
  facet normal 0.924017 0.382352 0
    outer loop
      vertex 110.965 152.982 0
      vertex 111.085 152.692 1.6
      vertex 111.085 152.692 0
    endloop
  endfacet
  facet normal -0.996825 0.0796186 0
    outer loop
      vertex 114.842 153.287 0
      vertex 114.867 153.6 1.6
      vertex 114.867 153.6 0
    endloop
  endfacet
  facet normal -0.996825 0.0796186 0
    outer loop
      vertex 114.867 153.6 1.6
      vertex 114.842 153.287 0
      vertex 114.842 153.287 1.6
    endloop
  endfacet
  facet normal 0.521965 0.852967 -0
    outer loop
      vertex 111.959 151.818 0
      vertex 111.691 151.982 1.6
      vertex 111.959 151.818 1.6
    endloop
  endfacet
  facet normal 0.521965 0.852967 0
    outer loop
      vertex 111.691 151.982 1.6
      vertex 111.959 151.818 0
      vertex 111.691 151.982 0
    endloop
  endfacet
  facet normal -0.852967 -0.521965 0
    outer loop
      vertex 114.649 154.508 0
      vertex 114.485 154.776 1.6
      vertex 114.485 154.776 0
    endloop
  endfacet
  facet normal -0.852967 -0.521965 0
    outer loop
      vertex 114.485 154.776 1.6
      vertex 114.649 154.508 0
      vertex 114.649 154.508 1.6
    endloop
  endfacet
  facet normal -0.382352 -0.924017 0
    outer loop
      vertex 113.485 155.502 0
      vertex 113.775 155.382 1.6
      vertex 113.485 155.502 1.6
    endloop
  endfacet
  facet normal -0.382352 -0.924017 -0
    outer loop
      vertex 113.775 155.382 1.6
      vertex 113.485 155.502 0
      vertex 113.775 155.382 0
    endloop
  endfacet
  facet normal 0.971806 -0.235782 0
    outer loop
      vertex 110.891 153.913 1.6
      vertex 110.965 154.218 0
      vertex 110.965 154.218 1.6
    endloop
  endfacet
  facet normal 0.971806 -0.235782 0
    outer loop
      vertex 110.965 154.218 0
      vertex 110.891 153.913 1.6
      vertex 110.891 153.913 0
    endloop
  endfacet
  facet normal -0.924017 -0.382352 0
    outer loop
      vertex 114.769 154.218 0
      vertex 114.649 154.508 1.6
      vertex 114.649 154.508 0
    endloop
  endfacet
  facet normal -0.924017 -0.382352 0
    outer loop
      vertex 114.649 154.508 1.6
      vertex 114.769 154.218 0
      vertex 114.769 154.218 1.6
    endloop
  endfacet
  facet normal 0.382352 0.924017 -0
    outer loop
      vertex 112.249 151.698 0
      vertex 111.959 151.818 1.6
      vertex 112.249 151.698 1.6
    endloop
  endfacet
  facet normal 0.382352 0.924017 0
    outer loop
      vertex 111.959 151.818 1.6
      vertex 112.249 151.698 0
      vertex 111.959 151.818 0
    endloop
  endfacet
  facet normal 0.23277 0.972532 -0
    outer loop
      vertex 112.554 151.625 0
      vertex 112.249 151.698 1.6
      vertex 112.554 151.625 1.6
    endloop
  endfacet
  facet normal 0.23277 0.972532 0
    outer loop
      vertex 112.249 151.698 1.6
      vertex 112.554 151.625 0
      vertex 112.249 151.698 0
    endloop
  endfacet
  facet normal -0.649217 0.760603 0
    outer loop
      vertex 114.281 152.186 0
      vertex 114.042 151.982 1.6
      vertex 114.281 152.186 1.6
    endloop
  endfacet
  facet normal -0.649217 0.760603 0
    outer loop
      vertex 114.042 151.982 1.6
      vertex 114.281 152.186 0
      vertex 114.042 151.982 0
    endloop
  endfacet
  facet normal -0.759257 0.650791 0
    outer loop
      vertex 114.281 152.186 0
      vertex 114.485 152.424 1.6
      vertex 114.485 152.424 0
    endloop
  endfacet
  facet normal -0.759257 0.650791 0
    outer loop
      vertex 114.485 152.424 1.6
      vertex 114.281 152.186 0
      vertex 114.281 152.186 1.6
    endloop
  endfacet
  facet normal 0.852967 -0.521965 0
    outer loop
      vertex 111.085 154.508 1.6
      vertex 111.249 154.776 0
      vertex 111.249 154.776 1.6
    endloop
  endfacet
  facet normal 0.852967 -0.521965 0
    outer loop
      vertex 111.249 154.776 0
      vertex 111.085 154.508 1.6
      vertex 111.085 154.508 0
    endloop
  endfacet
  facet normal 0.0783526 -0.996926 0
    outer loop
      vertex 158.787 22.3754 0
      vertex 159.1 22.4 1.6
      vertex 158.787 22.3754 1.6
    endloop
  endfacet
  facet normal 0.0783526 -0.996926 0
    outer loop
      vertex 159.1 22.4 1.6
      vertex 158.787 22.3754 0
      vertex 159.1 22.4 0
    endloop
  endfacet
  facet normal -0.972549 -0.232698 0
    outer loop
      vertex 161.075 20.7129 0
      vertex 161.002 21.018 1.6
      vertex 161.002 21.018 0
    endloop
  endfacet
  facet normal -0.972549 -0.232698 0
    outer loop
      vertex 161.002 21.018 1.6
      vertex 161.075 20.7129 0
      vertex 161.075 20.7129 1.6
    endloop
  endfacet
  facet normal -0.996823 -0.0796439 0
    outer loop
      vertex 161.1 20.4 0
      vertex 161.075 20.7129 1.6
      vertex 161.075 20.7129 0
    endloop
  endfacet
  facet normal -0.996823 -0.0796439 0
    outer loop
      vertex 161.075 20.7129 1.6
      vertex 161.1 20.4 0
      vertex 161.1 20.4 1.6
    endloop
  endfacet
  facet normal -0.85262 -0.522532 0
    outer loop
      vertex 160.882 21.308 0
      vertex 160.718 21.5756 1.6
      vertex 160.718 21.5756 0
    endloop
  endfacet
  facet normal -0.85262 -0.522532 0
    outer loop
      vertex 160.718 21.5756 1.6
      vertex 160.882 21.308 0
      vertex 160.882 21.308 1.6
    endloop
  endfacet
  facet normal 0.924017 0.382352 0
    outer loop
      vertex 157.318 19.492 1.6
      vertex 157.198 19.782 0
      vertex 157.198 19.782 1.6
    endloop
  endfacet
  facet normal 0.924017 0.382352 0
    outer loop
      vertex 157.198 19.782 0
      vertex 157.318 19.492 1.6
      vertex 157.318 19.492 0
    endloop
  endfacet
  facet normal -0.996823 0.0796439 0
    outer loop
      vertex 161.075 20.0871 0
      vertex 161.1 20.4 1.6
      vertex 161.1 20.4 0
    endloop
  endfacet
  facet normal -0.996823 0.0796439 0
    outer loop
      vertex 161.1 20.4 1.6
      vertex 161.075 20.0871 0
      vertex 161.075 20.0871 1.6
    endloop
  endfacet
  facet normal 0.85262 -0.522532 0
    outer loop
      vertex 157.318 21.308 1.6
      vertex 157.482 21.5756 0
      vertex 157.482 21.5756 1.6
    endloop
  endfacet
  facet normal 0.85262 -0.522532 0
    outer loop
      vertex 157.482 21.5756 0
      vertex 157.318 21.308 1.6
      vertex 157.318 21.308 0
    endloop
  endfacet
  facet normal -0.760066 -0.649846 0
    outer loop
      vertex 160.718 21.5756 0
      vertex 160.514 21.8142 1.6
      vertex 160.514 21.8142 0
    endloop
  endfacet
  facet normal -0.760066 -0.649846 0
    outer loop
      vertex 160.514 21.8142 1.6
      vertex 160.718 21.5756 0
      vertex 160.718 21.5756 1.6
    endloop
  endfacet
  facet normal 0.972549 0.232698 0
    outer loop
      vertex 157.198 19.782 1.6
      vertex 157.125 20.0871 0
      vertex 157.125 20.0871 1.6
    endloop
  endfacet
  facet normal 0.972549 0.232698 0
    outer loop
      vertex 157.125 20.0871 0
      vertex 157.198 19.782 1.6
      vertex 157.198 19.782 0
    endloop
  endfacet
  facet normal 0.650423 -0.759572 0
    outer loop
      vertex 157.686 21.8142 0
      vertex 157.924 22.018 1.6
      vertex 157.686 21.8142 1.6
    endloop
  endfacet
  facet normal 0.650423 -0.759572 0
    outer loop
      vertex 157.924 22.018 1.6
      vertex 157.686 21.8142 0
      vertex 157.924 22.018 0
    endloop
  endfacet
  facet normal 0.0783526 0.996926 -0
    outer loop
      vertex 159.1 18.4 0
      vertex 158.787 18.4246 1.6
      vertex 159.1 18.4 1.6
    endloop
  endfacet
  facet normal 0.0783526 0.996926 0
    outer loop
      vertex 158.787 18.4246 1.6
      vertex 159.1 18.4 0
      vertex 158.787 18.4246 0
    endloop
  endfacet
  facet normal -0.972549 0.232698 0
    outer loop
      vertex 161.002 19.782 0
      vertex 161.075 20.0871 1.6
      vertex 161.075 20.0871 0
    endloop
  endfacet
  facet normal -0.972549 0.232698 0
    outer loop
      vertex 161.075 20.0871 1.6
      vertex 161.002 19.782 0
      vertex 161.002 19.782 1.6
    endloop
  endfacet
  facet normal -0.0783526 -0.996926 0
    outer loop
      vertex 159.1 22.4 0
      vertex 159.413 22.3754 1.6
      vertex 159.1 22.4 1.6
    endloop
  endfacet
  facet normal -0.0783526 -0.996926 -0
    outer loop
      vertex 159.413 22.3754 1.6
      vertex 159.1 22.4 0
      vertex 159.413 22.3754 0
    endloop
  endfacet
  facet normal 0.996823 0.0796439 0
    outer loop
      vertex 157.125 20.0871 1.6
      vertex 157.1 20.4 0
      vertex 157.1 20.4 1.6
    endloop
  endfacet
  facet normal 0.996823 0.0796439 0
    outer loop
      vertex 157.1 20.4 0
      vertex 157.125 20.0871 1.6
      vertex 157.125 20.0871 0
    endloop
  endfacet
  facet normal 0.233674 -0.972315 0
    outer loop
      vertex 158.482 22.3021 0
      vertex 158.787 22.3754 1.6
      vertex 158.482 22.3021 1.6
    endloop
  endfacet
  facet normal 0.233674 -0.972315 0
    outer loop
      vertex 158.787 22.3754 1.6
      vertex 158.482 22.3021 0
      vertex 158.787 22.3754 0
    endloop
  endfacet
  facet normal -0.924017 0.382352 0
    outer loop
      vertex 160.882 19.492 0
      vertex 161.002 19.782 1.6
      vertex 161.002 19.782 0
    endloop
  endfacet
  facet normal -0.924017 0.382352 0
    outer loop
      vertex 161.002 19.782 1.6
      vertex 160.882 19.492 0
      vertex 160.882 19.492 1.6
    endloop
  endfacet
  facet normal -0.233674 0.972315 0
    outer loop
      vertex 159.718 18.4979 0
      vertex 159.413 18.4246 1.6
      vertex 159.718 18.4979 1.6
    endloop
  endfacet
  facet normal -0.233674 0.972315 0
    outer loop
      vertex 159.413 18.4246 1.6
      vertex 159.718 18.4979 0
      vertex 159.413 18.4246 0
    endloop
  endfacet
  facet normal -0.382624 -0.923904 0
    outer loop
      vertex 159.718 22.3021 0
      vertex 160.008 22.182 1.6
      vertex 159.718 22.3021 1.6
    endloop
  endfacet
  facet normal -0.382624 -0.923904 -0
    outer loop
      vertex 160.008 22.182 1.6
      vertex 159.718 22.3021 0
      vertex 160.008 22.182 0
    endloop
  endfacet
  facet normal -0.382624 0.923904 0
    outer loop
      vertex 160.008 18.618 0
      vertex 159.718 18.4979 1.6
      vertex 160.008 18.618 1.6
    endloop
  endfacet
  facet normal -0.382624 0.923904 0
    outer loop
      vertex 159.718 18.4979 1.6
      vertex 160.008 18.618 0
      vertex 159.718 18.4979 0
    endloop
  endfacet
  facet normal 0.760066 0.649846 0
    outer loop
      vertex 157.686 18.9858 1.6
      vertex 157.482 19.2244 0
      vertex 157.482 19.2244 1.6
    endloop
  endfacet
  facet normal 0.760066 0.649846 0
    outer loop
      vertex 157.482 19.2244 0
      vertex 157.686 18.9858 1.6
      vertex 157.686 18.9858 0
    endloop
  endfacet
  facet normal 0.85262 0.522532 0
    outer loop
      vertex 157.482 19.2244 1.6
      vertex 157.318 19.492 0
      vertex 157.318 19.492 1.6
    endloop
  endfacet
  facet normal 0.85262 0.522532 0
    outer loop
      vertex 157.318 19.492 0
      vertex 157.482 19.2244 1.6
      vertex 157.482 19.2244 0
    endloop
  endfacet
  facet normal 0.233674 0.972315 -0
    outer loop
      vertex 158.787 18.4246 0
      vertex 158.482 18.4979 1.6
      vertex 158.787 18.4246 1.6
    endloop
  endfacet
  facet normal 0.233674 0.972315 0
    outer loop
      vertex 158.482 18.4979 1.6
      vertex 158.787 18.4246 0
      vertex 158.482 18.4979 0
    endloop
  endfacet
  facet normal 0.382624 -0.923904 0
    outer loop
      vertex 158.192 22.182 0
      vertex 158.482 22.3021 1.6
      vertex 158.192 22.182 1.6
    endloop
  endfacet
  facet normal 0.382624 -0.923904 0
    outer loop
      vertex 158.482 22.3021 1.6
      vertex 158.192 22.182 0
      vertex 158.482 22.3021 0
    endloop
  endfacet
  facet normal 0.972549 -0.232698 0
    outer loop
      vertex 157.125 20.7129 1.6
      vertex 157.198 21.018 0
      vertex 157.198 21.018 1.6
    endloop
  endfacet
  facet normal 0.972549 -0.232698 0
    outer loop
      vertex 157.198 21.018 0
      vertex 157.125 20.7129 1.6
      vertex 157.125 20.7129 0
    endloop
  endfacet
  facet normal -0.650423 -0.759572 0
    outer loop
      vertex 160.276 22.018 0
      vertex 160.514 21.8142 1.6
      vertex 160.276 22.018 1.6
    endloop
  endfacet
  facet normal -0.650423 -0.759572 -0
    outer loop
      vertex 160.514 21.8142 1.6
      vertex 160.276 22.018 0
      vertex 160.514 21.8142 0
    endloop
  endfacet
  facet normal 0.382624 0.923904 -0
    outer loop
      vertex 158.482 18.4979 0
      vertex 158.192 18.618 1.6
      vertex 158.482 18.4979 1.6
    endloop
  endfacet
  facet normal 0.382624 0.923904 0
    outer loop
      vertex 158.192 18.618 1.6
      vertex 158.482 18.4979 0
      vertex 158.192 18.618 0
    endloop
  endfacet
  facet normal -0.521965 0.852967 0
    outer loop
      vertex 160.276 18.782 0
      vertex 160.008 18.618 1.6
      vertex 160.276 18.782 1.6
    endloop
  endfacet
  facet normal -0.521965 0.852967 0
    outer loop
      vertex 160.008 18.618 1.6
      vertex 160.276 18.782 0
      vertex 160.008 18.618 0
    endloop
  endfacet
  facet normal -0.521965 -0.852967 0
    outer loop
      vertex 160.008 22.182 0
      vertex 160.276 22.018 1.6
      vertex 160.008 22.182 1.6
    endloop
  endfacet
  facet normal -0.521965 -0.852967 -0
    outer loop
      vertex 160.276 22.018 1.6
      vertex 160.008 22.182 0
      vertex 160.276 22.018 0
    endloop
  endfacet
  facet normal 0.521965 0.852967 -0
    outer loop
      vertex 158.192 18.618 0
      vertex 157.924 18.782 1.6
      vertex 158.192 18.618 1.6
    endloop
  endfacet
  facet normal 0.521965 0.852967 0
    outer loop
      vertex 157.924 18.782 1.6
      vertex 158.192 18.618 0
      vertex 157.924 18.782 0
    endloop
  endfacet
  facet normal 0.521965 -0.852967 0
    outer loop
      vertex 157.924 22.018 0
      vertex 158.192 22.182 1.6
      vertex 157.924 22.018 1.6
    endloop
  endfacet
  facet normal 0.521965 -0.852967 0
    outer loop
      vertex 158.192 22.182 1.6
      vertex 157.924 22.018 0
      vertex 158.192 22.182 0
    endloop
  endfacet
  facet normal -0.0783526 0.996926 0
    outer loop
      vertex 159.413 18.4246 0
      vertex 159.1 18.4 1.6
      vertex 159.413 18.4246 1.6
    endloop
  endfacet
  facet normal -0.0783526 0.996926 0
    outer loop
      vertex 159.1 18.4 1.6
      vertex 159.413 18.4246 0
      vertex 159.1 18.4 0
    endloop
  endfacet
  facet normal -0.760066 0.649846 0
    outer loop
      vertex 160.514 18.9858 0
      vertex 160.718 19.2244 1.6
      vertex 160.718 19.2244 0
    endloop
  endfacet
  facet normal -0.760066 0.649846 0
    outer loop
      vertex 160.718 19.2244 1.6
      vertex 160.514 18.9858 0
      vertex 160.514 18.9858 1.6
    endloop
  endfacet
  facet normal -0.650423 0.759572 0
    outer loop
      vertex 160.514 18.9858 0
      vertex 160.276 18.782 1.6
      vertex 160.514 18.9858 1.6
    endloop
  endfacet
  facet normal -0.650423 0.759572 0
    outer loop
      vertex 160.276 18.782 1.6
      vertex 160.514 18.9858 0
      vertex 160.276 18.782 0
    endloop
  endfacet
  facet normal -0.233674 -0.972315 0
    outer loop
      vertex 159.413 22.3754 0
      vertex 159.718 22.3021 1.6
      vertex 159.413 22.3754 1.6
    endloop
  endfacet
  facet normal -0.233674 -0.972315 -0
    outer loop
      vertex 159.718 22.3021 1.6
      vertex 159.413 22.3754 0
      vertex 159.718 22.3021 0
    endloop
  endfacet
  facet normal 0.650423 0.759572 -0
    outer loop
      vertex 157.924 18.782 0
      vertex 157.686 18.9858 1.6
      vertex 157.924 18.782 1.6
    endloop
  endfacet
  facet normal 0.650423 0.759572 0
    outer loop
      vertex 157.686 18.9858 1.6
      vertex 157.924 18.782 0
      vertex 157.686 18.9858 0
    endloop
  endfacet
  facet normal -0.924017 -0.382352 0
    outer loop
      vertex 161.002 21.018 0
      vertex 160.882 21.308 1.6
      vertex 160.882 21.308 0
    endloop
  endfacet
  facet normal -0.924017 -0.382352 0
    outer loop
      vertex 160.882 21.308 1.6
      vertex 161.002 21.018 0
      vertex 161.002 21.018 1.6
    endloop
  endfacet
  facet normal -0.85262 0.522532 0
    outer loop
      vertex 160.718 19.2244 0
      vertex 160.882 19.492 1.6
      vertex 160.882 19.492 0
    endloop
  endfacet
  facet normal -0.85262 0.522532 0
    outer loop
      vertex 160.882 19.492 1.6
      vertex 160.718 19.2244 0
      vertex 160.718 19.2244 1.6
    endloop
  endfacet
  facet normal 0.996823 -0.0796439 0
    outer loop
      vertex 157.1 20.4 1.6
      vertex 157.125 20.7129 0
      vertex 157.125 20.7129 1.6
    endloop
  endfacet
  facet normal 0.996823 -0.0796439 0
    outer loop
      vertex 157.125 20.7129 0
      vertex 157.1 20.4 1.6
      vertex 157.1 20.4 0
    endloop
  endfacet
  facet normal 0.924017 -0.382352 0
    outer loop
      vertex 157.198 21.018 1.6
      vertex 157.318 21.308 0
      vertex 157.318 21.308 1.6
    endloop
  endfacet
  facet normal 0.924017 -0.382352 0
    outer loop
      vertex 157.318 21.308 0
      vertex 157.198 21.018 1.6
      vertex 157.198 21.018 0
    endloop
  endfacet
  facet normal 0.760066 -0.649846 0
    outer loop
      vertex 157.482 21.5756 1.6
      vertex 157.686 21.8142 0
      vertex 157.686 21.8142 1.6
    endloop
  endfacet
  facet normal 0.760066 -0.649846 0
    outer loop
      vertex 157.686 21.8142 0
      vertex 157.482 21.5756 1.6
      vertex 157.482 21.5756 0
    endloop
  endfacet
  facet normal 0.0783526 -0.996926 0
    outer loop
      vertex 158.787 49.0154 0
      vertex 159.1 49.04 1.6
      vertex 158.787 49.0154 1.6
    endloop
  endfacet
  facet normal 0.0783526 -0.996926 0
    outer loop
      vertex 159.1 49.04 1.6
      vertex 158.787 49.0154 0
      vertex 159.1 49.04 0
    endloop
  endfacet
  facet normal -0.972549 -0.232698 0
    outer loop
      vertex 161.075 47.3529 0
      vertex 161.002 47.658 1.6
      vertex 161.002 47.658 0
    endloop
  endfacet
  facet normal -0.972549 -0.232698 0
    outer loop
      vertex 161.002 47.658 1.6
      vertex 161.075 47.3529 0
      vertex 161.075 47.3529 1.6
    endloop
  endfacet
  facet normal -0.996823 -0.0796439 0
    outer loop
      vertex 161.1 47.04 0
      vertex 161.075 47.3529 1.6
      vertex 161.075 47.3529 0
    endloop
  endfacet
  facet normal -0.996823 -0.0796439 0
    outer loop
      vertex 161.075 47.3529 1.6
      vertex 161.1 47.04 0
      vertex 161.1 47.04 1.6
    endloop
  endfacet
  facet normal -0.924017 -0.382352 0
    outer loop
      vertex 161.002 47.658 0
      vertex 160.882 47.948 1.6
      vertex 160.882 47.948 0
    endloop
  endfacet
  facet normal -0.924017 -0.382352 0
    outer loop
      vertex 160.882 47.948 1.6
      vertex 161.002 47.658 0
      vertex 161.002 47.658 1.6
    endloop
  endfacet
  facet normal -0.924017 0.382352 0
    outer loop
      vertex 160.882 46.132 0
      vertex 161.002 46.422 1.6
      vertex 161.002 46.422 0
    endloop
  endfacet
  facet normal -0.924017 0.382352 0
    outer loop
      vertex 161.002 46.422 1.6
      vertex 160.882 46.132 0
      vertex 160.882 46.132 1.6
    endloop
  endfacet
  facet normal 0.521965 -0.852967 0
    outer loop
      vertex 157.924 48.658 0
      vertex 158.192 48.822 1.6
      vertex 157.924 48.658 1.6
    endloop
  endfacet
  facet normal 0.521965 -0.852967 0
    outer loop
      vertex 158.192 48.822 1.6
      vertex 157.924 48.658 0
      vertex 158.192 48.822 0
    endloop
  endfacet
  facet normal -0.233674 -0.972315 0
    outer loop
      vertex 159.413 49.0154 0
      vertex 159.718 48.9421 1.6
      vertex 159.413 49.0154 1.6
    endloop
  endfacet
  facet normal -0.233674 -0.972315 -0
    outer loop
      vertex 159.718 48.9421 1.6
      vertex 159.413 49.0154 0
      vertex 159.718 48.9421 0
    endloop
  endfacet
  facet normal -0.996823 0.0796439 0
    outer loop
      vertex 161.075 46.7271 0
      vertex 161.1 47.04 1.6
      vertex 161.1 47.04 0
    endloop
  endfacet
  facet normal -0.996823 0.0796439 0
    outer loop
      vertex 161.1 47.04 1.6
      vertex 161.075 46.7271 0
      vertex 161.075 46.7271 1.6
    endloop
  endfacet
  facet normal -0.233674 0.972315 0
    outer loop
      vertex 159.718 45.1379 0
      vertex 159.413 45.0646 1.6
      vertex 159.718 45.1379 1.6
    endloop
  endfacet
  facet normal -0.233674 0.972315 0
    outer loop
      vertex 159.413 45.0646 1.6
      vertex 159.718 45.1379 0
      vertex 159.413 45.0646 0
    endloop
  endfacet
  facet normal -0.85262 -0.522532 0
    outer loop
      vertex 160.882 47.948 0
      vertex 160.718 48.2156 1.6
      vertex 160.718 48.2156 0
    endloop
  endfacet
  facet normal -0.85262 -0.522532 0
    outer loop
      vertex 160.718 48.2156 1.6
      vertex 160.882 47.948 0
      vertex 160.882 47.948 1.6
    endloop
  endfacet
  facet normal 0.924017 -0.382352 0
    outer loop
      vertex 157.198 47.658 1.6
      vertex 157.318 47.948 0
      vertex 157.318 47.948 1.6
    endloop
  endfacet
  facet normal 0.924017 -0.382352 0
    outer loop
      vertex 157.318 47.948 0
      vertex 157.198 47.658 1.6
      vertex 157.198 47.658 0
    endloop
  endfacet
  facet normal 0.382624 -0.923904 0
    outer loop
      vertex 158.192 48.822 0
      vertex 158.482 48.9421 1.6
      vertex 158.192 48.822 1.6
    endloop
  endfacet
  facet normal 0.382624 -0.923904 0
    outer loop
      vertex 158.482 48.9421 1.6
      vertex 158.192 48.822 0
      vertex 158.482 48.9421 0
    endloop
  endfacet
  facet normal 0.924017 0.382352 0
    outer loop
      vertex 157.318 46.132 1.6
      vertex 157.198 46.422 0
      vertex 157.198 46.422 1.6
    endloop
  endfacet
  facet normal 0.924017 0.382352 0
    outer loop
      vertex 157.198 46.422 0
      vertex 157.318 46.132 1.6
      vertex 157.318 46.132 0
    endloop
  endfacet
  facet normal 0.382624 0.923904 -0
    outer loop
      vertex 158.482 45.1379 0
      vertex 158.192 45.258 1.6
      vertex 158.482 45.1379 1.6
    endloop
  endfacet
  facet normal 0.382624 0.923904 0
    outer loop
      vertex 158.192 45.258 1.6
      vertex 158.482 45.1379 0
      vertex 158.192 45.258 0
    endloop
  endfacet
  facet normal -0.521965 0.852967 0
    outer loop
      vertex 160.276 45.422 0
      vertex 160.008 45.258 1.6
      vertex 160.276 45.422 1.6
    endloop
  endfacet
  facet normal -0.521965 0.852967 0
    outer loop
      vertex 160.008 45.258 1.6
      vertex 160.276 45.422 0
      vertex 160.008 45.258 0
    endloop
  endfacet
  facet normal -0.972549 0.232698 0
    outer loop
      vertex 161.002 46.422 0
      vertex 161.075 46.7271 1.6
      vertex 161.075 46.7271 0
    endloop
  endfacet
  facet normal -0.972549 0.232698 0
    outer loop
      vertex 161.075 46.7271 1.6
      vertex 161.002 46.422 0
      vertex 161.002 46.422 1.6
    endloop
  endfacet
  facet normal 0.233674 -0.972315 0
    outer loop
      vertex 158.482 48.9421 0
      vertex 158.787 49.0154 1.6
      vertex 158.482 48.9421 1.6
    endloop
  endfacet
  facet normal 0.233674 -0.972315 0
    outer loop
      vertex 158.787 49.0154 1.6
      vertex 158.482 48.9421 0
      vertex 158.787 49.0154 0
    endloop
  endfacet
  facet normal -0.650423 0.759572 0
    outer loop
      vertex 160.514 45.6258 0
      vertex 160.276 45.422 1.6
      vertex 160.514 45.6258 1.6
    endloop
  endfacet
  facet normal -0.650423 0.759572 0
    outer loop
      vertex 160.276 45.422 1.6
      vertex 160.514 45.6258 0
      vertex 160.276 45.422 0
    endloop
  endfacet
  facet normal -0.382624 -0.923904 0
    outer loop
      vertex 159.718 48.9421 0
      vertex 160.008 48.822 1.6
      vertex 159.718 48.9421 1.6
    endloop
  endfacet
  facet normal -0.382624 -0.923904 -0
    outer loop
      vertex 160.008 48.822 1.6
      vertex 159.718 48.9421 0
      vertex 160.008 48.822 0
    endloop
  endfacet
  facet normal -0.650423 -0.759572 0
    outer loop
      vertex 160.276 48.658 0
      vertex 160.514 48.4542 1.6
      vertex 160.276 48.658 1.6
    endloop
  endfacet
  facet normal -0.650423 -0.759572 -0
    outer loop
      vertex 160.514 48.4542 1.6
      vertex 160.276 48.658 0
      vertex 160.514 48.4542 0
    endloop
  endfacet
  facet normal -0.0783526 0.996926 0
    outer loop
      vertex 159.413 45.0646 0
      vertex 159.1 45.04 1.6
      vertex 159.413 45.0646 1.6
    endloop
  endfacet
  facet normal -0.0783526 0.996926 0
    outer loop
      vertex 159.1 45.04 1.6
      vertex 159.413 45.0646 0
      vertex 159.1 45.04 0
    endloop
  endfacet
  facet normal 0.760066 0.649846 0
    outer loop
      vertex 157.686 45.6258 1.6
      vertex 157.482 45.8644 0
      vertex 157.482 45.8644 1.6
    endloop
  endfacet
  facet normal 0.760066 0.649846 0
    outer loop
      vertex 157.482 45.8644 0
      vertex 157.686 45.6258 1.6
      vertex 157.686 45.6258 0
    endloop
  endfacet
  facet normal 0.85262 0.522532 0
    outer loop
      vertex 157.482 45.8644 1.6
      vertex 157.318 46.132 0
      vertex 157.318 46.132 1.6
    endloop
  endfacet
  facet normal 0.85262 0.522532 0
    outer loop
      vertex 157.318 46.132 0
      vertex 157.482 45.8644 1.6
      vertex 157.482 45.8644 0
    endloop
  endfacet
  facet normal -0.382624 0.923904 0
    outer loop
      vertex 160.008 45.258 0
      vertex 159.718 45.1379 1.6
      vertex 160.008 45.258 1.6
    endloop
  endfacet
  facet normal -0.382624 0.923904 0
    outer loop
      vertex 159.718 45.1379 1.6
      vertex 160.008 45.258 0
      vertex 159.718 45.1379 0
    endloop
  endfacet
  facet normal -0.760066 -0.649846 0
    outer loop
      vertex 160.718 48.2156 0
      vertex 160.514 48.4542 1.6
      vertex 160.514 48.4542 0
    endloop
  endfacet
  facet normal -0.760066 -0.649846 0
    outer loop
      vertex 160.514 48.4542 1.6
      vertex 160.718 48.2156 0
      vertex 160.718 48.2156 1.6
    endloop
  endfacet
  facet normal 0.972549 0.232698 0
    outer loop
      vertex 157.198 46.422 1.6
      vertex 157.125 46.7271 0
      vertex 157.125 46.7271 1.6
    endloop
  endfacet
  facet normal 0.972549 0.232698 0
    outer loop
      vertex 157.125 46.7271 0
      vertex 157.198 46.422 1.6
      vertex 157.198 46.422 0
    endloop
  endfacet
  facet normal 0.650423 -0.759572 0
    outer loop
      vertex 157.686 48.4542 0
      vertex 157.924 48.658 1.6
      vertex 157.686 48.4542 1.6
    endloop
  endfacet
  facet normal 0.650423 -0.759572 0
    outer loop
      vertex 157.924 48.658 1.6
      vertex 157.686 48.4542 0
      vertex 157.924 48.658 0
    endloop
  endfacet
  facet normal 0.996823 0.0796439 0
    outer loop
      vertex 157.125 46.7271 1.6
      vertex 157.1 47.04 0
      vertex 157.1 47.04 1.6
    endloop
  endfacet
  facet normal 0.996823 0.0796439 0
    outer loop
      vertex 157.1 47.04 0
      vertex 157.125 46.7271 1.6
      vertex 157.125 46.7271 0
    endloop
  endfacet
  facet normal -0.760066 0.649846 0
    outer loop
      vertex 160.514 45.6258 0
      vertex 160.718 45.8644 1.6
      vertex 160.718 45.8644 0
    endloop
  endfacet
  facet normal -0.760066 0.649846 0
    outer loop
      vertex 160.718 45.8644 1.6
      vertex 160.514 45.6258 0
      vertex 160.514 45.6258 1.6
    endloop
  endfacet
  facet normal -0.85262 0.522532 0
    outer loop
      vertex 160.718 45.8644 0
      vertex 160.882 46.132 1.6
      vertex 160.882 46.132 0
    endloop
  endfacet
  facet normal -0.85262 0.522532 0
    outer loop
      vertex 160.882 46.132 1.6
      vertex 160.718 45.8644 0
      vertex 160.718 45.8644 1.6
    endloop
  endfacet
  facet normal 0.521965 0.852967 -0
    outer loop
      vertex 158.192 45.258 0
      vertex 157.924 45.422 1.6
      vertex 158.192 45.258 1.6
    endloop
  endfacet
  facet normal 0.521965 0.852967 0
    outer loop
      vertex 157.924 45.422 1.6
      vertex 158.192 45.258 0
      vertex 157.924 45.422 0
    endloop
  endfacet
  facet normal 0.650423 0.759572 -0
    outer loop
      vertex 157.924 45.422 0
      vertex 157.686 45.6258 1.6
      vertex 157.924 45.422 1.6
    endloop
  endfacet
  facet normal 0.650423 0.759572 0
    outer loop
      vertex 157.686 45.6258 1.6
      vertex 157.924 45.422 0
      vertex 157.686 45.6258 0
    endloop
  endfacet
  facet normal -0.0783526 -0.996926 0
    outer loop
      vertex 159.1 49.04 0
      vertex 159.413 49.0154 1.6
      vertex 159.1 49.04 1.6
    endloop
  endfacet
  facet normal -0.0783526 -0.996926 -0
    outer loop
      vertex 159.413 49.0154 1.6
      vertex 159.1 49.04 0
      vertex 159.413 49.0154 0
    endloop
  endfacet
  facet normal -0.521965 -0.852967 0
    outer loop
      vertex 160.008 48.822 0
      vertex 160.276 48.658 1.6
      vertex 160.008 48.822 1.6
    endloop
  endfacet
  facet normal -0.521965 -0.852967 -0
    outer loop
      vertex 160.276 48.658 1.6
      vertex 160.008 48.822 0
      vertex 160.276 48.658 0
    endloop
  endfacet
  facet normal 0.996823 -0.0796439 0
    outer loop
      vertex 157.1 47.04 1.6
      vertex 157.125 47.3529 0
      vertex 157.125 47.3529 1.6
    endloop
  endfacet
  facet normal 0.996823 -0.0796439 0
    outer loop
      vertex 157.125 47.3529 0
      vertex 157.1 47.04 1.6
      vertex 157.1 47.04 0
    endloop
  endfacet
  facet normal 0.972549 -0.232698 0
    outer loop
      vertex 157.125 47.3529 1.6
      vertex 157.198 47.658 0
      vertex 157.198 47.658 1.6
    endloop
  endfacet
  facet normal 0.972549 -0.232698 0
    outer loop
      vertex 157.198 47.658 0
      vertex 157.125 47.3529 1.6
      vertex 157.125 47.3529 0
    endloop
  endfacet
  facet normal 0.0783526 0.996926 -0
    outer loop
      vertex 159.1 45.04 0
      vertex 158.787 45.0646 1.6
      vertex 159.1 45.04 1.6
    endloop
  endfacet
  facet normal 0.0783526 0.996926 0
    outer loop
      vertex 158.787 45.0646 1.6
      vertex 159.1 45.04 0
      vertex 158.787 45.0646 0
    endloop
  endfacet
  facet normal 0.233674 0.972315 -0
    outer loop
      vertex 158.787 45.0646 0
      vertex 158.482 45.1379 1.6
      vertex 158.787 45.0646 1.6
    endloop
  endfacet
  facet normal 0.233674 0.972315 0
    outer loop
      vertex 158.482 45.1379 1.6
      vertex 158.787 45.0646 0
      vertex 158.482 45.1379 0
    endloop
  endfacet
  facet normal 0.85262 -0.522532 0
    outer loop
      vertex 157.318 47.948 1.6
      vertex 157.482 48.2156 0
      vertex 157.482 48.2156 1.6
    endloop
  endfacet
  facet normal 0.85262 -0.522532 0
    outer loop
      vertex 157.482 48.2156 0
      vertex 157.318 47.948 1.6
      vertex 157.318 47.948 0
    endloop
  endfacet
  facet normal 0.760066 -0.649846 0
    outer loop
      vertex 157.482 48.2156 1.6
      vertex 157.686 48.4542 0
      vertex 157.686 48.4542 1.6
    endloop
  endfacet
  facet normal 0.760066 -0.649846 0
    outer loop
      vertex 157.686 48.4542 0
      vertex 157.482 48.2156 1.6
      vertex 157.482 48.2156 0
    endloop
  endfacet
  facet normal -0.972549 -0.232698 0
    outer loop
      vertex 161.075 73.9929 0
      vertex 161.002 74.298 1.6
      vertex 161.002 74.298 0
    endloop
  endfacet
  facet normal -0.972549 -0.232698 0
    outer loop
      vertex 161.002 74.298 1.6
      vertex 161.075 73.9929 0
      vertex 161.075 73.9929 1.6
    endloop
  endfacet
  facet normal -0.996823 -0.0796439 0
    outer loop
      vertex 161.1 73.68 0
      vertex 161.075 73.9929 1.6
      vertex 161.075 73.9929 0
    endloop
  endfacet
  facet normal -0.996823 -0.0796439 0
    outer loop
      vertex 161.075 73.9929 1.6
      vertex 161.1 73.68 0
      vertex 161.1 73.68 1.6
    endloop
  endfacet
  facet normal -0.521965 0.852967 0
    outer loop
      vertex 160.276 72.062 0
      vertex 160.008 71.898 1.6
      vertex 160.276 72.062 1.6
    endloop
  endfacet
  facet normal -0.521965 0.852967 0
    outer loop
      vertex 160.008 71.898 1.6
      vertex 160.276 72.062 0
      vertex 160.008 71.898 0
    endloop
  endfacet
  facet normal -0.85262 0.522532 0
    outer loop
      vertex 160.718 72.5044 0
      vertex 160.882 72.772 1.6
      vertex 160.882 72.772 0
    endloop
  endfacet
  facet normal -0.85262 0.522532 0
    outer loop
      vertex 160.882 72.772 1.6
      vertex 160.718 72.5044 0
      vertex 160.718 72.5044 1.6
    endloop
  endfacet
  facet normal -0.924017 0.382352 0
    outer loop
      vertex 160.882 72.772 0
      vertex 161.002 73.062 1.6
      vertex 161.002 73.062 0
    endloop
  endfacet
  facet normal -0.924017 0.382352 0
    outer loop
      vertex 161.002 73.062 1.6
      vertex 160.882 72.772 0
      vertex 160.882 72.772 1.6
    endloop
  endfacet
  facet normal 0.760066 -0.649846 0
    outer loop
      vertex 157.482 74.8556 1.6
      vertex 157.686 75.0942 0
      vertex 157.686 75.0942 1.6
    endloop
  endfacet
  facet normal 0.760066 -0.649846 0
    outer loop
      vertex 157.686 75.0942 0
      vertex 157.482 74.8556 1.6
      vertex 157.482 74.8556 0
    endloop
  endfacet
  facet normal -0.521965 -0.852967 0
    outer loop
      vertex 160.008 75.462 0
      vertex 160.276 75.298 1.6
      vertex 160.008 75.462 1.6
    endloop
  endfacet
  facet normal -0.521965 -0.852967 -0
    outer loop
      vertex 160.276 75.298 1.6
      vertex 160.008 75.462 0
      vertex 160.276 75.298 0
    endloop
  endfacet
  facet normal -0.382624 0.923904 0
    outer loop
      vertex 160.008 71.898 0
      vertex 159.718 71.7779 1.6
      vertex 160.008 71.898 1.6
    endloop
  endfacet
  facet normal -0.382624 0.923904 0
    outer loop
      vertex 159.718 71.7779 1.6
      vertex 160.008 71.898 0
      vertex 159.718 71.7779 0
    endloop
  endfacet
  facet normal 0.996823 0.0796439 0
    outer loop
      vertex 157.125 73.3671 1.6
      vertex 157.1 73.68 0
      vertex 157.1 73.68 1.6
    endloop
  endfacet
  facet normal 0.996823 0.0796439 0
    outer loop
      vertex 157.1 73.68 0
      vertex 157.125 73.3671 1.6
      vertex 157.125 73.3671 0
    endloop
  endfacet
  facet normal 0.521965 0.852967 -0
    outer loop
      vertex 158.192 71.898 0
      vertex 157.924 72.062 1.6
      vertex 158.192 71.898 1.6
    endloop
  endfacet
  facet normal 0.521965 0.852967 0
    outer loop
      vertex 157.924 72.062 1.6
      vertex 158.192 71.898 0
      vertex 157.924 72.062 0
    endloop
  endfacet
  facet normal 0.996823 -0.0796439 0
    outer loop
      vertex 157.1 73.68 1.6
      vertex 157.125 73.9929 0
      vertex 157.125 73.9929 1.6
    endloop
  endfacet
  facet normal 0.996823 -0.0796439 0
    outer loop
      vertex 157.125 73.9929 0
      vertex 157.1 73.68 1.6
      vertex 157.1 73.68 0
    endloop
  endfacet
  facet normal -0.650423 0.759572 0
    outer loop
      vertex 160.514 72.2658 0
      vertex 160.276 72.062 1.6
      vertex 160.514 72.2658 1.6
    endloop
  endfacet
  facet normal -0.650423 0.759572 0
    outer loop
      vertex 160.276 72.062 1.6
      vertex 160.514 72.2658 0
      vertex 160.276 72.062 0
    endloop
  endfacet
  facet normal -0.996823 0.0796439 0
    outer loop
      vertex 161.075 73.3671 0
      vertex 161.1 73.68 1.6
      vertex 161.1 73.68 0
    endloop
  endfacet
  facet normal -0.996823 0.0796439 0
    outer loop
      vertex 161.1 73.68 1.6
      vertex 161.075 73.3671 0
      vertex 161.075 73.3671 1.6
    endloop
  endfacet
  facet normal 0.382624 -0.923904 0
    outer loop
      vertex 158.192 75.462 0
      vertex 158.482 75.5821 1.6
      vertex 158.192 75.462 1.6
    endloop
  endfacet
  facet normal 0.382624 -0.923904 0
    outer loop
      vertex 158.482 75.5821 1.6
      vertex 158.192 75.462 0
      vertex 158.482 75.5821 0
    endloop
  endfacet
  facet normal 0.85262 -0.522532 0
    outer loop
      vertex 157.318 74.588 1.6
      vertex 157.482 74.8556 0
      vertex 157.482 74.8556 1.6
    endloop
  endfacet
  facet normal 0.85262 -0.522532 0
    outer loop
      vertex 157.482 74.8556 0
      vertex 157.318 74.588 1.6
      vertex 157.318 74.588 0
    endloop
  endfacet
  facet normal 0.650423 -0.759572 0
    outer loop
      vertex 157.686 75.0942 0
      vertex 157.924 75.298 1.6
      vertex 157.686 75.0942 1.6
    endloop
  endfacet
  facet normal 0.650423 -0.759572 0
    outer loop
      vertex 157.924 75.298 1.6
      vertex 157.686 75.0942 0
      vertex 157.924 75.298 0
    endloop
  endfacet
  facet normal 0.924017 0.382352 0
    outer loop
      vertex 157.318 72.772 1.6
      vertex 157.198 73.062 0
      vertex 157.198 73.062 1.6
    endloop
  endfacet
  facet normal 0.924017 0.382352 0
    outer loop
      vertex 157.198 73.062 0
      vertex 157.318 72.772 1.6
      vertex 157.318 72.772 0
    endloop
  endfacet
  facet normal -0.0783526 0.996926 0
    outer loop
      vertex 159.413 71.7046 0
      vertex 159.1 71.68 1.6
      vertex 159.413 71.7046 1.6
    endloop
  endfacet
  facet normal -0.0783526 0.996926 0
    outer loop
      vertex 159.1 71.68 1.6
      vertex 159.413 71.7046 0
      vertex 159.1 71.68 0
    endloop
  endfacet
  facet normal -0.760066 -0.649846 0
    outer loop
      vertex 160.718 74.8556 0
      vertex 160.514 75.0942 1.6
      vertex 160.514 75.0942 0
    endloop
  endfacet
  facet normal -0.760066 -0.649846 0
    outer loop
      vertex 160.514 75.0942 1.6
      vertex 160.718 74.8556 0
      vertex 160.718 74.8556 1.6
    endloop
  endfacet
  facet normal 0.972549 -0.232698 0
    outer loop
      vertex 157.125 73.9929 1.6
      vertex 157.198 74.298 0
      vertex 157.198 74.298 1.6
    endloop
  endfacet
  facet normal 0.972549 -0.232698 0
    outer loop
      vertex 157.198 74.298 0
      vertex 157.125 73.9929 1.6
      vertex 157.125 73.9929 0
    endloop
  endfacet
  facet normal -0.233674 -0.972315 0
    outer loop
      vertex 159.413 75.6554 0
      vertex 159.718 75.5821 1.6
      vertex 159.413 75.6554 1.6
    endloop
  endfacet
  facet normal -0.233674 -0.972315 -0
    outer loop
      vertex 159.718 75.5821 1.6
      vertex 159.413 75.6554 0
      vertex 159.718 75.5821 0
    endloop
  endfacet
  facet normal -0.650423 -0.759572 0
    outer loop
      vertex 160.276 75.298 0
      vertex 160.514 75.0942 1.6
      vertex 160.276 75.298 1.6
    endloop
  endfacet
  facet normal -0.650423 -0.759572 -0
    outer loop
      vertex 160.514 75.0942 1.6
      vertex 160.276 75.298 0
      vertex 160.514 75.0942 0
    endloop
  endfacet
  facet normal 0.924017 -0.382352 0
    outer loop
      vertex 157.198 74.298 1.6
      vertex 157.318 74.588 0
      vertex 157.318 74.588 1.6
    endloop
  endfacet
  facet normal 0.924017 -0.382352 0
    outer loop
      vertex 157.318 74.588 0
      vertex 157.198 74.298 1.6
      vertex 157.198 74.298 0
    endloop
  endfacet
  facet normal -0.972549 0.232698 0
    outer loop
      vertex 161.002 73.062 0
      vertex 161.075 73.3671 1.6
      vertex 161.075 73.3671 0
    endloop
  endfacet
  facet normal -0.972549 0.232698 0
    outer loop
      vertex 161.075 73.3671 1.6
      vertex 161.002 73.062 0
      vertex 161.002 73.062 1.6
    endloop
  endfacet
  facet normal 0.233674 -0.972315 0
    outer loop
      vertex 158.482 75.5821 0
      vertex 158.787 75.6554 1.6
      vertex 158.482 75.5821 1.6
    endloop
  endfacet
  facet normal 0.233674 -0.972315 0
    outer loop
      vertex 158.787 75.6554 1.6
      vertex 158.482 75.5821 0
      vertex 158.787 75.6554 0
    endloop
  endfacet
  facet normal 0.85262 0.522532 0
    outer loop
      vertex 157.482 72.5044 1.6
      vertex 157.318 72.772 0
      vertex 157.318 72.772 1.6
    endloop
  endfacet
  facet normal 0.85262 0.522532 0
    outer loop
      vertex 157.318 72.772 0
      vertex 157.482 72.5044 1.6
      vertex 157.482 72.5044 0
    endloop
  endfacet
  facet normal 0.0783526 -0.996926 0
    outer loop
      vertex 158.787 75.6554 0
      vertex 159.1 75.68 1.6
      vertex 158.787 75.6554 1.6
    endloop
  endfacet
  facet normal 0.0783526 -0.996926 0
    outer loop
      vertex 159.1 75.68 1.6
      vertex 158.787 75.6554 0
      vertex 159.1 75.68 0
    endloop
  endfacet
  facet normal -0.760066 0.649846 0
    outer loop
      vertex 160.514 72.2658 0
      vertex 160.718 72.5044 1.6
      vertex 160.718 72.5044 0
    endloop
  endfacet
  facet normal -0.760066 0.649846 0
    outer loop
      vertex 160.718 72.5044 1.6
      vertex 160.514 72.2658 0
      vertex 160.514 72.2658 1.6
    endloop
  endfacet
  facet normal 0.760066 0.649846 0
    outer loop
      vertex 157.686 72.2658 1.6
      vertex 157.482 72.5044 0
      vertex 157.482 72.5044 1.6
    endloop
  endfacet
  facet normal 0.760066 0.649846 0
    outer loop
      vertex 157.482 72.5044 0
      vertex 157.686 72.2658 1.6
      vertex 157.686 72.2658 0
    endloop
  endfacet
  facet normal -0.233674 0.972315 0
    outer loop
      vertex 159.718 71.7779 0
      vertex 159.413 71.7046 1.6
      vertex 159.718 71.7779 1.6
    endloop
  endfacet
  facet normal -0.233674 0.972315 0
    outer loop
      vertex 159.413 71.7046 1.6
      vertex 159.718 71.7779 0
      vertex 159.413 71.7046 0
    endloop
  endfacet
  facet normal -0.924017 -0.382352 0
    outer loop
      vertex 161.002 74.298 0
      vertex 160.882 74.588 1.6
      vertex 160.882 74.588 0
    endloop
  endfacet
  facet normal -0.924017 -0.382352 0
    outer loop
      vertex 160.882 74.588 1.6
      vertex 161.002 74.298 0
      vertex 161.002 74.298 1.6
    endloop
  endfacet
  facet normal -0.85262 -0.522532 0
    outer loop
      vertex 160.882 74.588 0
      vertex 160.718 74.8556 1.6
      vertex 160.718 74.8556 0
    endloop
  endfacet
  facet normal -0.85262 -0.522532 0
    outer loop
      vertex 160.718 74.8556 1.6
      vertex 160.882 74.588 0
      vertex 160.882 74.588 1.6
    endloop
  endfacet
  facet normal -0.382624 -0.923904 0
    outer loop
      vertex 159.718 75.5821 0
      vertex 160.008 75.462 1.6
      vertex 159.718 75.5821 1.6
    endloop
  endfacet
  facet normal -0.382624 -0.923904 -0
    outer loop
      vertex 160.008 75.462 1.6
      vertex 159.718 75.5821 0
      vertex 160.008 75.462 0
    endloop
  endfacet
  facet normal 0.972549 0.232698 0
    outer loop
      vertex 157.198 73.062 1.6
      vertex 157.125 73.3671 0
      vertex 157.125 73.3671 1.6
    endloop
  endfacet
  facet normal 0.972549 0.232698 0
    outer loop
      vertex 157.125 73.3671 0
      vertex 157.198 73.062 1.6
      vertex 157.198 73.062 0
    endloop
  endfacet
  facet normal 0.521965 -0.852967 0
    outer loop
      vertex 157.924 75.298 0
      vertex 158.192 75.462 1.6
      vertex 157.924 75.298 1.6
    endloop
  endfacet
  facet normal 0.521965 -0.852967 0
    outer loop
      vertex 158.192 75.462 1.6
      vertex 157.924 75.298 0
      vertex 158.192 75.462 0
    endloop
  endfacet
  facet normal 0.0783526 0.996926 -0
    outer loop
      vertex 159.1 71.68 0
      vertex 158.787 71.7046 1.6
      vertex 159.1 71.68 1.6
    endloop
  endfacet
  facet normal 0.0783526 0.996926 0
    outer loop
      vertex 158.787 71.7046 1.6
      vertex 159.1 71.68 0
      vertex 158.787 71.7046 0
    endloop
  endfacet
  facet normal -0.0783526 -0.996926 0
    outer loop
      vertex 159.1 75.68 0
      vertex 159.413 75.6554 1.6
      vertex 159.1 75.68 1.6
    endloop
  endfacet
  facet normal -0.0783526 -0.996926 -0
    outer loop
      vertex 159.413 75.6554 1.6
      vertex 159.1 75.68 0
      vertex 159.413 75.6554 0
    endloop
  endfacet
  facet normal 0.233674 0.972315 -0
    outer loop
      vertex 158.787 71.7046 0
      vertex 158.482 71.7779 1.6
      vertex 158.787 71.7046 1.6
    endloop
  endfacet
  facet normal 0.233674 0.972315 0
    outer loop
      vertex 158.482 71.7779 1.6
      vertex 158.787 71.7046 0
      vertex 158.482 71.7779 0
    endloop
  endfacet
  facet normal 0.382624 0.923904 -0
    outer loop
      vertex 158.482 71.7779 0
      vertex 158.192 71.898 1.6
      vertex 158.482 71.7779 1.6
    endloop
  endfacet
  facet normal 0.382624 0.923904 0
    outer loop
      vertex 158.192 71.898 1.6
      vertex 158.482 71.7779 0
      vertex 158.192 71.898 0
    endloop
  endfacet
  facet normal 0.650423 0.759572 -0
    outer loop
      vertex 157.924 72.062 0
      vertex 157.686 72.2658 1.6
      vertex 157.924 72.062 1.6
    endloop
  endfacet
  facet normal 0.650423 0.759572 0
    outer loop
      vertex 157.686 72.2658 1.6
      vertex 157.924 72.062 0
      vertex 157.686 72.2658 0
    endloop
  endfacet
  facet normal 0.0796186 -0.996825 0
    outer loop
      vertex 158.787 102.295 0
      vertex 159.1 102.32 1.6
      vertex 158.787 102.295 1.6
    endloop
  endfacet
  facet normal 0.0796186 -0.996825 0
    outer loop
      vertex 159.1 102.32 1.6
      vertex 158.787 102.295 0
      vertex 159.1 102.32 0
    endloop
  endfacet
  facet normal -0.972532 -0.23277 0
    outer loop
      vertex 161.075 100.633 0
      vertex 161.002 100.938 1.6
      vertex 161.002 100.938 0
    endloop
  endfacet
  facet normal -0.972532 -0.23277 0
    outer loop
      vertex 161.002 100.938 1.6
      vertex 161.075 100.633 0
      vertex 161.075 100.633 1.6
    endloop
  endfacet
  facet normal -0.996825 -0.0796186 0
    outer loop
      vertex 161.1 100.32 0
      vertex 161.075 100.633 1.6
      vertex 161.075 100.633 0
    endloop
  endfacet
  facet normal -0.996825 -0.0796186 0
    outer loop
      vertex 161.075 100.633 1.6
      vertex 161.1 100.32 0
      vertex 161.1 100.32 1.6
    endloop
  endfacet
  facet normal -0.924017 -0.382352 0
    outer loop
      vertex 161.002 100.938 0
      vertex 160.882 101.228 1.6
      vertex 160.882 101.228 0
    endloop
  endfacet
  facet normal -0.924017 -0.382352 0
    outer loop
      vertex 160.882 101.228 1.6
      vertex 161.002 100.938 0
      vertex 161.002 100.938 1.6
    endloop
  endfacet
  facet normal 0.382624 0.923904 -0
    outer loop
      vertex 158.482 98.4179 0
      vertex 158.192 98.538 1.6
      vertex 158.482 98.4179 1.6
    endloop
  endfacet
  facet normal 0.382624 0.923904 0
    outer loop
      vertex 158.192 98.538 1.6
      vertex 158.482 98.4179 0
      vertex 158.192 98.538 0
    endloop
  endfacet
  facet normal -0.996825 0.0796186 0
    outer loop
      vertex 161.075 100.007 0
      vertex 161.1 100.32 1.6
      vertex 161.1 100.32 0
    endloop
  endfacet
  facet normal -0.996825 0.0796186 0
    outer loop
      vertex 161.1 100.32 1.6
      vertex 161.075 100.007 0
      vertex 161.075 100.007 1.6
    endloop
  endfacet
  facet normal -0.852967 -0.521965 0
    outer loop
      vertex 160.882 101.228 0
      vertex 160.718 101.496 1.6
      vertex 160.718 101.496 0
    endloop
  endfacet
  facet normal -0.852967 -0.521965 0
    outer loop
      vertex 160.718 101.496 1.6
      vertex 160.882 101.228 0
      vertex 160.882 101.228 1.6
    endloop
  endfacet
  facet normal 0.996825 -0.0796186 0
    outer loop
      vertex 157.1 100.32 1.6
      vertex 157.125 100.633 0
      vertex 157.125 100.633 1.6
    endloop
  endfacet
  facet normal 0.996825 -0.0796186 0
    outer loop
      vertex 157.125 100.633 0
      vertex 157.1 100.32 1.6
      vertex 157.1 100.32 0
    endloop
  endfacet
  facet normal 0.0783526 0.996926 -0
    outer loop
      vertex 159.1 98.32 0
      vertex 158.787 98.3446 1.6
      vertex 159.1 98.32 1.6
    endloop
  endfacet
  facet normal 0.0783526 0.996926 0
    outer loop
      vertex 158.787 98.3446 1.6
      vertex 159.1 98.32 0
      vertex 158.787 98.3446 0
    endloop
  endfacet
  facet normal -0.382624 0.923904 0
    outer loop
      vertex 160.008 98.538 0
      vertex 159.718 98.4179 1.6
      vertex 160.008 98.538 1.6
    endloop
  endfacet
  facet normal -0.382624 0.923904 0
    outer loop
      vertex 159.718 98.4179 1.6
      vertex 160.008 98.538 0
      vertex 159.718 98.4179 0
    endloop
  endfacet
  facet normal 0.650791 -0.759257 0
    outer loop
      vertex 157.686 101.734 0
      vertex 157.924 101.938 1.6
      vertex 157.686 101.734 1.6
    endloop
  endfacet
  facet normal 0.650791 -0.759257 0
    outer loop
      vertex 157.924 101.938 1.6
      vertex 157.686 101.734 0
      vertex 157.924 101.938 0
    endloop
  endfacet
  facet normal 0.972532 0.23277 0
    outer loop
      vertex 157.198 99.702 1.6
      vertex 157.125 100.007 0
      vertex 157.125 100.007 1.6
    endloop
  endfacet
  facet normal 0.972532 0.23277 0
    outer loop
      vertex 157.125 100.007 0
      vertex 157.198 99.702 1.6
      vertex 157.198 99.702 0
    endloop
  endfacet
  facet normal 0.924017 -0.382352 0
    outer loop
      vertex 157.198 100.938 1.6
      vertex 157.318 101.228 0
      vertex 157.318 101.228 1.6
    endloop
  endfacet
  facet normal 0.924017 -0.382352 0
    outer loop
      vertex 157.318 101.228 0
      vertex 157.198 100.938 1.6
      vertex 157.198 100.938 0
    endloop
  endfacet
  facet normal -0.85262 0.522532 0
    outer loop
      vertex 160.718 99.1444 0
      vertex 160.882 99.412 1.6
      vertex 160.882 99.412 0
    endloop
  endfacet
  facet normal -0.85262 0.522532 0
    outer loop
      vertex 160.882 99.412 1.6
      vertex 160.718 99.1444 0
      vertex 160.718 99.1444 1.6
    endloop
  endfacet
  facet normal -0.972532 0.23277 0
    outer loop
      vertex 161.002 99.702 0
      vertex 161.075 100.007 1.6
      vertex 161.075 100.007 0
    endloop
  endfacet
  facet normal -0.972532 0.23277 0
    outer loop
      vertex 161.075 100.007 1.6
      vertex 161.002 99.702 0
      vertex 161.002 99.702 1.6
    endloop
  endfacet
  facet normal 0.382352 -0.924017 0
    outer loop
      vertex 158.192 102.102 0
      vertex 158.482 102.222 1.6
      vertex 158.192 102.102 1.6
    endloop
  endfacet
  facet normal 0.382352 -0.924017 0
    outer loop
      vertex 158.482 102.222 1.6
      vertex 158.192 102.102 0
      vertex 158.482 102.222 0
    endloop
  endfacet
  facet normal 0.996825 0.0796186 0
    outer loop
      vertex 157.125 100.007 1.6
      vertex 157.1 100.32 0
      vertex 157.1 100.32 1.6
    endloop
  endfacet
  facet normal 0.996825 0.0796186 0
    outer loop
      vertex 157.1 100.32 0
      vertex 157.125 100.007 1.6
      vertex 157.125 100.007 0
    endloop
  endfacet
  facet normal -0.650423 0.759572 0
    outer loop
      vertex 160.514 98.9058 0
      vertex 160.276 98.702 1.6
      vertex 160.514 98.9058 1.6
    endloop
  endfacet
  facet normal -0.650423 0.759572 0
    outer loop
      vertex 160.276 98.702 1.6
      vertex 160.514 98.9058 0
      vertex 160.276 98.702 0
    endloop
  endfacet
  facet normal -0.521965 0.852967 0
    outer loop
      vertex 160.276 98.702 0
      vertex 160.008 98.538 1.6
      vertex 160.276 98.702 1.6
    endloop
  endfacet
  facet normal -0.521965 0.852967 0
    outer loop
      vertex 160.008 98.538 1.6
      vertex 160.276 98.702 0
      vertex 160.008 98.538 0
    endloop
  endfacet
  facet normal 0.23277 -0.972532 0
    outer loop
      vertex 158.482 102.222 0
      vertex 158.787 102.295 1.6
      vertex 158.482 102.222 1.6
    endloop
  endfacet
  facet normal 0.23277 -0.972532 0
    outer loop
      vertex 158.787 102.295 1.6
      vertex 158.482 102.222 0
      vertex 158.787 102.295 0
    endloop
  endfacet
  facet normal 0.972532 -0.23277 0
    outer loop
      vertex 157.125 100.633 1.6
      vertex 157.198 100.938 0
      vertex 157.198 100.938 1.6
    endloop
  endfacet
  facet normal 0.972532 -0.23277 0
    outer loop
      vertex 157.198 100.938 0
      vertex 157.125 100.633 1.6
      vertex 157.125 100.633 0
    endloop
  endfacet
  facet normal 0.521965 -0.852967 0
    outer loop
      vertex 157.924 101.938 0
      vertex 158.192 102.102 1.6
      vertex 157.924 101.938 1.6
    endloop
  endfacet
  facet normal 0.521965 -0.852967 0
    outer loop
      vertex 158.192 102.102 1.6
      vertex 157.924 101.938 0
      vertex 158.192 102.102 0
    endloop
  endfacet
  facet normal -0.233674 0.972315 0
    outer loop
      vertex 159.718 98.4179 0
      vertex 159.413 98.3446 1.6
      vertex 159.718 98.4179 1.6
    endloop
  endfacet
  facet normal -0.233674 0.972315 0
    outer loop
      vertex 159.413 98.3446 1.6
      vertex 159.718 98.4179 0
      vertex 159.413 98.3446 0
    endloop
  endfacet
  facet normal -0.382352 -0.924017 0
    outer loop
      vertex 159.718 102.222 0
      vertex 160.008 102.102 1.6
      vertex 159.718 102.222 1.6
    endloop
  endfacet
  facet normal -0.382352 -0.924017 -0
    outer loop
      vertex 160.008 102.102 1.6
      vertex 159.718 102.222 0
      vertex 160.008 102.102 0
    endloop
  endfacet
  facet normal 0.760066 0.649846 0
    outer loop
      vertex 157.686 98.9058 1.6
      vertex 157.482 99.1444 0
      vertex 157.482 99.1444 1.6
    endloop
  endfacet
  facet normal 0.760066 0.649846 0
    outer loop
      vertex 157.482 99.1444 0
      vertex 157.686 98.9058 1.6
      vertex 157.686 98.9058 0
    endloop
  endfacet
  facet normal 0.233674 0.972315 -0
    outer loop
      vertex 158.787 98.3446 0
      vertex 158.482 98.4179 1.6
      vertex 158.787 98.3446 1.6
    endloop
  endfacet
  facet normal 0.233674 0.972315 0
    outer loop
      vertex 158.482 98.4179 1.6
      vertex 158.787 98.3446 0
      vertex 158.482 98.4179 0
    endloop
  endfacet
  facet normal -0.924017 0.382352 0
    outer loop
      vertex 160.882 99.412 0
      vertex 161.002 99.702 1.6
      vertex 161.002 99.702 0
    endloop
  endfacet
  facet normal -0.924017 0.382352 0
    outer loop
      vertex 161.002 99.702 1.6
      vertex 160.882 99.412 0
      vertex 160.882 99.412 1.6
    endloop
  endfacet
  facet normal -0.759257 -0.650791 0
    outer loop
      vertex 160.718 101.496 0
      vertex 160.514 101.734 1.6
      vertex 160.514 101.734 0
    endloop
  endfacet
  facet normal -0.759257 -0.650791 0
    outer loop
      vertex 160.514 101.734 1.6
      vertex 160.718 101.496 0
      vertex 160.718 101.496 1.6
    endloop
  endfacet
  facet normal -0.0796186 -0.996825 0
    outer loop
      vertex 159.1 102.32 0
      vertex 159.413 102.295 1.6
      vertex 159.1 102.32 1.6
    endloop
  endfacet
  facet normal -0.0796186 -0.996825 -0
    outer loop
      vertex 159.413 102.295 1.6
      vertex 159.1 102.32 0
      vertex 159.413 102.295 0
    endloop
  endfacet
  facet normal -0.521965 -0.852967 0
    outer loop
      vertex 160.008 102.102 0
      vertex 160.276 101.938 1.6
      vertex 160.008 102.102 1.6
    endloop
  endfacet
  facet normal -0.521965 -0.852967 -0
    outer loop
      vertex 160.276 101.938 1.6
      vertex 160.008 102.102 0
      vertex 160.276 101.938 0
    endloop
  endfacet
  facet normal 0.85262 0.522532 0
    outer loop
      vertex 157.482 99.1444 1.6
      vertex 157.318 99.412 0
      vertex 157.318 99.412 1.6
    endloop
  endfacet
  facet normal 0.85262 0.522532 0
    outer loop
      vertex 157.318 99.412 0
      vertex 157.482 99.1444 1.6
      vertex 157.482 99.1444 0
    endloop
  endfacet
  facet normal -0.760066 0.649846 0
    outer loop
      vertex 160.514 98.9058 0
      vertex 160.718 99.1444 1.6
      vertex 160.718 99.1444 0
    endloop
  endfacet
  facet normal -0.760066 0.649846 0
    outer loop
      vertex 160.718 99.1444 1.6
      vertex 160.514 98.9058 0
      vertex 160.514 98.9058 1.6
    endloop
  endfacet
  facet normal -0.0783526 0.996926 0
    outer loop
      vertex 159.413 98.3446 0
      vertex 159.1 98.32 1.6
      vertex 159.413 98.3446 1.6
    endloop
  endfacet
  facet normal -0.0783526 0.996926 0
    outer loop
      vertex 159.1 98.32 1.6
      vertex 159.413 98.3446 0
      vertex 159.1 98.32 0
    endloop
  endfacet
  facet normal -0.23277 -0.972532 0
    outer loop
      vertex 159.413 102.295 0
      vertex 159.718 102.222 1.6
      vertex 159.413 102.295 1.6
    endloop
  endfacet
  facet normal -0.23277 -0.972532 -0
    outer loop
      vertex 159.718 102.222 1.6
      vertex 159.413 102.295 0
      vertex 159.718 102.222 0
    endloop
  endfacet
  facet normal -0.650791 -0.759257 0
    outer loop
      vertex 160.276 101.938 0
      vertex 160.514 101.734 1.6
      vertex 160.276 101.938 1.6
    endloop
  endfacet
  facet normal -0.650791 -0.759257 -0
    outer loop
      vertex 160.514 101.734 1.6
      vertex 160.276 101.938 0
      vertex 160.514 101.734 0
    endloop
  endfacet
  facet normal 0.852967 -0.521965 0
    outer loop
      vertex 157.318 101.228 1.6
      vertex 157.482 101.496 0
      vertex 157.482 101.496 1.6
    endloop
  endfacet
  facet normal 0.852967 -0.521965 0
    outer loop
      vertex 157.482 101.496 0
      vertex 157.318 101.228 1.6
      vertex 157.318 101.228 0
    endloop
  endfacet
  facet normal 0.924017 0.382352 0
    outer loop
      vertex 157.318 99.412 1.6
      vertex 157.198 99.702 0
      vertex 157.198 99.702 1.6
    endloop
  endfacet
  facet normal 0.924017 0.382352 0
    outer loop
      vertex 157.198 99.702 0
      vertex 157.318 99.412 1.6
      vertex 157.318 99.412 0
    endloop
  endfacet
  facet normal 0.521965 0.852967 -0
    outer loop
      vertex 158.192 98.538 0
      vertex 157.924 98.702 1.6
      vertex 158.192 98.538 1.6
    endloop
  endfacet
  facet normal 0.521965 0.852967 0
    outer loop
      vertex 157.924 98.702 1.6
      vertex 158.192 98.538 0
      vertex 157.924 98.702 0
    endloop
  endfacet
  facet normal 0.650423 0.759572 -0
    outer loop
      vertex 157.924 98.702 0
      vertex 157.686 98.9058 1.6
      vertex 157.924 98.702 1.6
    endloop
  endfacet
  facet normal 0.650423 0.759572 0
    outer loop
      vertex 157.686 98.9058 1.6
      vertex 157.924 98.702 0
      vertex 157.686 98.9058 0
    endloop
  endfacet
  facet normal 0.759257 -0.650791 0
    outer loop
      vertex 157.482 101.496 1.6
      vertex 157.686 101.734 0
      vertex 157.686 101.734 1.6
    endloop
  endfacet
  facet normal 0.759257 -0.650791 0
    outer loop
      vertex 157.686 101.734 0
      vertex 157.482 101.496 1.6
      vertex 157.482 101.496 0
    endloop
  endfacet
  facet normal 0.0796186 0.996825 -0
    outer loop
      vertex 159.1 124.96 0
      vertex 158.787 124.985 1.6
      vertex 159.1 124.96 1.6
    endloop
  endfacet
  facet normal 0.0796186 0.996825 0
    outer loop
      vertex 158.787 124.985 1.6
      vertex 159.1 124.96 0
      vertex 158.787 124.985 0
    endloop
  endfacet
  facet normal -0.972532 -0.23277 0
    outer loop
      vertex 161.075 127.273 0
      vertex 161.002 127.578 1.6
      vertex 161.002 127.578 0
    endloop
  endfacet
  facet normal -0.972532 -0.23277 0
    outer loop
      vertex 161.002 127.578 1.6
      vertex 161.075 127.273 0
      vertex 161.075 127.273 1.6
    endloop
  endfacet
  facet normal -0.996825 -0.0796186 0
    outer loop
      vertex 161.1 126.96 0
      vertex 161.075 127.273 1.6
      vertex 161.075 127.273 0
    endloop
  endfacet
  facet normal -0.996825 -0.0796186 0
    outer loop
      vertex 161.075 127.273 1.6
      vertex 161.1 126.96 0
      vertex 161.1 126.96 1.6
    endloop
  endfacet
  facet normal -0.924017 -0.382352 0
    outer loop
      vertex 161.002 127.578 0
      vertex 160.882 127.868 1.6
      vertex 160.882 127.868 0
    endloop
  endfacet
  facet normal -0.924017 -0.382352 0
    outer loop
      vertex 160.882 127.868 1.6
      vertex 161.002 127.578 0
      vertex 161.002 127.578 1.6
    endloop
  endfacet
  facet normal -0.852967 0.521965 0
    outer loop
      vertex 160.718 125.784 0
      vertex 160.882 126.052 1.6
      vertex 160.882 126.052 0
    endloop
  endfacet
  facet normal -0.852967 0.521965 0
    outer loop
      vertex 160.882 126.052 1.6
      vertex 160.718 125.784 0
      vertex 160.718 125.784 1.6
    endloop
  endfacet
  facet normal -0.759257 0.650791 0
    outer loop
      vertex 160.514 125.546 0
      vertex 160.718 125.784 1.6
      vertex 160.718 125.784 0
    endloop
  endfacet
  facet normal -0.759257 0.650791 0
    outer loop
      vertex 160.718 125.784 1.6
      vertex 160.514 125.546 0
      vertex 160.514 125.546 1.6
    endloop
  endfacet
  facet normal 0.759257 -0.650791 0
    outer loop
      vertex 157.482 128.136 1.6
      vertex 157.686 128.374 0
      vertex 157.686 128.374 1.6
    endloop
  endfacet
  facet normal 0.759257 -0.650791 0
    outer loop
      vertex 157.686 128.374 0
      vertex 157.482 128.136 1.6
      vertex 157.482 128.136 0
    endloop
  endfacet
  facet normal -0.382352 0.924017 0
    outer loop
      vertex 160.008 125.178 0
      vertex 159.718 125.058 1.6
      vertex 160.008 125.178 1.6
    endloop
  endfacet
  facet normal -0.382352 0.924017 0
    outer loop
      vertex 159.718 125.058 1.6
      vertex 160.008 125.178 0
      vertex 159.718 125.058 0
    endloop
  endfacet
  facet normal 0.852967 -0.521965 0
    outer loop
      vertex 157.318 127.868 1.6
      vertex 157.482 128.136 0
      vertex 157.482 128.136 1.6
    endloop
  endfacet
  facet normal 0.852967 -0.521965 0
    outer loop
      vertex 157.482 128.136 0
      vertex 157.318 127.868 1.6
      vertex 157.318 127.868 0
    endloop
  endfacet
  facet normal -0.23277 0.972532 0
    outer loop
      vertex 159.718 125.058 0
      vertex 159.413 124.985 1.6
      vertex 159.718 125.058 1.6
    endloop
  endfacet
  facet normal -0.23277 0.972532 0
    outer loop
      vertex 159.413 124.985 1.6
      vertex 159.718 125.058 0
      vertex 159.413 124.985 0
    endloop
  endfacet
  facet normal -0.0796186 0.996825 0
    outer loop
      vertex 159.413 124.985 0
      vertex 159.1 124.96 1.6
      vertex 159.413 124.985 1.6
    endloop
  endfacet
  facet normal -0.0796186 0.996825 0
    outer loop
      vertex 159.1 124.96 1.6
      vertex 159.413 124.985 0
      vertex 159.1 124.96 0
    endloop
  endfacet
  facet normal 0.996825 0.0796186 0
    outer loop
      vertex 157.125 126.647 1.6
      vertex 157.1 126.96 0
      vertex 157.1 126.96 1.6
    endloop
  endfacet
  facet normal 0.996825 0.0796186 0
    outer loop
      vertex 157.1 126.96 0
      vertex 157.125 126.647 1.6
      vertex 157.125 126.647 0
    endloop
  endfacet
  facet normal 0.521965 0.852967 -0
    outer loop
      vertex 158.192 125.178 0
      vertex 157.924 125.342 1.6
      vertex 158.192 125.178 1.6
    endloop
  endfacet
  facet normal 0.521965 0.852967 0
    outer loop
      vertex 157.924 125.342 1.6
      vertex 158.192 125.178 0
      vertex 157.924 125.342 0
    endloop
  endfacet
  facet normal -0.650791 0.759257 0
    outer loop
      vertex 160.514 125.546 0
      vertex 160.276 125.342 1.6
      vertex 160.514 125.546 1.6
    endloop
  endfacet
  facet normal -0.650791 0.759257 0
    outer loop
      vertex 160.276 125.342 1.6
      vertex 160.514 125.546 0
      vertex 160.276 125.342 0
    endloop
  endfacet
  facet normal -0.996825 0.0796186 0
    outer loop
      vertex 161.075 126.647 0
      vertex 161.1 126.96 1.6
      vertex 161.1 126.96 0
    endloop
  endfacet
  facet normal -0.996825 0.0796186 0
    outer loop
      vertex 161.1 126.96 1.6
      vertex 161.075 126.647 0
      vertex 161.075 126.647 1.6
    endloop
  endfacet
  facet normal 0.972532 -0.23277 0
    outer loop
      vertex 157.125 127.273 1.6
      vertex 157.198 127.578 0
      vertex 157.198 127.578 1.6
    endloop
  endfacet
  facet normal 0.972532 -0.23277 0
    outer loop
      vertex 157.198 127.578 0
      vertex 157.125 127.273 1.6
      vertex 157.125 127.273 0
    endloop
  endfacet
  facet normal 0.0796186 -0.996825 0
    outer loop
      vertex 158.787 128.935 0
      vertex 159.1 128.96 1.6
      vertex 158.787 128.935 1.6
    endloop
  endfacet
  facet normal 0.0796186 -0.996825 0
    outer loop
      vertex 159.1 128.96 1.6
      vertex 158.787 128.935 0
      vertex 159.1 128.96 0
    endloop
  endfacet
  facet normal -0.924017 0.382352 0
    outer loop
      vertex 160.882 126.052 0
      vertex 161.002 126.342 1.6
      vertex 161.002 126.342 0
    endloop
  endfacet
  facet normal -0.924017 0.382352 0
    outer loop
      vertex 161.002 126.342 1.6
      vertex 160.882 126.052 0
      vertex 160.882 126.052 1.6
    endloop
  endfacet
  facet normal 0.924017 0.382352 0
    outer loop
      vertex 157.318 126.052 1.6
      vertex 157.198 126.342 0
      vertex 157.198 126.342 1.6
    endloop
  endfacet
  facet normal 0.924017 0.382352 0
    outer loop
      vertex 157.198 126.342 0
      vertex 157.318 126.052 1.6
      vertex 157.318 126.052 0
    endloop
  endfacet
  facet normal 0.972532 0.23277 0
    outer loop
      vertex 157.198 126.342 1.6
      vertex 157.125 126.647 0
      vertex 157.125 126.647 1.6
    endloop
  endfacet
  facet normal 0.972532 0.23277 0
    outer loop
      vertex 157.125 126.647 0
      vertex 157.198 126.342 1.6
      vertex 157.198 126.342 0
    endloop
  endfacet
  facet normal -0.759257 -0.650791 0
    outer loop
      vertex 160.718 128.136 0
      vertex 160.514 128.374 1.6
      vertex 160.514 128.374 0
    endloop
  endfacet
  facet normal -0.759257 -0.650791 0
    outer loop
      vertex 160.514 128.374 1.6
      vertex 160.718 128.136 0
      vertex 160.718 128.136 1.6
    endloop
  endfacet
  facet normal -0.382352 -0.924017 0
    outer loop
      vertex 159.718 128.862 0
      vertex 160.008 128.742 1.6
      vertex 159.718 128.862 1.6
    endloop
  endfacet
  facet normal -0.382352 -0.924017 -0
    outer loop
      vertex 160.008 128.742 1.6
      vertex 159.718 128.862 0
      vertex 160.008 128.742 0
    endloop
  endfacet
  facet normal -0.650791 -0.759257 0
    outer loop
      vertex 160.276 128.578 0
      vertex 160.514 128.374 1.6
      vertex 160.276 128.578 1.6
    endloop
  endfacet
  facet normal -0.650791 -0.759257 -0
    outer loop
      vertex 160.514 128.374 1.6
      vertex 160.276 128.578 0
      vertex 160.514 128.374 0
    endloop
  endfacet
  facet normal 0.996825 -0.0796186 0
    outer loop
      vertex 157.1 126.96 1.6
      vertex 157.125 127.273 0
      vertex 157.125 127.273 1.6
    endloop
  endfacet
  facet normal 0.996825 -0.0796186 0
    outer loop
      vertex 157.125 127.273 0
      vertex 157.1 126.96 1.6
      vertex 157.1 126.96 0
    endloop
  endfacet
  facet normal -0.521965 -0.852967 0
    outer loop
      vertex 160.008 128.742 0
      vertex 160.276 128.578 1.6
      vertex 160.008 128.742 1.6
    endloop
  endfacet
  facet normal -0.521965 -0.852967 -0
    outer loop
      vertex 160.276 128.578 1.6
      vertex 160.008 128.742 0
      vertex 160.276 128.578 0
    endloop
  endfacet
  facet normal 0.382352 -0.924017 0
    outer loop
      vertex 158.192 128.742 0
      vertex 158.482 128.862 1.6
      vertex 158.192 128.742 1.6
    endloop
  endfacet
  facet normal 0.382352 -0.924017 0
    outer loop
      vertex 158.482 128.862 1.6
      vertex 158.192 128.742 0
      vertex 158.482 128.862 0
    endloop
  endfacet
  facet normal -0.972532 0.23277 0
    outer loop
      vertex 161.002 126.342 0
      vertex 161.075 126.647 1.6
      vertex 161.075 126.647 0
    endloop
  endfacet
  facet normal -0.972532 0.23277 0
    outer loop
      vertex 161.075 126.647 1.6
      vertex 161.002 126.342 0
      vertex 161.002 126.342 1.6
    endloop
  endfacet
  facet normal 0.23277 -0.972532 0
    outer loop
      vertex 158.482 128.862 0
      vertex 158.787 128.935 1.6
      vertex 158.482 128.862 1.6
    endloop
  endfacet
  facet normal 0.23277 -0.972532 0
    outer loop
      vertex 158.787 128.935 1.6
      vertex 158.482 128.862 0
      vertex 158.787 128.935 0
    endloop
  endfacet
  facet normal 0.852967 0.521965 0
    outer loop
      vertex 157.482 125.784 1.6
      vertex 157.318 126.052 0
      vertex 157.318 126.052 1.6
    endloop
  endfacet
  facet normal 0.852967 0.521965 0
    outer loop
      vertex 157.318 126.052 0
      vertex 157.482 125.784 1.6
      vertex 157.482 125.784 0
    endloop
  endfacet
  facet normal 0.759257 0.650791 0
    outer loop
      vertex 157.686 125.546 1.6
      vertex 157.482 125.784 0
      vertex 157.482 125.784 1.6
    endloop
  endfacet
  facet normal 0.759257 0.650791 0
    outer loop
      vertex 157.482 125.784 0
      vertex 157.686 125.546 1.6
      vertex 157.686 125.546 0
    endloop
  endfacet
  facet normal -0.23277 -0.972532 0
    outer loop
      vertex 159.413 128.935 0
      vertex 159.718 128.862 1.6
      vertex 159.413 128.935 1.6
    endloop
  endfacet
  facet normal -0.23277 -0.972532 -0
    outer loop
      vertex 159.718 128.862 1.6
      vertex 159.413 128.935 0
      vertex 159.718 128.862 0
    endloop
  endfacet
  facet normal -0.852967 -0.521965 0
    outer loop
      vertex 160.882 127.868 0
      vertex 160.718 128.136 1.6
      vertex 160.718 128.136 0
    endloop
  endfacet
  facet normal -0.852967 -0.521965 0
    outer loop
      vertex 160.718 128.136 1.6
      vertex 160.882 127.868 0
      vertex 160.882 127.868 1.6
    endloop
  endfacet
  facet normal -0.0796186 -0.996825 0
    outer loop
      vertex 159.1 128.96 0
      vertex 159.413 128.935 1.6
      vertex 159.1 128.96 1.6
    endloop
  endfacet
  facet normal -0.0796186 -0.996825 -0
    outer loop
      vertex 159.413 128.935 1.6
      vertex 159.1 128.96 0
      vertex 159.413 128.935 0
    endloop
  endfacet
  facet normal -0.521965 0.852967 0
    outer loop
      vertex 160.276 125.342 0
      vertex 160.008 125.178 1.6
      vertex 160.276 125.342 1.6
    endloop
  endfacet
  facet normal -0.521965 0.852967 0
    outer loop
      vertex 160.008 125.178 1.6
      vertex 160.276 125.342 0
      vertex 160.008 125.178 0
    endloop
  endfacet
  facet normal 0.521965 -0.852967 0
    outer loop
      vertex 157.924 128.578 0
      vertex 158.192 128.742 1.6
      vertex 157.924 128.578 1.6
    endloop
  endfacet
  facet normal 0.521965 -0.852967 0
    outer loop
      vertex 158.192 128.742 1.6
      vertex 157.924 128.578 0
      vertex 158.192 128.742 0
    endloop
  endfacet
  facet normal 0.23277 0.972532 -0
    outer loop
      vertex 158.787 124.985 0
      vertex 158.482 125.058 1.6
      vertex 158.787 124.985 1.6
    endloop
  endfacet
  facet normal 0.23277 0.972532 0
    outer loop
      vertex 158.482 125.058 1.6
      vertex 158.787 124.985 0
      vertex 158.482 125.058 0
    endloop
  endfacet
  facet normal 0.382352 0.924017 -0
    outer loop
      vertex 158.482 125.058 0
      vertex 158.192 125.178 1.6
      vertex 158.482 125.058 1.6
    endloop
  endfacet
  facet normal 0.382352 0.924017 0
    outer loop
      vertex 158.192 125.178 1.6
      vertex 158.482 125.058 0
      vertex 158.192 125.178 0
    endloop
  endfacet
  facet normal 0.924017 -0.382352 0
    outer loop
      vertex 157.198 127.578 1.6
      vertex 157.318 127.868 0
      vertex 157.318 127.868 1.6
    endloop
  endfacet
  facet normal 0.924017 -0.382352 0
    outer loop
      vertex 157.318 127.868 0
      vertex 157.198 127.578 1.6
      vertex 157.198 127.578 0
    endloop
  endfacet
  facet normal 0.650791 -0.759257 0
    outer loop
      vertex 157.686 128.374 0
      vertex 157.924 128.578 1.6
      vertex 157.686 128.374 1.6
    endloop
  endfacet
  facet normal 0.650791 -0.759257 0
    outer loop
      vertex 157.924 128.578 1.6
      vertex 157.686 128.374 0
      vertex 157.924 128.578 0
    endloop
  endfacet
  facet normal 0.650791 0.759257 -0
    outer loop
      vertex 157.924 125.342 0
      vertex 157.686 125.546 1.6
      vertex 157.924 125.342 1.6
    endloop
  endfacet
  facet normal 0.650791 0.759257 0
    outer loop
      vertex 157.686 125.546 1.6
      vertex 157.924 125.342 0
      vertex 157.686 125.546 0
    endloop
  endfacet
  facet normal 0.23277 0.972532 -0
    outer loop
      vertex 158.787 151.625 0
      vertex 158.482 151.698 1.6
      vertex 158.787 151.625 1.6
    endloop
  endfacet
  facet normal 0.23277 0.972532 0
    outer loop
      vertex 158.482 151.698 1.6
      vertex 158.787 151.625 0
      vertex 158.482 151.698 0
    endloop
  endfacet
  facet normal 0.852967 -0.521965 0
    outer loop
      vertex 157.318 154.508 1.6
      vertex 157.482 154.776 0
      vertex 157.482 154.776 1.6
    endloop
  endfacet
  facet normal 0.852967 -0.521965 0
    outer loop
      vertex 157.482 154.776 0
      vertex 157.318 154.508 1.6
      vertex 157.318 154.508 0
    endloop
  endfacet
  facet normal -0.972532 -0.23277 0
    outer loop
      vertex 161.075 153.913 0
      vertex 161.002 154.218 1.6
      vertex 161.002 154.218 0
    endloop
  endfacet
  facet normal -0.972532 -0.23277 0
    outer loop
      vertex 161.002 154.218 1.6
      vertex 161.075 153.913 0
      vertex 161.075 153.913 1.6
    endloop
  endfacet
  facet normal -0.996825 -0.0796186 0
    outer loop
      vertex 161.1 153.6 0
      vertex 161.075 153.913 1.6
      vertex 161.075 153.913 0
    endloop
  endfacet
  facet normal -0.996825 -0.0796186 0
    outer loop
      vertex 161.075 153.913 1.6
      vertex 161.1 153.6 0
      vertex 161.1 153.6 1.6
    endloop
  endfacet
  facet normal -0.996825 0.0796186 0
    outer loop
      vertex 161.075 153.287 0
      vertex 161.1 153.6 1.6
      vertex 161.1 153.6 0
    endloop
  endfacet
  facet normal -0.996825 0.0796186 0
    outer loop
      vertex 161.1 153.6 1.6
      vertex 161.075 153.287 0
      vertex 161.075 153.287 1.6
    endloop
  endfacet
  facet normal -0.382352 0.924017 0
    outer loop
      vertex 160.008 151.818 0
      vertex 159.718 151.698 1.6
      vertex 160.008 151.818 1.6
    endloop
  endfacet
  facet normal -0.382352 0.924017 0
    outer loop
      vertex 159.718 151.698 1.6
      vertex 160.008 151.818 0
      vertex 159.718 151.698 0
    endloop
  endfacet
  facet normal 0.972532 0.23277 0
    outer loop
      vertex 157.198 152.982 1.6
      vertex 157.125 153.287 0
      vertex 157.125 153.287 1.6
    endloop
  endfacet
  facet normal 0.972532 0.23277 0
    outer loop
      vertex 157.125 153.287 0
      vertex 157.198 152.982 1.6
      vertex 157.198 152.982 0
    endloop
  endfacet
  facet normal 0.382352 -0.924017 0
    outer loop
      vertex 158.192 155.382 0
      vertex 158.482 155.502 1.6
      vertex 158.192 155.382 1.6
    endloop
  endfacet
  facet normal 0.382352 -0.924017 0
    outer loop
      vertex 158.482 155.502 1.6
      vertex 158.192 155.382 0
      vertex 158.482 155.502 0
    endloop
  endfacet
  facet normal -0.0796186 -0.996825 0
    outer loop
      vertex 159.1 155.6 0
      vertex 159.413 155.575 1.6
      vertex 159.1 155.6 1.6
    endloop
  endfacet
  facet normal -0.0796186 -0.996825 -0
    outer loop
      vertex 159.413 155.575 1.6
      vertex 159.1 155.6 0
      vertex 159.413 155.575 0
    endloop
  endfacet
  facet normal -0.521965 -0.852967 0
    outer loop
      vertex 160.008 155.382 0
      vertex 160.276 155.218 1.6
      vertex 160.008 155.382 1.6
    endloop
  endfacet
  facet normal -0.521965 -0.852967 -0
    outer loop
      vertex 160.276 155.218 1.6
      vertex 160.008 155.382 0
      vertex 160.276 155.218 0
    endloop
  endfacet
  facet normal 0.650791 -0.759257 0
    outer loop
      vertex 157.686 155.014 0
      vertex 157.924 155.218 1.6
      vertex 157.686 155.014 1.6
    endloop
  endfacet
  facet normal 0.650791 -0.759257 0
    outer loop
      vertex 157.924 155.218 1.6
      vertex 157.686 155.014 0
      vertex 157.924 155.218 0
    endloop
  endfacet
  facet normal 0.924017 -0.382352 0
    outer loop
      vertex 157.198 154.218 1.6
      vertex 157.318 154.508 0
      vertex 157.318 154.508 1.6
    endloop
  endfacet
  facet normal 0.924017 -0.382352 0
    outer loop
      vertex 157.318 154.508 0
      vertex 157.198 154.218 1.6
      vertex 157.198 154.218 0
    endloop
  endfacet
  facet normal 0.996825 0.0796186 0
    outer loop
      vertex 157.125 153.287 1.6
      vertex 157.1 153.6 0
      vertex 157.1 153.6 1.6
    endloop
  endfacet
  facet normal 0.996825 0.0796186 0
    outer loop
      vertex 157.1 153.6 0
      vertex 157.125 153.287 1.6
      vertex 157.125 153.287 0
    endloop
  endfacet
  facet normal -0.650791 -0.759257 0
    outer loop
      vertex 160.276 155.218 0
      vertex 160.514 155.014 1.6
      vertex 160.276 155.218 1.6
    endloop
  endfacet
  facet normal -0.650791 -0.759257 -0
    outer loop
      vertex 160.514 155.014 1.6
      vertex 160.276 155.218 0
      vertex 160.514 155.014 0
    endloop
  endfacet
  facet normal -0.924017 0.382352 0
    outer loop
      vertex 160.882 152.692 0
      vertex 161.002 152.982 1.6
      vertex 161.002 152.982 0
    endloop
  endfacet
  facet normal -0.924017 0.382352 0
    outer loop
      vertex 161.002 152.982 1.6
      vertex 160.882 152.692 0
      vertex 160.882 152.692 1.6
    endloop
  endfacet
  facet normal 0.0796186 -0.996825 0
    outer loop
      vertex 158.787 155.575 0
      vertex 159.1 155.6 1.6
      vertex 158.787 155.575 1.6
    endloop
  endfacet
  facet normal 0.0796186 -0.996825 0
    outer loop
      vertex 159.1 155.6 1.6
      vertex 158.787 155.575 0
      vertex 159.1 155.6 0
    endloop
  endfacet
  facet normal 0.650791 0.759257 -0
    outer loop
      vertex 157.924 151.982 0
      vertex 157.686 152.186 1.6
      vertex 157.924 151.982 1.6
    endloop
  endfacet
  facet normal 0.650791 0.759257 0
    outer loop
      vertex 157.686 152.186 1.6
      vertex 157.924 151.982 0
      vertex 157.686 152.186 0
    endloop
  endfacet
  facet normal 0.924017 0.382352 0
    outer loop
      vertex 157.318 152.692 1.6
      vertex 157.198 152.982 0
      vertex 157.198 152.982 1.6
    endloop
  endfacet
  facet normal 0.924017 0.382352 0
    outer loop
      vertex 157.198 152.982 0
      vertex 157.318 152.692 1.6
      vertex 157.318 152.692 0
    endloop
  endfacet
  facet normal 0.382352 0.924017 -0
    outer loop
      vertex 158.482 151.698 0
      vertex 158.192 151.818 1.6
      vertex 158.482 151.698 1.6
    endloop
  endfacet
  facet normal 0.382352 0.924017 0
    outer loop
      vertex 158.192 151.818 1.6
      vertex 158.482 151.698 0
      vertex 158.192 151.818 0
    endloop
  endfacet
  facet normal 0.759257 -0.650791 0
    outer loop
      vertex 157.482 154.776 1.6
      vertex 157.686 155.014 0
      vertex 157.686 155.014 1.6
    endloop
  endfacet
  facet normal 0.759257 -0.650791 0
    outer loop
      vertex 157.686 155.014 0
      vertex 157.482 154.776 1.6
      vertex 157.482 154.776 0
    endloop
  endfacet
  facet normal -0.759257 -0.650791 0
    outer loop
      vertex 160.718 154.776 0
      vertex 160.514 155.014 1.6
      vertex 160.514 155.014 0
    endloop
  endfacet
  facet normal -0.759257 -0.650791 0
    outer loop
      vertex 160.514 155.014 1.6
      vertex 160.718 154.776 0
      vertex 160.718 154.776 1.6
    endloop
  endfacet
  facet normal -0.23277 -0.972532 0
    outer loop
      vertex 159.413 155.575 0
      vertex 159.718 155.502 1.6
      vertex 159.413 155.575 1.6
    endloop
  endfacet
  facet normal -0.23277 -0.972532 -0
    outer loop
      vertex 159.718 155.502 1.6
      vertex 159.413 155.575 0
      vertex 159.718 155.502 0
    endloop
  endfacet
  facet normal -0.521965 0.852967 0
    outer loop
      vertex 160.276 151.982 0
      vertex 160.008 151.818 1.6
      vertex 160.276 151.982 1.6
    endloop
  endfacet
  facet normal -0.521965 0.852967 0
    outer loop
      vertex 160.008 151.818 1.6
      vertex 160.276 151.982 0
      vertex 160.008 151.818 0
    endloop
  endfacet
  facet normal -0.852967 0.521965 0
    outer loop
      vertex 160.718 152.424 0
      vertex 160.882 152.692 1.6
      vertex 160.882 152.692 0
    endloop
  endfacet
  facet normal -0.852967 0.521965 0
    outer loop
      vertex 160.882 152.692 1.6
      vertex 160.718 152.424 0
      vertex 160.718 152.424 1.6
    endloop
  endfacet
  facet normal 0.996825 -0.0796186 0
    outer loop
      vertex 157.1 153.6 1.6
      vertex 157.125 153.913 0
      vertex 157.125 153.913 1.6
    endloop
  endfacet
  facet normal 0.996825 -0.0796186 0
    outer loop
      vertex 157.125 153.913 0
      vertex 157.1 153.6 1.6
      vertex 157.1 153.6 0
    endloop
  endfacet
  facet normal -0.0796186 0.996825 0
    outer loop
      vertex 159.413 151.625 0
      vertex 159.1 151.6 1.6
      vertex 159.413 151.625 1.6
    endloop
  endfacet
  facet normal -0.0796186 0.996825 0
    outer loop
      vertex 159.1 151.6 1.6
      vertex 159.413 151.625 0
      vertex 159.1 151.6 0
    endloop
  endfacet
  facet normal -0.972532 0.23277 0
    outer loop
      vertex 161.002 152.982 0
      vertex 161.075 153.287 1.6
      vertex 161.075 153.287 0
    endloop
  endfacet
  facet normal -0.972532 0.23277 0
    outer loop
      vertex 161.075 153.287 1.6
      vertex 161.002 152.982 0
      vertex 161.002 152.982 1.6
    endloop
  endfacet
  facet normal 0.521965 0.852967 -0
    outer loop
      vertex 158.192 151.818 0
      vertex 157.924 151.982 1.6
      vertex 158.192 151.818 1.6
    endloop
  endfacet
  facet normal 0.521965 0.852967 0
    outer loop
      vertex 157.924 151.982 1.6
      vertex 158.192 151.818 0
      vertex 157.924 151.982 0
    endloop
  endfacet
  facet normal 0.23277 -0.972532 0
    outer loop
      vertex 158.482 155.502 0
      vertex 158.787 155.575 1.6
      vertex 158.482 155.502 1.6
    endloop
  endfacet
  facet normal 0.23277 -0.972532 0
    outer loop
      vertex 158.787 155.575 1.6
      vertex 158.482 155.502 0
      vertex 158.787 155.575 0
    endloop
  endfacet
  facet normal -0.23277 0.972532 0
    outer loop
      vertex 159.718 151.698 0
      vertex 159.413 151.625 1.6
      vertex 159.718 151.698 1.6
    endloop
  endfacet
  facet normal -0.23277 0.972532 0
    outer loop
      vertex 159.413 151.625 1.6
      vertex 159.718 151.698 0
      vertex 159.413 151.625 0
    endloop
  endfacet
  facet normal 0.0796186 0.996825 -0
    outer loop
      vertex 159.1 151.6 0
      vertex 158.787 151.625 1.6
      vertex 159.1 151.6 1.6
    endloop
  endfacet
  facet normal 0.0796186 0.996825 0
    outer loop
      vertex 158.787 151.625 1.6
      vertex 159.1 151.6 0
      vertex 158.787 151.625 0
    endloop
  endfacet
  facet normal 0.759257 0.650791 0
    outer loop
      vertex 157.686 152.186 1.6
      vertex 157.482 152.424 0
      vertex 157.482 152.424 1.6
    endloop
  endfacet
  facet normal 0.759257 0.650791 0
    outer loop
      vertex 157.482 152.424 0
      vertex 157.686 152.186 1.6
      vertex 157.686 152.186 0
    endloop
  endfacet
  facet normal -0.852967 -0.521965 0
    outer loop
      vertex 160.882 154.508 0
      vertex 160.718 154.776 1.6
      vertex 160.718 154.776 0
    endloop
  endfacet
  facet normal -0.852967 -0.521965 0
    outer loop
      vertex 160.718 154.776 1.6
      vertex 160.882 154.508 0
      vertex 160.882 154.508 1.6
    endloop
  endfacet
  facet normal -0.382352 -0.924017 0
    outer loop
      vertex 159.718 155.502 0
      vertex 160.008 155.382 1.6
      vertex 159.718 155.502 1.6
    endloop
  endfacet
  facet normal -0.382352 -0.924017 -0
    outer loop
      vertex 160.008 155.382 1.6
      vertex 159.718 155.502 0
      vertex 160.008 155.382 0
    endloop
  endfacet
  facet normal 0.521965 -0.852967 0
    outer loop
      vertex 157.924 155.218 0
      vertex 158.192 155.382 1.6
      vertex 157.924 155.218 1.6
    endloop
  endfacet
  facet normal 0.521965 -0.852967 0
    outer loop
      vertex 158.192 155.382 1.6
      vertex 157.924 155.218 0
      vertex 158.192 155.382 0
    endloop
  endfacet
  facet normal -0.759257 0.650791 0
    outer loop
      vertex 160.514 152.186 0
      vertex 160.718 152.424 1.6
      vertex 160.718 152.424 0
    endloop
  endfacet
  facet normal -0.759257 0.650791 0
    outer loop
      vertex 160.718 152.424 1.6
      vertex 160.514 152.186 0
      vertex 160.514 152.186 1.6
    endloop
  endfacet
  facet normal -0.924017 -0.382352 0
    outer loop
      vertex 161.002 154.218 0
      vertex 160.882 154.508 1.6
      vertex 160.882 154.508 0
    endloop
  endfacet
  facet normal -0.924017 -0.382352 0
    outer loop
      vertex 160.882 154.508 1.6
      vertex 161.002 154.218 0
      vertex 161.002 154.218 1.6
    endloop
  endfacet
  facet normal 0.852967 0.521965 0
    outer loop
      vertex 157.482 152.424 1.6
      vertex 157.318 152.692 0
      vertex 157.318 152.692 1.6
    endloop
  endfacet
  facet normal 0.852967 0.521965 0
    outer loop
      vertex 157.318 152.692 0
      vertex 157.482 152.424 1.6
      vertex 157.482 152.424 0
    endloop
  endfacet
  facet normal 0.972532 -0.23277 0
    outer loop
      vertex 157.125 153.913 1.6
      vertex 157.198 154.218 0
      vertex 157.198 154.218 1.6
    endloop
  endfacet
  facet normal 0.972532 -0.23277 0
    outer loop
      vertex 157.198 154.218 0
      vertex 157.125 153.913 1.6
      vertex 157.125 153.913 0
    endloop
  endfacet
  facet normal -0.650791 0.759257 0
    outer loop
      vertex 160.514 152.186 0
      vertex 160.276 151.982 1.6
      vertex 160.514 152.186 1.6
    endloop
  endfacet
  facet normal -0.650791 0.759257 0
    outer loop
      vertex 160.276 151.982 1.6
      vertex 160.514 152.186 0
      vertex 160.276 151.982 0
    endloop
  endfacet
  facet normal 0.233421 0 0.972376
    outer loop
      vertex 87.5869 4 24.3426
      vertex 88.655 0 24.0862
      vertex 88.655 4 24.0862
    endloop
  endfacet
  facet normal 0.233421 0 0.972376
    outer loop
      vertex 88.655 0 24.0862
      vertex 87.5869 4 24.3426
      vertex 87.5869 0 24.3426
    endloop
  endfacet
  facet normal -0.382727 0 0.923861
    outer loop
      vertex 91.9131 4 24.3426
      vertex 92.9279 0 24.763
      vertex 92.9279 4 24.763
    endloop
  endfacet
  facet normal -0.382727 0 0.923861
    outer loop
      vertex 92.9279 0 24.763
      vertex 91.9131 4 24.3426
      vertex 91.9131 0 24.3426
    endloop
  endfacet
  facet normal -0.233421 0 0.972376
    outer loop
      vertex 90.845 4 24.0862
      vertex 91.9131 0 24.3426
      vertex 91.9131 4 24.3426
    endloop
  endfacet
  facet normal -0.233421 0 0.972376
    outer loop
      vertex 91.9131 0 24.3426
      vertex 90.845 4 24.0862
      vertex 90.845 0 24.0862
    endloop
  endfacet
  facet normal -0.923861 0 0.382727
    outer loop
      vertex 95.987 0 27.8221
      vertex 96.4074 4 28.8369
      vertex 95.987 4 27.8221
    endloop
  endfacet
  facet normal -0.923861 0 0.382727
    outer loop
      vertex 96.4074 4 28.8369
      vertex 95.987 0 27.8221
      vertex 96.4074 0 28.8369
    endloop
  endfacet
  facet normal 0.0784787 0 0.996916
    outer loop
      vertex 88.655 4 24.0862
      vertex 89.75 0 24
      vertex 89.75 4 24
    endloop
  endfacet
  facet normal 0.0784787 0 0.996916
    outer loop
      vertex 89.75 0 24
      vertex 88.655 4 24.0862
      vertex 88.655 0 24.0862
    endloop
  endfacet
  facet normal -0.85266 0 0.522466
    outer loop
      vertex 95.4131 0 26.8855
      vertex 95.987 4 27.8221
      vertex 95.4131 4 26.8855
    endloop
  endfacet
  facet normal -0.85266 0 0.522466
    outer loop
      vertex 95.987 4 27.8221
      vertex 95.4131 0 26.8855
      vertex 95.987 0 27.8221
    endloop
  endfacet
  facet normal 0.649486 0 0.760374
    outer loop
      vertex 84.8003 4 26.0503
      vertex 85.6355 0 25.3369
      vertex 85.6355 4 25.3369
    endloop
  endfacet
  facet normal 0.649486 0 0.760374
    outer loop
      vertex 85.6355 0 25.3369
      vertex 84.8003 4 26.0503
      vertex 84.8003 0 26.0503
    endloop
  endfacet
  facet normal -0.972311 0 0.233689
    outer loop
      vertex 96.4074 0 28.8369
      vertex 96.4466 4 29
      vertex 96.4074 4 28.8369
    endloop
  endfacet
  facet normal -0.972311 0 0.233689
    outer loop
      vertex 96.4466 4 29
      vertex 96.4074 0 28.8369
      vertex 96.4466 0 29
    endloop
  endfacet
  facet normal -0.649486 0 0.760374
    outer loop
      vertex 93.8645 4 25.3369
      vertex 94.6997 0 26.0503
      vertex 94.6997 4 26.0503
    endloop
  endfacet
  facet normal -0.649486 0 0.760374
    outer loop
      vertex 94.6997 0 26.0503
      vertex 93.8645 4 25.3369
      vertex 93.8645 0 25.3369
    endloop
  endfacet
  facet normal 0.760374 -0 0.649486
    outer loop
      vertex 84.0869 0 26.8855
      vertex 84.8003 4 26.0503
      vertex 84.0869 4 26.8855
    endloop
  endfacet
  facet normal 0.760374 0 0.649486
    outer loop
      vertex 84.8003 4 26.0503
      vertex 84.0869 0 26.8855
      vertex 84.8003 0 26.0503
    endloop
  endfacet
  facet normal 0.972311 -0 0.233689
    outer loop
      vertex 83.0534 0 29
      vertex 83.0926 4 28.8369
      vertex 83.0534 4 29
    endloop
  endfacet
  facet normal 0.972311 0 0.233689
    outer loop
      vertex 83.0926 4 28.8369
      vertex 83.0534 0 29
      vertex 83.0926 0 28.8369
    endloop
  endfacet
  facet normal -0.0784787 0 0.996916
    outer loop
      vertex 89.75 4 24
      vertex 90.845 0 24.0862
      vertex 90.845 4 24.0862
    endloop
  endfacet
  facet normal -0.0784787 0 0.996916
    outer loop
      vertex 90.845 0 24.0862
      vertex 89.75 4 24
      vertex 89.75 0 24
    endloop
  endfacet
  facet normal 0.923861 -0 0.382727
    outer loop
      vertex 83.0926 0 28.8369
      vertex 83.513 4 27.8221
      vertex 83.0926 4 28.8369
    endloop
  endfacet
  facet normal 0.923861 0 0.382727
    outer loop
      vertex 83.513 4 27.8221
      vertex 83.0926 0 28.8369
      vertex 83.513 0 27.8221
    endloop
  endfacet
  facet normal 0.382727 0 0.923861
    outer loop
      vertex 86.5721 4 24.763
      vertex 87.5869 0 24.3426
      vertex 87.5869 4 24.3426
    endloop
  endfacet
  facet normal 0.382727 0 0.923861
    outer loop
      vertex 87.5869 0 24.3426
      vertex 86.5721 4 24.763
      vertex 86.5721 0 24.763
    endloop
  endfacet
  facet normal -0.760374 0 0.649486
    outer loop
      vertex 94.6997 0 26.0503
      vertex 95.4131 4 26.8855
      vertex 94.6997 4 26.0503
    endloop
  endfacet
  facet normal -0.760374 0 0.649486
    outer loop
      vertex 95.4131 4 26.8855
      vertex 94.6997 0 26.0503
      vertex 95.4131 0 26.8855
    endloop
  endfacet
  facet normal -0.522466 0 0.85266
    outer loop
      vertex 92.9279 4 24.763
      vertex 93.8645 0 25.3369
      vertex 93.8645 4 25.3369
    endloop
  endfacet
  facet normal -0.522466 0 0.85266
    outer loop
      vertex 93.8645 0 25.3369
      vertex 92.9279 4 24.763
      vertex 92.9279 0 24.763
    endloop
  endfacet
  facet normal 0.522466 0 0.85266
    outer loop
      vertex 85.6355 4 25.3369
      vertex 86.5721 0 24.763
      vertex 86.5721 4 24.763
    endloop
  endfacet
  facet normal 0.522466 0 0.85266
    outer loop
      vertex 86.5721 0 24.763
      vertex 85.6355 4 25.3369
      vertex 85.6355 0 25.3369
    endloop
  endfacet
  facet normal 0.85266 -0 0.522466
    outer loop
      vertex 83.513 0 27.8221
      vertex 84.0869 4 26.8855
      vertex 83.513 4 27.8221
    endloop
  endfacet
  facet normal 0.85266 0 0.522466
    outer loop
      vertex 84.0869 4 26.8855
      vertex 83.513 0 27.8221
      vertex 84.0869 0 26.8855
    endloop
  endfacet
  facet normal -1 0 0
    outer loop
      vertex 121.75 0 8.84
      vertex 121.75 1.3 5
      vertex 121.75 0 5
    endloop
  endfacet
  facet normal -1 0 0
    outer loop
      vertex 121.75 1.3 5
      vertex 121.75 0 8.84
      vertex 121.75 1.3 17
    endloop
  endfacet
  facet normal -1 0 0
    outer loop
      vertex 121.75 -0.0999994 17
      vertex 121.75 0 8.84
      vertex 121.75 -0.0999994 8.84
    endloop
  endfacet
  facet normal -1 0 0
    outer loop
      vertex 121.75 0 8.84
      vertex 121.75 -0.0999994 17
      vertex 121.75 1.3 17
    endloop
  endfacet
  facet normal 0 0 -1
    outer loop
      vertex 57.75 -0.0999994 17
      vertex 121.75 1.3 17
      vertex 121.75 -0.0999994 17
    endloop
  endfacet
  facet normal -0 0 -1
    outer loop
      vertex 121.75 1.3 17
      vertex 57.75 -0.0999994 17
      vertex 57.75 1.3 17
    endloop
  endfacet
  facet normal -0 0 1
    outer loop
      vertex 57.75 1.3 5
      vertex 121.75 0 5
      vertex 121.75 1.3 5
    endloop
  endfacet
  facet normal 0 0 1
    outer loop
      vertex 121.75 0 5
      vertex 57.75 1.3 5
      vertex 57.75 0 5
    endloop
  endfacet
  facet normal 1 0 0
    outer loop
      vertex 57.75 1.3 17
      vertex 57.75 0 8.84
      vertex 57.75 1.3 5
    endloop
  endfacet
  facet normal 1 -0 0
    outer loop
      vertex 57.75 -0.0999994 17
      vertex 57.75 0 8.84
      vertex 57.75 1.3 17
    endloop
  endfacet
  facet normal 1 0 0
    outer loop
      vertex 57.75 0 8.84
      vertex 57.75 -0.0999994 17
      vertex 57.75 -0.0999994 8.84
    endloop
  endfacet
  facet normal 1 0 0
    outer loop
      vertex 57.75 1.3 5
      vertex 57.75 0 8.84
      vertex 57.75 0 5
    endloop
  endfacet
  facet normal 0 -1 0
    outer loop
      vertex 57.75 1.3 5
      vertex 121.75 1.3 17
      vertex 57.75 1.3 17
    endloop
  endfacet
  facet normal 0 -1 -0
    outer loop
      vertex 121.75 1.3 17
      vertex 57.75 1.3 5
      vertex 121.75 1.3 5
    endloop
  endfacet
  facet normal 0 1 -0
    outer loop
      vertex 121.75 -0.0999994 8.84
      vertex 57.75 -0.0999994 17
      vertex 121.75 -0.0999994 17
    endloop
  endfacet
  facet normal 0 1 0
    outer loop
      vertex 57.75 -0.0999994 17
      vertex 121.75 -0.0999994 8.84
      vertex 57.75 -0.0999994 8.84
    endloop
  endfacet
  facet normal 0 -0.233447 0.97237
    outer loop
      vertex 17.75 28.6829 5.10412
      vertex 161.75 27.1113 4.72681
      vertex 161.75 28.6829 5.10412
    endloop
  endfacet
  facet normal 0 -0.233447 0.97237
    outer loop
      vertex 161.75 27.1113 4.72681
      vertex 17.75 28.6829 5.10412
      vertex 17.75 27.1113 4.72681
    endloop
  endfacet
  facet normal -0 0.0784578 0.996917
    outer loop
      vertex 17.75 25.5 4.6
      vertex 161.75 23.8887 4.72681
      vertex 161.75 25.5 4.6
    endloop
  endfacet
  facet normal 0 0.0784578 0.996917
    outer loop
      vertex 161.75 23.8887 4.72681
      vertex 17.75 25.5 4.6
      vertex 17.75 23.8887 4.72681
    endloop
  endfacet
  facet normal -1 0 0
    outer loop
      vertex 161.75 35.6732 13.2887
      vertex 161.75 35.7213 15.9
      vertex 161.75 35.8 14.9
    endloop
  endfacet
  facet normal -1 0 0
    outer loop
      vertex 161.75 35.2959 11.7171
      vertex 161.75 35.7213 15.9
      vertex 161.75 35.6732 13.2887
    endloop
  endfacet
  facet normal -1 0 0
    outer loop
      vertex 161.75 34.6774 10.2239
      vertex 161.75 35.7213 15.9
      vertex 161.75 35.2959 11.7171
    endloop
  endfacet
  facet normal -1 0 0
    outer loop
      vertex 161.75 33.8329 8.84581
      vertex 161.75 35.7213 15.9
      vertex 161.75 34.6774 10.2239
    endloop
  endfacet
  facet normal -1 0 0
    outer loop
      vertex 161.75 32.7832 7.6168
      vertex 161.75 35.7213 15.9
      vertex 161.75 33.8329 8.84581
    endloop
  endfacet
  facet normal -1 0 0
    outer loop
      vertex 161.75 31.5542 6.56712
      vertex 161.75 35.7213 15.9
      vertex 161.75 32.7832 7.6168
    endloop
  endfacet
  facet normal -1 0 0
    outer loop
      vertex 161.75 30.1761 5.72263
      vertex 161.75 35.7213 15.9
      vertex 161.75 31.5542 6.56712
    endloop
  endfacet
  facet normal -1 0 0
    outer loop
      vertex 161.75 28.6829 5.10412
      vertex 161.75 35.7213 15.9
      vertex 161.75 30.1761 5.72263
    endloop
  endfacet
  facet normal -1 0 0
    outer loop
      vertex 161.75 27.1113 4.72681
      vertex 161.75 35.7213 15.9
      vertex 161.75 28.6829 5.10412
    endloop
  endfacet
  facet normal -1 0 0
    outer loop
      vertex 161.75 25.5 4.6
      vertex 161.75 35.7213 15.9
      vertex 161.75 27.1113 4.72681
    endloop
  endfacet
  facet normal -1 0 0
    outer loop
      vertex 161.75 23.8887 4.72681
      vertex 161.75 35.7213 15.9
      vertex 161.75 25.5 4.6
    endloop
  endfacet
  facet normal -1 0 0
    outer loop
      vertex 161.75 22.3171 5.10412
      vertex 161.75 35.7213 15.9
      vertex 161.75 23.8887 4.72681
    endloop
  endfacet
  facet normal -1 0 0
    outer loop
      vertex 161.75 20.8239 5.72263
      vertex 161.75 35.7213 15.9
      vertex 161.75 22.3171 5.10412
    endloop
  endfacet
  facet normal -1 0 0
    outer loop
      vertex 161.75 19.4458 6.56712
      vertex 161.75 35.7213 15.9
      vertex 161.75 20.8239 5.72263
    endloop
  endfacet
  facet normal -1 0 0
    outer loop
      vertex 161.75 18.2168 7.6168
      vertex 161.75 35.7213 15.9
      vertex 161.75 19.4458 6.56712
    endloop
  endfacet
  facet normal -1 0 0
    outer loop
      vertex 161.75 17.1671 8.84581
      vertex 161.75 35.7213 15.9
      vertex 161.75 18.2168 7.6168
    endloop
  endfacet
  facet normal -1 0 0
    outer loop
      vertex 161.75 16.3226 10.2239
      vertex 161.75 35.7213 15.9
      vertex 161.75 17.1671 8.84581
    endloop
  endfacet
  facet normal -1 0 0
    outer loop
      vertex 161.75 15.7041 11.7171
      vertex 161.75 35.7213 15.9
      vertex 161.75 16.3226 10.2239
    endloop
  endfacet
  facet normal -1 0 0
    outer loop
      vertex 161.75 15.2787 15.9
      vertex 161.75 15.7041 11.7171
      vertex 161.75 15.3268 13.2887
    endloop
  endfacet
  facet normal -1 0 0
    outer loop
      vertex 161.75 15.7041 11.7171
      vertex 161.75 15.2787 15.9
      vertex 161.75 35.7213 15.9
    endloop
  endfacet
  facet normal -1 0 -0
    outer loop
      vertex 161.75 15.2787 15.9
      vertex 161.75 15.3268 13.2887
      vertex 161.75 15.2 14.9
    endloop
  endfacet
  facet normal 0 0.92388 0.382681
    outer loop
      vertex 161.75 16.3226 10.2239
      vertex 17.75 15.7041 11.7171
      vertex 161.75 15.7041 11.7171
    endloop
  endfacet
  facet normal 0 0.92388 0.382681
    outer loop
      vertex 17.75 15.7041 11.7171
      vertex 161.75 16.3226 10.2239
      vertex 17.75 16.3226 10.2239
    endloop
  endfacet
  facet normal 0 -0.92388 0.382681
    outer loop
      vertex 17.75 34.6774 10.2239
      vertex 161.75 35.2959 11.7171
      vertex 17.75 35.2959 11.7171
    endloop
  endfacet
  facet normal 0 -0.92388 0.382681
    outer loop
      vertex 161.75 35.2959 11.7171
      vertex 17.75 34.6774 10.2239
      vertex 161.75 34.6774 10.2239
    endloop
  endfacet
  facet normal 0 -0.522494 0.852643
    outer loop
      vertex 17.75 31.5542 6.56712
      vertex 161.75 30.1761 5.72263
      vertex 161.75 31.5542 6.56712
    endloop
  endfacet
  facet normal 0 -0.522494 0.852643
    outer loop
      vertex 161.75 30.1761 5.72263
      vertex 17.75 31.5542 6.56712
      vertex 17.75 30.1761 5.72263
    endloop
  endfacet
  facet normal 0 -0.996917 -0.0784574
    outer loop
      vertex 17.75 35.8 14.9
      vertex 161.75 35.7213 15.9
      vertex 17.75 35.7213 15.9
    endloop
  endfacet
  facet normal 0 -0.996917 -0.0784574
    outer loop
      vertex 161.75 35.7213 15.9
      vertex 17.75 35.8 14.9
      vertex 161.75 35.8 14.9
    endloop
  endfacet
  facet normal 0 -0.0784578 0.996917
    outer loop
      vertex 17.75 27.1113 4.72681
      vertex 161.75 25.5 4.6
      vertex 161.75 27.1113 4.72681
    endloop
  endfacet
  facet normal 0 -0.0784578 0.996917
    outer loop
      vertex 161.75 25.5 4.6
      vertex 17.75 27.1113 4.72681
      vertex 17.75 25.5 4.6
    endloop
  endfacet
  facet normal 1 0 0
    outer loop
      vertex 17.75 35.7213 15.9
      vertex 17.75 35.6732 13.2887
      vertex 17.75 35.8 14.9
    endloop
  endfacet
  facet normal 1 0 0
    outer loop
      vertex 17.75 35.7213 15.9
      vertex 17.75 35.2959 11.7171
      vertex 17.75 35.6732 13.2887
    endloop
  endfacet
  facet normal 1 0 0
    outer loop
      vertex 17.75 35.7213 15.9
      vertex 17.75 34.6774 10.2239
      vertex 17.75 35.2959 11.7171
    endloop
  endfacet
  facet normal 1 0 0
    outer loop
      vertex 17.75 35.7213 15.9
      vertex 17.75 33.8329 8.84581
      vertex 17.75 34.6774 10.2239
    endloop
  endfacet
  facet normal 1 0 0
    outer loop
      vertex 17.75 35.7213 15.9
      vertex 17.75 32.7832 7.6168
      vertex 17.75 33.8329 8.84581
    endloop
  endfacet
  facet normal 1 0 0
    outer loop
      vertex 17.75 35.7213 15.9
      vertex 17.75 31.5542 6.56712
      vertex 17.75 32.7832 7.6168
    endloop
  endfacet
  facet normal 1 0 0
    outer loop
      vertex 17.75 35.7213 15.9
      vertex 17.75 30.1761 5.72263
      vertex 17.75 31.5542 6.56712
    endloop
  endfacet
  facet normal 1 0 0
    outer loop
      vertex 17.75 35.7213 15.9
      vertex 17.75 28.6829 5.10412
      vertex 17.75 30.1761 5.72263
    endloop
  endfacet
  facet normal 1 0 0
    outer loop
      vertex 17.75 35.7213 15.9
      vertex 17.75 27.1113 4.72681
      vertex 17.75 28.6829 5.10412
    endloop
  endfacet
  facet normal 1 0 0
    outer loop
      vertex 17.75 35.7213 15.9
      vertex 17.75 25.5 4.6
      vertex 17.75 27.1113 4.72681
    endloop
  endfacet
  facet normal 1 0 0
    outer loop
      vertex 17.75 35.7213 15.9
      vertex 17.75 23.8887 4.72681
      vertex 17.75 25.5 4.6
    endloop
  endfacet
  facet normal 1 0 0
    outer loop
      vertex 17.75 35.7213 15.9
      vertex 17.75 22.3171 5.10412
      vertex 17.75 23.8887 4.72681
    endloop
  endfacet
  facet normal 1 0 0
    outer loop
      vertex 17.75 35.7213 15.9
      vertex 17.75 20.8239 5.72263
      vertex 17.75 22.3171 5.10412
    endloop
  endfacet
  facet normal 1 0 0
    outer loop
      vertex 17.75 35.7213 15.9
      vertex 17.75 19.4458 6.56712
      vertex 17.75 20.8239 5.72263
    endloop
  endfacet
  facet normal 1 0 0
    outer loop
      vertex 17.75 35.7213 15.9
      vertex 17.75 18.2168 7.6168
      vertex 17.75 19.4458 6.56712
    endloop
  endfacet
  facet normal 1 0 0
    outer loop
      vertex 17.75 35.7213 15.9
      vertex 17.75 17.1671 8.84581
      vertex 17.75 18.2168 7.6168
    endloop
  endfacet
  facet normal 1 0 0
    outer loop
      vertex 17.75 35.7213 15.9
      vertex 17.75 16.3226 10.2239
      vertex 17.75 17.1671 8.84581
    endloop
  endfacet
  facet normal 1 0 0
    outer loop
      vertex 17.75 35.7213 15.9
      vertex 17.75 15.7041 11.7171
      vertex 17.75 16.3226 10.2239
    endloop
  endfacet
  facet normal 1 -0 0
    outer loop
      vertex 17.75 15.2787 15.9
      vertex 17.75 15.7041 11.7171
      vertex 17.75 35.7213 15.9
    endloop
  endfacet
  facet normal 1 0 0
    outer loop
      vertex 17.75 15.7041 11.7171
      vertex 17.75 15.2787 15.9
      vertex 17.75 15.3268 13.2887
    endloop
  endfacet
  facet normal 1 0 0
    outer loop
      vertex 17.75 15.3268 13.2887
      vertex 17.75 15.2787 15.9
      vertex 17.75 15.2 14.9
    endloop
  endfacet
  facet normal 0 0.852639 0.522501
    outer loop
      vertex 161.75 17.1671 8.84581
      vertex 17.75 16.3226 10.2239
      vertex 161.75 16.3226 10.2239
    endloop
  endfacet
  facet normal 0 0.852639 0.522501
    outer loop
      vertex 17.75 16.3226 10.2239
      vertex 161.75 17.1671 8.84581
      vertex 17.75 17.1671 8.84581
    endloop
  endfacet
  facet normal -0 0.649453 0.760401
    outer loop
      vertex 17.75 19.4458 6.56712
      vertex 161.75 18.2168 7.6168
      vertex 161.75 19.4458 6.56712
    endloop
  endfacet
  facet normal 0 0.649453 0.760401
    outer loop
      vertex 161.75 18.2168 7.6168
      vertex 17.75 19.4458 6.56712
      vertex 17.75 18.2168 7.6168
    endloop
  endfacet
  facet normal 0 -0.382687 0.923878
    outer loop
      vertex 17.75 30.1761 5.72263
      vertex 161.75 28.6829 5.10412
      vertex 161.75 30.1761 5.72263
    endloop
  endfacet
  facet normal 0 -0.382687 0.923878
    outer loop
      vertex 161.75 28.6829 5.10412
      vertex 17.75 30.1761 5.72263
      vertex 17.75 28.6829 5.10412
    endloop
  endfacet
  facet normal -0 0.233447 0.97237
    outer loop
      vertex 17.75 23.8887 4.72681
      vertex 161.75 22.3171 5.10412
      vertex 161.75 23.8887 4.72681
    endloop
  endfacet
  facet normal 0 0.233447 0.97237
    outer loop
      vertex 161.75 22.3171 5.10412
      vertex 17.75 23.8887 4.72681
      vertex 17.75 22.3171 5.10412
    endloop
  endfacet
  facet normal 0 -0.760398 0.649457
    outer loop
      vertex 17.75 32.7832 7.6168
      vertex 161.75 33.8329 8.84581
      vertex 17.75 33.8329 8.84581
    endloop
  endfacet
  facet normal 0 -0.760398 0.649457
    outer loop
      vertex 161.75 33.8329 8.84581
      vertex 17.75 32.7832 7.6168
      vertex 161.75 32.7832 7.6168
    endloop
  endfacet
  facet normal 0 -0.649453 0.760401
    outer loop
      vertex 17.75 32.7832 7.6168
      vertex 161.75 31.5542 6.56712
      vertex 161.75 32.7832 7.6168
    endloop
  endfacet
  facet normal 0 -0.649453 0.760401
    outer loop
      vertex 161.75 31.5542 6.56712
      vertex 17.75 32.7832 7.6168
      vertex 17.75 31.5542 6.56712
    endloop
  endfacet
  facet normal 0 -0.852639 0.522501
    outer loop
      vertex 17.75 33.8329 8.84581
      vertex 161.75 34.6774 10.2239
      vertex 17.75 34.6774 10.2239
    endloop
  endfacet
  facet normal 0 -0.852639 0.522501
    outer loop
      vertex 161.75 34.6774 10.2239
      vertex 17.75 33.8329 8.84581
      vertex 161.75 33.8329 8.84581
    endloop
  endfacet
  facet normal 0 0.972371 0.233441
    outer loop
      vertex 161.75 15.7041 11.7171
      vertex 17.75 15.3268 13.2887
      vertex 161.75 15.3268 13.2887
    endloop
  endfacet
  facet normal 0 0.972371 0.233441
    outer loop
      vertex 17.75 15.3268 13.2887
      vertex 161.75 15.7041 11.7171
      vertex 17.75 15.7041 11.7171
    endloop
  endfacet
  facet normal 0 0.760398 0.649457
    outer loop
      vertex 161.75 18.2168 7.6168
      vertex 17.75 17.1671 8.84581
      vertex 161.75 17.1671 8.84581
    endloop
  endfacet
  facet normal 0 0.760398 0.649457
    outer loop
      vertex 17.75 17.1671 8.84581
      vertex 161.75 18.2168 7.6168
      vertex 17.75 18.2168 7.6168
    endloop
  endfacet
  facet normal -0 0.522494 0.852643
    outer loop
      vertex 17.75 20.8239 5.72263
      vertex 161.75 19.4458 6.56712
      vertex 161.75 20.8239 5.72263
    endloop
  endfacet
  facet normal 0 0.522494 0.852643
    outer loop
      vertex 161.75 19.4458 6.56712
      vertex 17.75 20.8239 5.72263
      vertex 17.75 19.4458 6.56712
    endloop
  endfacet
  facet normal 0 0.996918 0.0784517
    outer loop
      vertex 161.75 15.3268 13.2887
      vertex 17.75 15.2 14.9
      vertex 161.75 15.2 14.9
    endloop
  endfacet
  facet normal 0 0.996918 0.0784517
    outer loop
      vertex 17.75 15.2 14.9
      vertex 161.75 15.3268 13.2887
      vertex 17.75 15.3268 13.2887
    endloop
  endfacet
  facet normal -0 0.382687 0.923878
    outer loop
      vertex 17.75 22.3171 5.10412
      vertex 161.75 20.8239 5.72263
      vertex 161.75 22.3171 5.10412
    endloop
  endfacet
  facet normal 0 0.382687 0.923878
    outer loop
      vertex 161.75 20.8239 5.72263
      vertex 17.75 22.3171 5.10412
      vertex 17.75 20.8239 5.72263
    endloop
  endfacet
  facet normal 0 -0.972371 0.233441
    outer loop
      vertex 17.75 35.2959 11.7171
      vertex 161.75 35.6732 13.2887
      vertex 17.75 35.6732 13.2887
    endloop
  endfacet
  facet normal 0 -0.972371 0.233441
    outer loop
      vertex 161.75 35.6732 13.2887
      vertex 17.75 35.2959 11.7171
      vertex 161.75 35.2959 11.7171
    endloop
  endfacet
  facet normal 0 -0.996918 0.0784517
    outer loop
      vertex 17.75 35.6732 13.2887
      vertex 161.75 35.8 14.9
      vertex 17.75 35.8 14.9
    endloop
  endfacet
  facet normal 0 -0.996918 0.0784517
    outer loop
      vertex 161.75 35.8 14.9
      vertex 17.75 35.6732 13.2887
      vertex 161.75 35.6732 13.2887
    endloop
  endfacet
  facet normal 0 0.996917 -0.0784574
    outer loop
      vertex 161.75 15.2 14.9
      vertex 17.75 15.2787 15.9
      vertex 161.75 15.2787 15.9
    endloop
  endfacet
  facet normal 0 0.996917 -0.0784574
    outer loop
      vertex 17.75 15.2787 15.9
      vertex 161.75 15.2 14.9
      vertex 17.75 15.2 14.9
    endloop
  endfacet
  facet normal 0 -0.233447 0.97237
    outer loop
      vertex 17.75 53.2829 5.10412
      vertex 161.75 51.7113 4.72681
      vertex 161.75 53.2829 5.10412
    endloop
  endfacet
  facet normal 0 -0.233447 0.97237
    outer loop
      vertex 161.75 51.7113 4.72681
      vertex 17.75 53.2829 5.10412
      vertex 17.75 51.7113 4.72681
    endloop
  endfacet
  facet normal 0 -0.0784578 0.996917
    outer loop
      vertex 17.75 51.7113 4.72681
      vertex 161.75 50.1 4.6
      vertex 161.75 51.7113 4.72681
    endloop
  endfacet
  facet normal 0 -0.0784578 0.996917
    outer loop
      vertex 161.75 50.1 4.6
      vertex 17.75 51.7113 4.72681
      vertex 17.75 50.1 4.6
    endloop
  endfacet
  facet normal 0 0.996917 -0.0784574
    outer loop
      vertex 161.75 39.8 14.9
      vertex 17.75 39.8787 15.9
      vertex 161.75 39.8787 15.9
    endloop
  endfacet
  facet normal 0 0.996917 -0.0784574
    outer loop
      vertex 17.75 39.8787 15.9
      vertex 161.75 39.8 14.9
      vertex 17.75 39.8 14.9
    endloop
  endfacet
  facet normal 0 0.996918 0.0784517
    outer loop
      vertex 161.75 39.9268 13.2887
      vertex 17.75 39.8 14.9
      vertex 161.75 39.8 14.9
    endloop
  endfacet
  facet normal 0 0.996918 0.0784517
    outer loop
      vertex 17.75 39.8 14.9
      vertex 161.75 39.9268 13.2887
      vertex 17.75 39.9268 13.2887
    endloop
  endfacet
  facet normal 0 0.972371 0.233441
    outer loop
      vertex 161.75 40.3041 11.7171
      vertex 17.75 39.9268 13.2887
      vertex 161.75 39.9268 13.2887
    endloop
  endfacet
  facet normal 0 0.972371 0.233441
    outer loop
      vertex 17.75 39.9268 13.2887
      vertex 161.75 40.3041 11.7171
      vertex 17.75 40.3041 11.7171
    endloop
  endfacet
  facet normal 0 -0.92388 0.382681
    outer loop
      vertex 17.75 59.2774 10.2239
      vertex 161.75 59.8959 11.7171
      vertex 17.75 59.8959 11.7171
    endloop
  endfacet
  facet normal 0 -0.92388 0.382681
    outer loop
      vertex 161.75 59.8959 11.7171
      vertex 17.75 59.2774 10.2239
      vertex 161.75 59.2774 10.2239
    endloop
  endfacet
  facet normal -0 0.649453 0.760401
    outer loop
      vertex 17.75 44.0458 6.56712
      vertex 161.75 42.8168 7.6168
      vertex 161.75 44.0458 6.56712
    endloop
  endfacet
  facet normal 0 0.649453 0.760401
    outer loop
      vertex 161.75 42.8168 7.6168
      vertex 17.75 44.0458 6.56712
      vertex 17.75 42.8168 7.6168
    endloop
  endfacet
  facet normal 0 -0.382687 0.923878
    outer loop
      vertex 17.75 54.7761 5.72263
      vertex 161.75 53.2829 5.10412
      vertex 161.75 54.7761 5.72263
    endloop
  endfacet
  facet normal 0 -0.382687 0.923878
    outer loop
      vertex 161.75 53.2829 5.10412
      vertex 17.75 54.7761 5.72263
      vertex 17.75 53.2829 5.10412
    endloop
  endfacet
  facet normal 0 0.760398 0.649457
    outer loop
      vertex 161.75 42.8168 7.6168
      vertex 17.75 41.7671 8.84581
      vertex 161.75 41.7671 8.84581
    endloop
  endfacet
  facet normal 0 0.760398 0.649457
    outer loop
      vertex 17.75 41.7671 8.84581
      vertex 161.75 42.8168 7.6168
      vertex 17.75 42.8168 7.6168
    endloop
  endfacet
  facet normal -0 0.522494 0.852643
    outer loop
      vertex 17.75 45.4239 5.72263
      vertex 161.75 44.0458 6.56712
      vertex 161.75 45.4239 5.72263
    endloop
  endfacet
  facet normal 0 0.522494 0.852643
    outer loop
      vertex 161.75 44.0458 6.56712
      vertex 17.75 45.4239 5.72263
      vertex 17.75 44.0458 6.56712
    endloop
  endfacet
  facet normal 0 -0.649453 0.760401
    outer loop
      vertex 17.75 57.3832 7.6168
      vertex 161.75 56.1542 6.56712
      vertex 161.75 57.3832 7.6168
    endloop
  endfacet
  facet normal 0 -0.649453 0.760401
    outer loop
      vertex 161.75 56.1542 6.56712
      vertex 17.75 57.3832 7.6168
      vertex 17.75 56.1542 6.56712
    endloop
  endfacet
  facet normal 0 -0.760398 0.649457
    outer loop
      vertex 17.75 57.3832 7.6168
      vertex 161.75 58.4329 8.84581
      vertex 17.75 58.4329 8.84581
    endloop
  endfacet
  facet normal 0 -0.760398 0.649457
    outer loop
      vertex 161.75 58.4329 8.84581
      vertex 17.75 57.3832 7.6168
      vertex 161.75 57.3832 7.6168
    endloop
  endfacet
  facet normal 0 -0.852639 0.522501
    outer loop
      vertex 17.75 58.4329 8.84581
      vertex 161.75 59.2774 10.2239
      vertex 17.75 59.2774 10.2239
    endloop
  endfacet
  facet normal 0 -0.852639 0.522501
    outer loop
      vertex 161.75 59.2774 10.2239
      vertex 17.75 58.4329 8.84581
      vertex 161.75 58.4329 8.84581
    endloop
  endfacet
  facet normal 0 -0.996917 -0.0784574
    outer loop
      vertex 17.75 60.4 14.9
      vertex 161.75 60.3213 15.9
      vertex 17.75 60.3213 15.9
    endloop
  endfacet
  facet normal 0 -0.996917 -0.0784574
    outer loop
      vertex 161.75 60.3213 15.9
      vertex 17.75 60.4 14.9
      vertex 161.75 60.4 14.9
    endloop
  endfacet
  facet normal -0 0.0784578 0.996917
    outer loop
      vertex 17.75 50.1 4.6
      vertex 161.75 48.4887 4.72681
      vertex 161.75 50.1 4.6
    endloop
  endfacet
  facet normal 0 0.0784578 0.996917
    outer loop
      vertex 161.75 48.4887 4.72681
      vertex 17.75 50.1 4.6
      vertex 17.75 48.4887 4.72681
    endloop
  endfacet
  facet normal -1 0 0
    outer loop
      vertex 161.75 60.2732 13.2887
      vertex 161.75 60.3213 15.9
      vertex 161.75 60.4 14.9
    endloop
  endfacet
  facet normal -1 0 0
    outer loop
      vertex 161.75 59.8959 11.7171
      vertex 161.75 60.3213 15.9
      vertex 161.75 60.2732 13.2887
    endloop
  endfacet
  facet normal -1 0 0
    outer loop
      vertex 161.75 59.2774 10.2239
      vertex 161.75 60.3213 15.9
      vertex 161.75 59.8959 11.7171
    endloop
  endfacet
  facet normal -1 0 0
    outer loop
      vertex 161.75 58.4329 8.84581
      vertex 161.75 60.3213 15.9
      vertex 161.75 59.2774 10.2239
    endloop
  endfacet
  facet normal -1 0 0
    outer loop
      vertex 161.75 57.3832 7.6168
      vertex 161.75 60.3213 15.9
      vertex 161.75 58.4329 8.84581
    endloop
  endfacet
  facet normal -1 0 0
    outer loop
      vertex 161.75 56.1542 6.56712
      vertex 161.75 60.3213 15.9
      vertex 161.75 57.3832 7.6168
    endloop
  endfacet
  facet normal -1 0 0
    outer loop
      vertex 161.75 54.7761 5.72263
      vertex 161.75 60.3213 15.9
      vertex 161.75 56.1542 6.56712
    endloop
  endfacet
  facet normal -1 0 0
    outer loop
      vertex 161.75 53.2829 5.10412
      vertex 161.75 60.3213 15.9
      vertex 161.75 54.7761 5.72263
    endloop
  endfacet
  facet normal -1 0 0
    outer loop
      vertex 161.75 51.7113 4.72681
      vertex 161.75 60.3213 15.9
      vertex 161.75 53.2829 5.10412
    endloop
  endfacet
  facet normal -1 0 0
    outer loop
      vertex 161.75 50.1 4.6
      vertex 161.75 60.3213 15.9
      vertex 161.75 51.7113 4.72681
    endloop
  endfacet
  facet normal -1 0 0
    outer loop
      vertex 161.75 48.4887 4.72681
      vertex 161.75 60.3213 15.9
      vertex 161.75 50.1 4.6
    endloop
  endfacet
  facet normal -1 0 0
    outer loop
      vertex 161.75 46.9171 5.10412
      vertex 161.75 60.3213 15.9
      vertex 161.75 48.4887 4.72681
    endloop
  endfacet
  facet normal -1 0 0
    outer loop
      vertex 161.75 45.4239 5.72263
      vertex 161.75 60.3213 15.9
      vertex 161.75 46.9171 5.10412
    endloop
  endfacet
  facet normal -1 0 0
    outer loop
      vertex 161.75 44.0458 6.56712
      vertex 161.75 60.3213 15.9
      vertex 161.75 45.4239 5.72263
    endloop
  endfacet
  facet normal -1 0 0
    outer loop
      vertex 161.75 42.8168 7.6168
      vertex 161.75 60.3213 15.9
      vertex 161.75 44.0458 6.56712
    endloop
  endfacet
  facet normal -1 0 0
    outer loop
      vertex 161.75 41.7671 8.84581
      vertex 161.75 60.3213 15.9
      vertex 161.75 42.8168 7.6168
    endloop
  endfacet
  facet normal -1 0 0
    outer loop
      vertex 161.75 40.9226 10.2239
      vertex 161.75 60.3213 15.9
      vertex 161.75 41.7671 8.84581
    endloop
  endfacet
  facet normal -1 0 0
    outer loop
      vertex 161.75 40.3041 11.7171
      vertex 161.75 60.3213 15.9
      vertex 161.75 40.9226 10.2239
    endloop
  endfacet
  facet normal -1 0 0
    outer loop
      vertex 161.75 39.8787 15.9
      vertex 161.75 40.3041 11.7171
      vertex 161.75 39.9268 13.2887
    endloop
  endfacet
  facet normal -1 0 0
    outer loop
      vertex 161.75 40.3041 11.7171
      vertex 161.75 39.8787 15.9
      vertex 161.75 60.3213 15.9
    endloop
  endfacet
  facet normal -1 0 -0
    outer loop
      vertex 161.75 39.8787 15.9
      vertex 161.75 39.9268 13.2887
      vertex 161.75 39.8 14.9
    endloop
  endfacet
  facet normal 0 -0.522494 0.852643
    outer loop
      vertex 17.75 56.1542 6.56712
      vertex 161.75 54.7761 5.72263
      vertex 161.75 56.1542 6.56712
    endloop
  endfacet
  facet normal 0 -0.522494 0.852643
    outer loop
      vertex 161.75 54.7761 5.72263
      vertex 17.75 56.1542 6.56712
      vertex 17.75 54.7761 5.72263
    endloop
  endfacet
  facet normal 0 -0.972371 0.233441
    outer loop
      vertex 17.75 59.8959 11.7171
      vertex 161.75 60.2732 13.2887
      vertex 17.75 60.2732 13.2887
    endloop
  endfacet
  facet normal 0 -0.972371 0.233441
    outer loop
      vertex 161.75 60.2732 13.2887
      vertex 17.75 59.8959 11.7171
      vertex 161.75 59.8959 11.7171
    endloop
  endfacet
  facet normal -0 0.233447 0.97237
    outer loop
      vertex 17.75 48.4887 4.72681
      vertex 161.75 46.9171 5.10412
      vertex 161.75 48.4887 4.72681
    endloop
  endfacet
  facet normal 0 0.233447 0.97237
    outer loop
      vertex 161.75 46.9171 5.10412
      vertex 17.75 48.4887 4.72681
      vertex 17.75 46.9171 5.10412
    endloop
  endfacet
  facet normal 0 0.852639 0.522501
    outer loop
      vertex 161.75 41.7671 8.84581
      vertex 17.75 40.9226 10.2239
      vertex 161.75 40.9226 10.2239
    endloop
  endfacet
  facet normal 0 0.852639 0.522501
    outer loop
      vertex 17.75 40.9226 10.2239
      vertex 161.75 41.7671 8.84581
      vertex 17.75 41.7671 8.84581
    endloop
  endfacet
  facet normal 0 -0.996918 0.0784517
    outer loop
      vertex 17.75 60.2732 13.2887
      vertex 161.75 60.4 14.9
      vertex 17.75 60.4 14.9
    endloop
  endfacet
  facet normal 0 -0.996918 0.0784517
    outer loop
      vertex 161.75 60.4 14.9
      vertex 17.75 60.2732 13.2887
      vertex 161.75 60.2732 13.2887
    endloop
  endfacet
  facet normal -0 0.382687 0.923878
    outer loop
      vertex 17.75 46.9171 5.10412
      vertex 161.75 45.4239 5.72263
      vertex 161.75 46.9171 5.10412
    endloop
  endfacet
  facet normal 0 0.382687 0.923878
    outer loop
      vertex 161.75 45.4239 5.72263
      vertex 17.75 46.9171 5.10412
      vertex 17.75 45.4239 5.72263
    endloop
  endfacet
  facet normal 0 0.92388 0.382681
    outer loop
      vertex 161.75 40.9226 10.2239
      vertex 17.75 40.3041 11.7171
      vertex 161.75 40.3041 11.7171
    endloop
  endfacet
  facet normal 0 0.92388 0.382681
    outer loop
      vertex 17.75 40.3041 11.7171
      vertex 161.75 40.9226 10.2239
      vertex 17.75 40.9226 10.2239
    endloop
  endfacet
  facet normal 1 0 0
    outer loop
      vertex 17.75 60.3213 15.9
      vertex 17.75 60.2732 13.2887
      vertex 17.75 60.4 14.9
    endloop
  endfacet
  facet normal 1 0 0
    outer loop
      vertex 17.75 60.3213 15.9
      vertex 17.75 59.8959 11.7171
      vertex 17.75 60.2732 13.2887
    endloop
  endfacet
  facet normal 1 0 0
    outer loop
      vertex 17.75 60.3213 15.9
      vertex 17.75 59.2774 10.2239
      vertex 17.75 59.8959 11.7171
    endloop
  endfacet
  facet normal 1 0 0
    outer loop
      vertex 17.75 60.3213 15.9
      vertex 17.75 58.4329 8.84581
      vertex 17.75 59.2774 10.2239
    endloop
  endfacet
  facet normal 1 0 0
    outer loop
      vertex 17.75 60.3213 15.9
      vertex 17.75 57.3832 7.6168
      vertex 17.75 58.4329 8.84581
    endloop
  endfacet
  facet normal 1 0 0
    outer loop
      vertex 17.75 60.3213 15.9
      vertex 17.75 56.1542 6.56712
      vertex 17.75 57.3832 7.6168
    endloop
  endfacet
  facet normal 1 0 0
    outer loop
      vertex 17.75 60.3213 15.9
      vertex 17.75 54.7761 5.72263
      vertex 17.75 56.1542 6.56712
    endloop
  endfacet
  facet normal 1 0 0
    outer loop
      vertex 17.75 60.3213 15.9
      vertex 17.75 53.2829 5.10412
      vertex 17.75 54.7761 5.72263
    endloop
  endfacet
  facet normal 1 0 0
    outer loop
      vertex 17.75 60.3213 15.9
      vertex 17.75 51.7113 4.72681
      vertex 17.75 53.2829 5.10412
    endloop
  endfacet
  facet normal 1 0 0
    outer loop
      vertex 17.75 60.3213 15.9
      vertex 17.75 50.1 4.6
      vertex 17.75 51.7113 4.72681
    endloop
  endfacet
  facet normal 1 0 0
    outer loop
      vertex 17.75 60.3213 15.9
      vertex 17.75 48.4887 4.72681
      vertex 17.75 50.1 4.6
    endloop
  endfacet
  facet normal 1 0 0
    outer loop
      vertex 17.75 60.3213 15.9
      vertex 17.75 46.9171 5.10412
      vertex 17.75 48.4887 4.72681
    endloop
  endfacet
  facet normal 1 0 0
    outer loop
      vertex 17.75 60.3213 15.9
      vertex 17.75 45.4239 5.72263
      vertex 17.75 46.9171 5.10412
    endloop
  endfacet
  facet normal 1 0 0
    outer loop
      vertex 17.75 60.3213 15.9
      vertex 17.75 44.0458 6.56712
      vertex 17.75 45.4239 5.72263
    endloop
  endfacet
  facet normal 1 0 0
    outer loop
      vertex 17.75 60.3213 15.9
      vertex 17.75 42.8168 7.6168
      vertex 17.75 44.0458 6.56712
    endloop
  endfacet
  facet normal 1 0 0
    outer loop
      vertex 17.75 60.3213 15.9
      vertex 17.75 41.7671 8.84581
      vertex 17.75 42.8168 7.6168
    endloop
  endfacet
  facet normal 1 0 0
    outer loop
      vertex 17.75 60.3213 15.9
      vertex 17.75 40.9226 10.2239
      vertex 17.75 41.7671 8.84581
    endloop
  endfacet
  facet normal 1 0 0
    outer loop
      vertex 17.75 60.3213 15.9
      vertex 17.75 40.3041 11.7171
      vertex 17.75 40.9226 10.2239
    endloop
  endfacet
  facet normal 1 -0 0
    outer loop
      vertex 17.75 39.8787 15.9
      vertex 17.75 40.3041 11.7171
      vertex 17.75 60.3213 15.9
    endloop
  endfacet
  facet normal 1 0 0
    outer loop
      vertex 17.75 40.3041 11.7171
      vertex 17.75 39.8787 15.9
      vertex 17.75 39.9268 13.2887
    endloop
  endfacet
  facet normal 1 0 0
    outer loop
      vertex 17.75 39.9268 13.2887
      vertex 17.75 39.8787 15.9
      vertex 17.75 39.8 14.9
    endloop
  endfacet
  facet normal -0 0.0784578 0.996917
    outer loop
      vertex 17.75 74.7 4.6
      vertex 161.75 73.0887 4.72681
      vertex 161.75 74.7 4.6
    endloop
  endfacet
  facet normal 0 0.0784578 0.996917
    outer loop
      vertex 161.75 73.0887 4.72681
      vertex 17.75 74.7 4.6
      vertex 17.75 73.0887 4.72681
    endloop
  endfacet
  facet normal 0 0.92388 0.382681
    outer loop
      vertex 161.75 65.5226 10.2239
      vertex 17.75 64.9041 11.7171
      vertex 161.75 64.9041 11.7171
    endloop
  endfacet
  facet normal 0 0.92388 0.382681
    outer loop
      vertex 17.75 64.9041 11.7171
      vertex 161.75 65.5226 10.2239
      vertex 17.75 65.5226 10.2239
    endloop
  endfacet
  facet normal -0 0.382687 0.923878
    outer loop
      vertex 17.75 71.5171 5.10412
      vertex 161.75 70.0239 5.72263
      vertex 161.75 71.5171 5.10412
    endloop
  endfacet
  facet normal 0 0.382687 0.923878
    outer loop
      vertex 161.75 70.0239 5.72263
      vertex 17.75 71.5171 5.10412
      vertex 17.75 70.0239 5.72263
    endloop
  endfacet
  facet normal 0 -0.0784578 0.996917
    outer loop
      vertex 17.75 76.3113 4.72681
      vertex 161.75 74.7 4.6
      vertex 161.75 76.3113 4.72681
    endloop
  endfacet
  facet normal 0 -0.0784578 0.996917
    outer loop
      vertex 161.75 74.7 4.6
      vertex 17.75 76.3113 4.72681
      vertex 17.75 74.7 4.6
    endloop
  endfacet
  facet normal 0 0.996918 0.0784517
    outer loop
      vertex 161.75 64.5268 13.2887
      vertex 17.75 64.4 14.9
      vertex 161.75 64.4 14.9
    endloop
  endfacet
  facet normal 0 0.996918 0.0784517
    outer loop
      vertex 17.75 64.4 14.9
      vertex 161.75 64.5268 13.2887
      vertex 17.75 64.5268 13.2887
    endloop
  endfacet
  facet normal 0 -0.92388 0.382681
    outer loop
      vertex 17.75 83.8774 10.2239
      vertex 161.75 84.4959 11.7171
      vertex 17.75 84.4959 11.7171
    endloop
  endfacet
  facet normal 0 -0.92388 0.382681
    outer loop
      vertex 161.75 84.4959 11.7171
      vertex 17.75 83.8774 10.2239
      vertex 161.75 83.8774 10.2239
    endloop
  endfacet
  facet normal 0 0.760398 0.649457
    outer loop
      vertex 161.75 67.4168 7.6168
      vertex 17.75 66.3671 8.84581
      vertex 161.75 66.3671 8.84581
    endloop
  endfacet
  facet normal 0 0.760398 0.649457
    outer loop
      vertex 17.75 66.3671 8.84581
      vertex 161.75 67.4168 7.6168
      vertex 17.75 67.4168 7.6168
    endloop
  endfacet
  facet normal 0 0.972371 0.233441
    outer loop
      vertex 161.75 64.9041 11.7171
      vertex 17.75 64.5268 13.2887
      vertex 161.75 64.5268 13.2887
    endloop
  endfacet
  facet normal 0 0.972371 0.233441
    outer loop
      vertex 17.75 64.5268 13.2887
      vertex 161.75 64.9041 11.7171
      vertex 17.75 64.9041 11.7171
    endloop
  endfacet
  facet normal 0 -0.649453 0.760401
    outer loop
      vertex 17.75 81.9832 7.6168
      vertex 161.75 80.7542 6.56712
      vertex 161.75 81.9832 7.6168
    endloop
  endfacet
  facet normal 0 -0.649453 0.760401
    outer loop
      vertex 161.75 80.7542 6.56712
      vertex 17.75 81.9832 7.6168
      vertex 17.75 80.7542 6.56712
    endloop
  endfacet
  facet normal 0 -0.233447 0.97237
    outer loop
      vertex 17.75 77.8829 5.10412
      vertex 161.75 76.3113 4.72681
      vertex 161.75 77.8829 5.10412
    endloop
  endfacet
  facet normal 0 -0.233447 0.97237
    outer loop
      vertex 161.75 76.3113 4.72681
      vertex 17.75 77.8829 5.10412
      vertex 17.75 76.3113 4.72681
    endloop
  endfacet
  facet normal -0 0.649453 0.760401
    outer loop
      vertex 17.75 68.6458 6.56712
      vertex 161.75 67.4168 7.6168
      vertex 161.75 68.6458 6.56712
    endloop
  endfacet
  facet normal 0 0.649453 0.760401
    outer loop
      vertex 161.75 67.4168 7.6168
      vertex 17.75 68.6458 6.56712
      vertex 17.75 67.4168 7.6168
    endloop
  endfacet
  facet normal 0 -0.760398 0.649457
    outer loop
      vertex 17.75 81.9832 7.6168
      vertex 161.75 83.0329 8.84581
      vertex 17.75 83.0329 8.84581
    endloop
  endfacet
  facet normal 0 -0.760398 0.649457
    outer loop
      vertex 161.75 83.0329 8.84581
      vertex 17.75 81.9832 7.6168
      vertex 161.75 81.9832 7.6168
    endloop
  endfacet
  facet normal 0 -0.852639 0.522501
    outer loop
      vertex 17.75 83.0329 8.84581
      vertex 161.75 83.8774 10.2239
      vertex 17.75 83.8774 10.2239
    endloop
  endfacet
  facet normal 0 -0.852639 0.522501
    outer loop
      vertex 161.75 83.8774 10.2239
      vertex 17.75 83.0329 8.84581
      vertex 161.75 83.0329 8.84581
    endloop
  endfacet
  facet normal 0 -0.522494 0.852643
    outer loop
      vertex 17.75 80.7542 6.56712
      vertex 161.75 79.3761 5.72263
      vertex 161.75 80.7542 6.56712
    endloop
  endfacet
  facet normal 0 -0.522494 0.852643
    outer loop
      vertex 161.75 79.3761 5.72263
      vertex 17.75 80.7542 6.56712
      vertex 17.75 79.3761 5.72263
    endloop
  endfacet
  facet normal -0 0.233447 0.97237
    outer loop
      vertex 17.75 73.0887 4.72681
      vertex 161.75 71.5171 5.10412
      vertex 161.75 73.0887 4.72681
    endloop
  endfacet
  facet normal 0 0.233447 0.97237
    outer loop
      vertex 161.75 71.5171 5.10412
      vertex 17.75 73.0887 4.72681
      vertex 17.75 71.5171 5.10412
    endloop
  endfacet
  facet normal -1 0 0
    outer loop
      vertex 161.75 84.8732 13.2887
      vertex 161.75 84.9213 15.9
      vertex 161.75 85 14.9
    endloop
  endfacet
  facet normal -1 0 0
    outer loop
      vertex 161.75 84.4959 11.7171
      vertex 161.75 84.9213 15.9
      vertex 161.75 84.8732 13.2887
    endloop
  endfacet
  facet normal -1 0 0
    outer loop
      vertex 161.75 83.8774 10.2239
      vertex 161.75 84.9213 15.9
      vertex 161.75 84.4959 11.7171
    endloop
  endfacet
  facet normal -1 0 0
    outer loop
      vertex 161.75 83.0329 8.84581
      vertex 161.75 84.9213 15.9
      vertex 161.75 83.8774 10.2239
    endloop
  endfacet
  facet normal -1 0 0
    outer loop
      vertex 161.75 81.9832 7.6168
      vertex 161.75 84.9213 15.9
      vertex 161.75 83.0329 8.84581
    endloop
  endfacet
  facet normal -1 0 0
    outer loop
      vertex 161.75 80.7542 6.56712
      vertex 161.75 84.9213 15.9
      vertex 161.75 81.9832 7.6168
    endloop
  endfacet
  facet normal -1 0 0
    outer loop
      vertex 161.75 79.3761 5.72263
      vertex 161.75 84.9213 15.9
      vertex 161.75 80.7542 6.56712
    endloop
  endfacet
  facet normal -1 0 0
    outer loop
      vertex 161.75 77.8829 5.10412
      vertex 161.75 84.9213 15.9
      vertex 161.75 79.3761 5.72263
    endloop
  endfacet
  facet normal -1 0 0
    outer loop
      vertex 161.75 76.3113 4.72681
      vertex 161.75 84.9213 15.9
      vertex 161.75 77.8829 5.10412
    endloop
  endfacet
  facet normal -1 0 0
    outer loop
      vertex 161.75 74.7 4.6
      vertex 161.75 84.9213 15.9
      vertex 161.75 76.3113 4.72681
    endloop
  endfacet
  facet normal -1 0 0
    outer loop
      vertex 161.75 73.0887 4.72681
      vertex 161.75 84.9213 15.9
      vertex 161.75 74.7 4.6
    endloop
  endfacet
  facet normal -1 0 0
    outer loop
      vertex 161.75 71.5171 5.10412
      vertex 161.75 84.9213 15.9
      vertex 161.75 73.0887 4.72681
    endloop
  endfacet
  facet normal -1 0 0
    outer loop
      vertex 161.75 70.0239 5.72263
      vertex 161.75 84.9213 15.9
      vertex 161.75 71.5171 5.10412
    endloop
  endfacet
  facet normal -1 0 0
    outer loop
      vertex 161.75 68.6458 6.56712
      vertex 161.75 84.9213 15.9
      vertex 161.75 70.0239 5.72263
    endloop
  endfacet
  facet normal -1 0 0
    outer loop
      vertex 161.75 67.4168 7.6168
      vertex 161.75 84.9213 15.9
      vertex 161.75 68.6458 6.56712
    endloop
  endfacet
  facet normal -1 0 0
    outer loop
      vertex 161.75 66.3671 8.84581
      vertex 161.75 84.9213 15.9
      vertex 161.75 67.4168 7.6168
    endloop
  endfacet
  facet normal -1 0 0
    outer loop
      vertex 161.75 65.5226 10.2239
      vertex 161.75 84.9213 15.9
      vertex 161.75 66.3671 8.84581
    endloop
  endfacet
  facet normal -1 0 0
    outer loop
      vertex 161.75 64.9041 11.7171
      vertex 161.75 84.9213 15.9
      vertex 161.75 65.5226 10.2239
    endloop
  endfacet
  facet normal -1 0 0
    outer loop
      vertex 161.75 64.4787 15.9
      vertex 161.75 64.9041 11.7171
      vertex 161.75 64.5268 13.2887
    endloop
  endfacet
  facet normal -1 0 0
    outer loop
      vertex 161.75 64.9041 11.7171
      vertex 161.75 64.4787 15.9
      vertex 161.75 84.9213 15.9
    endloop
  endfacet
  facet normal -1 0 -0
    outer loop
      vertex 161.75 64.4787 15.9
      vertex 161.75 64.5268 13.2887
      vertex 161.75 64.4 14.9
    endloop
  endfacet
  facet normal -0 0.522494 0.852643
    outer loop
      vertex 17.75 70.0239 5.72263
      vertex 161.75 68.6458 6.56712
      vertex 161.75 70.0239 5.72263
    endloop
  endfacet
  facet normal 0 0.522494 0.852643
    outer loop
      vertex 161.75 68.6458 6.56712
      vertex 17.75 70.0239 5.72263
      vertex 17.75 68.6458 6.56712
    endloop
  endfacet
  facet normal 0 0.852639 0.522501
    outer loop
      vertex 161.75 66.3671 8.84581
      vertex 17.75 65.5226 10.2239
      vertex 161.75 65.5226 10.2239
    endloop
  endfacet
  facet normal 0 0.852639 0.522501
    outer loop
      vertex 17.75 65.5226 10.2239
      vertex 161.75 66.3671 8.84581
      vertex 17.75 66.3671 8.84581
    endloop
  endfacet
  facet normal 0 -0.996917 -0.0784574
    outer loop
      vertex 17.75 85 14.9
      vertex 161.75 84.9213 15.9
      vertex 17.75 84.9213 15.9
    endloop
  endfacet
  facet normal 0 -0.996917 -0.0784574
    outer loop
      vertex 161.75 84.9213 15.9
      vertex 17.75 85 14.9
      vertex 161.75 85 14.9
    endloop
  endfacet
  facet normal 0 -0.382687 0.923878
    outer loop
      vertex 17.75 79.3761 5.72263
      vertex 161.75 77.8829 5.10412
      vertex 161.75 79.3761 5.72263
    endloop
  endfacet
  facet normal 0 -0.382687 0.923878
    outer loop
      vertex 161.75 77.8829 5.10412
      vertex 17.75 79.3761 5.72263
      vertex 17.75 77.8829 5.10412
    endloop
  endfacet
  facet normal 0 0.996917 -0.0784574
    outer loop
      vertex 161.75 64.4 14.9
      vertex 17.75 64.4787 15.9
      vertex 161.75 64.4787 15.9
    endloop
  endfacet
  facet normal 0 0.996917 -0.0784574
    outer loop
      vertex 17.75 64.4787 15.9
      vertex 161.75 64.4 14.9
      vertex 17.75 64.4 14.9
    endloop
  endfacet
  facet normal 0 -0.972371 0.233441
    outer loop
      vertex 17.75 84.4959 11.7171
      vertex 161.75 84.8732 13.2887
      vertex 17.75 84.8732 13.2887
    endloop
  endfacet
  facet normal 0 -0.972371 0.233441
    outer loop
      vertex 161.75 84.8732 13.2887
      vertex 17.75 84.4959 11.7171
      vertex 161.75 84.4959 11.7171
    endloop
  endfacet
  facet normal 0 -0.996918 0.0784517
    outer loop
      vertex 17.75 84.8732 13.2887
      vertex 161.75 85 14.9
      vertex 17.75 85 14.9
    endloop
  endfacet
  facet normal 0 -0.996918 0.0784517
    outer loop
      vertex 161.75 85 14.9
      vertex 17.75 84.8732 13.2887
      vertex 161.75 84.8732 13.2887
    endloop
  endfacet
  facet normal 1 0 0
    outer loop
      vertex 17.75 84.9213 15.9
      vertex 17.75 84.8732 13.2887
      vertex 17.75 85 14.9
    endloop
  endfacet
  facet normal 1 0 0
    outer loop
      vertex 17.75 84.9213 15.9
      vertex 17.75 84.4959 11.7171
      vertex 17.75 84.8732 13.2887
    endloop
  endfacet
  facet normal 1 0 0
    outer loop
      vertex 17.75 84.9213 15.9
      vertex 17.75 83.8774 10.2239
      vertex 17.75 84.4959 11.7171
    endloop
  endfacet
  facet normal 1 0 0
    outer loop
      vertex 17.75 84.9213 15.9
      vertex 17.75 83.0329 8.84581
      vertex 17.75 83.8774 10.2239
    endloop
  endfacet
  facet normal 1 0 0
    outer loop
      vertex 17.75 84.9213 15.9
      vertex 17.75 81.9832 7.6168
      vertex 17.75 83.0329 8.84581
    endloop
  endfacet
  facet normal 1 0 0
    outer loop
      vertex 17.75 84.9213 15.9
      vertex 17.75 80.7542 6.56712
      vertex 17.75 81.9832 7.6168
    endloop
  endfacet
  facet normal 1 0 0
    outer loop
      vertex 17.75 84.9213 15.9
      vertex 17.75 79.3761 5.72263
      vertex 17.75 80.7542 6.56712
    endloop
  endfacet
  facet normal 1 0 0
    outer loop
      vertex 17.75 84.9213 15.9
      vertex 17.75 77.8829 5.10412
      vertex 17.75 79.3761 5.72263
    endloop
  endfacet
  facet normal 1 0 0
    outer loop
      vertex 17.75 84.9213 15.9
      vertex 17.75 76.3113 4.72681
      vertex 17.75 77.8829 5.10412
    endloop
  endfacet
  facet normal 1 0 0
    outer loop
      vertex 17.75 84.9213 15.9
      vertex 17.75 74.7 4.6
      vertex 17.75 76.3113 4.72681
    endloop
  endfacet
  facet normal 1 0 0
    outer loop
      vertex 17.75 84.9213 15.9
      vertex 17.75 73.0887 4.72681
      vertex 17.75 74.7 4.6
    endloop
  endfacet
  facet normal 1 0 0
    outer loop
      vertex 17.75 84.9213 15.9
      vertex 17.75 71.5171 5.10412
      vertex 17.75 73.0887 4.72681
    endloop
  endfacet
  facet normal 1 0 0
    outer loop
      vertex 17.75 84.9213 15.9
      vertex 17.75 70.0239 5.72263
      vertex 17.75 71.5171 5.10412
    endloop
  endfacet
  facet normal 1 0 0
    outer loop
      vertex 17.75 84.9213 15.9
      vertex 17.75 68.6458 6.56712
      vertex 17.75 70.0239 5.72263
    endloop
  endfacet
  facet normal 1 0 0
    outer loop
      vertex 17.75 84.9213 15.9
      vertex 17.75 67.4168 7.6168
      vertex 17.75 68.6458 6.56712
    endloop
  endfacet
  facet normal 1 0 0
    outer loop
      vertex 17.75 84.9213 15.9
      vertex 17.75 66.3671 8.84581
      vertex 17.75 67.4168 7.6168
    endloop
  endfacet
  facet normal 1 0 0
    outer loop
      vertex 17.75 84.9213 15.9
      vertex 17.75 65.5226 10.2239
      vertex 17.75 66.3671 8.84581
    endloop
  endfacet
  facet normal 1 0 0
    outer loop
      vertex 17.75 84.9213 15.9
      vertex 17.75 64.9041 11.7171
      vertex 17.75 65.5226 10.2239
    endloop
  endfacet
  facet normal 1 -0 0
    outer loop
      vertex 17.75 64.4787 15.9
      vertex 17.75 64.9041 11.7171
      vertex 17.75 84.9213 15.9
    endloop
  endfacet
  facet normal 1 0 0
    outer loop
      vertex 17.75 64.9041 11.7171
      vertex 17.75 64.4787 15.9
      vertex 17.75 64.5268 13.2887
    endloop
  endfacet
  facet normal 1 0 0
    outer loop
      vertex 17.75 64.5268 13.2887
      vertex 17.75 64.4787 15.9
      vertex 17.75 64.4 14.9
    endloop
  endfacet
  facet normal -0 0.0784578 0.996917
    outer loop
      vertex 17.75 99.3 4.6
      vertex 161.75 97.6887 4.72681
      vertex 161.75 99.3 4.6
    endloop
  endfacet
  facet normal 0 0.0784578 0.996917
    outer loop
      vertex 161.75 97.6887 4.72681
      vertex 17.75 99.3 4.6
      vertex 17.75 97.6887 4.72681
    endloop
  endfacet
  facet normal 0 -0.0784723 0.996916
    outer loop
      vertex 17.75 100.911 4.72681
      vertex 161.75 99.3 4.6
      vertex 161.75 100.911 4.72681
    endloop
  endfacet
  facet normal 0 -0.0784723 0.996916
    outer loop
      vertex 161.75 99.3 4.6
      vertex 17.75 100.911 4.72681
      vertex 17.75 99.3 4.6
    endloop
  endfacet
  facet normal 0 0.972371 0.233441
    outer loop
      vertex 161.75 89.5041 11.7171
      vertex 17.75 89.1268 13.2887
      vertex 161.75 89.1268 13.2887
    endloop
  endfacet
  facet normal 0 0.972371 0.233441
    outer loop
      vertex 17.75 89.1268 13.2887
      vertex 161.75 89.5041 11.7171
      vertex 17.75 89.5041 11.7171
    endloop
  endfacet
  facet normal 0 -0.649453 0.760401
    outer loop
      vertex 17.75 106.583 7.6168
      vertex 161.75 105.354 6.56712
      vertex 161.75 106.583 7.6168
    endloop
  endfacet
  facet normal 0 -0.649453 0.760401
    outer loop
      vertex 161.75 105.354 6.56712
      vertex 17.75 106.583 7.6168
      vertex 17.75 105.354 6.56712
    endloop
  endfacet
  facet normal 0 0.996917 -0.0784574
    outer loop
      vertex 161.75 89 14.9
      vertex 17.75 89.0787 15.9
      vertex 161.75 89.0787 15.9
    endloop
  endfacet
  facet normal 0 0.996917 -0.0784574
    outer loop
      vertex 17.75 89.0787 15.9
      vertex 161.75 89 14.9
      vertex 17.75 89 14.9
    endloop
  endfacet
  facet normal -0 0.382687 0.923878
    outer loop
      vertex 17.75 96.1171 5.10412
      vertex 161.75 94.6239 5.72263
      vertex 161.75 96.1171 5.10412
    endloop
  endfacet
  facet normal 0 0.382687 0.923878
    outer loop
      vertex 161.75 94.6239 5.72263
      vertex 17.75 96.1171 5.10412
      vertex 17.75 94.6239 5.72263
    endloop
  endfacet
  facet normal -0 0.233447 0.97237
    outer loop
      vertex 17.75 97.6887 4.72681
      vertex 161.75 96.1171 5.10412
      vertex 161.75 97.6887 4.72681
    endloop
  endfacet
  facet normal 0 0.233447 0.97237
    outer loop
      vertex 161.75 96.1171 5.10412
      vertex 17.75 97.6887 4.72681
      vertex 17.75 96.1171 5.10412
    endloop
  endfacet
  facet normal 0 0.996918 0.0784517
    outer loop
      vertex 161.75 89.1268 13.2887
      vertex 17.75 89 14.9
      vertex 161.75 89 14.9
    endloop
  endfacet
  facet normal 0 0.996918 0.0784517
    outer loop
      vertex 17.75 89 14.9
      vertex 161.75 89.1268 13.2887
      vertex 17.75 89.1268 13.2887
    endloop
  endfacet
  facet normal 0 -0.996894 -0.0787546
    outer loop
      vertex 17.75 109.6 14.9
      vertex 161.75 109.521 15.9
      vertex 17.75 109.521 15.9
    endloop
  endfacet
  facet normal 0 -0.996894 -0.0787546
    outer loop
      vertex 161.75 109.521 15.9
      vertex 17.75 109.6 14.9
      vertex 161.75 109.6 14.9
    endloop
  endfacet
  facet normal 0 -0.23339 0.972383
    outer loop
      vertex 17.75 102.483 5.10412
      vertex 161.75 100.911 4.72681
      vertex 161.75 102.483 5.10412
    endloop
  endfacet
  facet normal 0 -0.23339 0.972383
    outer loop
      vertex 161.75 100.911 4.72681
      vertex 17.75 102.483 5.10412
      vertex 17.75 100.911 4.72681
    endloop
  endfacet
  facet normal 0 0.760398 0.649457
    outer loop
      vertex 161.75 92.0168 7.6168
      vertex 17.75 90.9671 8.84581
      vertex 161.75 90.9671 8.84581
    endloop
  endfacet
  facet normal 0 0.760398 0.649457
    outer loop
      vertex 17.75 90.9671 8.84581
      vertex 161.75 92.0168 7.6168
      vertex 17.75 92.0168 7.6168
    endloop
  endfacet
  facet normal -0 0.649453 0.760401
    outer loop
      vertex 17.75 93.2458 6.56712
      vertex 161.75 92.0168 7.6168
      vertex 161.75 93.2458 6.56712
    endloop
  endfacet
  facet normal 0 0.649453 0.760401
    outer loop
      vertex 161.75 92.0168 7.6168
      vertex 17.75 93.2458 6.56712
      vertex 17.75 92.0168 7.6168
    endloop
  endfacet
  facet normal 0 -0.996908 0.0785747
    outer loop
      vertex 17.75 109.473 13.2887
      vertex 161.75 109.6 14.9
      vertex 17.75 109.6 14.9
    endloop
  endfacet
  facet normal 0 -0.996908 0.0785747
    outer loop
      vertex 161.75 109.6 14.9
      vertex 17.75 109.473 13.2887
      vertex 161.75 109.473 13.2887
    endloop
  endfacet
  facet normal 0 0.92388 0.382681
    outer loop
      vertex 161.75 90.1226 10.2239
      vertex 17.75 89.5041 11.7171
      vertex 161.75 89.5041 11.7171
    endloop
  endfacet
  facet normal 0 0.92388 0.382681
    outer loop
      vertex 17.75 89.5041 11.7171
      vertex 161.75 90.1226 10.2239
      vertex 17.75 90.1226 10.2239
    endloop
  endfacet
  facet normal 0 -0.760306 0.649565
    outer loop
      vertex 17.75 106.583 7.6168
      vertex 161.75 107.633 8.84581
      vertex 17.75 107.633 8.84581
    endloop
  endfacet
  facet normal 0 -0.760306 0.649565
    outer loop
      vertex 161.75 107.633 8.84581
      vertex 17.75 106.583 7.6168
      vertex 161.75 106.583 7.6168
    endloop
  endfacet
  facet normal 0 -0.852776 0.522276
    outer loop
      vertex 17.75 107.633 8.84581
      vertex 161.75 108.477 10.2239
      vertex 17.75 108.477 10.2239
    endloop
  endfacet
  facet normal 0 -0.852776 0.522276
    outer loop
      vertex 161.75 108.477 10.2239
      vertex 17.75 107.633 8.84581
      vertex 161.75 107.633 8.84581
    endloop
  endfacet
  facet normal 0 0.852639 0.522501
    outer loop
      vertex 161.75 90.9671 8.84581
      vertex 17.75 90.1226 10.2239
      vertex 161.75 90.1226 10.2239
    endloop
  endfacet
  facet normal 0 0.852639 0.522501
    outer loop
      vertex 17.75 90.1226 10.2239
      vertex 161.75 90.9671 8.84581
      vertex 17.75 90.9671 8.84581
    endloop
  endfacet
  facet normal 0 -0.972413 0.233265
    outer loop
      vertex 17.75 109.096 11.7171
      vertex 161.75 109.473 13.2887
      vertex 17.75 109.473 13.2887
    endloop
  endfacet
  facet normal 0 -0.972413 0.233265
    outer loop
      vertex 161.75 109.473 13.2887
      vertex 17.75 109.096 11.7171
      vertex 161.75 109.096 11.7171
    endloop
  endfacet
  facet normal -1 0 0
    outer loop
      vertex 161.75 109.473 13.2887
      vertex 161.75 109.521 15.9
      vertex 161.75 109.6 14.9
    endloop
  endfacet
  facet normal -1 0 0
    outer loop
      vertex 161.75 109.096 11.7171
      vertex 161.75 109.521 15.9
      vertex 161.75 109.473 13.2887
    endloop
  endfacet
  facet normal -1 0 0
    outer loop
      vertex 161.75 108.477 10.2239
      vertex 161.75 109.521 15.9
      vertex 161.75 109.096 11.7171
    endloop
  endfacet
  facet normal -1 0 0
    outer loop
      vertex 161.75 107.633 8.84581
      vertex 161.75 109.521 15.9
      vertex 161.75 108.477 10.2239
    endloop
  endfacet
  facet normal -1 0 0
    outer loop
      vertex 161.75 106.583 7.6168
      vertex 161.75 109.521 15.9
      vertex 161.75 107.633 8.84581
    endloop
  endfacet
  facet normal -1 0 0
    outer loop
      vertex 161.75 105.354 6.56712
      vertex 161.75 109.521 15.9
      vertex 161.75 106.583 7.6168
    endloop
  endfacet
  facet normal -1 0 0
    outer loop
      vertex 161.75 103.976 5.72263
      vertex 161.75 109.521 15.9
      vertex 161.75 105.354 6.56712
    endloop
  endfacet
  facet normal -1 0 0
    outer loop
      vertex 161.75 102.483 5.10412
      vertex 161.75 109.521 15.9
      vertex 161.75 103.976 5.72263
    endloop
  endfacet
  facet normal -1 0 0
    outer loop
      vertex 161.75 100.911 4.72681
      vertex 161.75 109.521 15.9
      vertex 161.75 102.483 5.10412
    endloop
  endfacet
  facet normal -1 0 0
    outer loop
      vertex 161.75 99.3 4.6
      vertex 161.75 109.521 15.9
      vertex 161.75 100.911 4.72681
    endloop
  endfacet
  facet normal -1 0 0
    outer loop
      vertex 161.75 97.6887 4.72681
      vertex 161.75 109.521 15.9
      vertex 161.75 99.3 4.6
    endloop
  endfacet
  facet normal -1 0 0
    outer loop
      vertex 161.75 96.1171 5.10412
      vertex 161.75 109.521 15.9
      vertex 161.75 97.6887 4.72681
    endloop
  endfacet
  facet normal -1 0 0
    outer loop
      vertex 161.75 94.6239 5.72263
      vertex 161.75 109.521 15.9
      vertex 161.75 96.1171 5.10412
    endloop
  endfacet
  facet normal -1 0 0
    outer loop
      vertex 161.75 93.2458 6.56712
      vertex 161.75 109.521 15.9
      vertex 161.75 94.6239 5.72263
    endloop
  endfacet
  facet normal -1 0 0
    outer loop
      vertex 161.75 92.0168 7.6168
      vertex 161.75 109.521 15.9
      vertex 161.75 93.2458 6.56712
    endloop
  endfacet
  facet normal -1 0 0
    outer loop
      vertex 161.75 90.9671 8.84581
      vertex 161.75 109.521 15.9
      vertex 161.75 92.0168 7.6168
    endloop
  endfacet
  facet normal -1 0 0
    outer loop
      vertex 161.75 90.1226 10.2239
      vertex 161.75 109.521 15.9
      vertex 161.75 90.9671 8.84581
    endloop
  endfacet
  facet normal -1 0 0
    outer loop
      vertex 161.75 89.5041 11.7171
      vertex 161.75 109.521 15.9
      vertex 161.75 90.1226 10.2239
    endloop
  endfacet
  facet normal -1 0 0
    outer loop
      vertex 161.75 89.0787 15.9
      vertex 161.75 89.5041 11.7171
      vertex 161.75 89.1268 13.2887
    endloop
  endfacet
  facet normal -1 0 0
    outer loop
      vertex 161.75 89.5041 11.7171
      vertex 161.75 89.0787 15.9
      vertex 161.75 109.521 15.9
    endloop
  endfacet
  facet normal -1 0 -0
    outer loop
      vertex 161.75 89.0787 15.9
      vertex 161.75 89.1268 13.2887
      vertex 161.75 89 14.9
    endloop
  endfacet
  facet normal 0 -0.522521 0.852626
    outer loop
      vertex 17.75 105.354 6.56712
      vertex 161.75 103.976 5.72263
      vertex 161.75 105.354 6.56712
    endloop
  endfacet
  facet normal 0 -0.522521 0.852626
    outer loop
      vertex 161.75 103.976 5.72263
      vertex 17.75 105.354 6.56712
      vertex 17.75 103.976 5.72263
    endloop
  endfacet
  facet normal 1 0 0
    outer loop
      vertex 17.75 109.521 15.9
      vertex 17.75 109.473 13.2887
      vertex 17.75 109.6 14.9
    endloop
  endfacet
  facet normal 1 0 0
    outer loop
      vertex 17.75 109.521 15.9
      vertex 17.75 109.096 11.7171
      vertex 17.75 109.473 13.2887
    endloop
  endfacet
  facet normal 1 0 0
    outer loop
      vertex 17.75 109.521 15.9
      vertex 17.75 108.477 10.2239
      vertex 17.75 109.096 11.7171
    endloop
  endfacet
  facet normal 1 0 0
    outer loop
      vertex 17.75 109.521 15.9
      vertex 17.75 107.633 8.84581
      vertex 17.75 108.477 10.2239
    endloop
  endfacet
  facet normal 1 0 0
    outer loop
      vertex 17.75 109.521 15.9
      vertex 17.75 106.583 7.6168
      vertex 17.75 107.633 8.84581
    endloop
  endfacet
  facet normal 1 0 0
    outer loop
      vertex 17.75 109.521 15.9
      vertex 17.75 105.354 6.56712
      vertex 17.75 106.583 7.6168
    endloop
  endfacet
  facet normal 1 0 0
    outer loop
      vertex 17.75 109.521 15.9
      vertex 17.75 103.976 5.72263
      vertex 17.75 105.354 6.56712
    endloop
  endfacet
  facet normal 1 0 0
    outer loop
      vertex 17.75 109.521 15.9
      vertex 17.75 102.483 5.10412
      vertex 17.75 103.976 5.72263
    endloop
  endfacet
  facet normal 1 0 0
    outer loop
      vertex 17.75 109.521 15.9
      vertex 17.75 100.911 4.72681
      vertex 17.75 102.483 5.10412
    endloop
  endfacet
  facet normal 1 0 0
    outer loop
      vertex 17.75 109.521 15.9
      vertex 17.75 99.3 4.6
      vertex 17.75 100.911 4.72681
    endloop
  endfacet
  facet normal 1 0 0
    outer loop
      vertex 17.75 109.521 15.9
      vertex 17.75 97.6887 4.72681
      vertex 17.75 99.3 4.6
    endloop
  endfacet
  facet normal 1 0 0
    outer loop
      vertex 17.75 109.521 15.9
      vertex 17.75 96.1171 5.10412
      vertex 17.75 97.6887 4.72681
    endloop
  endfacet
  facet normal 1 0 0
    outer loop
      vertex 17.75 109.521 15.9
      vertex 17.75 94.6239 5.72263
      vertex 17.75 96.1171 5.10412
    endloop
  endfacet
  facet normal 1 0 0
    outer loop
      vertex 17.75 109.521 15.9
      vertex 17.75 93.2458 6.56712
      vertex 17.75 94.6239 5.72263
    endloop
  endfacet
  facet normal 1 0 0
    outer loop
      vertex 17.75 109.521 15.9
      vertex 17.75 92.0168 7.6168
      vertex 17.75 93.2458 6.56712
    endloop
  endfacet
  facet normal 1 0 0
    outer loop
      vertex 17.75 109.521 15.9
      vertex 17.75 90.9671 8.84581
      vertex 17.75 92.0168 7.6168
    endloop
  endfacet
  facet normal 1 0 0
    outer loop
      vertex 17.75 109.521 15.9
      vertex 17.75 90.1226 10.2239
      vertex 17.75 90.9671 8.84581
    endloop
  endfacet
  facet normal 1 0 0
    outer loop
      vertex 17.75 109.521 15.9
      vertex 17.75 89.5041 11.7171
      vertex 17.75 90.1226 10.2239
    endloop
  endfacet
  facet normal 1 -0 0
    outer loop
      vertex 17.75 89.0787 15.9
      vertex 17.75 89.5041 11.7171
      vertex 17.75 109.521 15.9
    endloop
  endfacet
  facet normal 1 0 0
    outer loop
      vertex 17.75 89.5041 11.7171
      vertex 17.75 89.0787 15.9
      vertex 17.75 89.1268 13.2887
    endloop
  endfacet
  facet normal 1 0 0
    outer loop
      vertex 17.75 89.1268 13.2887
      vertex 17.75 89.0787 15.9
      vertex 17.75 89 14.9
    endloop
  endfacet
  facet normal 0 -0.923771 0.382945
    outer loop
      vertex 17.75 108.477 10.2239
      vertex 161.75 109.096 11.7171
      vertex 17.75 109.096 11.7171
    endloop
  endfacet
  facet normal 0 -0.923771 0.382945
    outer loop
      vertex 161.75 109.096 11.7171
      vertex 17.75 108.477 10.2239
      vertex 161.75 108.477 10.2239
    endloop
  endfacet
  facet normal 0 -0.382731 0.92386
    outer loop
      vertex 17.75 103.976 5.72263
      vertex 161.75 102.483 5.10412
      vertex 161.75 103.976 5.72263
    endloop
  endfacet
  facet normal 0 -0.382731 0.92386
    outer loop
      vertex 161.75 102.483 5.10412
      vertex 17.75 103.976 5.72263
      vertex 17.75 102.483 5.10412
    endloop
  endfacet
  facet normal -0 0.522494 0.852643
    outer loop
      vertex 17.75 94.6239 5.72263
      vertex 161.75 93.2458 6.56712
      vertex 161.75 94.6239 5.72263
    endloop
  endfacet
  facet normal 0 0.522494 0.852643
    outer loop
      vertex 161.75 93.2458 6.56712
      vertex 17.75 94.6239 5.72263
      vertex 17.75 93.2458 6.56712
    endloop
  endfacet
  facet normal 0 0.996908 0.0785747
    outer loop
      vertex 161.75 113.727 13.2887
      vertex 17.75 113.6 14.9
      vertex 161.75 113.6 14.9
    endloop
  endfacet
  facet normal 0 0.996908 0.0785747
    outer loop
      vertex 17.75 113.6 14.9
      vertex 161.75 113.727 13.2887
      vertex 17.75 113.727 13.2887
    endloop
  endfacet
  facet normal 0 -0.760306 0.649565
    outer loop
      vertex 17.75 131.183 7.6168
      vertex 161.75 132.233 8.84581
      vertex 17.75 132.233 8.84581
    endloop
  endfacet
  facet normal 0 -0.760306 0.649565
    outer loop
      vertex 161.75 132.233 8.84581
      vertex 17.75 131.183 7.6168
      vertex 161.75 131.183 7.6168
    endloop
  endfacet
  facet normal 0 -0.0784723 0.996916
    outer loop
      vertex 17.75 125.511 4.72681
      vertex 161.75 123.9 4.6
      vertex 161.75 125.511 4.72681
    endloop
  endfacet
  facet normal 0 -0.0784723 0.996916
    outer loop
      vertex 161.75 123.9 4.6
      vertex 17.75 125.511 4.72681
      vertex 17.75 123.9 4.6
    endloop
  endfacet
  facet normal 0 -0.649453 0.760401
    outer loop
      vertex 17.75 131.183 7.6168
      vertex 161.75 129.954 6.56712
      vertex 161.75 131.183 7.6168
    endloop
  endfacet
  facet normal 0 -0.649453 0.760401
    outer loop
      vertex 161.75 129.954 6.56712
      vertex 17.75 131.183 7.6168
      vertex 17.75 129.954 6.56712
    endloop
  endfacet
  facet normal -0 0.522521 0.852626
    outer loop
      vertex 17.75 119.224 5.72263
      vertex 161.75 117.846 6.56712
      vertex 161.75 119.224 5.72263
    endloop
  endfacet
  facet normal 0 0.522521 0.852626
    outer loop
      vertex 161.75 117.846 6.56712
      vertex 17.75 119.224 5.72263
      vertex 17.75 117.846 6.56712
    endloop
  endfacet
  facet normal 1 0 0
    outer loop
      vertex 17.75 134.121 15.9
      vertex 17.75 134.073 13.2887
      vertex 17.75 134.2 14.9
    endloop
  endfacet
  facet normal 1 0 0
    outer loop
      vertex 17.75 134.121 15.9
      vertex 17.75 133.696 11.7171
      vertex 17.75 134.073 13.2887
    endloop
  endfacet
  facet normal 1 0 0
    outer loop
      vertex 17.75 134.121 15.9
      vertex 17.75 133.077 10.2239
      vertex 17.75 133.696 11.7171
    endloop
  endfacet
  facet normal 1 0 0
    outer loop
      vertex 17.75 134.121 15.9
      vertex 17.75 132.233 8.84581
      vertex 17.75 133.077 10.2239
    endloop
  endfacet
  facet normal 1 0 0
    outer loop
      vertex 17.75 134.121 15.9
      vertex 17.75 131.183 7.6168
      vertex 17.75 132.233 8.84581
    endloop
  endfacet
  facet normal 1 0 0
    outer loop
      vertex 17.75 134.121 15.9
      vertex 17.75 129.954 6.56712
      vertex 17.75 131.183 7.6168
    endloop
  endfacet
  facet normal 1 0 0
    outer loop
      vertex 17.75 134.121 15.9
      vertex 17.75 128.576 5.72263
      vertex 17.75 129.954 6.56712
    endloop
  endfacet
  facet normal 1 0 0
    outer loop
      vertex 17.75 134.121 15.9
      vertex 17.75 127.083 5.10412
      vertex 17.75 128.576 5.72263
    endloop
  endfacet
  facet normal 1 0 0
    outer loop
      vertex 17.75 134.121 15.9
      vertex 17.75 125.511 4.72681
      vertex 17.75 127.083 5.10412
    endloop
  endfacet
  facet normal 1 0 0
    outer loop
      vertex 17.75 134.121 15.9
      vertex 17.75 123.9 4.6
      vertex 17.75 125.511 4.72681
    endloop
  endfacet
  facet normal 1 0 0
    outer loop
      vertex 17.75 134.121 15.9
      vertex 17.75 122.289 4.72681
      vertex 17.75 123.9 4.6
    endloop
  endfacet
  facet normal 1 0 0
    outer loop
      vertex 17.75 134.121 15.9
      vertex 17.75 120.717 5.10412
      vertex 17.75 122.289 4.72681
    endloop
  endfacet
  facet normal 1 0 0
    outer loop
      vertex 17.75 134.121 15.9
      vertex 17.75 119.224 5.72263
      vertex 17.75 120.717 5.10412
    endloop
  endfacet
  facet normal 1 0 0
    outer loop
      vertex 17.75 134.121 15.9
      vertex 17.75 117.846 6.56712
      vertex 17.75 119.224 5.72263
    endloop
  endfacet
  facet normal 1 0 0
    outer loop
      vertex 17.75 134.121 15.9
      vertex 17.75 116.617 7.6168
      vertex 17.75 117.846 6.56712
    endloop
  endfacet
  facet normal 1 0 0
    outer loop
      vertex 17.75 134.121 15.9
      vertex 17.75 115.567 8.84581
      vertex 17.75 116.617 7.6168
    endloop
  endfacet
  facet normal 1 0 0
    outer loop
      vertex 17.75 134.121 15.9
      vertex 17.75 114.723 10.2239
      vertex 17.75 115.567 8.84581
    endloop
  endfacet
  facet normal 1 0 0
    outer loop
      vertex 17.75 134.121 15.9
      vertex 17.75 114.104 11.7171
      vertex 17.75 114.723 10.2239
    endloop
  endfacet
  facet normal 1 -0 0
    outer loop
      vertex 17.75 113.679 15.9
      vertex 17.75 114.104 11.7171
      vertex 17.75 134.121 15.9
    endloop
  endfacet
  facet normal 1 0 0
    outer loop
      vertex 17.75 114.104 11.7171
      vertex 17.75 113.679 15.9
      vertex 17.75 113.727 13.2887
    endloop
  endfacet
  facet normal 1 0 0
    outer loop
      vertex 17.75 113.727 13.2887
      vertex 17.75 113.679 15.9
      vertex 17.75 113.6 14.9
    endloop
  endfacet
  facet normal 0 -0.923771 0.382945
    outer loop
      vertex 17.75 133.077 10.2239
      vertex 161.75 133.696 11.7171
      vertex 17.75 133.696 11.7171
    endloop
  endfacet
  facet normal 0 -0.923771 0.382945
    outer loop
      vertex 161.75 133.696 11.7171
      vertex 17.75 133.077 10.2239
      vertex 161.75 133.077 10.2239
    endloop
  endfacet
  facet normal -0 0.649453 0.760401
    outer loop
      vertex 17.75 117.846 6.56712
      vertex 161.75 116.617 7.6168
      vertex 161.75 117.846 6.56712
    endloop
  endfacet
  facet normal 0 0.649453 0.760401
    outer loop
      vertex 161.75 116.617 7.6168
      vertex 17.75 117.846 6.56712
      vertex 17.75 116.617 7.6168
    endloop
  endfacet
  facet normal 0 -0.972413 0.233265
    outer loop
      vertex 17.75 133.696 11.7171
      vertex 161.75 134.073 13.2887
      vertex 17.75 134.073 13.2887
    endloop
  endfacet
  facet normal 0 -0.972413 0.233265
    outer loop
      vertex 161.75 134.073 13.2887
      vertex 17.75 133.696 11.7171
      vertex 161.75 133.696 11.7171
    endloop
  endfacet
  facet normal 0 -0.23339 0.972383
    outer loop
      vertex 17.75 127.083 5.10412
      vertex 161.75 125.511 4.72681
      vertex 161.75 127.083 5.10412
    endloop
  endfacet
  facet normal 0 -0.23339 0.972383
    outer loop
      vertex 161.75 125.511 4.72681
      vertex 17.75 127.083 5.10412
      vertex 17.75 125.511 4.72681
    endloop
  endfacet
  facet normal 0 0.996894 -0.0787546
    outer loop
      vertex 161.75 113.6 14.9
      vertex 17.75 113.679 15.9
      vertex 161.75 113.679 15.9
    endloop
  endfacet
  facet normal 0 0.996894 -0.0787546
    outer loop
      vertex 17.75 113.679 15.9
      vertex 161.75 113.6 14.9
      vertex 17.75 113.6 14.9
    endloop
  endfacet
  facet normal 0 0.760306 0.649565
    outer loop
      vertex 161.75 116.617 7.6168
      vertex 17.75 115.567 8.84581
      vertex 161.75 115.567 8.84581
    endloop
  endfacet
  facet normal 0 0.760306 0.649565
    outer loop
      vertex 17.75 115.567 8.84581
      vertex 161.75 116.617 7.6168
      vertex 17.75 116.617 7.6168
    endloop
  endfacet
  facet normal -0 0.0784723 0.996916
    outer loop
      vertex 17.75 123.9 4.6
      vertex 161.75 122.289 4.72681
      vertex 161.75 123.9 4.6
    endloop
  endfacet
  facet normal 0 0.0784723 0.996916
    outer loop
      vertex 161.75 122.289 4.72681
      vertex 17.75 123.9 4.6
      vertex 17.75 122.289 4.72681
    endloop
  endfacet
  facet normal 0 0.852776 0.522276
    outer loop
      vertex 161.75 115.567 8.84581
      vertex 17.75 114.723 10.2239
      vertex 161.75 114.723 10.2239
    endloop
  endfacet
  facet normal 0 0.852776 0.522276
    outer loop
      vertex 17.75 114.723 10.2239
      vertex 161.75 115.567 8.84581
      vertex 17.75 115.567 8.84581
    endloop
  endfacet
  facet normal -0 0.382731 0.92386
    outer loop
      vertex 17.75 120.717 5.10412
      vertex 161.75 119.224 5.72263
      vertex 161.75 120.717 5.10412
    endloop
  endfacet
  facet normal 0 0.382731 0.92386
    outer loop
      vertex 161.75 119.224 5.72263
      vertex 17.75 120.717 5.10412
      vertex 17.75 119.224 5.72263
    endloop
  endfacet
  facet normal 0 -0.852776 0.522276
    outer loop
      vertex 17.75 132.233 8.84581
      vertex 161.75 133.077 10.2239
      vertex 17.75 133.077 10.2239
    endloop
  endfacet
  facet normal 0 -0.852776 0.522276
    outer loop
      vertex 161.75 133.077 10.2239
      vertex 17.75 132.233 8.84581
      vertex 161.75 132.233 8.84581
    endloop
  endfacet
  facet normal 0 -0.522521 0.852626
    outer loop
      vertex 17.75 129.954 6.56712
      vertex 161.75 128.576 5.72263
      vertex 161.75 129.954 6.56712
    endloop
  endfacet
  facet normal 0 -0.522521 0.852626
    outer loop
      vertex 161.75 128.576 5.72263
      vertex 17.75 129.954 6.56712
      vertex 17.75 128.576 5.72263
    endloop
  endfacet
  facet normal 0 -0.996894 -0.0787546
    outer loop
      vertex 17.75 134.2 14.9
      vertex 161.75 134.121 15.9
      vertex 17.75 134.121 15.9
    endloop
  endfacet
  facet normal 0 -0.996894 -0.0787546
    outer loop
      vertex 161.75 134.121 15.9
      vertex 17.75 134.2 14.9
      vertex 161.75 134.2 14.9
    endloop
  endfacet
  facet normal 0 -0.996908 0.0785747
    outer loop
      vertex 17.75 134.073 13.2887
      vertex 161.75 134.2 14.9
      vertex 17.75 134.2 14.9
    endloop
  endfacet
  facet normal 0 -0.996908 0.0785747
    outer loop
      vertex 161.75 134.2 14.9
      vertex 17.75 134.073 13.2887
      vertex 161.75 134.073 13.2887
    endloop
  endfacet
  facet normal 0 -0.382731 0.92386
    outer loop
      vertex 17.75 128.576 5.72263
      vertex 161.75 127.083 5.10412
      vertex 161.75 128.576 5.72263
    endloop
  endfacet
  facet normal 0 -0.382731 0.92386
    outer loop
      vertex 161.75 127.083 5.10412
      vertex 17.75 128.576 5.72263
      vertex 17.75 127.083 5.10412
    endloop
  endfacet
  facet normal 0 0.923771 0.382945
    outer loop
      vertex 161.75 114.723 10.2239
      vertex 17.75 114.104 11.7171
      vertex 161.75 114.104 11.7171
    endloop
  endfacet
  facet normal 0 0.923771 0.382945
    outer loop
      vertex 17.75 114.104 11.7171
      vertex 161.75 114.723 10.2239
      vertex 17.75 114.723 10.2239
    endloop
  endfacet
  facet normal -0 0.23339 0.972383
    outer loop
      vertex 17.75 122.289 4.72681
      vertex 161.75 120.717 5.10412
      vertex 161.75 122.289 4.72681
    endloop
  endfacet
  facet normal 0 0.23339 0.972383
    outer loop
      vertex 161.75 120.717 5.10412
      vertex 17.75 122.289 4.72681
      vertex 17.75 120.717 5.10412
    endloop
  endfacet
  facet normal 0 0.972413 0.233265
    outer loop
      vertex 161.75 114.104 11.7171
      vertex 17.75 113.727 13.2887
      vertex 161.75 113.727 13.2887
    endloop
  endfacet
  facet normal 0 0.972413 0.233265
    outer loop
      vertex 17.75 113.727 13.2887
      vertex 161.75 114.104 11.7171
      vertex 17.75 114.104 11.7171
    endloop
  endfacet
  facet normal -1 0 0
    outer loop
      vertex 161.75 134.073 13.2887
      vertex 161.75 134.121 15.9
      vertex 161.75 134.2 14.9
    endloop
  endfacet
  facet normal -1 0 0
    outer loop
      vertex 161.75 133.696 11.7171
      vertex 161.75 134.121 15.9
      vertex 161.75 134.073 13.2887
    endloop
  endfacet
  facet normal -1 0 0
    outer loop
      vertex 161.75 133.077 10.2239
      vertex 161.75 134.121 15.9
      vertex 161.75 133.696 11.7171
    endloop
  endfacet
  facet normal -1 0 0
    outer loop
      vertex 161.75 132.233 8.84581
      vertex 161.75 134.121 15.9
      vertex 161.75 133.077 10.2239
    endloop
  endfacet
  facet normal -1 0 0
    outer loop
      vertex 161.75 131.183 7.6168
      vertex 161.75 134.121 15.9
      vertex 161.75 132.233 8.84581
    endloop
  endfacet
  facet normal -1 0 0
    outer loop
      vertex 161.75 129.954 6.56712
      vertex 161.75 134.121 15.9
      vertex 161.75 131.183 7.6168
    endloop
  endfacet
  facet normal -1 0 0
    outer loop
      vertex 161.75 128.576 5.72263
      vertex 161.75 134.121 15.9
      vertex 161.75 129.954 6.56712
    endloop
  endfacet
  facet normal -1 0 0
    outer loop
      vertex 161.75 127.083 5.10412
      vertex 161.75 134.121 15.9
      vertex 161.75 128.576 5.72263
    endloop
  endfacet
  facet normal -1 0 0
    outer loop
      vertex 161.75 125.511 4.72681
      vertex 161.75 134.121 15.9
      vertex 161.75 127.083 5.10412
    endloop
  endfacet
  facet normal -1 0 0
    outer loop
      vertex 161.75 123.9 4.6
      vertex 161.75 134.121 15.9
      vertex 161.75 125.511 4.72681
    endloop
  endfacet
  facet normal -1 0 0
    outer loop
      vertex 161.75 122.289 4.72681
      vertex 161.75 134.121 15.9
      vertex 161.75 123.9 4.6
    endloop
  endfacet
  facet normal -1 0 0
    outer loop
      vertex 161.75 120.717 5.10412
      vertex 161.75 134.121 15.9
      vertex 161.75 122.289 4.72681
    endloop
  endfacet
  facet normal -1 0 0
    outer loop
      vertex 161.75 119.224 5.72263
      vertex 161.75 134.121 15.9
      vertex 161.75 120.717 5.10412
    endloop
  endfacet
  facet normal -1 0 0
    outer loop
      vertex 161.75 117.846 6.56712
      vertex 161.75 134.121 15.9
      vertex 161.75 119.224 5.72263
    endloop
  endfacet
  facet normal -1 0 0
    outer loop
      vertex 161.75 116.617 7.6168
      vertex 161.75 134.121 15.9
      vertex 161.75 117.846 6.56712
    endloop
  endfacet
  facet normal -1 0 0
    outer loop
      vertex 161.75 115.567 8.84581
      vertex 161.75 134.121 15.9
      vertex 161.75 116.617 7.6168
    endloop
  endfacet
  facet normal -1 0 0
    outer loop
      vertex 161.75 114.723 10.2239
      vertex 161.75 134.121 15.9
      vertex 161.75 115.567 8.84581
    endloop
  endfacet
  facet normal -1 0 0
    outer loop
      vertex 161.75 114.104 11.7171
      vertex 161.75 134.121 15.9
      vertex 161.75 114.723 10.2239
    endloop
  endfacet
  facet normal -1 0 0
    outer loop
      vertex 161.75 113.679 15.9
      vertex 161.75 114.104 11.7171
      vertex 161.75 113.727 13.2887
    endloop
  endfacet
  facet normal -1 0 0
    outer loop
      vertex 161.75 114.104 11.7171
      vertex 161.75 113.679 15.9
      vertex 161.75 134.121 15.9
    endloop
  endfacet
  facet normal -1 0 -0
    outer loop
      vertex 161.75 113.679 15.9
      vertex 161.75 113.727 13.2887
      vertex 161.75 113.6 14.9
    endloop
  endfacet
  facet normal 0 0.923771 0.382945
    outer loop
      vertex 161.75 139.323 10.2239
      vertex 17.75 138.704 11.7171
      vertex 161.75 138.704 11.7171
    endloop
  endfacet
  facet normal 0 0.923771 0.382945
    outer loop
      vertex 17.75 138.704 11.7171
      vertex 161.75 139.323 10.2239
      vertex 17.75 139.323 10.2239
    endloop
  endfacet
  facet normal -0 0.522521 0.852626
    outer loop
      vertex 17.75 143.824 5.72263
      vertex 161.75 142.446 6.56712
      vertex 161.75 143.824 5.72263
    endloop
  endfacet
  facet normal 0 0.522521 0.852626
    outer loop
      vertex 161.75 142.446 6.56712
      vertex 17.75 143.824 5.72263
      vertex 17.75 142.446 6.56712
    endloop
  endfacet
  facet normal 0 -0.0784723 0.996916
    outer loop
      vertex 17.75 150.111 4.72681
      vertex 161.75 148.5 4.6
      vertex 161.75 150.111 4.72681
    endloop
  endfacet
  facet normal 0 -0.0784723 0.996916
    outer loop
      vertex 161.75 148.5 4.6
      vertex 17.75 150.111 4.72681
      vertex 17.75 148.5 4.6
    endloop
  endfacet
  facet normal 0 0.996908 0.0785747
    outer loop
      vertex 161.75 138.327 13.2887
      vertex 17.75 138.2 14.9
      vertex 161.75 138.2 14.9
    endloop
  endfacet
  facet normal 0 0.996908 0.0785747
    outer loop
      vertex 17.75 138.2 14.9
      vertex 161.75 138.327 13.2887
      vertex 17.75 138.327 13.2887
    endloop
  endfacet
  facet normal -0 0.382731 0.92386
    outer loop
      vertex 17.75 145.317 5.10412
      vertex 161.75 143.824 5.72263
      vertex 161.75 145.317 5.10412
    endloop
  endfacet
  facet normal 0 0.382731 0.92386
    outer loop
      vertex 161.75 143.824 5.72263
      vertex 17.75 145.317 5.10412
      vertex 17.75 143.824 5.72263
    endloop
  endfacet
  facet normal 0 0.760306 0.649565
    outer loop
      vertex 161.75 141.217 7.6168
      vertex 17.75 140.167 8.84581
      vertex 161.75 140.167 8.84581
    endloop
  endfacet
  facet normal 0 0.760306 0.649565
    outer loop
      vertex 17.75 140.167 8.84581
      vertex 161.75 141.217 7.6168
      vertex 17.75 141.217 7.6168
    endloop
  endfacet
  facet normal 0 0.852776 0.522276
    outer loop
      vertex 161.75 140.167 8.84581
      vertex 17.75 139.323 10.2239
      vertex 161.75 139.323 10.2239
    endloop
  endfacet
  facet normal 0 0.852776 0.522276
    outer loop
      vertex 17.75 139.323 10.2239
      vertex 161.75 140.167 8.84581
      vertex 17.75 140.167 8.84581
    endloop
  endfacet
  facet normal 0 0.972413 0.233265
    outer loop
      vertex 161.75 138.704 11.7171
      vertex 17.75 138.327 13.2887
      vertex 161.75 138.327 13.2887
    endloop
  endfacet
  facet normal 0 0.972413 0.233265
    outer loop
      vertex 17.75 138.327 13.2887
      vertex 161.75 138.704 11.7171
      vertex 17.75 138.704 11.7171
    endloop
  endfacet
  facet normal 0 -0.649453 0.760401
    outer loop
      vertex 17.75 155.783 7.6168
      vertex 161.75 154.554 6.56712
      vertex 161.75 155.783 7.6168
    endloop
  endfacet
  facet normal 0 -0.649453 0.760401
    outer loop
      vertex 161.75 154.554 6.56712
      vertex 17.75 155.783 7.6168
      vertex 17.75 154.554 6.56712
    endloop
  endfacet
  facet normal 0 -0.23339 0.972383
    outer loop
      vertex 17.75 151.683 5.10412
      vertex 161.75 150.111 4.72681
      vertex 161.75 151.683 5.10412
    endloop
  endfacet
  facet normal 0 -0.23339 0.972383
    outer loop
      vertex 161.75 150.111 4.72681
      vertex 17.75 151.683 5.10412
      vertex 17.75 150.111 4.72681
    endloop
  endfacet
  facet normal -0 0.649453 0.760401
    outer loop
      vertex 17.75 142.446 6.56712
      vertex 161.75 141.217 7.6168
      vertex 161.75 142.446 6.56712
    endloop
  endfacet
  facet normal 0 0.649453 0.760401
    outer loop
      vertex 161.75 141.217 7.6168
      vertex 17.75 142.446 6.56712
      vertex 17.75 141.217 7.6168
    endloop
  endfacet
  facet normal 0 -0.760306 0.649565
    outer loop
      vertex 17.75 155.783 7.6168
      vertex 161.75 156.833 8.84581
      vertex 17.75 156.833 8.84581
    endloop
  endfacet
  facet normal 0 -0.760306 0.649565
    outer loop
      vertex 161.75 156.833 8.84581
      vertex 17.75 155.783 7.6168
      vertex 161.75 155.783 7.6168
    endloop
  endfacet
  facet normal 0 -0.996908 0.0785747
    outer loop
      vertex 17.75 158.673 13.2887
      vertex 161.75 158.8 14.9
      vertex 17.75 158.8 14.9
    endloop
  endfacet
  facet normal 0 -0.996908 0.0785747
    outer loop
      vertex 161.75 158.8 14.9
      vertex 17.75 158.673 13.2887
      vertex 161.75 158.673 13.2887
    endloop
  endfacet
  facet normal 0 -0.852776 0.522276
    outer loop
      vertex 17.75 156.833 8.84581
      vertex 161.75 157.677 10.2239
      vertex 17.75 157.677 10.2239
    endloop
  endfacet
  facet normal 0 -0.852776 0.522276
    outer loop
      vertex 161.75 157.677 10.2239
      vertex 17.75 156.833 8.84581
      vertex 161.75 156.833 8.84581
    endloop
  endfacet
  facet normal -0 0.0784723 0.996916
    outer loop
      vertex 17.75 148.5 4.6
      vertex 161.75 146.889 4.72681
      vertex 161.75 148.5 4.6
    endloop
  endfacet
  facet normal 0 0.0784723 0.996916
    outer loop
      vertex 161.75 146.889 4.72681
      vertex 17.75 148.5 4.6
      vertex 17.75 146.889 4.72681
    endloop
  endfacet
  facet normal 0 -0.522521 0.852626
    outer loop
      vertex 17.75 154.554 6.56712
      vertex 161.75 153.176 5.72263
      vertex 161.75 154.554 6.56712
    endloop
  endfacet
  facet normal 0 -0.522521 0.852626
    outer loop
      vertex 161.75 153.176 5.72263
      vertex 17.75 154.554 6.56712
      vertex 17.75 153.176 5.72263
    endloop
  endfacet
  facet normal -0 0.23339 0.972383
    outer loop
      vertex 17.75 146.889 4.72681
      vertex 161.75 145.317 5.10412
      vertex 161.75 146.889 4.72681
    endloop
  endfacet
  facet normal 0 0.23339 0.972383
    outer loop
      vertex 161.75 145.317 5.10412
      vertex 17.75 146.889 4.72681
      vertex 17.75 145.317 5.10412
    endloop
  endfacet
  facet normal 0 -0.972413 0.233265
    outer loop
      vertex 17.75 158.296 11.7171
      vertex 161.75 158.673 13.2887
      vertex 17.75 158.673 13.2887
    endloop
  endfacet
  facet normal 0 -0.972413 0.233265
    outer loop
      vertex 161.75 158.673 13.2887
      vertex 17.75 158.296 11.7171
      vertex 161.75 158.296 11.7171
    endloop
  endfacet
  facet normal 0 0.996894 -0.0787546
    outer loop
      vertex 161.75 138.2 14.9
      vertex 17.75 138.279 15.9
      vertex 161.75 138.279 15.9
    endloop
  endfacet
  facet normal 0 0.996894 -0.0787546
    outer loop
      vertex 17.75 138.279 15.9
      vertex 161.75 138.2 14.9
      vertex 17.75 138.2 14.9
    endloop
  endfacet
  facet normal 0 -0.923771 0.382945
    outer loop
      vertex 17.75 157.677 10.2239
      vertex 161.75 158.296 11.7171
      vertex 17.75 158.296 11.7171
    endloop
  endfacet
  facet normal 0 -0.923771 0.382945
    outer loop
      vertex 161.75 158.296 11.7171
      vertex 17.75 157.677 10.2239
      vertex 161.75 157.677 10.2239
    endloop
  endfacet
  facet normal 0 -0.996894 -0.0787546
    outer loop
      vertex 17.75 158.8 14.9
      vertex 161.75 158.721 15.9
      vertex 17.75 158.721 15.9
    endloop
  endfacet
  facet normal 0 -0.996894 -0.0787546
    outer loop
      vertex 161.75 158.721 15.9
      vertex 17.75 158.8 14.9
      vertex 161.75 158.8 14.9
    endloop
  endfacet
  facet normal 0 -0.382731 0.92386
    outer loop
      vertex 17.75 153.176 5.72263
      vertex 161.75 151.683 5.10412
      vertex 161.75 153.176 5.72263
    endloop
  endfacet
  facet normal 0 -0.382731 0.92386
    outer loop
      vertex 161.75 151.683 5.10412
      vertex 17.75 153.176 5.72263
      vertex 17.75 151.683 5.10412
    endloop
  endfacet
  facet normal 1 0 0
    outer loop
      vertex 17.75 158.721 15.9
      vertex 17.75 158.673 13.2887
      vertex 17.75 158.8 14.9
    endloop
  endfacet
  facet normal 1 0 0
    outer loop
      vertex 17.75 158.721 15.9
      vertex 17.75 158.296 11.7171
      vertex 17.75 158.673 13.2887
    endloop
  endfacet
  facet normal 1 0 0
    outer loop
      vertex 17.75 158.721 15.9
      vertex 17.75 157.677 10.2239
      vertex 17.75 158.296 11.7171
    endloop
  endfacet
  facet normal 1 0 0
    outer loop
      vertex 17.75 158.721 15.9
      vertex 17.75 156.833 8.84581
      vertex 17.75 157.677 10.2239
    endloop
  endfacet
  facet normal 1 0 0
    outer loop
      vertex 17.75 158.721 15.9
      vertex 17.75 155.783 7.6168
      vertex 17.75 156.833 8.84581
    endloop
  endfacet
  facet normal 1 0 0
    outer loop
      vertex 17.75 158.721 15.9
      vertex 17.75 154.554 6.56712
      vertex 17.75 155.783 7.6168
    endloop
  endfacet
  facet normal 1 0 0
    outer loop
      vertex 17.75 158.721 15.9
      vertex 17.75 153.176 5.72263
      vertex 17.75 154.554 6.56712
    endloop
  endfacet
  facet normal 1 0 0
    outer loop
      vertex 17.75 158.721 15.9
      vertex 17.75 151.683 5.10412
      vertex 17.75 153.176 5.72263
    endloop
  endfacet
  facet normal 1 0 0
    outer loop
      vertex 17.75 158.721 15.9
      vertex 17.75 150.111 4.72681
      vertex 17.75 151.683 5.10412
    endloop
  endfacet
  facet normal 1 0 0
    outer loop
      vertex 17.75 158.721 15.9
      vertex 17.75 148.5 4.6
      vertex 17.75 150.111 4.72681
    endloop
  endfacet
  facet normal 1 0 0
    outer loop
      vertex 17.75 158.721 15.9
      vertex 17.75 146.889 4.72681
      vertex 17.75 148.5 4.6
    endloop
  endfacet
  facet normal 1 0 0
    outer loop
      vertex 17.75 158.721 15.9
      vertex 17.75 145.317 5.10412
      vertex 17.75 146.889 4.72681
    endloop
  endfacet
  facet normal 1 0 0
    outer loop
      vertex 17.75 158.721 15.9
      vertex 17.75 143.824 5.72263
      vertex 17.75 145.317 5.10412
    endloop
  endfacet
  facet normal 1 0 0
    outer loop
      vertex 17.75 158.721 15.9
      vertex 17.75 142.446 6.56712
      vertex 17.75 143.824 5.72263
    endloop
  endfacet
  facet normal 1 0 0
    outer loop
      vertex 17.75 158.721 15.9
      vertex 17.75 141.217 7.6168
      vertex 17.75 142.446 6.56712
    endloop
  endfacet
  facet normal 1 0 0
    outer loop
      vertex 17.75 158.721 15.9
      vertex 17.75 140.167 8.84581
      vertex 17.75 141.217 7.6168
    endloop
  endfacet
  facet normal 1 0 0
    outer loop
      vertex 17.75 158.721 15.9
      vertex 17.75 139.323 10.2239
      vertex 17.75 140.167 8.84581
    endloop
  endfacet
  facet normal 1 0 0
    outer loop
      vertex 17.75 158.721 15.9
      vertex 17.75 138.704 11.7171
      vertex 17.75 139.323 10.2239
    endloop
  endfacet
  facet normal 1 -0 0
    outer loop
      vertex 17.75 138.279 15.9
      vertex 17.75 138.704 11.7171
      vertex 17.75 158.721 15.9
    endloop
  endfacet
  facet normal 1 0 0
    outer loop
      vertex 17.75 138.704 11.7171
      vertex 17.75 138.279 15.9
      vertex 17.75 138.327 13.2887
    endloop
  endfacet
  facet normal 1 0 0
    outer loop
      vertex 17.75 138.327 13.2887
      vertex 17.75 138.279 15.9
      vertex 17.75 138.2 14.9
    endloop
  endfacet
  facet normal -1 0 0
    outer loop
      vertex 161.75 158.673 13.2887
      vertex 161.75 158.721 15.9
      vertex 161.75 158.8 14.9
    endloop
  endfacet
  facet normal -1 0 0
    outer loop
      vertex 161.75 158.296 11.7171
      vertex 161.75 158.721 15.9
      vertex 161.75 158.673 13.2887
    endloop
  endfacet
  facet normal -1 0 0
    outer loop
      vertex 161.75 157.677 10.2239
      vertex 161.75 158.721 15.9
      vertex 161.75 158.296 11.7171
    endloop
  endfacet
  facet normal -1 0 0
    outer loop
      vertex 161.75 156.833 8.84581
      vertex 161.75 158.721 15.9
      vertex 161.75 157.677 10.2239
    endloop
  endfacet
  facet normal -1 0 0
    outer loop
      vertex 161.75 155.783 7.6168
      vertex 161.75 158.721 15.9
      vertex 161.75 156.833 8.84581
    endloop
  endfacet
  facet normal -1 0 0
    outer loop
      vertex 161.75 154.554 6.56712
      vertex 161.75 158.721 15.9
      vertex 161.75 155.783 7.6168
    endloop
  endfacet
  facet normal -1 0 0
    outer loop
      vertex 161.75 153.176 5.72263
      vertex 161.75 158.721 15.9
      vertex 161.75 154.554 6.56712
    endloop
  endfacet
  facet normal -1 0 0
    outer loop
      vertex 161.75 151.683 5.10412
      vertex 161.75 158.721 15.9
      vertex 161.75 153.176 5.72263
    endloop
  endfacet
  facet normal -1 0 0
    outer loop
      vertex 161.75 150.111 4.72681
      vertex 161.75 158.721 15.9
      vertex 161.75 151.683 5.10412
    endloop
  endfacet
  facet normal -1 0 0
    outer loop
      vertex 161.75 148.5 4.6
      vertex 161.75 158.721 15.9
      vertex 161.75 150.111 4.72681
    endloop
  endfacet
  facet normal -1 0 0
    outer loop
      vertex 161.75 146.889 4.72681
      vertex 161.75 158.721 15.9
      vertex 161.75 148.5 4.6
    endloop
  endfacet
  facet normal -1 0 0
    outer loop
      vertex 161.75 145.317 5.10412
      vertex 161.75 158.721 15.9
      vertex 161.75 146.889 4.72681
    endloop
  endfacet
  facet normal -1 0 0
    outer loop
      vertex 161.75 143.824 5.72263
      vertex 161.75 158.721 15.9
      vertex 161.75 145.317 5.10412
    endloop
  endfacet
  facet normal -1 0 0
    outer loop
      vertex 161.75 142.446 6.56712
      vertex 161.75 158.721 15.9
      vertex 161.75 143.824 5.72263
    endloop
  endfacet
  facet normal -1 0 0
    outer loop
      vertex 161.75 141.217 7.6168
      vertex 161.75 158.721 15.9
      vertex 161.75 142.446 6.56712
    endloop
  endfacet
  facet normal -1 0 0
    outer loop
      vertex 161.75 140.167 8.84581
      vertex 161.75 158.721 15.9
      vertex 161.75 141.217 7.6168
    endloop
  endfacet
  facet normal -1 0 0
    outer loop
      vertex 161.75 139.323 10.2239
      vertex 161.75 158.721 15.9
      vertex 161.75 140.167 8.84581
    endloop
  endfacet
  facet normal -1 0 0
    outer loop
      vertex 161.75 138.704 11.7171
      vertex 161.75 158.721 15.9
      vertex 161.75 139.323 10.2239
    endloop
  endfacet
  facet normal -1 0 0
    outer loop
      vertex 161.75 138.279 15.9
      vertex 161.75 138.704 11.7171
      vertex 161.75 138.327 13.2887
    endloop
  endfacet
  facet normal -1 0 0
    outer loop
      vertex 161.75 138.704 11.7171
      vertex 161.75 138.279 15.9
      vertex 161.75 158.721 15.9
    endloop
  endfacet
  facet normal -1 0 -0
    outer loop
      vertex 161.75 138.279 15.9
      vertex 161.75 138.327 13.2887
      vertex 161.75 138.2 14.9
    endloop
  endfacet
  facet normal 1 -0 0
    outer loop
      vertex 169.75 13.2 15.9
      vertex 169.75 160.8 2.6
      vertex 169.75 160.8 15.9
    endloop
  endfacet
  facet normal 1 0 0
    outer loop
      vertex 169.75 160.8 2.6
      vertex 169.75 13.2 15.9
      vertex 169.75 13.2 2.6
    endloop
  endfacet
  facet normal -0 0 1
    outer loop
      vertex 17.75 39.8787 15.9
      vertex 161.75 35.7213 15.9
      vertex 161.75 39.8787 15.9
    endloop
  endfacet
  facet normal 0 0 1
    outer loop
      vertex 161.75 35.7213 15.9
      vertex 17.75 39.8787 15.9
      vertex 17.75 35.7213 15.9
    endloop
  endfacet
  facet normal -0 0 1
    outer loop
      vertex 17.75 64.4787 15.9
      vertex 161.75 60.3213 15.9
      vertex 161.75 64.4787 15.9
    endloop
  endfacet
  facet normal 0 0 1
    outer loop
      vertex 161.75 60.3213 15.9
      vertex 17.75 64.4787 15.9
      vertex 17.75 60.3213 15.9
    endloop
  endfacet
  facet normal -0 0 1
    outer loop
      vertex 17.75 89.0787 15.9
      vertex 161.75 84.9213 15.9
      vertex 161.75 89.0787 15.9
    endloop
  endfacet
  facet normal 0 0 1
    outer loop
      vertex 161.75 84.9213 15.9
      vertex 17.75 89.0787 15.9
      vertex 17.75 84.9213 15.9
    endloop
  endfacet
  facet normal -0 0 1
    outer loop
      vertex 17.75 113.679 15.9
      vertex 161.75 109.521 15.9
      vertex 161.75 113.679 15.9
    endloop
  endfacet
  facet normal 0 0 1
    outer loop
      vertex 161.75 109.521 15.9
      vertex 17.75 113.679 15.9
      vertex 17.75 109.521 15.9
    endloop
  endfacet
  facet normal -0 0 1
    outer loop
      vertex 17.75 138.279 15.9
      vertex 161.75 134.121 15.9
      vertex 161.75 138.279 15.9
    endloop
  endfacet
  facet normal 0 0 1
    outer loop
      vertex 161.75 134.121 15.9
      vertex 17.75 138.279 15.9
      vertex 17.75 134.121 15.9
    endloop
  endfacet
  facet normal 0 0 1
    outer loop
      vertex 161.75 138.279 15.9
      vertex 169.75 160.8 15.9
      vertex 161.75 158.721 15.9
    endloop
  endfacet
  facet normal 0 0 1
    outer loop
      vertex 169.75 160.8 15.9
      vertex 17.75 158.721 15.9
      vertex 161.75 158.721 15.9
    endloop
  endfacet
  facet normal 0 0 1
    outer loop
      vertex 9.75 160.8 15.9
      vertex 17.75 138.279 15.9
      vertex 17.75 158.721 15.9
    endloop
  endfacet
  facet normal 0 0 1
    outer loop
      vertex 17.75 138.279 15.9
      vertex 9.75 160.8 15.9
      vertex 17.75 134.121 15.9
    endloop
  endfacet
  facet normal 0 0 1
    outer loop
      vertex 17.75 134.121 15.9
      vertex 9.75 160.8 15.9
      vertex 17.75 113.679 15.9
    endloop
  endfacet
  facet normal 0 0 1
    outer loop
      vertex 17.75 113.679 15.9
      vertex 9.75 160.8 15.9
      vertex 17.75 109.521 15.9
    endloop
  endfacet
  facet normal 0 0 1
    outer loop
      vertex 17.75 109.521 15.9
      vertex 9.75 160.8 15.9
      vertex 17.75 89.0787 15.9
    endloop
  endfacet
  facet normal 0 0 1
    outer loop
      vertex 17.75 89.0787 15.9
      vertex 9.75 160.8 15.9
      vertex 17.75 84.9213 15.9
    endloop
  endfacet
  facet normal 0 0 1
    outer loop
      vertex 9.75 13.2 15.9
      vertex 17.75 84.9213 15.9
      vertex 9.75 160.8 15.9
    endloop
  endfacet
  facet normal 0 0 1
    outer loop
      vertex 17.75 84.9213 15.9
      vertex 9.75 13.2 15.9
      vertex 17.75 64.4787 15.9
    endloop
  endfacet
  facet normal 0 0 1
    outer loop
      vertex 17.75 64.4787 15.9
      vertex 9.75 13.2 15.9
      vertex 17.75 60.3213 15.9
    endloop
  endfacet
  facet normal 0 0 1
    outer loop
      vertex 17.75 60.3213 15.9
      vertex 9.75 13.2 15.9
      vertex 17.75 39.8787 15.9
    endloop
  endfacet
  facet normal 0 0 1
    outer loop
      vertex 17.75 39.8787 15.9
      vertex 9.75 13.2 15.9
      vertex 17.75 35.7213 15.9
    endloop
  endfacet
  facet normal -0 0 1
    outer loop
      vertex 9.75 160.8 15.9
      vertex 17.75 158.721 15.9
      vertex 169.75 160.8 15.9
    endloop
  endfacet
  facet normal 0 0 1
    outer loop
      vertex 161.75 134.121 15.9
      vertex 169.75 160.8 15.9
      vertex 161.75 138.279 15.9
    endloop
  endfacet
  facet normal 0 0 1
    outer loop
      vertex 161.75 113.679 15.9
      vertex 169.75 160.8 15.9
      vertex 161.75 134.121 15.9
    endloop
  endfacet
  facet normal 0 0 1
    outer loop
      vertex 161.75 109.521 15.9
      vertex 169.75 160.8 15.9
      vertex 161.75 113.679 15.9
    endloop
  endfacet
  facet normal 0 0 1
    outer loop
      vertex 161.75 89.0787 15.9
      vertex 169.75 160.8 15.9
      vertex 161.75 109.521 15.9
    endloop
  endfacet
  facet normal 0 0 1
    outer loop
      vertex 169.75 160.8 15.9
      vertex 161.75 89.0787 15.9
      vertex 169.75 13.2 15.9
    endloop
  endfacet
  facet normal -0 0 1
    outer loop
      vertex 161.75 84.9213 15.9
      vertex 169.75 13.2 15.9
      vertex 161.75 89.0787 15.9
    endloop
  endfacet
  facet normal -0 0 1
    outer loop
      vertex 161.75 64.4787 15.9
      vertex 169.75 13.2 15.9
      vertex 161.75 84.9213 15.9
    endloop
  endfacet
  facet normal -0 0 1
    outer loop
      vertex 161.75 60.3213 15.9
      vertex 169.75 13.2 15.9
      vertex 161.75 64.4787 15.9
    endloop
  endfacet
  facet normal -0 0 1
    outer loop
      vertex 161.75 39.8787 15.9
      vertex 169.75 13.2 15.9
      vertex 161.75 60.3213 15.9
    endloop
  endfacet
  facet normal -0 0 1
    outer loop
      vertex 161.75 35.7213 15.9
      vertex 169.75 13.2 15.9
      vertex 161.75 39.8787 15.9
    endloop
  endfacet
  facet normal -0 0 1
    outer loop
      vertex 161.75 15.2787 15.9
      vertex 169.75 13.2 15.9
      vertex 161.75 35.7213 15.9
    endloop
  endfacet
  facet normal -0 0 1
    outer loop
      vertex 17.75 15.2787 15.9
      vertex 169.75 13.2 15.9
      vertex 161.75 15.2787 15.9
    endloop
  endfacet
  facet normal 0 0 1
    outer loop
      vertex 17.75 15.2787 15.9
      vertex 9.75 13.2 15.9
      vertex 169.75 13.2 15.9
    endloop
  endfacet
  facet normal 0 0 1
    outer loop
      vertex 17.75 35.7213 15.9
      vertex 9.75 13.2 15.9
      vertex 17.75 15.2787 15.9
    endloop
  endfacet
  facet normal 0 0 -1
    outer loop
      vertex 22.3754 46.7271 1.6
      vertex 22.3754 47.3529 1.6
      vertex 22.4 47.04 1.6
    endloop
  endfacet
  facet normal 0 0 -1
    outer loop
      vertex 22.3021 46.422 1.6
      vertex 22.3754 47.3529 1.6
      vertex 22.3754 46.7271 1.6
    endloop
  endfacet
  facet normal 0 0 -1
    outer loop
      vertex 22.3021 46.422 1.6
      vertex 22.3021 47.658 1.6
      vertex 22.3754 47.3529 1.6
    endloop
  endfacet
  facet normal 0 0 -1
    outer loop
      vertex 22.182 46.132 1.6
      vertex 22.3021 47.658 1.6
      vertex 22.3021 46.422 1.6
    endloop
  endfacet
  facet normal 0 0 -1
    outer loop
      vertex 22.182 46.132 1.6
      vertex 22.182 47.948 1.6
      vertex 22.3021 47.658 1.6
    endloop
  endfacet
  facet normal 0 0 -1
    outer loop
      vertex 22.018 45.8644 1.6
      vertex 22.182 47.948 1.6
      vertex 22.182 46.132 1.6
    endloop
  endfacet
  facet normal 0 0 -1
    outer loop
      vertex 22.018 45.8644 1.6
      vertex 22.018 48.2156 1.6
      vertex 22.182 47.948 1.6
    endloop
  endfacet
  facet normal 0 0 -1
    outer loop
      vertex 21.8142 45.6258 1.6
      vertex 22.018 48.2156 1.6
      vertex 22.018 45.8644 1.6
    endloop
  endfacet
  facet normal 0 0 -1
    outer loop
      vertex 21.8142 45.6258 1.6
      vertex 21.8142 48.4542 1.6
      vertex 22.018 48.2156 1.6
    endloop
  endfacet
  facet normal 0 0 -1
    outer loop
      vertex 21.5756 45.422 1.6
      vertex 21.8142 48.4542 1.6
      vertex 21.8142 45.6258 1.6
    endloop
  endfacet
  facet normal 0 0 -1
    outer loop
      vertex 21.5756 45.422 1.6
      vertex 21.5756 48.658 1.6
      vertex 21.8142 48.4542 1.6
    endloop
  endfacet
  facet normal 0 0 -1
    outer loop
      vertex 21.308 45.258 1.6
      vertex 21.5756 48.658 1.6
      vertex 21.5756 45.422 1.6
    endloop
  endfacet
  facet normal 0 0 -1
    outer loop
      vertex 21.308 45.258 1.6
      vertex 21.308 48.822 1.6
      vertex 21.5756 48.658 1.6
    endloop
  endfacet
  facet normal 0 0 -1
    outer loop
      vertex 21.018 45.1379 1.6
      vertex 21.308 48.822 1.6
      vertex 21.308 45.258 1.6
    endloop
  endfacet
  facet normal 0 0 -1
    outer loop
      vertex 21.018 45.1379 1.6
      vertex 21.018 48.9421 1.6
      vertex 21.308 48.822 1.6
    endloop
  endfacet
  facet normal 0 0 -1
    outer loop
      vertex 20.7129 45.0646 1.6
      vertex 21.018 48.9421 1.6
      vertex 21.018 45.1379 1.6
    endloop
  endfacet
  facet normal 0 0 -1
    outer loop
      vertex 20.7129 45.0646 1.6
      vertex 20.7129 49.0154 1.6
      vertex 21.018 48.9421 1.6
    endloop
  endfacet
  facet normal 0 0 -1
    outer loop
      vertex 20.4 45.04 1.6
      vertex 20.7129 49.0154 1.6
      vertex 20.7129 45.0646 1.6
    endloop
  endfacet
  facet normal 0 0 -1
    outer loop
      vertex 20.4 45.04 1.6
      vertex 20.4 49.04 1.6
      vertex 20.7129 49.0154 1.6
    endloop
  endfacet
  facet normal 0 0 -1
    outer loop
      vertex 20.0871 45.0646 1.6
      vertex 20.4 49.04 1.6
      vertex 20.4 45.04 1.6
    endloop
  endfacet
  facet normal 0 0 -1
    outer loop
      vertex 20.0871 45.0646 1.6
      vertex 20.0871 49.0154 1.6
      vertex 20.4 49.04 1.6
    endloop
  endfacet
  facet normal 0 0 -1
    outer loop
      vertex 19.782 45.1379 1.6
      vertex 20.0871 49.0154 1.6
      vertex 20.0871 45.0646 1.6
    endloop
  endfacet
  facet normal 0 0 -1
    outer loop
      vertex 19.782 45.1379 1.6
      vertex 19.782 48.9421 1.6
      vertex 20.0871 49.0154 1.6
    endloop
  endfacet
  facet normal 0 0 -1
    outer loop
      vertex 19.492 45.258 1.6
      vertex 19.782 48.9421 1.6
      vertex 19.782 45.1379 1.6
    endloop
  endfacet
  facet normal 0 0 -1
    outer loop
      vertex 19.492 45.258 1.6
      vertex 19.492 48.822 1.6
      vertex 19.782 48.9421 1.6
    endloop
  endfacet
  facet normal 0 0 -1
    outer loop
      vertex 19.2244 45.422 1.6
      vertex 19.492 48.822 1.6
      vertex 19.492 45.258 1.6
    endloop
  endfacet
  facet normal 0 0 -1
    outer loop
      vertex 19.2244 45.422 1.6
      vertex 19.2244 48.658 1.6
      vertex 19.492 48.822 1.6
    endloop
  endfacet
  facet normal 0 0 -1
    outer loop
      vertex 18.9858 45.6258 1.6
      vertex 19.2244 48.658 1.6
      vertex 19.2244 45.422 1.6
    endloop
  endfacet
  facet normal 0 0 -1
    outer loop
      vertex 18.9858 45.6258 1.6
      vertex 18.9858 48.4542 1.6
      vertex 19.2244 48.658 1.6
    endloop
  endfacet
  facet normal 0 0 -1
    outer loop
      vertex 18.782 45.8644 1.6
      vertex 18.9858 48.4542 1.6
      vertex 18.9858 45.6258 1.6
    endloop
  endfacet
  facet normal 0 0 -1
    outer loop
      vertex 18.782 45.8644 1.6
      vertex 18.782 48.2156 1.6
      vertex 18.9858 48.4542 1.6
    endloop
  endfacet
  facet normal 0 0 -1
    outer loop
      vertex 18.618 46.132 1.6
      vertex 18.782 48.2156 1.6
      vertex 18.782 45.8644 1.6
    endloop
  endfacet
  facet normal 0 0 -1
    outer loop
      vertex 18.618 46.132 1.6
      vertex 18.618 47.948 1.6
      vertex 18.782 48.2156 1.6
    endloop
  endfacet
  facet normal 0 0 -1
    outer loop
      vertex 18.4979 46.422 1.6
      vertex 18.618 47.948 1.6
      vertex 18.618 46.132 1.6
    endloop
  endfacet
  facet normal 0 0 -1
    outer loop
      vertex 18.4979 46.422 1.6
      vertex 18.4979 47.658 1.6
      vertex 18.618 47.948 1.6
    endloop
  endfacet
  facet normal 0 0 -1
    outer loop
      vertex 18.4246 46.7271 1.6
      vertex 18.4979 47.658 1.6
      vertex 18.4979 46.422 1.6
    endloop
  endfacet
  facet normal 0 0 -1
    outer loop
      vertex 18.4246 46.7271 1.6
      vertex 18.4246 47.3529 1.6
      vertex 18.4979 47.658 1.6
    endloop
  endfacet
  facet normal 0 -0 -1
    outer loop
      vertex 18.4246 47.3529 1.6
      vertex 18.4246 46.7271 1.6
      vertex 18.4 47.04 1.6
    endloop
  endfacet
  facet normal 0 0 -1
    outer loop
      vertex 22.3754 100.007 1.6
      vertex 22.3754 100.633 1.6
      vertex 22.4 100.32 1.6
    endloop
  endfacet
  facet normal 0 0 -1
    outer loop
      vertex 22.3021 99.702 1.6
      vertex 22.3754 100.633 1.6
      vertex 22.3754 100.007 1.6
    endloop
  endfacet
  facet normal 0 0 -1
    outer loop
      vertex 22.3021 99.702 1.6
      vertex 22.3021 100.938 1.6
      vertex 22.3754 100.633 1.6
    endloop
  endfacet
  facet normal 0 0 -1
    outer loop
      vertex 22.182 99.412 1.6
      vertex 22.3021 100.938 1.6
      vertex 22.3021 99.702 1.6
    endloop
  endfacet
  facet normal 0 0 -1
    outer loop
      vertex 22.182 99.412 1.6
      vertex 22.182 101.228 1.6
      vertex 22.3021 100.938 1.6
    endloop
  endfacet
  facet normal 0 0 -1
    outer loop
      vertex 22.018 99.1444 1.6
      vertex 22.182 101.228 1.6
      vertex 22.182 99.412 1.6
    endloop
  endfacet
  facet normal 0 0 -1
    outer loop
      vertex 22.018 99.1444 1.6
      vertex 22.018 101.496 1.6
      vertex 22.182 101.228 1.6
    endloop
  endfacet
  facet normal 0 0 -1
    outer loop
      vertex 21.8142 98.9058 1.6
      vertex 22.018 101.496 1.6
      vertex 22.018 99.1444 1.6
    endloop
  endfacet
  facet normal 0 0 -1
    outer loop
      vertex 21.8142 98.9058 1.6
      vertex 21.8142 101.734 1.6
      vertex 22.018 101.496 1.6
    endloop
  endfacet
  facet normal 0 0 -1
    outer loop
      vertex 21.5756 98.702 1.6
      vertex 21.8142 101.734 1.6
      vertex 21.8142 98.9058 1.6
    endloop
  endfacet
  facet normal 0 0 -1
    outer loop
      vertex 21.5756 98.702 1.6
      vertex 21.5756 101.938 1.6
      vertex 21.8142 101.734 1.6
    endloop
  endfacet
  facet normal 0 0 -1
    outer loop
      vertex 21.308 98.538 1.6
      vertex 21.5756 101.938 1.6
      vertex 21.5756 98.702 1.6
    endloop
  endfacet
  facet normal 0 0 -1
    outer loop
      vertex 21.308 98.538 1.6
      vertex 21.308 102.102 1.6
      vertex 21.5756 101.938 1.6
    endloop
  endfacet
  facet normal 0 0 -1
    outer loop
      vertex 21.018 98.4179 1.6
      vertex 21.308 102.102 1.6
      vertex 21.308 98.538 1.6
    endloop
  endfacet
  facet normal 0 0 -1
    outer loop
      vertex 21.018 98.4179 1.6
      vertex 21.018 102.222 1.6
      vertex 21.308 102.102 1.6
    endloop
  endfacet
  facet normal 0 0 -1
    outer loop
      vertex 20.7129 98.3446 1.6
      vertex 21.018 102.222 1.6
      vertex 21.018 98.4179 1.6
    endloop
  endfacet
  facet normal 0 0 -1
    outer loop
      vertex 20.7129 98.3446 1.6
      vertex 20.7129 102.295 1.6
      vertex 21.018 102.222 1.6
    endloop
  endfacet
  facet normal 0 0 -1
    outer loop
      vertex 20.4 98.32 1.6
      vertex 20.7129 102.295 1.6
      vertex 20.7129 98.3446 1.6
    endloop
  endfacet
  facet normal 0 0 -1
    outer loop
      vertex 20.4 98.32 1.6
      vertex 20.4 102.32 1.6
      vertex 20.7129 102.295 1.6
    endloop
  endfacet
  facet normal 0 0 -1
    outer loop
      vertex 20.0871 98.3446 1.6
      vertex 20.4 102.32 1.6
      vertex 20.4 98.32 1.6
    endloop
  endfacet
  facet normal 0 0 -1
    outer loop
      vertex 20.0871 98.3446 1.6
      vertex 20.0871 102.295 1.6
      vertex 20.4 102.32 1.6
    endloop
  endfacet
  facet normal 0 0 -1
    outer loop
      vertex 19.782 98.4179 1.6
      vertex 20.0871 102.295 1.6
      vertex 20.0871 98.3446 1.6
    endloop
  endfacet
  facet normal 0 0 -1
    outer loop
      vertex 19.782 98.4179 1.6
      vertex 19.782 102.222 1.6
      vertex 20.0871 102.295 1.6
    endloop
  endfacet
  facet normal 0 0 -1
    outer loop
      vertex 19.492 98.538 1.6
      vertex 19.782 102.222 1.6
      vertex 19.782 98.4179 1.6
    endloop
  endfacet
  facet normal 0 0 -1
    outer loop
      vertex 19.492 98.538 1.6
      vertex 19.492 102.102 1.6
      vertex 19.782 102.222 1.6
    endloop
  endfacet
  facet normal 0 0 -1
    outer loop
      vertex 19.2244 98.702 1.6
      vertex 19.492 102.102 1.6
      vertex 19.492 98.538 1.6
    endloop
  endfacet
  facet normal 0 0 -1
    outer loop
      vertex 19.2244 98.702 1.6
      vertex 19.2244 101.938 1.6
      vertex 19.492 102.102 1.6
    endloop
  endfacet
  facet normal 0 0 -1
    outer loop
      vertex 18.9858 98.9058 1.6
      vertex 19.2244 101.938 1.6
      vertex 19.2244 98.702 1.6
    endloop
  endfacet
  facet normal 0 0 -1
    outer loop
      vertex 18.9858 98.9058 1.6
      vertex 18.9858 101.734 1.6
      vertex 19.2244 101.938 1.6
    endloop
  endfacet
  facet normal 0 0 -1
    outer loop
      vertex 18.782 99.1444 1.6
      vertex 18.9858 101.734 1.6
      vertex 18.9858 98.9058 1.6
    endloop
  endfacet
  facet normal 0 0 -1
    outer loop
      vertex 18.782 99.1444 1.6
      vertex 18.782 101.496 1.6
      vertex 18.9858 101.734 1.6
    endloop
  endfacet
  facet normal 0 0 -1
    outer loop
      vertex 18.618 99.412 1.6
      vertex 18.782 101.496 1.6
      vertex 18.782 99.1444 1.6
    endloop
  endfacet
  facet normal 0 0 -1
    outer loop
      vertex 18.618 99.412 1.6
      vertex 18.618 101.228 1.6
      vertex 18.782 101.496 1.6
    endloop
  endfacet
  facet normal 0 0 -1
    outer loop
      vertex 18.4979 99.702 1.6
      vertex 18.618 101.228 1.6
      vertex 18.618 99.412 1.6
    endloop
  endfacet
  facet normal 0 0 -1
    outer loop
      vertex 18.4979 99.702 1.6
      vertex 18.4979 100.938 1.6
      vertex 18.618 101.228 1.6
    endloop
  endfacet
  facet normal 0 0 -1
    outer loop
      vertex 18.4246 100.007 1.6
      vertex 18.4979 100.938 1.6
      vertex 18.4979 99.702 1.6
    endloop
  endfacet
  facet normal 0 0 -1
    outer loop
      vertex 18.4246 100.007 1.6
      vertex 18.4246 100.633 1.6
      vertex 18.4979 100.938 1.6
    endloop
  endfacet
  facet normal 0 -0 -1
    outer loop
      vertex 18.4246 100.633 1.6
      vertex 18.4246 100.007 1.6
      vertex 18.4 100.32 1.6
    endloop
  endfacet
  facet normal 0 0 -1
    outer loop
      vertex 22.3754 153.287 1.6
      vertex 22.3754 153.913 1.6
      vertex 22.4 153.6 1.6
    endloop
  endfacet
  facet normal 0 0 -1
    outer loop
      vertex 22.3021 152.982 1.6
      vertex 22.3754 153.913 1.6
      vertex 22.3754 153.287 1.6
    endloop
  endfacet
  facet normal 0 0 -1
    outer loop
      vertex 22.3021 152.982 1.6
      vertex 22.3021 154.218 1.6
      vertex 22.3754 153.913 1.6
    endloop
  endfacet
  facet normal 0 0 -1
    outer loop
      vertex 22.182 152.692 1.6
      vertex 22.3021 154.218 1.6
      vertex 22.3021 152.982 1.6
    endloop
  endfacet
  facet normal 0 0 -1
    outer loop
      vertex 22.182 152.692 1.6
      vertex 22.182 154.508 1.6
      vertex 22.3021 154.218 1.6
    endloop
  endfacet
  facet normal 0 0 -1
    outer loop
      vertex 22.018 152.424 1.6
      vertex 22.182 154.508 1.6
      vertex 22.182 152.692 1.6
    endloop
  endfacet
  facet normal 0 0 -1
    outer loop
      vertex 22.018 152.424 1.6
      vertex 22.018 154.776 1.6
      vertex 22.182 154.508 1.6
    endloop
  endfacet
  facet normal 0 0 -1
    outer loop
      vertex 21.8142 152.186 1.6
      vertex 22.018 154.776 1.6
      vertex 22.018 152.424 1.6
    endloop
  endfacet
  facet normal 0 0 -1
    outer loop
      vertex 21.8142 152.186 1.6
      vertex 21.8142 155.014 1.6
      vertex 22.018 154.776 1.6
    endloop
  endfacet
  facet normal 0 0 -1
    outer loop
      vertex 21.5756 151.982 1.6
      vertex 21.8142 155.014 1.6
      vertex 21.8142 152.186 1.6
    endloop
  endfacet
  facet normal 0 0 -1
    outer loop
      vertex 21.5756 151.982 1.6
      vertex 21.5756 155.218 1.6
      vertex 21.8142 155.014 1.6
    endloop
  endfacet
  facet normal 0 0 -1
    outer loop
      vertex 21.308 151.818 1.6
      vertex 21.5756 155.218 1.6
      vertex 21.5756 151.982 1.6
    endloop
  endfacet
  facet normal 0 0 -1
    outer loop
      vertex 21.308 151.818 1.6
      vertex 21.308 155.382 1.6
      vertex 21.5756 155.218 1.6
    endloop
  endfacet
  facet normal 0 0 -1
    outer loop
      vertex 21.018 151.698 1.6
      vertex 21.308 155.382 1.6
      vertex 21.308 151.818 1.6
    endloop
  endfacet
  facet normal 0 0 -1
    outer loop
      vertex 21.018 151.698 1.6
      vertex 21.018 155.502 1.6
      vertex 21.308 155.382 1.6
    endloop
  endfacet
  facet normal 0 0 -1
    outer loop
      vertex 20.7129 151.625 1.6
      vertex 21.018 155.502 1.6
      vertex 21.018 151.698 1.6
    endloop
  endfacet
  facet normal 0 0 -1
    outer loop
      vertex 20.7129 151.625 1.6
      vertex 20.7129 155.575 1.6
      vertex 21.018 155.502 1.6
    endloop
  endfacet
  facet normal 0 0 -1
    outer loop
      vertex 20.4 151.6 1.6
      vertex 20.7129 155.575 1.6
      vertex 20.7129 151.625 1.6
    endloop
  endfacet
  facet normal 0 0 -1
    outer loop
      vertex 20.4 151.6 1.6
      vertex 20.4 155.6 1.6
      vertex 20.7129 155.575 1.6
    endloop
  endfacet
  facet normal 0 0 -1
    outer loop
      vertex 20.0871 151.625 1.6
      vertex 20.4 155.6 1.6
      vertex 20.4 151.6 1.6
    endloop
  endfacet
  facet normal 0 0 -1
    outer loop
      vertex 20.0871 151.625 1.6
      vertex 20.0871 155.575 1.6
      vertex 20.4 155.6 1.6
    endloop
  endfacet
  facet normal 0 0 -1
    outer loop
      vertex 19.782 151.698 1.6
      vertex 20.0871 155.575 1.6
      vertex 20.0871 151.625 1.6
    endloop
  endfacet
  facet normal 0 0 -1
    outer loop
      vertex 19.782 151.698 1.6
      vertex 19.782 155.502 1.6
      vertex 20.0871 155.575 1.6
    endloop
  endfacet
  facet normal 0 0 -1
    outer loop
      vertex 19.492 151.818 1.6
      vertex 19.782 155.502 1.6
      vertex 19.782 151.698 1.6
    endloop
  endfacet
  facet normal 0 0 -1
    outer loop
      vertex 19.492 151.818 1.6
      vertex 19.492 155.382 1.6
      vertex 19.782 155.502 1.6
    endloop
  endfacet
  facet normal 0 0 -1
    outer loop
      vertex 19.2244 151.982 1.6
      vertex 19.492 155.382 1.6
      vertex 19.492 151.818 1.6
    endloop
  endfacet
  facet normal 0 0 -1
    outer loop
      vertex 19.2244 151.982 1.6
      vertex 19.2244 155.218 1.6
      vertex 19.492 155.382 1.6
    endloop
  endfacet
  facet normal 0 0 -1
    outer loop
      vertex 18.9858 152.186 1.6
      vertex 19.2244 155.218 1.6
      vertex 19.2244 151.982 1.6
    endloop
  endfacet
  facet normal 0 0 -1
    outer loop
      vertex 18.9858 152.186 1.6
      vertex 18.9858 155.014 1.6
      vertex 19.2244 155.218 1.6
    endloop
  endfacet
  facet normal 0 0 -1
    outer loop
      vertex 18.782 152.424 1.6
      vertex 18.9858 155.014 1.6
      vertex 18.9858 152.186 1.6
    endloop
  endfacet
  facet normal 0 0 -1
    outer loop
      vertex 18.782 152.424 1.6
      vertex 18.782 154.776 1.6
      vertex 18.9858 155.014 1.6
    endloop
  endfacet
  facet normal 0 0 -1
    outer loop
      vertex 18.618 152.692 1.6
      vertex 18.782 154.776 1.6
      vertex 18.782 152.424 1.6
    endloop
  endfacet
  facet normal 0 0 -1
    outer loop
      vertex 18.618 152.692 1.6
      vertex 18.618 154.508 1.6
      vertex 18.782 154.776 1.6
    endloop
  endfacet
  facet normal 0 0 -1
    outer loop
      vertex 18.4979 152.982 1.6
      vertex 18.618 154.508 1.6
      vertex 18.618 152.692 1.6
    endloop
  endfacet
  facet normal 0 0 -1
    outer loop
      vertex 18.4979 152.982 1.6
      vertex 18.4979 154.218 1.6
      vertex 18.618 154.508 1.6
    endloop
  endfacet
  facet normal 0 0 -1
    outer loop
      vertex 18.4246 153.287 1.6
      vertex 18.4979 154.218 1.6
      vertex 18.4979 152.982 1.6
    endloop
  endfacet
  facet normal 0 0 -1
    outer loop
      vertex 18.4246 153.287 1.6
      vertex 18.4246 153.913 1.6
      vertex 18.4979 154.218 1.6
    endloop
  endfacet
  facet normal 0 -0 -1
    outer loop
      vertex 18.4246 153.913 1.6
      vertex 18.4246 153.287 1.6
      vertex 18.4 153.6 1.6
    endloop
  endfacet
  facet normal 0 0 -1
    outer loop
      vertex 22.3754 126.647 1.6
      vertex 22.3754 127.273 1.6
      vertex 22.4 126.96 1.6
    endloop
  endfacet
  facet normal 0 0 -1
    outer loop
      vertex 22.3021 126.342 1.6
      vertex 22.3754 127.273 1.6
      vertex 22.3754 126.647 1.6
    endloop
  endfacet
  facet normal 0 0 -1
    outer loop
      vertex 22.3021 126.342 1.6
      vertex 22.3021 127.578 1.6
      vertex 22.3754 127.273 1.6
    endloop
  endfacet
  facet normal 0 0 -1
    outer loop
      vertex 22.182 126.052 1.6
      vertex 22.3021 127.578 1.6
      vertex 22.3021 126.342 1.6
    endloop
  endfacet
  facet normal 0 0 -1
    outer loop
      vertex 22.182 126.052 1.6
      vertex 22.182 127.868 1.6
      vertex 22.3021 127.578 1.6
    endloop
  endfacet
  facet normal 0 0 -1
    outer loop
      vertex 22.018 125.784 1.6
      vertex 22.182 127.868 1.6
      vertex 22.182 126.052 1.6
    endloop
  endfacet
  facet normal 0 0 -1
    outer loop
      vertex 22.018 125.784 1.6
      vertex 22.018 128.136 1.6
      vertex 22.182 127.868 1.6
    endloop
  endfacet
  facet normal 0 0 -1
    outer loop
      vertex 21.8142 125.546 1.6
      vertex 22.018 128.136 1.6
      vertex 22.018 125.784 1.6
    endloop
  endfacet
  facet normal 0 0 -1
    outer loop
      vertex 21.8142 125.546 1.6
      vertex 21.8142 128.374 1.6
      vertex 22.018 128.136 1.6
    endloop
  endfacet
  facet normal 0 0 -1
    outer loop
      vertex 21.5756 125.342 1.6
      vertex 21.8142 128.374 1.6
      vertex 21.8142 125.546 1.6
    endloop
  endfacet
  facet normal 0 0 -1
    outer loop
      vertex 21.5756 125.342 1.6
      vertex 21.5756 128.578 1.6
      vertex 21.8142 128.374 1.6
    endloop
  endfacet
  facet normal 0 0 -1
    outer loop
      vertex 21.308 125.178 1.6
      vertex 21.5756 128.578 1.6
      vertex 21.5756 125.342 1.6
    endloop
  endfacet
  facet normal 0 0 -1
    outer loop
      vertex 21.308 125.178 1.6
      vertex 21.308 128.742 1.6
      vertex 21.5756 128.578 1.6
    endloop
  endfacet
  facet normal 0 0 -1
    outer loop
      vertex 21.018 125.058 1.6
      vertex 21.308 128.742 1.6
      vertex 21.308 125.178 1.6
    endloop
  endfacet
  facet normal 0 0 -1
    outer loop
      vertex 21.018 125.058 1.6
      vertex 21.018 128.862 1.6
      vertex 21.308 128.742 1.6
    endloop
  endfacet
  facet normal 0 0 -1
    outer loop
      vertex 20.7129 124.985 1.6
      vertex 21.018 128.862 1.6
      vertex 21.018 125.058 1.6
    endloop
  endfacet
  facet normal 0 0 -1
    outer loop
      vertex 20.7129 124.985 1.6
      vertex 20.7129 128.935 1.6
      vertex 21.018 128.862 1.6
    endloop
  endfacet
  facet normal 0 0 -1
    outer loop
      vertex 20.4 124.96 1.6
      vertex 20.7129 128.935 1.6
      vertex 20.7129 124.985 1.6
    endloop
  endfacet
  facet normal 0 0 -1
    outer loop
      vertex 20.4 124.96 1.6
      vertex 20.4 128.96 1.6
      vertex 20.7129 128.935 1.6
    endloop
  endfacet
  facet normal 0 0 -1
    outer loop
      vertex 20.0871 124.985 1.6
      vertex 20.4 128.96 1.6
      vertex 20.4 124.96 1.6
    endloop
  endfacet
  facet normal 0 0 -1
    outer loop
      vertex 20.0871 124.985 1.6
      vertex 20.0871 128.935 1.6
      vertex 20.4 128.96 1.6
    endloop
  endfacet
  facet normal 0 0 -1
    outer loop
      vertex 19.782 125.058 1.6
      vertex 20.0871 128.935 1.6
      vertex 20.0871 124.985 1.6
    endloop
  endfacet
  facet normal 0 0 -1
    outer loop
      vertex 19.782 125.058 1.6
      vertex 19.782 128.862 1.6
      vertex 20.0871 128.935 1.6
    endloop
  endfacet
  facet normal 0 0 -1
    outer loop
      vertex 19.492 125.178 1.6
      vertex 19.782 128.862 1.6
      vertex 19.782 125.058 1.6
    endloop
  endfacet
  facet normal 0 0 -1
    outer loop
      vertex 19.492 125.178 1.6
      vertex 19.492 128.742 1.6
      vertex 19.782 128.862 1.6
    endloop
  endfacet
  facet normal 0 0 -1
    outer loop
      vertex 19.2244 125.342 1.6
      vertex 19.492 128.742 1.6
      vertex 19.492 125.178 1.6
    endloop
  endfacet
  facet normal 0 0 -1
    outer loop
      vertex 19.2244 125.342 1.6
      vertex 19.2244 128.578 1.6
      vertex 19.492 128.742 1.6
    endloop
  endfacet
  facet normal 0 0 -1
    outer loop
      vertex 18.9858 125.546 1.6
      vertex 19.2244 128.578 1.6
      vertex 19.2244 125.342 1.6
    endloop
  endfacet
  facet normal 0 0 -1
    outer loop
      vertex 18.9858 125.546 1.6
      vertex 18.9858 128.374 1.6
      vertex 19.2244 128.578 1.6
    endloop
  endfacet
  facet normal 0 0 -1
    outer loop
      vertex 18.782 125.784 1.6
      vertex 18.9858 128.374 1.6
      vertex 18.9858 125.546 1.6
    endloop
  endfacet
  facet normal 0 0 -1
    outer loop
      vertex 18.782 125.784 1.6
      vertex 18.782 128.136 1.6
      vertex 18.9858 128.374 1.6
    endloop
  endfacet
  facet normal 0 0 -1
    outer loop
      vertex 18.618 126.052 1.6
      vertex 18.782 128.136 1.6
      vertex 18.782 125.784 1.6
    endloop
  endfacet
  facet normal 0 0 -1
    outer loop
      vertex 18.618 126.052 1.6
      vertex 18.618 127.868 1.6
      vertex 18.782 128.136 1.6
    endloop
  endfacet
  facet normal 0 0 -1
    outer loop
      vertex 18.4979 126.342 1.6
      vertex 18.618 127.868 1.6
      vertex 18.618 126.052 1.6
    endloop
  endfacet
  facet normal 0 0 -1
    outer loop
      vertex 18.4979 126.342 1.6
      vertex 18.4979 127.578 1.6
      vertex 18.618 127.868 1.6
    endloop
  endfacet
  facet normal 0 0 -1
    outer loop
      vertex 18.4246 126.647 1.6
      vertex 18.4979 127.578 1.6
      vertex 18.4979 126.342 1.6
    endloop
  endfacet
  facet normal 0 0 -1
    outer loop
      vertex 18.4246 126.647 1.6
      vertex 18.4246 127.273 1.6
      vertex 18.4979 127.578 1.6
    endloop
  endfacet
  facet normal 0 -0 -1
    outer loop
      vertex 18.4246 127.273 1.6
      vertex 18.4246 126.647 1.6
      vertex 18.4 126.96 1.6
    endloop
  endfacet
  facet normal 0 0 -1
    outer loop
      vertex 22.3754 20.0871 1.6
      vertex 22.3754 20.7129 1.6
      vertex 22.4 20.4 1.6
    endloop
  endfacet
  facet normal 0 0 -1
    outer loop
      vertex 22.3021 19.782 1.6
      vertex 22.3754 20.7129 1.6
      vertex 22.3754 20.0871 1.6
    endloop
  endfacet
  facet normal 0 0 -1
    outer loop
      vertex 22.3021 19.782 1.6
      vertex 22.3021 21.018 1.6
      vertex 22.3754 20.7129 1.6
    endloop
  endfacet
  facet normal 0 0 -1
    outer loop
      vertex 22.182 19.492 1.6
      vertex 22.3021 21.018 1.6
      vertex 22.3021 19.782 1.6
    endloop
  endfacet
  facet normal 0 0 -1
    outer loop
      vertex 22.182 19.492 1.6
      vertex 22.182 21.308 1.6
      vertex 22.3021 21.018 1.6
    endloop
  endfacet
  facet normal 0 0 -1
    outer loop
      vertex 22.018 19.2244 1.6
      vertex 22.182 21.308 1.6
      vertex 22.182 19.492 1.6
    endloop
  endfacet
  facet normal 0 0 -1
    outer loop
      vertex 22.018 19.2244 1.6
      vertex 22.018 21.5756 1.6
      vertex 22.182 21.308 1.6
    endloop
  endfacet
  facet normal 0 0 -1
    outer loop
      vertex 21.8142 18.9858 1.6
      vertex 22.018 21.5756 1.6
      vertex 22.018 19.2244 1.6
    endloop
  endfacet
  facet normal 0 0 -1
    outer loop
      vertex 21.8142 18.9858 1.6
      vertex 21.8142 21.8142 1.6
      vertex 22.018 21.5756 1.6
    endloop
  endfacet
  facet normal 0 0 -1
    outer loop
      vertex 21.5756 18.782 1.6
      vertex 21.8142 21.8142 1.6
      vertex 21.8142 18.9858 1.6
    endloop
  endfacet
  facet normal 0 0 -1
    outer loop
      vertex 21.5756 18.782 1.6
      vertex 21.5756 22.018 1.6
      vertex 21.8142 21.8142 1.6
    endloop
  endfacet
  facet normal 0 0 -1
    outer loop
      vertex 21.308 18.618 1.6
      vertex 21.5756 22.018 1.6
      vertex 21.5756 18.782 1.6
    endloop
  endfacet
  facet normal 0 0 -1
    outer loop
      vertex 21.308 18.618 1.6
      vertex 21.308 22.182 1.6
      vertex 21.5756 22.018 1.6
    endloop
  endfacet
  facet normal 0 0 -1
    outer loop
      vertex 21.018 18.4979 1.6
      vertex 21.308 22.182 1.6
      vertex 21.308 18.618 1.6
    endloop
  endfacet
  facet normal 0 0 -1
    outer loop
      vertex 21.018 18.4979 1.6
      vertex 21.018 22.3021 1.6
      vertex 21.308 22.182 1.6
    endloop
  endfacet
  facet normal 0 0 -1
    outer loop
      vertex 20.7129 18.4246 1.6
      vertex 21.018 22.3021 1.6
      vertex 21.018 18.4979 1.6
    endloop
  endfacet
  facet normal 0 0 -1
    outer loop
      vertex 20.7129 18.4246 1.6
      vertex 20.7129 22.3754 1.6
      vertex 21.018 22.3021 1.6
    endloop
  endfacet
  facet normal 0 0 -1
    outer loop
      vertex 20.4 18.4 1.6
      vertex 20.7129 22.3754 1.6
      vertex 20.7129 18.4246 1.6
    endloop
  endfacet
  facet normal 0 0 -1
    outer loop
      vertex 20.4 18.4 1.6
      vertex 20.4 22.4 1.6
      vertex 20.7129 22.3754 1.6
    endloop
  endfacet
  facet normal 0 0 -1
    outer loop
      vertex 20.0871 18.4246 1.6
      vertex 20.4 22.4 1.6
      vertex 20.4 18.4 1.6
    endloop
  endfacet
  facet normal 0 0 -1
    outer loop
      vertex 20.0871 18.4246 1.6
      vertex 20.0871 22.3754 1.6
      vertex 20.4 22.4 1.6
    endloop
  endfacet
  facet normal 0 0 -1
    outer loop
      vertex 19.782 18.4979 1.6
      vertex 20.0871 22.3754 1.6
      vertex 20.0871 18.4246 1.6
    endloop
  endfacet
  facet normal 0 0 -1
    outer loop
      vertex 19.782 18.4979 1.6
      vertex 19.782 22.3021 1.6
      vertex 20.0871 22.3754 1.6
    endloop
  endfacet
  facet normal 0 0 -1
    outer loop
      vertex 19.492 18.618 1.6
      vertex 19.782 22.3021 1.6
      vertex 19.782 18.4979 1.6
    endloop
  endfacet
  facet normal 0 0 -1
    outer loop
      vertex 19.492 18.618 1.6
      vertex 19.492 22.182 1.6
      vertex 19.782 22.3021 1.6
    endloop
  endfacet
  facet normal 0 0 -1
    outer loop
      vertex 19.2244 18.782 1.6
      vertex 19.492 22.182 1.6
      vertex 19.492 18.618 1.6
    endloop
  endfacet
  facet normal 0 0 -1
    outer loop
      vertex 19.2244 18.782 1.6
      vertex 19.2244 22.018 1.6
      vertex 19.492 22.182 1.6
    endloop
  endfacet
  facet normal 0 0 -1
    outer loop
      vertex 18.9858 18.9858 1.6
      vertex 19.2244 22.018 1.6
      vertex 19.2244 18.782 1.6
    endloop
  endfacet
  facet normal 0 0 -1
    outer loop
      vertex 18.9858 18.9858 1.6
      vertex 18.9858 21.8142 1.6
      vertex 19.2244 22.018 1.6
    endloop
  endfacet
  facet normal 0 0 -1
    outer loop
      vertex 18.782 19.2244 1.6
      vertex 18.9858 21.8142 1.6
      vertex 18.9858 18.9858 1.6
    endloop
  endfacet
  facet normal 0 0 -1
    outer loop
      vertex 18.782 19.2244 1.6
      vertex 18.782 21.5756 1.6
      vertex 18.9858 21.8142 1.6
    endloop
  endfacet
  facet normal 0 0 -1
    outer loop
      vertex 18.618 19.492 1.6
      vertex 18.782 21.5756 1.6
      vertex 18.782 19.2244 1.6
    endloop
  endfacet
  facet normal 0 0 -1
    outer loop
      vertex 18.618 19.492 1.6
      vertex 18.618 21.308 1.6
      vertex 18.782 21.5756 1.6
    endloop
  endfacet
  facet normal 0 0 -1
    outer loop
      vertex 18.4979 19.782 1.6
      vertex 18.618 21.308 1.6
      vertex 18.618 19.492 1.6
    endloop
  endfacet
  facet normal 0 0 -1
    outer loop
      vertex 18.4979 19.782 1.6
      vertex 18.4979 21.018 1.6
      vertex 18.618 21.308 1.6
    endloop
  endfacet
  facet normal 0 0 -1
    outer loop
      vertex 18.4246 20.0871 1.6
      vertex 18.4979 21.018 1.6
      vertex 18.4979 19.782 1.6
    endloop
  endfacet
  facet normal 0 0 -1
    outer loop
      vertex 18.4246 20.0871 1.6
      vertex 18.4246 20.7129 1.6
      vertex 18.4979 21.018 1.6
    endloop
  endfacet
  facet normal 0 -0 -1
    outer loop
      vertex 18.4246 20.7129 1.6
      vertex 18.4246 20.0871 1.6
      vertex 18.4 20.4 1.6
    endloop
  endfacet
  facet normal 0 0 -1
    outer loop
      vertex 22.3754 73.3671 1.6
      vertex 22.3754 73.9929 1.6
      vertex 22.4 73.68 1.6
    endloop
  endfacet
  facet normal 0 0 -1
    outer loop
      vertex 22.3021 73.062 1.6
      vertex 22.3754 73.9929 1.6
      vertex 22.3754 73.3671 1.6
    endloop
  endfacet
  facet normal 0 0 -1
    outer loop
      vertex 22.3021 73.062 1.6
      vertex 22.3021 74.298 1.6
      vertex 22.3754 73.9929 1.6
    endloop
  endfacet
  facet normal 0 0 -1
    outer loop
      vertex 22.182 72.772 1.6
      vertex 22.3021 74.298 1.6
      vertex 22.3021 73.062 1.6
    endloop
  endfacet
  facet normal 0 0 -1
    outer loop
      vertex 22.182 72.772 1.6
      vertex 22.182 74.588 1.6
      vertex 22.3021 74.298 1.6
    endloop
  endfacet
  facet normal 0 0 -1
    outer loop
      vertex 22.018 72.5044 1.6
      vertex 22.182 74.588 1.6
      vertex 22.182 72.772 1.6
    endloop
  endfacet
  facet normal 0 0 -1
    outer loop
      vertex 22.018 72.5044 1.6
      vertex 22.018 74.8556 1.6
      vertex 22.182 74.588 1.6
    endloop
  endfacet
  facet normal 0 0 -1
    outer loop
      vertex 21.8142 72.2658 1.6
      vertex 22.018 74.8556 1.6
      vertex 22.018 72.5044 1.6
    endloop
  endfacet
  facet normal 0 0 -1
    outer loop
      vertex 21.8142 72.2658 1.6
      vertex 21.8142 75.0942 1.6
      vertex 22.018 74.8556 1.6
    endloop
  endfacet
  facet normal 0 0 -1
    outer loop
      vertex 21.5756 72.062 1.6
      vertex 21.8142 75.0942 1.6
      vertex 21.8142 72.2658 1.6
    endloop
  endfacet
  facet normal 0 0 -1
    outer loop
      vertex 21.5756 72.062 1.6
      vertex 21.5756 75.298 1.6
      vertex 21.8142 75.0942 1.6
    endloop
  endfacet
  facet normal 0 0 -1
    outer loop
      vertex 21.308 71.898 1.6
      vertex 21.5756 75.298 1.6
      vertex 21.5756 72.062 1.6
    endloop
  endfacet
  facet normal 0 0 -1
    outer loop
      vertex 21.308 71.898 1.6
      vertex 21.308 75.462 1.6
      vertex 21.5756 75.298 1.6
    endloop
  endfacet
  facet normal 0 0 -1
    outer loop
      vertex 21.018 71.7779 1.6
      vertex 21.308 75.462 1.6
      vertex 21.308 71.898 1.6
    endloop
  endfacet
  facet normal 0 0 -1
    outer loop
      vertex 21.018 71.7779 1.6
      vertex 21.018 75.5821 1.6
      vertex 21.308 75.462 1.6
    endloop
  endfacet
  facet normal 0 0 -1
    outer loop
      vertex 20.7129 71.7046 1.6
      vertex 21.018 75.5821 1.6
      vertex 21.018 71.7779 1.6
    endloop
  endfacet
  facet normal 0 0 -1
    outer loop
      vertex 20.7129 71.7046 1.6
      vertex 20.7129 75.6554 1.6
      vertex 21.018 75.5821 1.6
    endloop
  endfacet
  facet normal 0 0 -1
    outer loop
      vertex 20.4 71.68 1.6
      vertex 20.7129 75.6554 1.6
      vertex 20.7129 71.7046 1.6
    endloop
  endfacet
  facet normal 0 0 -1
    outer loop
      vertex 20.4 71.68 1.6
      vertex 20.4 75.68 1.6
      vertex 20.7129 75.6554 1.6
    endloop
  endfacet
  facet normal 0 0 -1
    outer loop
      vertex 20.0871 71.7046 1.6
      vertex 20.4 75.68 1.6
      vertex 20.4 71.68 1.6
    endloop
  endfacet
  facet normal 0 0 -1
    outer loop
      vertex 20.0871 71.7046 1.6
      vertex 20.0871 75.6554 1.6
      vertex 20.4 75.68 1.6
    endloop
  endfacet
  facet normal 0 0 -1
    outer loop
      vertex 19.782 71.7779 1.6
      vertex 20.0871 75.6554 1.6
      vertex 20.0871 71.7046 1.6
    endloop
  endfacet
  facet normal 0 0 -1
    outer loop
      vertex 19.782 71.7779 1.6
      vertex 19.782 75.5821 1.6
      vertex 20.0871 75.6554 1.6
    endloop
  endfacet
  facet normal 0 0 -1
    outer loop
      vertex 19.492 71.898 1.6
      vertex 19.782 75.5821 1.6
      vertex 19.782 71.7779 1.6
    endloop
  endfacet
  facet normal 0 0 -1
    outer loop
      vertex 19.492 71.898 1.6
      vertex 19.492 75.462 1.6
      vertex 19.782 75.5821 1.6
    endloop
  endfacet
  facet normal 0 0 -1
    outer loop
      vertex 19.2244 72.062 1.6
      vertex 19.492 75.462 1.6
      vertex 19.492 71.898 1.6
    endloop
  endfacet
  facet normal 0 0 -1
    outer loop
      vertex 19.2244 72.062 1.6
      vertex 19.2244 75.298 1.6
      vertex 19.492 75.462 1.6
    endloop
  endfacet
  facet normal 0 0 -1
    outer loop
      vertex 18.9858 72.2658 1.6
      vertex 19.2244 75.298 1.6
      vertex 19.2244 72.062 1.6
    endloop
  endfacet
  facet normal 0 0 -1
    outer loop
      vertex 18.9858 72.2658 1.6
      vertex 18.9858 75.0942 1.6
      vertex 19.2244 75.298 1.6
    endloop
  endfacet
  facet normal 0 0 -1
    outer loop
      vertex 18.782 72.5044 1.6
      vertex 18.9858 75.0942 1.6
      vertex 18.9858 72.2658 1.6
    endloop
  endfacet
  facet normal 0 0 -1
    outer loop
      vertex 18.782 72.5044 1.6
      vertex 18.782 74.8556 1.6
      vertex 18.9858 75.0942 1.6
    endloop
  endfacet
  facet normal 0 0 -1
    outer loop
      vertex 18.618 72.772 1.6
      vertex 18.782 74.8556 1.6
      vertex 18.782 72.5044 1.6
    endloop
  endfacet
  facet normal 0 0 -1
    outer loop
      vertex 18.618 72.772 1.6
      vertex 18.618 74.588 1.6
      vertex 18.782 74.8556 1.6
    endloop
  endfacet
  facet normal 0 0 -1
    outer loop
      vertex 18.4979 73.062 1.6
      vertex 18.618 74.588 1.6
      vertex 18.618 72.772 1.6
    endloop
  endfacet
  facet normal 0 0 -1
    outer loop
      vertex 18.4979 73.062 1.6
      vertex 18.4979 74.298 1.6
      vertex 18.618 74.588 1.6
    endloop
  endfacet
  facet normal 0 0 -1
    outer loop
      vertex 18.4246 73.3671 1.6
      vertex 18.4979 74.298 1.6
      vertex 18.4979 73.062 1.6
    endloop
  endfacet
  facet normal 0 0 -1
    outer loop
      vertex 18.4246 73.3671 1.6
      vertex 18.4246 73.9929 1.6
      vertex 18.4979 74.298 1.6
    endloop
  endfacet
  facet normal 0 -0 -1
    outer loop
      vertex 18.4246 73.9929 1.6
      vertex 18.4246 73.3671 1.6
      vertex 18.4 73.68 1.6
    endloop
  endfacet
  facet normal 0 0 -1
    outer loop
      vertex 68.6087 46.7271 1.6
      vertex 68.6087 47.3529 1.6
      vertex 68.6333 47.04 1.6
    endloop
  endfacet
  facet normal 0 0 -1
    outer loop
      vertex 68.5354 46.422 1.6
      vertex 68.6087 47.3529 1.6
      vertex 68.6087 46.7271 1.6
    endloop
  endfacet
  facet normal 0 0 -1
    outer loop
      vertex 68.5354 46.422 1.6
      vertex 68.5354 47.658 1.6
      vertex 68.6087 47.3529 1.6
    endloop
  endfacet
  facet normal 0 0 -1
    outer loop
      vertex 68.4153 46.132 1.6
      vertex 68.5354 47.658 1.6
      vertex 68.5354 46.422 1.6
    endloop
  endfacet
  facet normal 0 0 -1
    outer loop
      vertex 68.4153 46.132 1.6
      vertex 68.4153 47.948 1.6
      vertex 68.5354 47.658 1.6
    endloop
  endfacet
  facet normal 0 0 -1
    outer loop
      vertex 68.2514 45.8644 1.6
      vertex 68.4153 47.948 1.6
      vertex 68.4153 46.132 1.6
    endloop
  endfacet
  facet normal 0 0 -1
    outer loop
      vertex 68.2514 45.8644 1.6
      vertex 68.2514 48.2156 1.6
      vertex 68.4153 47.948 1.6
    endloop
  endfacet
  facet normal 0 0 -1
    outer loop
      vertex 68.0475 45.6258 1.6
      vertex 68.2514 48.2156 1.6
      vertex 68.2514 45.8644 1.6
    endloop
  endfacet
  facet normal 0 0 -1
    outer loop
      vertex 68.0475 45.6258 1.6
      vertex 68.0475 48.4542 1.6
      vertex 68.2514 48.2156 1.6
    endloop
  endfacet
  facet normal 0 0 -1
    outer loop
      vertex 67.8089 45.422 1.6
      vertex 68.0475 48.4542 1.6
      vertex 68.0475 45.6258 1.6
    endloop
  endfacet
  facet normal 0 0 -1
    outer loop
      vertex 67.8089 45.422 1.6
      vertex 67.8089 48.658 1.6
      vertex 68.0475 48.4542 1.6
    endloop
  endfacet
  facet normal 0 0 -1
    outer loop
      vertex 67.5413 45.258 1.6
      vertex 67.8089 48.658 1.6
      vertex 67.8089 45.422 1.6
    endloop
  endfacet
  facet normal 0 0 -1
    outer loop
      vertex 67.5413 45.258 1.6
      vertex 67.5413 48.822 1.6
      vertex 67.8089 48.658 1.6
    endloop
  endfacet
  facet normal 0 0 -1
    outer loop
      vertex 67.2514 45.1379 1.6
      vertex 67.5413 48.822 1.6
      vertex 67.5413 45.258 1.6
    endloop
  endfacet
  facet normal 0 0 -1
    outer loop
      vertex 67.2514 45.1379 1.6
      vertex 67.2514 48.9421 1.6
      vertex 67.5413 48.822 1.6
    endloop
  endfacet
  facet normal 0 0 -1
    outer loop
      vertex 66.9462 45.0646 1.6
      vertex 67.2514 48.9421 1.6
      vertex 67.2514 45.1379 1.6
    endloop
  endfacet
  facet normal 0 0 -1
    outer loop
      vertex 66.9462 45.0646 1.6
      vertex 66.9462 49.0154 1.6
      vertex 67.2514 48.9421 1.6
    endloop
  endfacet
  facet normal 0 0 -1
    outer loop
      vertex 66.6333 45.04 1.6
      vertex 66.9462 49.0154 1.6
      vertex 66.9462 45.0646 1.6
    endloop
  endfacet
  facet normal 0 0 -1
    outer loop
      vertex 66.6333 45.04 1.6
      vertex 66.6333 49.04 1.6
      vertex 66.9462 49.0154 1.6
    endloop
  endfacet
  facet normal 0 0 -1
    outer loop
      vertex 66.3205 45.0646 1.6
      vertex 66.6333 49.04 1.6
      vertex 66.6333 45.04 1.6
    endloop
  endfacet
  facet normal 0 0 -1
    outer loop
      vertex 66.3205 45.0646 1.6
      vertex 66.3205 49.0154 1.6
      vertex 66.6333 49.04 1.6
    endloop
  endfacet
  facet normal 0 0 -1
    outer loop
      vertex 66.0153 45.1379 1.6
      vertex 66.3205 49.0154 1.6
      vertex 66.3205 45.0646 1.6
    endloop
  endfacet
  facet normal 0 0 -1
    outer loop
      vertex 66.0153 45.1379 1.6
      vertex 66.0153 48.9421 1.6
      vertex 66.3205 49.0154 1.6
    endloop
  endfacet
  facet normal 0 0 -1
    outer loop
      vertex 65.7253 45.258 1.6
      vertex 66.0153 48.9421 1.6
      vertex 66.0153 45.1379 1.6
    endloop
  endfacet
  facet normal 0 0 -1
    outer loop
      vertex 65.7253 45.258 1.6
      vertex 65.7253 48.822 1.6
      vertex 66.0153 48.9421 1.6
    endloop
  endfacet
  facet normal 0 0 -1
    outer loop
      vertex 65.4578 45.422 1.6
      vertex 65.7253 48.822 1.6
      vertex 65.7253 45.258 1.6
    endloop
  endfacet
  facet normal 0 0 -1
    outer loop
      vertex 65.4578 45.422 1.6
      vertex 65.4578 48.658 1.6
      vertex 65.7253 48.822 1.6
    endloop
  endfacet
  facet normal 0 0 -1
    outer loop
      vertex 65.2191 45.6258 1.6
      vertex 65.4578 48.658 1.6
      vertex 65.4578 45.422 1.6
    endloop
  endfacet
  facet normal 0 0 -1
    outer loop
      vertex 65.2191 45.6258 1.6
      vertex 65.2191 48.4542 1.6
      vertex 65.4578 48.658 1.6
    endloop
  endfacet
  facet normal 0 0 -1
    outer loop
      vertex 65.0153 45.8644 1.6
      vertex 65.2191 48.4542 1.6
      vertex 65.2191 45.6258 1.6
    endloop
  endfacet
  facet normal 0 0 -1
    outer loop
      vertex 65.0153 45.8644 1.6
      vertex 65.0153 48.2156 1.6
      vertex 65.2191 48.4542 1.6
    endloop
  endfacet
  facet normal 0 0 -1
    outer loop
      vertex 64.8513 46.132 1.6
      vertex 65.0153 48.2156 1.6
      vertex 65.0153 45.8644 1.6
    endloop
  endfacet
  facet normal 0 0 -1
    outer loop
      vertex 64.8513 46.132 1.6
      vertex 64.8513 47.948 1.6
      vertex 65.0153 48.2156 1.6
    endloop
  endfacet
  facet normal 0 0 -1
    outer loop
      vertex 64.7312 46.422 1.6
      vertex 64.8513 47.948 1.6
      vertex 64.8513 46.132 1.6
    endloop
  endfacet
  facet normal 0 0 -1
    outer loop
      vertex 64.7312 46.422 1.6
      vertex 64.7312 47.658 1.6
      vertex 64.8513 47.948 1.6
    endloop
  endfacet
  facet normal 0 0 -1
    outer loop
      vertex 64.658 46.7271 1.6
      vertex 64.7312 47.658 1.6
      vertex 64.7312 46.422 1.6
    endloop
  endfacet
  facet normal 0 0 -1
    outer loop
      vertex 64.658 46.7271 1.6
      vertex 64.658 47.3529 1.6
      vertex 64.7312 47.658 1.6
    endloop
  endfacet
  facet normal 0 -0 -1
    outer loop
      vertex 64.658 47.3529 1.6
      vertex 64.658 46.7271 1.6
      vertex 64.6333 47.04 1.6
    endloop
  endfacet
  facet normal 0 0 -1
    outer loop
      vertex 68.6087 100.007 1.6
      vertex 68.6087 100.633 1.6
      vertex 68.6333 100.32 1.6
    endloop
  endfacet
  facet normal 0 0 -1
    outer loop
      vertex 68.5354 99.702 1.6
      vertex 68.6087 100.633 1.6
      vertex 68.6087 100.007 1.6
    endloop
  endfacet
  facet normal 0 0 -1
    outer loop
      vertex 68.5354 99.702 1.6
      vertex 68.5354 100.938 1.6
      vertex 68.6087 100.633 1.6
    endloop
  endfacet
  facet normal 0 0 -1
    outer loop
      vertex 68.4153 99.412 1.6
      vertex 68.5354 100.938 1.6
      vertex 68.5354 99.702 1.6
    endloop
  endfacet
  facet normal 0 0 -1
    outer loop
      vertex 68.4153 99.412 1.6
      vertex 68.4153 101.228 1.6
      vertex 68.5354 100.938 1.6
    endloop
  endfacet
  facet normal 0 0 -1
    outer loop
      vertex 68.2514 99.1444 1.6
      vertex 68.4153 101.228 1.6
      vertex 68.4153 99.412 1.6
    endloop
  endfacet
  facet normal 0 0 -1
    outer loop
      vertex 68.2514 99.1444 1.6
      vertex 68.2514 101.496 1.6
      vertex 68.4153 101.228 1.6
    endloop
  endfacet
  facet normal 0 0 -1
    outer loop
      vertex 68.0475 98.9058 1.6
      vertex 68.2514 101.496 1.6
      vertex 68.2514 99.1444 1.6
    endloop
  endfacet
  facet normal 0 0 -1
    outer loop
      vertex 68.0475 98.9058 1.6
      vertex 68.0475 101.734 1.6
      vertex 68.2514 101.496 1.6
    endloop
  endfacet
  facet normal 0 0 -1
    outer loop
      vertex 67.8089 98.702 1.6
      vertex 68.0475 101.734 1.6
      vertex 68.0475 98.9058 1.6
    endloop
  endfacet
  facet normal 0 0 -1
    outer loop
      vertex 67.8089 98.702 1.6
      vertex 67.8089 101.938 1.6
      vertex 68.0475 101.734 1.6
    endloop
  endfacet
  facet normal 0 0 -1
    outer loop
      vertex 67.5413 98.538 1.6
      vertex 67.8089 101.938 1.6
      vertex 67.8089 98.702 1.6
    endloop
  endfacet
  facet normal 0 0 -1
    outer loop
      vertex 67.5413 98.538 1.6
      vertex 67.5413 102.102 1.6
      vertex 67.8089 101.938 1.6
    endloop
  endfacet
  facet normal 0 0 -1
    outer loop
      vertex 67.2514 98.4179 1.6
      vertex 67.5413 102.102 1.6
      vertex 67.5413 98.538 1.6
    endloop
  endfacet
  facet normal 0 0 -1
    outer loop
      vertex 67.2514 98.4179 1.6
      vertex 67.2514 102.222 1.6
      vertex 67.5413 102.102 1.6
    endloop
  endfacet
  facet normal 0 0 -1
    outer loop
      vertex 66.9462 98.3446 1.6
      vertex 67.2514 102.222 1.6
      vertex 67.2514 98.4179 1.6
    endloop
  endfacet
  facet normal 0 0 -1
    outer loop
      vertex 66.9462 98.3446 1.6
      vertex 66.9462 102.295 1.6
      vertex 67.2514 102.222 1.6
    endloop
  endfacet
  facet normal 0 0 -1
    outer loop
      vertex 66.6333 98.32 1.6
      vertex 66.9462 102.295 1.6
      vertex 66.9462 98.3446 1.6
    endloop
  endfacet
  facet normal 0 0 -1
    outer loop
      vertex 66.6333 98.32 1.6
      vertex 66.6333 102.32 1.6
      vertex 66.9462 102.295 1.6
    endloop
  endfacet
  facet normal 0 0 -1
    outer loop
      vertex 66.3205 98.3446 1.6
      vertex 66.6333 102.32 1.6
      vertex 66.6333 98.32 1.6
    endloop
  endfacet
  facet normal 0 0 -1
    outer loop
      vertex 66.3205 98.3446 1.6
      vertex 66.3205 102.295 1.6
      vertex 66.6333 102.32 1.6
    endloop
  endfacet
  facet normal 0 0 -1
    outer loop
      vertex 66.0153 98.4179 1.6
      vertex 66.3205 102.295 1.6
      vertex 66.3205 98.3446 1.6
    endloop
  endfacet
  facet normal 0 0 -1
    outer loop
      vertex 66.0153 98.4179 1.6
      vertex 66.0153 102.222 1.6
      vertex 66.3205 102.295 1.6
    endloop
  endfacet
  facet normal 0 0 -1
    outer loop
      vertex 65.7253 98.538 1.6
      vertex 66.0153 102.222 1.6
      vertex 66.0153 98.4179 1.6
    endloop
  endfacet
  facet normal 0 0 -1
    outer loop
      vertex 65.7253 98.538 1.6
      vertex 65.7253 102.102 1.6
      vertex 66.0153 102.222 1.6
    endloop
  endfacet
  facet normal 0 0 -1
    outer loop
      vertex 65.4578 98.702 1.6
      vertex 65.7253 102.102 1.6
      vertex 65.7253 98.538 1.6
    endloop
  endfacet
  facet normal 0 0 -1
    outer loop
      vertex 65.4578 98.702 1.6
      vertex 65.4578 101.938 1.6
      vertex 65.7253 102.102 1.6
    endloop
  endfacet
  facet normal 0 0 -1
    outer loop
      vertex 65.2191 98.9058 1.6
      vertex 65.4578 101.938 1.6
      vertex 65.4578 98.702 1.6
    endloop
  endfacet
  facet normal 0 0 -1
    outer loop
      vertex 65.2191 98.9058 1.6
      vertex 65.2191 101.734 1.6
      vertex 65.4578 101.938 1.6
    endloop
  endfacet
  facet normal 0 0 -1
    outer loop
      vertex 65.0153 99.1444 1.6
      vertex 65.2191 101.734 1.6
      vertex 65.2191 98.9058 1.6
    endloop
  endfacet
  facet normal 0 0 -1
    outer loop
      vertex 65.0153 99.1444 1.6
      vertex 65.0153 101.496 1.6
      vertex 65.2191 101.734 1.6
    endloop
  endfacet
  facet normal 0 0 -1
    outer loop
      vertex 64.8513 99.412 1.6
      vertex 65.0153 101.496 1.6
      vertex 65.0153 99.1444 1.6
    endloop
  endfacet
  facet normal 0 0 -1
    outer loop
      vertex 64.8513 99.412 1.6
      vertex 64.8513 101.228 1.6
      vertex 65.0153 101.496 1.6
    endloop
  endfacet
  facet normal 0 0 -1
    outer loop
      vertex 64.7312 99.702 1.6
      vertex 64.8513 101.228 1.6
      vertex 64.8513 99.412 1.6
    endloop
  endfacet
  facet normal 0 0 -1
    outer loop
      vertex 64.7312 99.702 1.6
      vertex 64.7312 100.938 1.6
      vertex 64.8513 101.228 1.6
    endloop
  endfacet
  facet normal 0 0 -1
    outer loop
      vertex 64.658 100.007 1.6
      vertex 64.7312 100.938 1.6
      vertex 64.7312 99.702 1.6
    endloop
  endfacet
  facet normal 0 0 -1
    outer loop
      vertex 64.658 100.007 1.6
      vertex 64.658 100.633 1.6
      vertex 64.7312 100.938 1.6
    endloop
  endfacet
  facet normal 0 -0 -1
    outer loop
      vertex 64.658 100.633 1.6
      vertex 64.658 100.007 1.6
      vertex 64.6333 100.32 1.6
    endloop
  endfacet
  facet normal 0 0 -1
    outer loop
      vertex 68.6087 153.287 1.6
      vertex 68.6087 153.913 1.6
      vertex 68.6333 153.6 1.6
    endloop
  endfacet
  facet normal 0 0 -1
    outer loop
      vertex 68.5354 152.982 1.6
      vertex 68.6087 153.913 1.6
      vertex 68.6087 153.287 1.6
    endloop
  endfacet
  facet normal 0 0 -1
    outer loop
      vertex 68.5354 152.982 1.6
      vertex 68.5354 154.218 1.6
      vertex 68.6087 153.913 1.6
    endloop
  endfacet
  facet normal 0 0 -1
    outer loop
      vertex 68.4153 152.692 1.6
      vertex 68.5354 154.218 1.6
      vertex 68.5354 152.982 1.6
    endloop
  endfacet
  facet normal 0 0 -1
    outer loop
      vertex 68.4153 152.692 1.6
      vertex 68.4153 154.508 1.6
      vertex 68.5354 154.218 1.6
    endloop
  endfacet
  facet normal 0 0 -1
    outer loop
      vertex 68.2514 152.424 1.6
      vertex 68.4153 154.508 1.6
      vertex 68.4153 152.692 1.6
    endloop
  endfacet
  facet normal 0 0 -1
    outer loop
      vertex 68.2514 152.424 1.6
      vertex 68.2514 154.776 1.6
      vertex 68.4153 154.508 1.6
    endloop
  endfacet
  facet normal 0 0 -1
    outer loop
      vertex 68.0475 152.186 1.6
      vertex 68.2514 154.776 1.6
      vertex 68.2514 152.424 1.6
    endloop
  endfacet
  facet normal 0 0 -1
    outer loop
      vertex 68.0475 152.186 1.6
      vertex 68.0475 155.014 1.6
      vertex 68.2514 154.776 1.6
    endloop
  endfacet
  facet normal 0 0 -1
    outer loop
      vertex 67.8089 151.982 1.6
      vertex 68.0475 155.014 1.6
      vertex 68.0475 152.186 1.6
    endloop
  endfacet
  facet normal 0 0 -1
    outer loop
      vertex 67.8089 151.982 1.6
      vertex 67.8089 155.218 1.6
      vertex 68.0475 155.014 1.6
    endloop
  endfacet
  facet normal 0 0 -1
    outer loop
      vertex 67.5413 151.818 1.6
      vertex 67.8089 155.218 1.6
      vertex 67.8089 151.982 1.6
    endloop
  endfacet
  facet normal 0 0 -1
    outer loop
      vertex 67.5413 151.818 1.6
      vertex 67.5413 155.382 1.6
      vertex 67.8089 155.218 1.6
    endloop
  endfacet
  facet normal 0 0 -1
    outer loop
      vertex 67.2514 151.698 1.6
      vertex 67.5413 155.382 1.6
      vertex 67.5413 151.818 1.6
    endloop
  endfacet
  facet normal 0 0 -1
    outer loop
      vertex 67.2514 151.698 1.6
      vertex 67.2514 155.502 1.6
      vertex 67.5413 155.382 1.6
    endloop
  endfacet
  facet normal 0 0 -1
    outer loop
      vertex 66.9462 151.625 1.6
      vertex 67.2514 155.502 1.6
      vertex 67.2514 151.698 1.6
    endloop
  endfacet
  facet normal 0 0 -1
    outer loop
      vertex 66.9462 151.625 1.6
      vertex 66.9462 155.575 1.6
      vertex 67.2514 155.502 1.6
    endloop
  endfacet
  facet normal 0 0 -1
    outer loop
      vertex 66.6333 151.6 1.6
      vertex 66.9462 155.575 1.6
      vertex 66.9462 151.625 1.6
    endloop
  endfacet
  facet normal 0 0 -1
    outer loop
      vertex 66.6333 151.6 1.6
      vertex 66.6333 155.6 1.6
      vertex 66.9462 155.575 1.6
    endloop
  endfacet
  facet normal 0 0 -1
    outer loop
      vertex 66.3205 151.625 1.6
      vertex 66.6333 155.6 1.6
      vertex 66.6333 151.6 1.6
    endloop
  endfacet
  facet normal 0 0 -1
    outer loop
      vertex 66.3205 151.625 1.6
      vertex 66.3205 155.575 1.6
      vertex 66.6333 155.6 1.6
    endloop
  endfacet
  facet normal 0 0 -1
    outer loop
      vertex 66.0153 151.698 1.6
      vertex 66.3205 155.575 1.6
      vertex 66.3205 151.625 1.6
    endloop
  endfacet
  facet normal 0 0 -1
    outer loop
      vertex 66.0153 151.698 1.6
      vertex 66.0153 155.502 1.6
      vertex 66.3205 155.575 1.6
    endloop
  endfacet
  facet normal 0 0 -1
    outer loop
      vertex 65.7253 151.818 1.6
      vertex 66.0153 155.502 1.6
      vertex 66.0153 151.698 1.6
    endloop
  endfacet
  facet normal 0 0 -1
    outer loop
      vertex 65.7253 151.818 1.6
      vertex 65.7253 155.382 1.6
      vertex 66.0153 155.502 1.6
    endloop
  endfacet
  facet normal 0 0 -1
    outer loop
      vertex 65.4578 151.982 1.6
      vertex 65.7253 155.382 1.6
      vertex 65.7253 151.818 1.6
    endloop
  endfacet
  facet normal 0 0 -1
    outer loop
      vertex 65.4578 151.982 1.6
      vertex 65.4578 155.218 1.6
      vertex 65.7253 155.382 1.6
    endloop
  endfacet
  facet normal 0 0 -1
    outer loop
      vertex 65.2191 152.186 1.6
      vertex 65.4578 155.218 1.6
      vertex 65.4578 151.982 1.6
    endloop
  endfacet
  facet normal 0 0 -1
    outer loop
      vertex 65.2191 152.186 1.6
      vertex 65.2191 155.014 1.6
      vertex 65.4578 155.218 1.6
    endloop
  endfacet
  facet normal 0 0 -1
    outer loop
      vertex 65.0153 152.424 1.6
      vertex 65.2191 155.014 1.6
      vertex 65.2191 152.186 1.6
    endloop
  endfacet
  facet normal 0 0 -1
    outer loop
      vertex 65.0153 152.424 1.6
      vertex 65.0153 154.776 1.6
      vertex 65.2191 155.014 1.6
    endloop
  endfacet
  facet normal 0 0 -1
    outer loop
      vertex 64.8513 152.692 1.6
      vertex 65.0153 154.776 1.6
      vertex 65.0153 152.424 1.6
    endloop
  endfacet
  facet normal 0 0 -1
    outer loop
      vertex 64.8513 152.692 1.6
      vertex 64.8513 154.508 1.6
      vertex 65.0153 154.776 1.6
    endloop
  endfacet
  facet normal 0 0 -1
    outer loop
      vertex 64.7312 152.982 1.6
      vertex 64.8513 154.508 1.6
      vertex 64.8513 152.692 1.6
    endloop
  endfacet
  facet normal 0 0 -1
    outer loop
      vertex 64.7312 152.982 1.6
      vertex 64.7312 154.218 1.6
      vertex 64.8513 154.508 1.6
    endloop
  endfacet
  facet normal 0 0 -1
    outer loop
      vertex 64.658 153.287 1.6
      vertex 64.7312 154.218 1.6
      vertex 64.7312 152.982 1.6
    endloop
  endfacet
  facet normal 0 0 -1
    outer loop
      vertex 64.658 153.287 1.6
      vertex 64.658 153.913 1.6
      vertex 64.7312 154.218 1.6
    endloop
  endfacet
  facet normal 0 -0 -1
    outer loop
      vertex 64.658 153.913 1.6
      vertex 64.658 153.287 1.6
      vertex 64.6333 153.6 1.6
    endloop
  endfacet
  facet normal 0 0 -1
    outer loop
      vertex 68.6087 126.647 1.6
      vertex 68.6087 127.273 1.6
      vertex 68.6333 126.96 1.6
    endloop
  endfacet
  facet normal 0 0 -1
    outer loop
      vertex 68.5354 126.342 1.6
      vertex 68.6087 127.273 1.6
      vertex 68.6087 126.647 1.6
    endloop
  endfacet
  facet normal 0 0 -1
    outer loop
      vertex 68.5354 126.342 1.6
      vertex 68.5354 127.578 1.6
      vertex 68.6087 127.273 1.6
    endloop
  endfacet
  facet normal 0 0 -1
    outer loop
      vertex 68.4153 126.052 1.6
      vertex 68.5354 127.578 1.6
      vertex 68.5354 126.342 1.6
    endloop
  endfacet
  facet normal 0 0 -1
    outer loop
      vertex 68.4153 126.052 1.6
      vertex 68.4153 127.868 1.6
      vertex 68.5354 127.578 1.6
    endloop
  endfacet
  facet normal 0 0 -1
    outer loop
      vertex 68.2514 125.784 1.6
      vertex 68.4153 127.868 1.6
      vertex 68.4153 126.052 1.6
    endloop
  endfacet
  facet normal 0 0 -1
    outer loop
      vertex 68.2514 125.784 1.6
      vertex 68.2514 128.136 1.6
      vertex 68.4153 127.868 1.6
    endloop
  endfacet
  facet normal 0 0 -1
    outer loop
      vertex 68.0475 125.546 1.6
      vertex 68.2514 128.136 1.6
      vertex 68.2514 125.784 1.6
    endloop
  endfacet
  facet normal 0 0 -1
    outer loop
      vertex 68.0475 125.546 1.6
      vertex 68.0475 128.374 1.6
      vertex 68.2514 128.136 1.6
    endloop
  endfacet
  facet normal 0 0 -1
    outer loop
      vertex 67.8089 125.342 1.6
      vertex 68.0475 128.374 1.6
      vertex 68.0475 125.546 1.6
    endloop
  endfacet
  facet normal 0 0 -1
    outer loop
      vertex 67.8089 125.342 1.6
      vertex 67.8089 128.578 1.6
      vertex 68.0475 128.374 1.6
    endloop
  endfacet
  facet normal 0 0 -1
    outer loop
      vertex 67.5413 125.178 1.6
      vertex 67.8089 128.578 1.6
      vertex 67.8089 125.342 1.6
    endloop
  endfacet
  facet normal 0 0 -1
    outer loop
      vertex 67.5413 125.178 1.6
      vertex 67.5413 128.742 1.6
      vertex 67.8089 128.578 1.6
    endloop
  endfacet
  facet normal 0 0 -1
    outer loop
      vertex 67.2514 125.058 1.6
      vertex 67.5413 128.742 1.6
      vertex 67.5413 125.178 1.6
    endloop
  endfacet
  facet normal 0 0 -1
    outer loop
      vertex 67.2514 125.058 1.6
      vertex 67.2514 128.862 1.6
      vertex 67.5413 128.742 1.6
    endloop
  endfacet
  facet normal 0 0 -1
    outer loop
      vertex 66.9462 124.985 1.6
      vertex 67.2514 128.862 1.6
      vertex 67.2514 125.058 1.6
    endloop
  endfacet
  facet normal 0 0 -1
    outer loop
      vertex 66.9462 124.985 1.6
      vertex 66.9462 128.935 1.6
      vertex 67.2514 128.862 1.6
    endloop
  endfacet
  facet normal 0 0 -1
    outer loop
      vertex 66.6333 124.96 1.6
      vertex 66.9462 128.935 1.6
      vertex 66.9462 124.985 1.6
    endloop
  endfacet
  facet normal 0 0 -1
    outer loop
      vertex 66.6333 124.96 1.6
      vertex 66.6333 128.96 1.6
      vertex 66.9462 128.935 1.6
    endloop
  endfacet
  facet normal 0 0 -1
    outer loop
      vertex 66.3205 124.985 1.6
      vertex 66.6333 128.96 1.6
      vertex 66.6333 124.96 1.6
    endloop
  endfacet
  facet normal 0 0 -1
    outer loop
      vertex 66.3205 124.985 1.6
      vertex 66.3205 128.935 1.6
      vertex 66.6333 128.96 1.6
    endloop
  endfacet
  facet normal 0 0 -1
    outer loop
      vertex 66.0153 125.058 1.6
      vertex 66.3205 128.935 1.6
      vertex 66.3205 124.985 1.6
    endloop
  endfacet
  facet normal 0 0 -1
    outer loop
      vertex 66.0153 125.058 1.6
      vertex 66.0153 128.862 1.6
      vertex 66.3205 128.935 1.6
    endloop
  endfacet
  facet normal 0 0 -1
    outer loop
      vertex 65.7253 125.178 1.6
      vertex 66.0153 128.862 1.6
      vertex 66.0153 125.058 1.6
    endloop
  endfacet
  facet normal 0 0 -1
    outer loop
      vertex 65.7253 125.178 1.6
      vertex 65.7253 128.742 1.6
      vertex 66.0153 128.862 1.6
    endloop
  endfacet
  facet normal 0 0 -1
    outer loop
      vertex 65.4578 125.342 1.6
      vertex 65.7253 128.742 1.6
      vertex 65.7253 125.178 1.6
    endloop
  endfacet
  facet normal 0 0 -1
    outer loop
      vertex 65.4578 125.342 1.6
      vertex 65.4578 128.578 1.6
      vertex 65.7253 128.742 1.6
    endloop
  endfacet
  facet normal 0 0 -1
    outer loop
      vertex 65.2191 125.546 1.6
      vertex 65.4578 128.578 1.6
      vertex 65.4578 125.342 1.6
    endloop
  endfacet
  facet normal 0 0 -1
    outer loop
      vertex 65.2191 125.546 1.6
      vertex 65.2191 128.374 1.6
      vertex 65.4578 128.578 1.6
    endloop
  endfacet
  facet normal 0 0 -1
    outer loop
      vertex 65.0153 125.784 1.6
      vertex 65.2191 128.374 1.6
      vertex 65.2191 125.546 1.6
    endloop
  endfacet
  facet normal 0 0 -1
    outer loop
      vertex 65.0153 125.784 1.6
      vertex 65.0153 128.136 1.6
      vertex 65.2191 128.374 1.6
    endloop
  endfacet
  facet normal 0 0 -1
    outer loop
      vertex 64.8513 126.052 1.6
      vertex 65.0153 128.136 1.6
      vertex 65.0153 125.784 1.6
    endloop
  endfacet
  facet normal 0 0 -1
    outer loop
      vertex 64.8513 126.052 1.6
      vertex 64.8513 127.868 1.6
      vertex 65.0153 128.136 1.6
    endloop
  endfacet
  facet normal 0 0 -1
    outer loop
      vertex 64.7312 126.342 1.6
      vertex 64.8513 127.868 1.6
      vertex 64.8513 126.052 1.6
    endloop
  endfacet
  facet normal 0 0 -1
    outer loop
      vertex 64.7312 126.342 1.6
      vertex 64.7312 127.578 1.6
      vertex 64.8513 127.868 1.6
    endloop
  endfacet
  facet normal 0 0 -1
    outer loop
      vertex 64.658 126.647 1.6
      vertex 64.7312 127.578 1.6
      vertex 64.7312 126.342 1.6
    endloop
  endfacet
  facet normal 0 0 -1
    outer loop
      vertex 64.658 126.647 1.6
      vertex 64.658 127.273 1.6
      vertex 64.7312 127.578 1.6
    endloop
  endfacet
  facet normal 0 -0 -1
    outer loop
      vertex 64.658 127.273 1.6
      vertex 64.658 126.647 1.6
      vertex 64.6333 126.96 1.6
    endloop
  endfacet
  facet normal 0 0 -1
    outer loop
      vertex 68.6087 20.0871 1.6
      vertex 68.6087 20.7129 1.6
      vertex 68.6333 20.4 1.6
    endloop
  endfacet
  facet normal 0 0 -1
    outer loop
      vertex 68.5354 19.782 1.6
      vertex 68.6087 20.7129 1.6
      vertex 68.6087 20.0871 1.6
    endloop
  endfacet
  facet normal 0 0 -1
    outer loop
      vertex 68.5354 19.782 1.6
      vertex 68.5354 21.018 1.6
      vertex 68.6087 20.7129 1.6
    endloop
  endfacet
  facet normal 0 0 -1
    outer loop
      vertex 68.4153 19.492 1.6
      vertex 68.5354 21.018 1.6
      vertex 68.5354 19.782 1.6
    endloop
  endfacet
  facet normal 0 0 -1
    outer loop
      vertex 68.4153 19.492 1.6
      vertex 68.4153 21.308 1.6
      vertex 68.5354 21.018 1.6
    endloop
  endfacet
  facet normal 0 0 -1
    outer loop
      vertex 68.2514 19.2244 1.6
      vertex 68.4153 21.308 1.6
      vertex 68.4153 19.492 1.6
    endloop
  endfacet
  facet normal 0 0 -1
    outer loop
      vertex 68.2514 19.2244 1.6
      vertex 68.2514 21.5756 1.6
      vertex 68.4153 21.308 1.6
    endloop
  endfacet
  facet normal 0 0 -1
    outer loop
      vertex 68.0475 18.9858 1.6
      vertex 68.2514 21.5756 1.6
      vertex 68.2514 19.2244 1.6
    endloop
  endfacet
  facet normal 0 0 -1
    outer loop
      vertex 68.0475 18.9858 1.6
      vertex 68.0475 21.8142 1.6
      vertex 68.2514 21.5756 1.6
    endloop
  endfacet
  facet normal 0 0 -1
    outer loop
      vertex 67.8089 18.782 1.6
      vertex 68.0475 21.8142 1.6
      vertex 68.0475 18.9858 1.6
    endloop
  endfacet
  facet normal 0 0 -1
    outer loop
      vertex 67.8089 18.782 1.6
      vertex 67.8089 22.018 1.6
      vertex 68.0475 21.8142 1.6
    endloop
  endfacet
  facet normal 0 0 -1
    outer loop
      vertex 67.5413 18.618 1.6
      vertex 67.8089 22.018 1.6
      vertex 67.8089 18.782 1.6
    endloop
  endfacet
  facet normal 0 0 -1
    outer loop
      vertex 67.5413 18.618 1.6
      vertex 67.5413 22.182 1.6
      vertex 67.8089 22.018 1.6
    endloop
  endfacet
  facet normal 0 0 -1
    outer loop
      vertex 67.2514 18.4979 1.6
      vertex 67.5413 22.182 1.6
      vertex 67.5413 18.618 1.6
    endloop
  endfacet
  facet normal 0 0 -1
    outer loop
      vertex 67.2514 18.4979 1.6
      vertex 67.2514 22.3021 1.6
      vertex 67.5413 22.182 1.6
    endloop
  endfacet
  facet normal 0 0 -1
    outer loop
      vertex 66.9462 18.4246 1.6
      vertex 67.2514 22.3021 1.6
      vertex 67.2514 18.4979 1.6
    endloop
  endfacet
  facet normal 0 0 -1
    outer loop
      vertex 66.9462 18.4246 1.6
      vertex 66.9462 22.3754 1.6
      vertex 67.2514 22.3021 1.6
    endloop
  endfacet
  facet normal 0 0 -1
    outer loop
      vertex 66.6333 18.4 1.6
      vertex 66.9462 22.3754 1.6
      vertex 66.9462 18.4246 1.6
    endloop
  endfacet
  facet normal 0 0 -1
    outer loop
      vertex 66.6333 18.4 1.6
      vertex 66.6333 22.4 1.6
      vertex 66.9462 22.3754 1.6
    endloop
  endfacet
  facet normal 0 0 -1
    outer loop
      vertex 66.3205 18.4246 1.6
      vertex 66.6333 22.4 1.6
      vertex 66.6333 18.4 1.6
    endloop
  endfacet
  facet normal 0 0 -1
    outer loop
      vertex 66.3205 18.4246 1.6
      vertex 66.3205 22.3754 1.6
      vertex 66.6333 22.4 1.6
    endloop
  endfacet
  facet normal 0 0 -1
    outer loop
      vertex 66.0153 18.4979 1.6
      vertex 66.3205 22.3754 1.6
      vertex 66.3205 18.4246 1.6
    endloop
  endfacet
  facet normal 0 0 -1
    outer loop
      vertex 66.0153 18.4979 1.6
      vertex 66.0153 22.3021 1.6
      vertex 66.3205 22.3754 1.6
    endloop
  endfacet
  facet normal 0 0 -1
    outer loop
      vertex 65.7253 18.618 1.6
      vertex 66.0153 22.3021 1.6
      vertex 66.0153 18.4979 1.6
    endloop
  endfacet
  facet normal 0 0 -1
    outer loop
      vertex 65.7253 18.618 1.6
      vertex 65.7253 22.182 1.6
      vertex 66.0153 22.3021 1.6
    endloop
  endfacet
  facet normal 0 0 -1
    outer loop
      vertex 65.4578 18.782 1.6
      vertex 65.7253 22.182 1.6
      vertex 65.7253 18.618 1.6
    endloop
  endfacet
  facet normal 0 0 -1
    outer loop
      vertex 65.4578 18.782 1.6
      vertex 65.4578 22.018 1.6
      vertex 65.7253 22.182 1.6
    endloop
  endfacet
  facet normal 0 0 -1
    outer loop
      vertex 65.2191 18.9858 1.6
      vertex 65.4578 22.018 1.6
      vertex 65.4578 18.782 1.6
    endloop
  endfacet
  facet normal 0 0 -1
    outer loop
      vertex 65.2191 18.9858 1.6
      vertex 65.2191 21.8142 1.6
      vertex 65.4578 22.018 1.6
    endloop
  endfacet
  facet normal 0 0 -1
    outer loop
      vertex 65.0153 19.2244 1.6
      vertex 65.2191 21.8142 1.6
      vertex 65.2191 18.9858 1.6
    endloop
  endfacet
  facet normal 0 0 -1
    outer loop
      vertex 65.0153 19.2244 1.6
      vertex 65.0153 21.5756 1.6
      vertex 65.2191 21.8142 1.6
    endloop
  endfacet
  facet normal 0 0 -1
    outer loop
      vertex 64.8513 19.492 1.6
      vertex 65.0153 21.5756 1.6
      vertex 65.0153 19.2244 1.6
    endloop
  endfacet
  facet normal 0 0 -1
    outer loop
      vertex 64.8513 19.492 1.6
      vertex 64.8513 21.308 1.6
      vertex 65.0153 21.5756 1.6
    endloop
  endfacet
  facet normal 0 0 -1
    outer loop
      vertex 64.7312 19.782 1.6
      vertex 64.8513 21.308 1.6
      vertex 64.8513 19.492 1.6
    endloop
  endfacet
  facet normal 0 0 -1
    outer loop
      vertex 64.7312 19.782 1.6
      vertex 64.7312 21.018 1.6
      vertex 64.8513 21.308 1.6
    endloop
  endfacet
  facet normal 0 0 -1
    outer loop
      vertex 64.658 20.0871 1.6
      vertex 64.7312 21.018 1.6
      vertex 64.7312 19.782 1.6
    endloop
  endfacet
  facet normal 0 0 -1
    outer loop
      vertex 64.658 20.0871 1.6
      vertex 64.658 20.7129 1.6
      vertex 64.7312 21.018 1.6
    endloop
  endfacet
  facet normal 0 -0 -1
    outer loop
      vertex 64.658 20.7129 1.6
      vertex 64.658 20.0871 1.6
      vertex 64.6333 20.4 1.6
    endloop
  endfacet
  facet normal 0 0 -1
    outer loop
      vertex 68.6087 73.3671 1.6
      vertex 68.6087 73.9929 1.6
      vertex 68.6333 73.68 1.6
    endloop
  endfacet
  facet normal 0 0 -1
    outer loop
      vertex 68.5354 73.062 1.6
      vertex 68.6087 73.9929 1.6
      vertex 68.6087 73.3671 1.6
    endloop
  endfacet
  facet normal 0 0 -1
    outer loop
      vertex 68.5354 73.062 1.6
      vertex 68.5354 74.298 1.6
      vertex 68.6087 73.9929 1.6
    endloop
  endfacet
  facet normal 0 0 -1
    outer loop
      vertex 68.4153 72.772 1.6
      vertex 68.5354 74.298 1.6
      vertex 68.5354 73.062 1.6
    endloop
  endfacet
  facet normal 0 0 -1
    outer loop
      vertex 68.4153 72.772 1.6
      vertex 68.4153 74.588 1.6
      vertex 68.5354 74.298 1.6
    endloop
  endfacet
  facet normal 0 0 -1
    outer loop
      vertex 68.2514 72.5044 1.6
      vertex 68.4153 74.588 1.6
      vertex 68.4153 72.772 1.6
    endloop
  endfacet
  facet normal 0 0 -1
    outer loop
      vertex 68.2514 72.5044 1.6
      vertex 68.2514 74.8556 1.6
      vertex 68.4153 74.588 1.6
    endloop
  endfacet
  facet normal 0 0 -1
    outer loop
      vertex 68.0475 72.2658 1.6
      vertex 68.2514 74.8556 1.6
      vertex 68.2514 72.5044 1.6
    endloop
  endfacet
  facet normal 0 0 -1
    outer loop
      vertex 68.0475 72.2658 1.6
      vertex 68.0475 75.0942 1.6
      vertex 68.2514 74.8556 1.6
    endloop
  endfacet
  facet normal 0 0 -1
    outer loop
      vertex 67.8089 72.062 1.6
      vertex 68.0475 75.0942 1.6
      vertex 68.0475 72.2658 1.6
    endloop
  endfacet
  facet normal 0 0 -1
    outer loop
      vertex 67.8089 72.062 1.6
      vertex 67.8089 75.298 1.6
      vertex 68.0475 75.0942 1.6
    endloop
  endfacet
  facet normal 0 0 -1
    outer loop
      vertex 67.5413 71.898 1.6
      vertex 67.8089 75.298 1.6
      vertex 67.8089 72.062 1.6
    endloop
  endfacet
  facet normal 0 0 -1
    outer loop
      vertex 67.5413 71.898 1.6
      vertex 67.5413 75.462 1.6
      vertex 67.8089 75.298 1.6
    endloop
  endfacet
  facet normal 0 0 -1
    outer loop
      vertex 67.2514 71.7779 1.6
      vertex 67.5413 75.462 1.6
      vertex 67.5413 71.898 1.6
    endloop
  endfacet
  facet normal 0 0 -1
    outer loop
      vertex 67.2514 71.7779 1.6
      vertex 67.2514 75.5821 1.6
      vertex 67.5413 75.462 1.6
    endloop
  endfacet
  facet normal 0 0 -1
    outer loop
      vertex 66.9462 71.7046 1.6
      vertex 67.2514 75.5821 1.6
      vertex 67.2514 71.7779 1.6
    endloop
  endfacet
  facet normal 0 0 -1
    outer loop
      vertex 66.9462 71.7046 1.6
      vertex 66.9462 75.6554 1.6
      vertex 67.2514 75.5821 1.6
    endloop
  endfacet
  facet normal 0 0 -1
    outer loop
      vertex 66.6333 71.68 1.6
      vertex 66.9462 75.6554 1.6
      vertex 66.9462 71.7046 1.6
    endloop
  endfacet
  facet normal 0 0 -1
    outer loop
      vertex 66.6333 71.68 1.6
      vertex 66.6333 75.68 1.6
      vertex 66.9462 75.6554 1.6
    endloop
  endfacet
  facet normal 0 0 -1
    outer loop
      vertex 66.3205 71.7046 1.6
      vertex 66.6333 75.68 1.6
      vertex 66.6333 71.68 1.6
    endloop
  endfacet
  facet normal 0 0 -1
    outer loop
      vertex 66.3205 71.7046 1.6
      vertex 66.3205 75.6554 1.6
      vertex 66.6333 75.68 1.6
    endloop
  endfacet
  facet normal 0 0 -1
    outer loop
      vertex 66.0153 71.7779 1.6
      vertex 66.3205 75.6554 1.6
      vertex 66.3205 71.7046 1.6
    endloop
  endfacet
  facet normal 0 0 -1
    outer loop
      vertex 66.0153 71.7779 1.6
      vertex 66.0153 75.5821 1.6
      vertex 66.3205 75.6554 1.6
    endloop
  endfacet
  facet normal 0 0 -1
    outer loop
      vertex 65.7253 71.898 1.6
      vertex 66.0153 75.5821 1.6
      vertex 66.0153 71.7779 1.6
    endloop
  endfacet
  facet normal 0 0 -1
    outer loop
      vertex 65.7253 71.898 1.6
      vertex 65.7253 75.462 1.6
      vertex 66.0153 75.5821 1.6
    endloop
  endfacet
  facet normal 0 0 -1
    outer loop
      vertex 65.4578 72.062 1.6
      vertex 65.7253 75.462 1.6
      vertex 65.7253 71.898 1.6
    endloop
  endfacet
  facet normal 0 0 -1
    outer loop
      vertex 65.4578 72.062 1.6
      vertex 65.4578 75.298 1.6
      vertex 65.7253 75.462 1.6
    endloop
  endfacet
  facet normal 0 0 -1
    outer loop
      vertex 65.2191 72.2658 1.6
      vertex 65.4578 75.298 1.6
      vertex 65.4578 72.062 1.6
    endloop
  endfacet
  facet normal 0 0 -1
    outer loop
      vertex 65.2191 72.2658 1.6
      vertex 65.2191 75.0942 1.6
      vertex 65.4578 75.298 1.6
    endloop
  endfacet
  facet normal 0 0 -1
    outer loop
      vertex 65.0153 72.5044 1.6
      vertex 65.2191 75.0942 1.6
      vertex 65.2191 72.2658 1.6
    endloop
  endfacet
  facet normal 0 0 -1
    outer loop
      vertex 65.0153 72.5044 1.6
      vertex 65.0153 74.8556 1.6
      vertex 65.2191 75.0942 1.6
    endloop
  endfacet
  facet normal 0 0 -1
    outer loop
      vertex 64.8513 72.772 1.6
      vertex 65.0153 74.8556 1.6
      vertex 65.0153 72.5044 1.6
    endloop
  endfacet
  facet normal 0 0 -1
    outer loop
      vertex 64.8513 72.772 1.6
      vertex 64.8513 74.588 1.6
      vertex 65.0153 74.8556 1.6
    endloop
  endfacet
  facet normal 0 0 -1
    outer loop
      vertex 64.7312 73.062 1.6
      vertex 64.8513 74.588 1.6
      vertex 64.8513 72.772 1.6
    endloop
  endfacet
  facet normal 0 0 -1
    outer loop
      vertex 64.7312 73.062 1.6
      vertex 64.7312 74.298 1.6
      vertex 64.8513 74.588 1.6
    endloop
  endfacet
  facet normal 0 0 -1
    outer loop
      vertex 64.658 73.3671 1.6
      vertex 64.7312 74.298 1.6
      vertex 64.7312 73.062 1.6
    endloop
  endfacet
  facet normal 0 0 -1
    outer loop
      vertex 64.658 73.3671 1.6
      vertex 64.658 73.9929 1.6
      vertex 64.7312 74.298 1.6
    endloop
  endfacet
  facet normal 0 -0 -1
    outer loop
      vertex 64.658 73.9929 1.6
      vertex 64.658 73.3671 1.6
      vertex 64.6333 73.68 1.6
    endloop
  endfacet
  facet normal 0 0 -1
    outer loop
      vertex 114.842 46.7271 1.6
      vertex 114.842 47.3529 1.6
      vertex 114.867 47.04 1.6
    endloop
  endfacet
  facet normal 0 0 -1
    outer loop
      vertex 114.769 46.422 1.6
      vertex 114.842 47.3529 1.6
      vertex 114.842 46.7271 1.6
    endloop
  endfacet
  facet normal 0 0 -1
    outer loop
      vertex 114.769 46.422 1.6
      vertex 114.769 47.658 1.6
      vertex 114.842 47.3529 1.6
    endloop
  endfacet
  facet normal 0 0 -1
    outer loop
      vertex 114.649 46.132 1.6
      vertex 114.769 47.658 1.6
      vertex 114.769 46.422 1.6
    endloop
  endfacet
  facet normal 0 0 -1
    outer loop
      vertex 114.649 46.132 1.6
      vertex 114.649 47.948 1.6
      vertex 114.769 47.658 1.6
    endloop
  endfacet
  facet normal 0 0 -1
    outer loop
      vertex 114.485 45.8644 1.6
      vertex 114.649 47.948 1.6
      vertex 114.649 46.132 1.6
    endloop
  endfacet
  facet normal 0 0 -1
    outer loop
      vertex 114.485 45.8644 1.6
      vertex 114.485 48.2156 1.6
      vertex 114.649 47.948 1.6
    endloop
  endfacet
  facet normal 0 0 -1
    outer loop
      vertex 114.281 45.6258 1.6
      vertex 114.485 48.2156 1.6
      vertex 114.485 45.8644 1.6
    endloop
  endfacet
  facet normal 0 0 -1
    outer loop
      vertex 114.281 45.6258 1.6
      vertex 114.281 48.4542 1.6
      vertex 114.485 48.2156 1.6
    endloop
  endfacet
  facet normal 0 0 -1
    outer loop
      vertex 114.042 45.422 1.6
      vertex 114.281 48.4542 1.6
      vertex 114.281 45.6258 1.6
    endloop
  endfacet
  facet normal 0 0 -1
    outer loop
      vertex 114.042 45.422 1.6
      vertex 114.042 48.658 1.6
      vertex 114.281 48.4542 1.6
    endloop
  endfacet
  facet normal 0 0 -1
    outer loop
      vertex 113.775 45.258 1.6
      vertex 114.042 48.658 1.6
      vertex 114.042 45.422 1.6
    endloop
  endfacet
  facet normal 0 0 -1
    outer loop
      vertex 113.775 45.258 1.6
      vertex 113.775 48.822 1.6
      vertex 114.042 48.658 1.6
    endloop
  endfacet
  facet normal 0 0 -1
    outer loop
      vertex 113.485 45.1379 1.6
      vertex 113.775 48.822 1.6
      vertex 113.775 45.258 1.6
    endloop
  endfacet
  facet normal 0 0 -1
    outer loop
      vertex 113.485 45.1379 1.6
      vertex 113.485 48.9421 1.6
      vertex 113.775 48.822 1.6
    endloop
  endfacet
  facet normal 0 0 -1
    outer loop
      vertex 113.18 45.0646 1.6
      vertex 113.485 48.9421 1.6
      vertex 113.485 45.1379 1.6
    endloop
  endfacet
  facet normal 0 0 -1
    outer loop
      vertex 113.18 45.0646 1.6
      vertex 113.18 49.0154 1.6
      vertex 113.485 48.9421 1.6
    endloop
  endfacet
  facet normal 0 0 -1
    outer loop
      vertex 112.867 45.04 1.6
      vertex 113.18 49.0154 1.6
      vertex 113.18 45.0646 1.6
    endloop
  endfacet
  facet normal 0 0 -1
    outer loop
      vertex 112.867 45.04 1.6
      vertex 112.867 49.04 1.6
      vertex 113.18 49.0154 1.6
    endloop
  endfacet
  facet normal 0 0 -1
    outer loop
      vertex 112.554 45.0646 1.6
      vertex 112.867 49.04 1.6
      vertex 112.867 45.04 1.6
    endloop
  endfacet
  facet normal 0 0 -1
    outer loop
      vertex 112.554 45.0646 1.6
      vertex 112.554 49.0154 1.6
      vertex 112.867 49.04 1.6
    endloop
  endfacet
  facet normal 0 0 -1
    outer loop
      vertex 112.249 45.1379 1.6
      vertex 112.554 49.0154 1.6
      vertex 112.554 45.0646 1.6
    endloop
  endfacet
  facet normal 0 0 -1
    outer loop
      vertex 112.249 45.1379 1.6
      vertex 112.249 48.9421 1.6
      vertex 112.554 49.0154 1.6
    endloop
  endfacet
  facet normal 0 0 -1
    outer loop
      vertex 111.959 45.258 1.6
      vertex 112.249 48.9421 1.6
      vertex 112.249 45.1379 1.6
    endloop
  endfacet
  facet normal 0 0 -1
    outer loop
      vertex 111.959 45.258 1.6
      vertex 111.959 48.822 1.6
      vertex 112.249 48.9421 1.6
    endloop
  endfacet
  facet normal 0 0 -1
    outer loop
      vertex 111.691 45.422 1.6
      vertex 111.959 48.822 1.6
      vertex 111.959 45.258 1.6
    endloop
  endfacet
  facet normal 0 0 -1
    outer loop
      vertex 111.691 45.422 1.6
      vertex 111.691 48.658 1.6
      vertex 111.959 48.822 1.6
    endloop
  endfacet
  facet normal 0 0 -1
    outer loop
      vertex 111.452 45.6258 1.6
      vertex 111.691 48.658 1.6
      vertex 111.691 45.422 1.6
    endloop
  endfacet
  facet normal 0 0 -1
    outer loop
      vertex 111.452 45.6258 1.6
      vertex 111.452 48.4542 1.6
      vertex 111.691 48.658 1.6
    endloop
  endfacet
  facet normal 0 0 -1
    outer loop
      vertex 111.249 45.8644 1.6
      vertex 111.452 48.4542 1.6
      vertex 111.452 45.6258 1.6
    endloop
  endfacet
  facet normal 0 0 -1
    outer loop
      vertex 111.249 45.8644 1.6
      vertex 111.249 48.2156 1.6
      vertex 111.452 48.4542 1.6
    endloop
  endfacet
  facet normal 0 0 -1
    outer loop
      vertex 111.085 46.132 1.6
      vertex 111.249 48.2156 1.6
      vertex 111.249 45.8644 1.6
    endloop
  endfacet
  facet normal 0 0 -1
    outer loop
      vertex 111.085 46.132 1.6
      vertex 111.085 47.948 1.6
      vertex 111.249 48.2156 1.6
    endloop
  endfacet
  facet normal 0 0 -1
    outer loop
      vertex 110.965 46.422 1.6
      vertex 111.085 47.948 1.6
      vertex 111.085 46.132 1.6
    endloop
  endfacet
  facet normal 0 0 -1
    outer loop
      vertex 110.965 46.422 1.6
      vertex 110.965 47.658 1.6
      vertex 111.085 47.948 1.6
    endloop
  endfacet
  facet normal 0 0 -1
    outer loop
      vertex 110.891 46.7271 1.6
      vertex 110.965 47.658 1.6
      vertex 110.965 46.422 1.6
    endloop
  endfacet
  facet normal 0 0 -1
    outer loop
      vertex 110.891 46.7271 1.6
      vertex 110.891 47.3529 1.6
      vertex 110.965 47.658 1.6
    endloop
  endfacet
  facet normal 0 -0 -1
    outer loop
      vertex 110.891 47.3529 1.6
      vertex 110.891 46.7271 1.6
      vertex 110.867 47.04 1.6
    endloop
  endfacet
  facet normal 0 0 -1
    outer loop
      vertex 114.842 100.007 1.6
      vertex 114.842 100.633 1.6
      vertex 114.867 100.32 1.6
    endloop
  endfacet
  facet normal 0 0 -1
    outer loop
      vertex 114.769 99.702 1.6
      vertex 114.842 100.633 1.6
      vertex 114.842 100.007 1.6
    endloop
  endfacet
  facet normal 0 0 -1
    outer loop
      vertex 114.769 99.702 1.6
      vertex 114.769 100.938 1.6
      vertex 114.842 100.633 1.6
    endloop
  endfacet
  facet normal 0 0 -1
    outer loop
      vertex 114.649 99.412 1.6
      vertex 114.769 100.938 1.6
      vertex 114.769 99.702 1.6
    endloop
  endfacet
  facet normal 0 0 -1
    outer loop
      vertex 114.649 99.412 1.6
      vertex 114.649 101.228 1.6
      vertex 114.769 100.938 1.6
    endloop
  endfacet
  facet normal 0 0 -1
    outer loop
      vertex 114.485 99.1444 1.6
      vertex 114.649 101.228 1.6
      vertex 114.649 99.412 1.6
    endloop
  endfacet
  facet normal 0 0 -1
    outer loop
      vertex 114.485 99.1444 1.6
      vertex 114.485 101.496 1.6
      vertex 114.649 101.228 1.6
    endloop
  endfacet
  facet normal 0 0 -1
    outer loop
      vertex 114.281 98.9058 1.6
      vertex 114.485 101.496 1.6
      vertex 114.485 99.1444 1.6
    endloop
  endfacet
  facet normal 0 0 -1
    outer loop
      vertex 114.281 98.9058 1.6
      vertex 114.281 101.734 1.6
      vertex 114.485 101.496 1.6
    endloop
  endfacet
  facet normal 0 0 -1
    outer loop
      vertex 114.042 98.702 1.6
      vertex 114.281 101.734 1.6
      vertex 114.281 98.9058 1.6
    endloop
  endfacet
  facet normal 0 0 -1
    outer loop
      vertex 114.042 98.702 1.6
      vertex 114.042 101.938 1.6
      vertex 114.281 101.734 1.6
    endloop
  endfacet
  facet normal 0 0 -1
    outer loop
      vertex 113.775 98.538 1.6
      vertex 114.042 101.938 1.6
      vertex 114.042 98.702 1.6
    endloop
  endfacet
  facet normal 0 0 -1
    outer loop
      vertex 113.775 98.538 1.6
      vertex 113.775 102.102 1.6
      vertex 114.042 101.938 1.6
    endloop
  endfacet
  facet normal 0 0 -1
    outer loop
      vertex 113.485 98.4179 1.6
      vertex 113.775 102.102 1.6
      vertex 113.775 98.538 1.6
    endloop
  endfacet
  facet normal 0 0 -1
    outer loop
      vertex 113.485 98.4179 1.6
      vertex 113.485 102.222 1.6
      vertex 113.775 102.102 1.6
    endloop
  endfacet
  facet normal 0 0 -1
    outer loop
      vertex 113.18 98.3446 1.6
      vertex 113.485 102.222 1.6
      vertex 113.485 98.4179 1.6
    endloop
  endfacet
  facet normal 0 0 -1
    outer loop
      vertex 113.18 98.3446 1.6
      vertex 113.18 102.295 1.6
      vertex 113.485 102.222 1.6
    endloop
  endfacet
  facet normal 0 0 -1
    outer loop
      vertex 112.867 98.32 1.6
      vertex 113.18 102.295 1.6
      vertex 113.18 98.3446 1.6
    endloop
  endfacet
  facet normal 0 0 -1
    outer loop
      vertex 112.867 98.32 1.6
      vertex 112.867 102.32 1.6
      vertex 113.18 102.295 1.6
    endloop
  endfacet
  facet normal 0 0 -1
    outer loop
      vertex 112.554 98.3446 1.6
      vertex 112.867 102.32 1.6
      vertex 112.867 98.32 1.6
    endloop
  endfacet
  facet normal 0 0 -1
    outer loop
      vertex 112.554 98.3446 1.6
      vertex 112.554 102.295 1.6
      vertex 112.867 102.32 1.6
    endloop
  endfacet
  facet normal 0 0 -1
    outer loop
      vertex 112.249 98.4179 1.6
      vertex 112.554 102.295 1.6
      vertex 112.554 98.3446 1.6
    endloop
  endfacet
  facet normal 0 0 -1
    outer loop
      vertex 112.249 98.4179 1.6
      vertex 112.249 102.222 1.6
      vertex 112.554 102.295 1.6
    endloop
  endfacet
  facet normal 0 0 -1
    outer loop
      vertex 111.959 98.538 1.6
      vertex 112.249 102.222 1.6
      vertex 112.249 98.4179 1.6
    endloop
  endfacet
  facet normal 0 0 -1
    outer loop
      vertex 111.959 98.538 1.6
      vertex 111.959 102.102 1.6
      vertex 112.249 102.222 1.6
    endloop
  endfacet
  facet normal 0 0 -1
    outer loop
      vertex 111.691 98.702 1.6
      vertex 111.959 102.102 1.6
      vertex 111.959 98.538 1.6
    endloop
  endfacet
  facet normal 0 0 -1
    outer loop
      vertex 111.691 98.702 1.6
      vertex 111.691 101.938 1.6
      vertex 111.959 102.102 1.6
    endloop
  endfacet
  facet normal 0 0 -1
    outer loop
      vertex 111.452 98.9058 1.6
      vertex 111.691 101.938 1.6
      vertex 111.691 98.702 1.6
    endloop
  endfacet
  facet normal 0 0 -1
    outer loop
      vertex 111.452 98.9058 1.6
      vertex 111.452 101.734 1.6
      vertex 111.691 101.938 1.6
    endloop
  endfacet
  facet normal 0 0 -1
    outer loop
      vertex 111.249 99.1444 1.6
      vertex 111.452 101.734 1.6
      vertex 111.452 98.9058 1.6
    endloop
  endfacet
  facet normal 0 0 -1
    outer loop
      vertex 111.249 99.1444 1.6
      vertex 111.249 101.496 1.6
      vertex 111.452 101.734 1.6
    endloop
  endfacet
  facet normal 0 0 -1
    outer loop
      vertex 111.085 99.412 1.6
      vertex 111.249 101.496 1.6
      vertex 111.249 99.1444 1.6
    endloop
  endfacet
  facet normal 0 0 -1
    outer loop
      vertex 111.085 99.412 1.6
      vertex 111.085 101.228 1.6
      vertex 111.249 101.496 1.6
    endloop
  endfacet
  facet normal 0 0 -1
    outer loop
      vertex 110.965 99.702 1.6
      vertex 111.085 101.228 1.6
      vertex 111.085 99.412 1.6
    endloop
  endfacet
  facet normal 0 0 -1
    outer loop
      vertex 110.965 99.702 1.6
      vertex 110.965 100.938 1.6
      vertex 111.085 101.228 1.6
    endloop
  endfacet
  facet normal 0 0 -1
    outer loop
      vertex 110.891 100.007 1.6
      vertex 110.965 100.938 1.6
      vertex 110.965 99.702 1.6
    endloop
  endfacet
  facet normal 0 0 -1
    outer loop
      vertex 110.891 100.007 1.6
      vertex 110.891 100.633 1.6
      vertex 110.965 100.938 1.6
    endloop
  endfacet
  facet normal 0 -0 -1
    outer loop
      vertex 110.891 100.633 1.6
      vertex 110.891 100.007 1.6
      vertex 110.867 100.32 1.6
    endloop
  endfacet
  facet normal 0 0 -1
    outer loop
      vertex 114.842 153.287 1.6
      vertex 114.842 153.913 1.6
      vertex 114.867 153.6 1.6
    endloop
  endfacet
  facet normal 0 0 -1
    outer loop
      vertex 114.769 152.982 1.6
      vertex 114.842 153.913 1.6
      vertex 114.842 153.287 1.6
    endloop
  endfacet
  facet normal 0 0 -1
    outer loop
      vertex 114.769 152.982 1.6
      vertex 114.769 154.218 1.6
      vertex 114.842 153.913 1.6
    endloop
  endfacet
  facet normal 0 0 -1
    outer loop
      vertex 114.649 152.692 1.6
      vertex 114.769 154.218 1.6
      vertex 114.769 152.982 1.6
    endloop
  endfacet
  facet normal 0 0 -1
    outer loop
      vertex 114.649 152.692 1.6
      vertex 114.649 154.508 1.6
      vertex 114.769 154.218 1.6
    endloop
  endfacet
  facet normal 0 0 -1
    outer loop
      vertex 114.485 152.424 1.6
      vertex 114.649 154.508 1.6
      vertex 114.649 152.692 1.6
    endloop
  endfacet
  facet normal 0 0 -1
    outer loop
      vertex 114.485 152.424 1.6
      vertex 114.485 154.776 1.6
      vertex 114.649 154.508 1.6
    endloop
  endfacet
  facet normal 0 0 -1
    outer loop
      vertex 114.281 152.186 1.6
      vertex 114.485 154.776 1.6
      vertex 114.485 152.424 1.6
    endloop
  endfacet
  facet normal 0 0 -1
    outer loop
      vertex 114.281 152.186 1.6
      vertex 114.281 155.014 1.6
      vertex 114.485 154.776 1.6
    endloop
  endfacet
  facet normal 0 0 -1
    outer loop
      vertex 114.042 151.982 1.6
      vertex 114.281 155.014 1.6
      vertex 114.281 152.186 1.6
    endloop
  endfacet
  facet normal 0 0 -1
    outer loop
      vertex 114.042 151.982 1.6
      vertex 114.042 155.218 1.6
      vertex 114.281 155.014 1.6
    endloop
  endfacet
  facet normal 0 0 -1
    outer loop
      vertex 113.775 151.818 1.6
      vertex 114.042 155.218 1.6
      vertex 114.042 151.982 1.6
    endloop
  endfacet
  facet normal 0 0 -1
    outer loop
      vertex 113.775 151.818 1.6
      vertex 113.775 155.382 1.6
      vertex 114.042 155.218 1.6
    endloop
  endfacet
  facet normal 0 0 -1
    outer loop
      vertex 113.485 151.698 1.6
      vertex 113.775 155.382 1.6
      vertex 113.775 151.818 1.6
    endloop
  endfacet
  facet normal 0 0 -1
    outer loop
      vertex 113.485 151.698 1.6
      vertex 113.485 155.502 1.6
      vertex 113.775 155.382 1.6
    endloop
  endfacet
  facet normal 0 0 -1
    outer loop
      vertex 113.18 151.625 1.6
      vertex 113.485 155.502 1.6
      vertex 113.485 151.698 1.6
    endloop
  endfacet
  facet normal 0 0 -1
    outer loop
      vertex 113.18 151.625 1.6
      vertex 113.18 155.575 1.6
      vertex 113.485 155.502 1.6
    endloop
  endfacet
  facet normal 0 0 -1
    outer loop
      vertex 112.867 151.6 1.6
      vertex 113.18 155.575 1.6
      vertex 113.18 151.625 1.6
    endloop
  endfacet
  facet normal 0 0 -1
    outer loop
      vertex 112.867 151.6 1.6
      vertex 112.867 155.6 1.6
      vertex 113.18 155.575 1.6
    endloop
  endfacet
  facet normal 0 0 -1
    outer loop
      vertex 112.554 151.625 1.6
      vertex 112.867 155.6 1.6
      vertex 112.867 151.6 1.6
    endloop
  endfacet
  facet normal 0 0 -1
    outer loop
      vertex 112.554 151.625 1.6
      vertex 112.554 155.575 1.6
      vertex 112.867 155.6 1.6
    endloop
  endfacet
  facet normal 0 0 -1
    outer loop
      vertex 112.249 151.698 1.6
      vertex 112.554 155.575 1.6
      vertex 112.554 151.625 1.6
    endloop
  endfacet
  facet normal 0 0 -1
    outer loop
      vertex 112.249 151.698 1.6
      vertex 112.249 155.502 1.6
      vertex 112.554 155.575 1.6
    endloop
  endfacet
  facet normal 0 0 -1
    outer loop
      vertex 111.959 151.818 1.6
      vertex 112.249 155.502 1.6
      vertex 112.249 151.698 1.6
    endloop
  endfacet
  facet normal 0 0 -1
    outer loop
      vertex 111.959 151.818 1.6
      vertex 111.959 155.382 1.6
      vertex 112.249 155.502 1.6
    endloop
  endfacet
  facet normal 0 0 -1
    outer loop
      vertex 111.691 151.982 1.6
      vertex 111.959 155.382 1.6
      vertex 111.959 151.818 1.6
    endloop
  endfacet
  facet normal 0 0 -1
    outer loop
      vertex 111.691 151.982 1.6
      vertex 111.691 155.218 1.6
      vertex 111.959 155.382 1.6
    endloop
  endfacet
  facet normal 0 0 -1
    outer loop
      vertex 111.452 152.186 1.6
      vertex 111.691 155.218 1.6
      vertex 111.691 151.982 1.6
    endloop
  endfacet
  facet normal 0 0 -1
    outer loop
      vertex 111.452 152.186 1.6
      vertex 111.452 155.014 1.6
      vertex 111.691 155.218 1.6
    endloop
  endfacet
  facet normal 0 0 -1
    outer loop
      vertex 111.249 152.424 1.6
      vertex 111.452 155.014 1.6
      vertex 111.452 152.186 1.6
    endloop
  endfacet
  facet normal 0 0 -1
    outer loop
      vertex 111.249 152.424 1.6
      vertex 111.249 154.776 1.6
      vertex 111.452 155.014 1.6
    endloop
  endfacet
  facet normal 0 0 -1
    outer loop
      vertex 111.085 152.692 1.6
      vertex 111.249 154.776 1.6
      vertex 111.249 152.424 1.6
    endloop
  endfacet
  facet normal 0 0 -1
    outer loop
      vertex 111.085 152.692 1.6
      vertex 111.085 154.508 1.6
      vertex 111.249 154.776 1.6
    endloop
  endfacet
  facet normal 0 0 -1
    outer loop
      vertex 110.965 152.982 1.6
      vertex 111.085 154.508 1.6
      vertex 111.085 152.692 1.6
    endloop
  endfacet
  facet normal 0 0 -1
    outer loop
      vertex 110.965 152.982 1.6
      vertex 110.965 154.218 1.6
      vertex 111.085 154.508 1.6
    endloop
  endfacet
  facet normal 0 0 -1
    outer loop
      vertex 110.891 153.287 1.6
      vertex 110.965 154.218 1.6
      vertex 110.965 152.982 1.6
    endloop
  endfacet
  facet normal 0 0 -1
    outer loop
      vertex 110.891 153.287 1.6
      vertex 110.891 153.913 1.6
      vertex 110.965 154.218 1.6
    endloop
  endfacet
  facet normal 0 -0 -1
    outer loop
      vertex 110.891 153.913 1.6
      vertex 110.891 153.287 1.6
      vertex 110.867 153.6 1.6
    endloop
  endfacet
  facet normal 0 0 -1
    outer loop
      vertex 114.842 126.647 1.6
      vertex 114.842 127.273 1.6
      vertex 114.867 126.96 1.6
    endloop
  endfacet
  facet normal 0 0 -1
    outer loop
      vertex 114.769 126.342 1.6
      vertex 114.842 127.273 1.6
      vertex 114.842 126.647 1.6
    endloop
  endfacet
  facet normal 0 0 -1
    outer loop
      vertex 114.769 126.342 1.6
      vertex 114.769 127.578 1.6
      vertex 114.842 127.273 1.6
    endloop
  endfacet
  facet normal 0 0 -1
    outer loop
      vertex 114.649 126.052 1.6
      vertex 114.769 127.578 1.6
      vertex 114.769 126.342 1.6
    endloop
  endfacet
  facet normal 0 0 -1
    outer loop
      vertex 114.649 126.052 1.6
      vertex 114.649 127.868 1.6
      vertex 114.769 127.578 1.6
    endloop
  endfacet
  facet normal 0 0 -1
    outer loop
      vertex 114.485 125.784 1.6
      vertex 114.649 127.868 1.6
      vertex 114.649 126.052 1.6
    endloop
  endfacet
  facet normal 0 0 -1
    outer loop
      vertex 114.485 125.784 1.6
      vertex 114.485 128.136 1.6
      vertex 114.649 127.868 1.6
    endloop
  endfacet
  facet normal 0 0 -1
    outer loop
      vertex 114.281 125.546 1.6
      vertex 114.485 128.136 1.6
      vertex 114.485 125.784 1.6
    endloop
  endfacet
  facet normal 0 0 -1
    outer loop
      vertex 114.281 125.546 1.6
      vertex 114.281 128.374 1.6
      vertex 114.485 128.136 1.6
    endloop
  endfacet
  facet normal 0 0 -1
    outer loop
      vertex 114.042 125.342 1.6
      vertex 114.281 128.374 1.6
      vertex 114.281 125.546 1.6
    endloop
  endfacet
  facet normal 0 0 -1
    outer loop
      vertex 114.042 125.342 1.6
      vertex 114.042 128.578 1.6
      vertex 114.281 128.374 1.6
    endloop
  endfacet
  facet normal 0 0 -1
    outer loop
      vertex 113.775 125.178 1.6
      vertex 114.042 128.578 1.6
      vertex 114.042 125.342 1.6
    endloop
  endfacet
  facet normal 0 0 -1
    outer loop
      vertex 113.775 125.178 1.6
      vertex 113.775 128.742 1.6
      vertex 114.042 128.578 1.6
    endloop
  endfacet
  facet normal 0 0 -1
    outer loop
      vertex 113.485 125.058 1.6
      vertex 113.775 128.742 1.6
      vertex 113.775 125.178 1.6
    endloop
  endfacet
  facet normal 0 0 -1
    outer loop
      vertex 113.485 125.058 1.6
      vertex 113.485 128.862 1.6
      vertex 113.775 128.742 1.6
    endloop
  endfacet
  facet normal 0 0 -1
    outer loop
      vertex 113.18 124.985 1.6
      vertex 113.485 128.862 1.6
      vertex 113.485 125.058 1.6
    endloop
  endfacet
  facet normal 0 0 -1
    outer loop
      vertex 113.18 124.985 1.6
      vertex 113.18 128.935 1.6
      vertex 113.485 128.862 1.6
    endloop
  endfacet
  facet normal 0 0 -1
    outer loop
      vertex 112.867 124.96 1.6
      vertex 113.18 128.935 1.6
      vertex 113.18 124.985 1.6
    endloop
  endfacet
  facet normal 0 0 -1
    outer loop
      vertex 112.867 124.96 1.6
      vertex 112.867 128.96 1.6
      vertex 113.18 128.935 1.6
    endloop
  endfacet
  facet normal 0 0 -1
    outer loop
      vertex 112.554 124.985 1.6
      vertex 112.867 128.96 1.6
      vertex 112.867 124.96 1.6
    endloop
  endfacet
  facet normal 0 0 -1
    outer loop
      vertex 112.554 124.985 1.6
      vertex 112.554 128.935 1.6
      vertex 112.867 128.96 1.6
    endloop
  endfacet
  facet normal 0 0 -1
    outer loop
      vertex 112.249 125.058 1.6
      vertex 112.554 128.935 1.6
      vertex 112.554 124.985 1.6
    endloop
  endfacet
  facet normal 0 0 -1
    outer loop
      vertex 112.249 125.058 1.6
      vertex 112.249 128.862 1.6
      vertex 112.554 128.935 1.6
    endloop
  endfacet
  facet normal 0 0 -1
    outer loop
      vertex 111.959 125.178 1.6
      vertex 112.249 128.862 1.6
      vertex 112.249 125.058 1.6
    endloop
  endfacet
  facet normal 0 0 -1
    outer loop
      vertex 111.959 125.178 1.6
      vertex 111.959 128.742 1.6
      vertex 112.249 128.862 1.6
    endloop
  endfacet
  facet normal 0 0 -1
    outer loop
      vertex 111.691 125.342 1.6
      vertex 111.959 128.742 1.6
      vertex 111.959 125.178 1.6
    endloop
  endfacet
  facet normal 0 0 -1
    outer loop
      vertex 111.691 125.342 1.6
      vertex 111.691 128.578 1.6
      vertex 111.959 128.742 1.6
    endloop
  endfacet
  facet normal 0 0 -1
    outer loop
      vertex 111.452 125.546 1.6
      vertex 111.691 128.578 1.6
      vertex 111.691 125.342 1.6
    endloop
  endfacet
  facet normal 0 0 -1
    outer loop
      vertex 111.452 125.546 1.6
      vertex 111.452 128.374 1.6
      vertex 111.691 128.578 1.6
    endloop
  endfacet
  facet normal 0 0 -1
    outer loop
      vertex 111.249 125.784 1.6
      vertex 111.452 128.374 1.6
      vertex 111.452 125.546 1.6
    endloop
  endfacet
  facet normal 0 0 -1
    outer loop
      vertex 111.249 125.784 1.6
      vertex 111.249 128.136 1.6
      vertex 111.452 128.374 1.6
    endloop
  endfacet
  facet normal 0 0 -1
    outer loop
      vertex 111.085 126.052 1.6
      vertex 111.249 128.136 1.6
      vertex 111.249 125.784 1.6
    endloop
  endfacet
  facet normal 0 0 -1
    outer loop
      vertex 111.085 126.052 1.6
      vertex 111.085 127.868 1.6
      vertex 111.249 128.136 1.6
    endloop
  endfacet
  facet normal 0 0 -1
    outer loop
      vertex 110.965 126.342 1.6
      vertex 111.085 127.868 1.6
      vertex 111.085 126.052 1.6
    endloop
  endfacet
  facet normal 0 0 -1
    outer loop
      vertex 110.965 126.342 1.6
      vertex 110.965 127.578 1.6
      vertex 111.085 127.868 1.6
    endloop
  endfacet
  facet normal 0 0 -1
    outer loop
      vertex 110.891 126.647 1.6
      vertex 110.965 127.578 1.6
      vertex 110.965 126.342 1.6
    endloop
  endfacet
  facet normal 0 0 -1
    outer loop
      vertex 110.891 126.647 1.6
      vertex 110.891 127.273 1.6
      vertex 110.965 127.578 1.6
    endloop
  endfacet
  facet normal 0 -0 -1
    outer loop
      vertex 110.891 127.273 1.6
      vertex 110.891 126.647 1.6
      vertex 110.867 126.96 1.6
    endloop
  endfacet
  facet normal 0 0 -1
    outer loop
      vertex 114.842 20.0871 1.6
      vertex 114.842 20.7129 1.6
      vertex 114.867 20.4 1.6
    endloop
  endfacet
  facet normal 0 0 -1
    outer loop
      vertex 114.769 19.782 1.6
      vertex 114.842 20.7129 1.6
      vertex 114.842 20.0871 1.6
    endloop
  endfacet
  facet normal 0 0 -1
    outer loop
      vertex 114.769 19.782 1.6
      vertex 114.769 21.018 1.6
      vertex 114.842 20.7129 1.6
    endloop
  endfacet
  facet normal 0 0 -1
    outer loop
      vertex 114.649 19.492 1.6
      vertex 114.769 21.018 1.6
      vertex 114.769 19.782 1.6
    endloop
  endfacet
  facet normal 0 0 -1
    outer loop
      vertex 114.649 19.492 1.6
      vertex 114.649 21.308 1.6
      vertex 114.769 21.018 1.6
    endloop
  endfacet
  facet normal 0 0 -1
    outer loop
      vertex 114.485 19.2244 1.6
      vertex 114.649 21.308 1.6
      vertex 114.649 19.492 1.6
    endloop
  endfacet
  facet normal 0 0 -1
    outer loop
      vertex 114.485 19.2244 1.6
      vertex 114.485 21.5756 1.6
      vertex 114.649 21.308 1.6
    endloop
  endfacet
  facet normal 0 0 -1
    outer loop
      vertex 114.281 18.9858 1.6
      vertex 114.485 21.5756 1.6
      vertex 114.485 19.2244 1.6
    endloop
  endfacet
  facet normal 0 0 -1
    outer loop
      vertex 114.281 18.9858 1.6
      vertex 114.281 21.8142 1.6
      vertex 114.485 21.5756 1.6
    endloop
  endfacet
  facet normal 0 0 -1
    outer loop
      vertex 114.042 18.782 1.6
      vertex 114.281 21.8142 1.6
      vertex 114.281 18.9858 1.6
    endloop
  endfacet
  facet normal 0 0 -1
    outer loop
      vertex 114.042 18.782 1.6
      vertex 114.042 22.018 1.6
      vertex 114.281 21.8142 1.6
    endloop
  endfacet
  facet normal 0 0 -1
    outer loop
      vertex 113.775 18.618 1.6
      vertex 114.042 22.018 1.6
      vertex 114.042 18.782 1.6
    endloop
  endfacet
  facet normal 0 0 -1
    outer loop
      vertex 113.775 18.618 1.6
      vertex 113.775 22.182 1.6
      vertex 114.042 22.018 1.6
    endloop
  endfacet
  facet normal 0 0 -1
    outer loop
      vertex 113.485 18.4979 1.6
      vertex 113.775 22.182 1.6
      vertex 113.775 18.618 1.6
    endloop
  endfacet
  facet normal 0 0 -1
    outer loop
      vertex 113.485 18.4979 1.6
      vertex 113.485 22.3021 1.6
      vertex 113.775 22.182 1.6
    endloop
  endfacet
  facet normal 0 0 -1
    outer loop
      vertex 113.18 18.4246 1.6
      vertex 113.485 22.3021 1.6
      vertex 113.485 18.4979 1.6
    endloop
  endfacet
  facet normal 0 0 -1
    outer loop
      vertex 113.18 18.4246 1.6
      vertex 113.18 22.3754 1.6
      vertex 113.485 22.3021 1.6
    endloop
  endfacet
  facet normal 0 0 -1
    outer loop
      vertex 112.867 18.4 1.6
      vertex 113.18 22.3754 1.6
      vertex 113.18 18.4246 1.6
    endloop
  endfacet
  facet normal 0 0 -1
    outer loop
      vertex 112.867 18.4 1.6
      vertex 112.867 22.4 1.6
      vertex 113.18 22.3754 1.6
    endloop
  endfacet
  facet normal 0 0 -1
    outer loop
      vertex 112.554 18.4246 1.6
      vertex 112.867 22.4 1.6
      vertex 112.867 18.4 1.6
    endloop
  endfacet
  facet normal 0 0 -1
    outer loop
      vertex 112.554 18.4246 1.6
      vertex 112.554 22.3754 1.6
      vertex 112.867 22.4 1.6
    endloop
  endfacet
  facet normal 0 0 -1
    outer loop
      vertex 112.249 18.4979 1.6
      vertex 112.554 22.3754 1.6
      vertex 112.554 18.4246 1.6
    endloop
  endfacet
  facet normal 0 0 -1
    outer loop
      vertex 112.249 18.4979 1.6
      vertex 112.249 22.3021 1.6
      vertex 112.554 22.3754 1.6
    endloop
  endfacet
  facet normal 0 0 -1
    outer loop
      vertex 111.959 18.618 1.6
      vertex 112.249 22.3021 1.6
      vertex 112.249 18.4979 1.6
    endloop
  endfacet
  facet normal 0 0 -1
    outer loop
      vertex 111.959 18.618 1.6
      vertex 111.959 22.182 1.6
      vertex 112.249 22.3021 1.6
    endloop
  endfacet
  facet normal 0 0 -1
    outer loop
      vertex 111.691 18.782 1.6
      vertex 111.959 22.182 1.6
      vertex 111.959 18.618 1.6
    endloop
  endfacet
  facet normal 0 0 -1
    outer loop
      vertex 111.691 18.782 1.6
      vertex 111.691 22.018 1.6
      vertex 111.959 22.182 1.6
    endloop
  endfacet
  facet normal 0 0 -1
    outer loop
      vertex 111.452 18.9858 1.6
      vertex 111.691 22.018 1.6
      vertex 111.691 18.782 1.6
    endloop
  endfacet
  facet normal 0 0 -1
    outer loop
      vertex 111.452 18.9858 1.6
      vertex 111.452 21.8142 1.6
      vertex 111.691 22.018 1.6
    endloop
  endfacet
  facet normal 0 0 -1
    outer loop
      vertex 111.249 19.2244 1.6
      vertex 111.452 21.8142 1.6
      vertex 111.452 18.9858 1.6
    endloop
  endfacet
  facet normal 0 0 -1
    outer loop
      vertex 111.249 19.2244 1.6
      vertex 111.249 21.5756 1.6
      vertex 111.452 21.8142 1.6
    endloop
  endfacet
  facet normal 0 0 -1
    outer loop
      vertex 111.085 19.492 1.6
      vertex 111.249 21.5756 1.6
      vertex 111.249 19.2244 1.6
    endloop
  endfacet
  facet normal 0 0 -1
    outer loop
      vertex 111.085 19.492 1.6
      vertex 111.085 21.308 1.6
      vertex 111.249 21.5756 1.6
    endloop
  endfacet
  facet normal 0 0 -1
    outer loop
      vertex 110.965 19.782 1.6
      vertex 111.085 21.308 1.6
      vertex 111.085 19.492 1.6
    endloop
  endfacet
  facet normal 0 0 -1
    outer loop
      vertex 110.965 19.782 1.6
      vertex 110.965 21.018 1.6
      vertex 111.085 21.308 1.6
    endloop
  endfacet
  facet normal 0 0 -1
    outer loop
      vertex 110.891 20.0871 1.6
      vertex 110.965 21.018 1.6
      vertex 110.965 19.782 1.6
    endloop
  endfacet
  facet normal 0 0 -1
    outer loop
      vertex 110.891 20.0871 1.6
      vertex 110.891 20.7129 1.6
      vertex 110.965 21.018 1.6
    endloop
  endfacet
  facet normal 0 -0 -1
    outer loop
      vertex 110.891 20.7129 1.6
      vertex 110.891 20.0871 1.6
      vertex 110.867 20.4 1.6
    endloop
  endfacet
  facet normal 0 0 -1
    outer loop
      vertex 114.842 73.3671 1.6
      vertex 114.842 73.9929 1.6
      vertex 114.867 73.68 1.6
    endloop
  endfacet
  facet normal 0 0 -1
    outer loop
      vertex 114.769 73.062 1.6
      vertex 114.842 73.9929 1.6
      vertex 114.842 73.3671 1.6
    endloop
  endfacet
  facet normal 0 0 -1
    outer loop
      vertex 114.769 73.062 1.6
      vertex 114.769 74.298 1.6
      vertex 114.842 73.9929 1.6
    endloop
  endfacet
  facet normal 0 0 -1
    outer loop
      vertex 114.649 72.772 1.6
      vertex 114.769 74.298 1.6
      vertex 114.769 73.062 1.6
    endloop
  endfacet
  facet normal 0 0 -1
    outer loop
      vertex 114.649 72.772 1.6
      vertex 114.649 74.588 1.6
      vertex 114.769 74.298 1.6
    endloop
  endfacet
  facet normal 0 0 -1
    outer loop
      vertex 114.485 72.5044 1.6
      vertex 114.649 74.588 1.6
      vertex 114.649 72.772 1.6
    endloop
  endfacet
  facet normal 0 0 -1
    outer loop
      vertex 114.485 72.5044 1.6
      vertex 114.485 74.8556 1.6
      vertex 114.649 74.588 1.6
    endloop
  endfacet
  facet normal 0 0 -1
    outer loop
      vertex 114.281 72.2658 1.6
      vertex 114.485 74.8556 1.6
      vertex 114.485 72.5044 1.6
    endloop
  endfacet
  facet normal 0 0 -1
    outer loop
      vertex 114.281 72.2658 1.6
      vertex 114.281 75.0942 1.6
      vertex 114.485 74.8556 1.6
    endloop
  endfacet
  facet normal 0 0 -1
    outer loop
      vertex 114.042 72.062 1.6
      vertex 114.281 75.0942 1.6
      vertex 114.281 72.2658 1.6
    endloop
  endfacet
  facet normal 0 0 -1
    outer loop
      vertex 114.042 72.062 1.6
      vertex 114.042 75.298 1.6
      vertex 114.281 75.0942 1.6
    endloop
  endfacet
  facet normal 0 0 -1
    outer loop
      vertex 113.775 71.898 1.6
      vertex 114.042 75.298 1.6
      vertex 114.042 72.062 1.6
    endloop
  endfacet
  facet normal 0 0 -1
    outer loop
      vertex 113.775 71.898 1.6
      vertex 113.775 75.462 1.6
      vertex 114.042 75.298 1.6
    endloop
  endfacet
  facet normal 0 0 -1
    outer loop
      vertex 113.485 71.7779 1.6
      vertex 113.775 75.462 1.6
      vertex 113.775 71.898 1.6
    endloop
  endfacet
  facet normal 0 0 -1
    outer loop
      vertex 113.485 71.7779 1.6
      vertex 113.485 75.5821 1.6
      vertex 113.775 75.462 1.6
    endloop
  endfacet
  facet normal 0 0 -1
    outer loop
      vertex 113.18 71.7046 1.6
      vertex 113.485 75.5821 1.6
      vertex 113.485 71.7779 1.6
    endloop
  endfacet
  facet normal 0 0 -1
    outer loop
      vertex 113.18 71.7046 1.6
      vertex 113.18 75.6554 1.6
      vertex 113.485 75.5821 1.6
    endloop
  endfacet
  facet normal 0 0 -1
    outer loop
      vertex 112.867 71.68 1.6
      vertex 113.18 75.6554 1.6
      vertex 113.18 71.7046 1.6
    endloop
  endfacet
  facet normal 0 0 -1
    outer loop
      vertex 112.867 71.68 1.6
      vertex 112.867 75.68 1.6
      vertex 113.18 75.6554 1.6
    endloop
  endfacet
  facet normal 0 0 -1
    outer loop
      vertex 112.554 71.7046 1.6
      vertex 112.867 75.68 1.6
      vertex 112.867 71.68 1.6
    endloop
  endfacet
  facet normal 0 0 -1
    outer loop
      vertex 112.554 71.7046 1.6
      vertex 112.554 75.6554 1.6
      vertex 112.867 75.68 1.6
    endloop
  endfacet
  facet normal 0 0 -1
    outer loop
      vertex 112.249 71.7779 1.6
      vertex 112.554 75.6554 1.6
      vertex 112.554 71.7046 1.6
    endloop
  endfacet
  facet normal 0 0 -1
    outer loop
      vertex 112.249 71.7779 1.6
      vertex 112.249 75.5821 1.6
      vertex 112.554 75.6554 1.6
    endloop
  endfacet
  facet normal 0 0 -1
    outer loop
      vertex 111.959 71.898 1.6
      vertex 112.249 75.5821 1.6
      vertex 112.249 71.7779 1.6
    endloop
  endfacet
  facet normal 0 0 -1
    outer loop
      vertex 111.959 71.898 1.6
      vertex 111.959 75.462 1.6
      vertex 112.249 75.5821 1.6
    endloop
  endfacet
  facet normal 0 0 -1
    outer loop
      vertex 111.691 72.062 1.6
      vertex 111.959 75.462 1.6
      vertex 111.959 71.898 1.6
    endloop
  endfacet
  facet normal 0 0 -1
    outer loop
      vertex 111.691 72.062 1.6
      vertex 111.691 75.298 1.6
      vertex 111.959 75.462 1.6
    endloop
  endfacet
  facet normal 0 0 -1
    outer loop
      vertex 111.452 72.2658 1.6
      vertex 111.691 75.298 1.6
      vertex 111.691 72.062 1.6
    endloop
  endfacet
  facet normal 0 0 -1
    outer loop
      vertex 111.452 72.2658 1.6
      vertex 111.452 75.0942 1.6
      vertex 111.691 75.298 1.6
    endloop
  endfacet
  facet normal 0 0 -1
    outer loop
      vertex 111.249 72.5044 1.6
      vertex 111.452 75.0942 1.6
      vertex 111.452 72.2658 1.6
    endloop
  endfacet
  facet normal 0 0 -1
    outer loop
      vertex 111.249 72.5044 1.6
      vertex 111.249 74.8556 1.6
      vertex 111.452 75.0942 1.6
    endloop
  endfacet
  facet normal 0 0 -1
    outer loop
      vertex 111.085 72.772 1.6
      vertex 111.249 74.8556 1.6
      vertex 111.249 72.5044 1.6
    endloop
  endfacet
  facet normal 0 0 -1
    outer loop
      vertex 111.085 72.772 1.6
      vertex 111.085 74.588 1.6
      vertex 111.249 74.8556 1.6
    endloop
  endfacet
  facet normal 0 0 -1
    outer loop
      vertex 110.965 73.062 1.6
      vertex 111.085 74.588 1.6
      vertex 111.085 72.772 1.6
    endloop
  endfacet
  facet normal 0 0 -1
    outer loop
      vertex 110.965 73.062 1.6
      vertex 110.965 74.298 1.6
      vertex 111.085 74.588 1.6
    endloop
  endfacet
  facet normal 0 0 -1
    outer loop
      vertex 110.891 73.3671 1.6
      vertex 110.965 74.298 1.6
      vertex 110.965 73.062 1.6
    endloop
  endfacet
  facet normal 0 0 -1
    outer loop
      vertex 110.891 73.3671 1.6
      vertex 110.891 73.9929 1.6
      vertex 110.965 74.298 1.6
    endloop
  endfacet
  facet normal 0 -0 -1
    outer loop
      vertex 110.891 73.9929 1.6
      vertex 110.891 73.3671 1.6
      vertex 110.867 73.68 1.6
    endloop
  endfacet
  facet normal 0 0 -1
    outer loop
      vertex 161.075 46.7271 1.6
      vertex 161.075 47.3529 1.6
      vertex 161.1 47.04 1.6
    endloop
  endfacet
  facet normal 0 0 -1
    outer loop
      vertex 161.002 46.422 1.6
      vertex 161.075 47.3529 1.6
      vertex 161.075 46.7271 1.6
    endloop
  endfacet
  facet normal 0 0 -1
    outer loop
      vertex 161.002 46.422 1.6
      vertex 161.002 47.658 1.6
      vertex 161.075 47.3529 1.6
    endloop
  endfacet
  facet normal 0 0 -1
    outer loop
      vertex 160.882 46.132 1.6
      vertex 161.002 47.658 1.6
      vertex 161.002 46.422 1.6
    endloop
  endfacet
  facet normal 0 0 -1
    outer loop
      vertex 160.882 46.132 1.6
      vertex 160.882 47.948 1.6
      vertex 161.002 47.658 1.6
    endloop
  endfacet
  facet normal 0 0 -1
    outer loop
      vertex 160.718 45.8644 1.6
      vertex 160.882 47.948 1.6
      vertex 160.882 46.132 1.6
    endloop
  endfacet
  facet normal 0 0 -1
    outer loop
      vertex 160.718 45.8644 1.6
      vertex 160.718 48.2156 1.6
      vertex 160.882 47.948 1.6
    endloop
  endfacet
  facet normal 0 0 -1
    outer loop
      vertex 160.514 45.6258 1.6
      vertex 160.718 48.2156 1.6
      vertex 160.718 45.8644 1.6
    endloop
  endfacet
  facet normal 0 0 -1
    outer loop
      vertex 160.514 45.6258 1.6
      vertex 160.514 48.4542 1.6
      vertex 160.718 48.2156 1.6
    endloop
  endfacet
  facet normal 0 0 -1
    outer loop
      vertex 160.276 45.422 1.6
      vertex 160.514 48.4542 1.6
      vertex 160.514 45.6258 1.6
    endloop
  endfacet
  facet normal 0 0 -1
    outer loop
      vertex 160.276 45.422 1.6
      vertex 160.276 48.658 1.6
      vertex 160.514 48.4542 1.6
    endloop
  endfacet
  facet normal 0 0 -1
    outer loop
      vertex 160.008 45.258 1.6
      vertex 160.276 48.658 1.6
      vertex 160.276 45.422 1.6
    endloop
  endfacet
  facet normal 0 0 -1
    outer loop
      vertex 160.008 45.258 1.6
      vertex 160.008 48.822 1.6
      vertex 160.276 48.658 1.6
    endloop
  endfacet
  facet normal 0 0 -1
    outer loop
      vertex 159.718 45.1379 1.6
      vertex 160.008 48.822 1.6
      vertex 160.008 45.258 1.6
    endloop
  endfacet
  facet normal 0 0 -1
    outer loop
      vertex 159.718 45.1379 1.6
      vertex 159.718 48.9421 1.6
      vertex 160.008 48.822 1.6
    endloop
  endfacet
  facet normal 0 0 -1
    outer loop
      vertex 159.413 45.0646 1.6
      vertex 159.718 48.9421 1.6
      vertex 159.718 45.1379 1.6
    endloop
  endfacet
  facet normal 0 0 -1
    outer loop
      vertex 159.413 45.0646 1.6
      vertex 159.413 49.0154 1.6
      vertex 159.718 48.9421 1.6
    endloop
  endfacet
  facet normal 0 0 -1
    outer loop
      vertex 159.1 45.04 1.6
      vertex 159.413 49.0154 1.6
      vertex 159.413 45.0646 1.6
    endloop
  endfacet
  facet normal 0 0 -1
    outer loop
      vertex 159.1 45.04 1.6
      vertex 159.1 49.04 1.6
      vertex 159.413 49.0154 1.6
    endloop
  endfacet
  facet normal 0 0 -1
    outer loop
      vertex 158.787 45.0646 1.6
      vertex 159.1 49.04 1.6
      vertex 159.1 45.04 1.6
    endloop
  endfacet
  facet normal 0 0 -1
    outer loop
      vertex 158.787 45.0646 1.6
      vertex 158.787 49.0154 1.6
      vertex 159.1 49.04 1.6
    endloop
  endfacet
  facet normal 0 0 -1
    outer loop
      vertex 158.482 45.1379 1.6
      vertex 158.787 49.0154 1.6
      vertex 158.787 45.0646 1.6
    endloop
  endfacet
  facet normal 0 0 -1
    outer loop
      vertex 158.482 45.1379 1.6
      vertex 158.482 48.9421 1.6
      vertex 158.787 49.0154 1.6
    endloop
  endfacet
  facet normal 0 0 -1
    outer loop
      vertex 158.192 45.258 1.6
      vertex 158.482 48.9421 1.6
      vertex 158.482 45.1379 1.6
    endloop
  endfacet
  facet normal 0 0 -1
    outer loop
      vertex 158.192 45.258 1.6
      vertex 158.192 48.822 1.6
      vertex 158.482 48.9421 1.6
    endloop
  endfacet
  facet normal 0 0 -1
    outer loop
      vertex 157.924 45.422 1.6
      vertex 158.192 48.822 1.6
      vertex 158.192 45.258 1.6
    endloop
  endfacet
  facet normal 0 0 -1
    outer loop
      vertex 157.924 45.422 1.6
      vertex 157.924 48.658 1.6
      vertex 158.192 48.822 1.6
    endloop
  endfacet
  facet normal 0 0 -1
    outer loop
      vertex 157.686 45.6258 1.6
      vertex 157.924 48.658 1.6
      vertex 157.924 45.422 1.6
    endloop
  endfacet
  facet normal 0 0 -1
    outer loop
      vertex 157.686 45.6258 1.6
      vertex 157.686 48.4542 1.6
      vertex 157.924 48.658 1.6
    endloop
  endfacet
  facet normal 0 0 -1
    outer loop
      vertex 157.482 45.8644 1.6
      vertex 157.686 48.4542 1.6
      vertex 157.686 45.6258 1.6
    endloop
  endfacet
  facet normal 0 0 -1
    outer loop
      vertex 157.482 45.8644 1.6
      vertex 157.482 48.2156 1.6
      vertex 157.686 48.4542 1.6
    endloop
  endfacet
  facet normal 0 0 -1
    outer loop
      vertex 157.318 46.132 1.6
      vertex 157.482 48.2156 1.6
      vertex 157.482 45.8644 1.6
    endloop
  endfacet
  facet normal 0 0 -1
    outer loop
      vertex 157.318 46.132 1.6
      vertex 157.318 47.948 1.6
      vertex 157.482 48.2156 1.6
    endloop
  endfacet
  facet normal 0 0 -1
    outer loop
      vertex 157.198 46.422 1.6
      vertex 157.318 47.948 1.6
      vertex 157.318 46.132 1.6
    endloop
  endfacet
  facet normal 0 0 -1
    outer loop
      vertex 157.198 46.422 1.6
      vertex 157.198 47.658 1.6
      vertex 157.318 47.948 1.6
    endloop
  endfacet
  facet normal 0 0 -1
    outer loop
      vertex 157.125 46.7271 1.6
      vertex 157.198 47.658 1.6
      vertex 157.198 46.422 1.6
    endloop
  endfacet
  facet normal 0 0 -1
    outer loop
      vertex 157.125 46.7271 1.6
      vertex 157.125 47.3529 1.6
      vertex 157.198 47.658 1.6
    endloop
  endfacet
  facet normal 0 -0 -1
    outer loop
      vertex 157.125 47.3529 1.6
      vertex 157.125 46.7271 1.6
      vertex 157.1 47.04 1.6
    endloop
  endfacet
  facet normal 0 0 -1
    outer loop
      vertex 161.075 100.007 1.6
      vertex 161.075 100.633 1.6
      vertex 161.1 100.32 1.6
    endloop
  endfacet
  facet normal 0 0 -1
    outer loop
      vertex 161.002 99.702 1.6
      vertex 161.075 100.633 1.6
      vertex 161.075 100.007 1.6
    endloop
  endfacet
  facet normal 0 0 -1
    outer loop
      vertex 161.002 99.702 1.6
      vertex 161.002 100.938 1.6
      vertex 161.075 100.633 1.6
    endloop
  endfacet
  facet normal 0 0 -1
    outer loop
      vertex 160.882 99.412 1.6
      vertex 161.002 100.938 1.6
      vertex 161.002 99.702 1.6
    endloop
  endfacet
  facet normal 0 0 -1
    outer loop
      vertex 160.882 99.412 1.6
      vertex 160.882 101.228 1.6
      vertex 161.002 100.938 1.6
    endloop
  endfacet
  facet normal 0 0 -1
    outer loop
      vertex 160.718 99.1444 1.6
      vertex 160.882 101.228 1.6
      vertex 160.882 99.412 1.6
    endloop
  endfacet
  facet normal 0 0 -1
    outer loop
      vertex 160.718 99.1444 1.6
      vertex 160.718 101.496 1.6
      vertex 160.882 101.228 1.6
    endloop
  endfacet
  facet normal 0 0 -1
    outer loop
      vertex 160.514 98.9058 1.6
      vertex 160.718 101.496 1.6
      vertex 160.718 99.1444 1.6
    endloop
  endfacet
  facet normal 0 0 -1
    outer loop
      vertex 160.514 98.9058 1.6
      vertex 160.514 101.734 1.6
      vertex 160.718 101.496 1.6
    endloop
  endfacet
  facet normal 0 0 -1
    outer loop
      vertex 160.276 98.702 1.6
      vertex 160.514 101.734 1.6
      vertex 160.514 98.9058 1.6
    endloop
  endfacet
  facet normal 0 0 -1
    outer loop
      vertex 160.276 98.702 1.6
      vertex 160.276 101.938 1.6
      vertex 160.514 101.734 1.6
    endloop
  endfacet
  facet normal 0 0 -1
    outer loop
      vertex 160.008 98.538 1.6
      vertex 160.276 101.938 1.6
      vertex 160.276 98.702 1.6
    endloop
  endfacet
  facet normal 0 0 -1
    outer loop
      vertex 160.008 98.538 1.6
      vertex 160.008 102.102 1.6
      vertex 160.276 101.938 1.6
    endloop
  endfacet
  facet normal 0 0 -1
    outer loop
      vertex 159.718 98.4179 1.6
      vertex 160.008 102.102 1.6
      vertex 160.008 98.538 1.6
    endloop
  endfacet
  facet normal 0 0 -1
    outer loop
      vertex 159.718 98.4179 1.6
      vertex 159.718 102.222 1.6
      vertex 160.008 102.102 1.6
    endloop
  endfacet
  facet normal 0 0 -1
    outer loop
      vertex 159.413 98.3446 1.6
      vertex 159.718 102.222 1.6
      vertex 159.718 98.4179 1.6
    endloop
  endfacet
  facet normal 0 0 -1
    outer loop
      vertex 159.413 98.3446 1.6
      vertex 159.413 102.295 1.6
      vertex 159.718 102.222 1.6
    endloop
  endfacet
  facet normal 0 0 -1
    outer loop
      vertex 159.1 98.32 1.6
      vertex 159.413 102.295 1.6
      vertex 159.413 98.3446 1.6
    endloop
  endfacet
  facet normal 0 0 -1
    outer loop
      vertex 159.1 98.32 1.6
      vertex 159.1 102.32 1.6
      vertex 159.413 102.295 1.6
    endloop
  endfacet
  facet normal 0 0 -1
    outer loop
      vertex 158.787 98.3446 1.6
      vertex 159.1 102.32 1.6
      vertex 159.1 98.32 1.6
    endloop
  endfacet
  facet normal 0 0 -1
    outer loop
      vertex 158.787 98.3446 1.6
      vertex 158.787 102.295 1.6
      vertex 159.1 102.32 1.6
    endloop
  endfacet
  facet normal 0 0 -1
    outer loop
      vertex 158.482 98.4179 1.6
      vertex 158.787 102.295 1.6
      vertex 158.787 98.3446 1.6
    endloop
  endfacet
  facet normal 0 0 -1
    outer loop
      vertex 158.482 98.4179 1.6
      vertex 158.482 102.222 1.6
      vertex 158.787 102.295 1.6
    endloop
  endfacet
  facet normal 0 0 -1
    outer loop
      vertex 158.192 98.538 1.6
      vertex 158.482 102.222 1.6
      vertex 158.482 98.4179 1.6
    endloop
  endfacet
  facet normal 0 0 -1
    outer loop
      vertex 158.192 98.538 1.6
      vertex 158.192 102.102 1.6
      vertex 158.482 102.222 1.6
    endloop
  endfacet
  facet normal 0 0 -1
    outer loop
      vertex 157.924 98.702 1.6
      vertex 158.192 102.102 1.6
      vertex 158.192 98.538 1.6
    endloop
  endfacet
  facet normal 0 0 -1
    outer loop
      vertex 157.924 98.702 1.6
      vertex 157.924 101.938 1.6
      vertex 158.192 102.102 1.6
    endloop
  endfacet
  facet normal 0 0 -1
    outer loop
      vertex 157.686 98.9058 1.6
      vertex 157.924 101.938 1.6
      vertex 157.924 98.702 1.6
    endloop
  endfacet
  facet normal 0 0 -1
    outer loop
      vertex 157.686 98.9058 1.6
      vertex 157.686 101.734 1.6
      vertex 157.924 101.938 1.6
    endloop
  endfacet
  facet normal 0 0 -1
    outer loop
      vertex 157.482 99.1444 1.6
      vertex 157.686 101.734 1.6
      vertex 157.686 98.9058 1.6
    endloop
  endfacet
  facet normal 0 0 -1
    outer loop
      vertex 157.482 99.1444 1.6
      vertex 157.482 101.496 1.6
      vertex 157.686 101.734 1.6
    endloop
  endfacet
  facet normal 0 0 -1
    outer loop
      vertex 157.318 99.412 1.6
      vertex 157.482 101.496 1.6
      vertex 157.482 99.1444 1.6
    endloop
  endfacet
  facet normal 0 0 -1
    outer loop
      vertex 157.318 99.412 1.6
      vertex 157.318 101.228 1.6
      vertex 157.482 101.496 1.6
    endloop
  endfacet
  facet normal 0 0 -1
    outer loop
      vertex 157.198 99.702 1.6
      vertex 157.318 101.228 1.6
      vertex 157.318 99.412 1.6
    endloop
  endfacet
  facet normal 0 0 -1
    outer loop
      vertex 157.198 99.702 1.6
      vertex 157.198 100.938 1.6
      vertex 157.318 101.228 1.6
    endloop
  endfacet
  facet normal 0 0 -1
    outer loop
      vertex 157.125 100.007 1.6
      vertex 157.198 100.938 1.6
      vertex 157.198 99.702 1.6
    endloop
  endfacet
  facet normal 0 0 -1
    outer loop
      vertex 157.125 100.007 1.6
      vertex 157.125 100.633 1.6
      vertex 157.198 100.938 1.6
    endloop
  endfacet
  facet normal 0 -0 -1
    outer loop
      vertex 157.125 100.633 1.6
      vertex 157.125 100.007 1.6
      vertex 157.1 100.32 1.6
    endloop
  endfacet
  facet normal 0 0 -1
    outer loop
      vertex 161.075 153.287 1.6
      vertex 161.075 153.913 1.6
      vertex 161.1 153.6 1.6
    endloop
  endfacet
  facet normal 0 0 -1
    outer loop
      vertex 161.002 152.982 1.6
      vertex 161.075 153.913 1.6
      vertex 161.075 153.287 1.6
    endloop
  endfacet
  facet normal 0 0 -1
    outer loop
      vertex 161.002 152.982 1.6
      vertex 161.002 154.218 1.6
      vertex 161.075 153.913 1.6
    endloop
  endfacet
  facet normal 0 0 -1
    outer loop
      vertex 160.882 152.692 1.6
      vertex 161.002 154.218 1.6
      vertex 161.002 152.982 1.6
    endloop
  endfacet
  facet normal 0 0 -1
    outer loop
      vertex 160.882 152.692 1.6
      vertex 160.882 154.508 1.6
      vertex 161.002 154.218 1.6
    endloop
  endfacet
  facet normal 0 0 -1
    outer loop
      vertex 160.718 152.424 1.6
      vertex 160.882 154.508 1.6
      vertex 160.882 152.692 1.6
    endloop
  endfacet
  facet normal 0 0 -1
    outer loop
      vertex 160.718 152.424 1.6
      vertex 160.718 154.776 1.6
      vertex 160.882 154.508 1.6
    endloop
  endfacet
  facet normal 0 0 -1
    outer loop
      vertex 160.514 152.186 1.6
      vertex 160.718 154.776 1.6
      vertex 160.718 152.424 1.6
    endloop
  endfacet
  facet normal 0 0 -1
    outer loop
      vertex 160.514 152.186 1.6
      vertex 160.514 155.014 1.6
      vertex 160.718 154.776 1.6
    endloop
  endfacet
  facet normal 0 0 -1
    outer loop
      vertex 160.276 151.982 1.6
      vertex 160.514 155.014 1.6
      vertex 160.514 152.186 1.6
    endloop
  endfacet
  facet normal 0 0 -1
    outer loop
      vertex 160.276 151.982 1.6
      vertex 160.276 155.218 1.6
      vertex 160.514 155.014 1.6
    endloop
  endfacet
  facet normal 0 0 -1
    outer loop
      vertex 160.008 151.818 1.6
      vertex 160.276 155.218 1.6
      vertex 160.276 151.982 1.6
    endloop
  endfacet
  facet normal 0 0 -1
    outer loop
      vertex 160.008 151.818 1.6
      vertex 160.008 155.382 1.6
      vertex 160.276 155.218 1.6
    endloop
  endfacet
  facet normal 0 0 -1
    outer loop
      vertex 159.718 151.698 1.6
      vertex 160.008 155.382 1.6
      vertex 160.008 151.818 1.6
    endloop
  endfacet
  facet normal 0 0 -1
    outer loop
      vertex 159.718 151.698 1.6
      vertex 159.718 155.502 1.6
      vertex 160.008 155.382 1.6
    endloop
  endfacet
  facet normal 0 0 -1
    outer loop
      vertex 159.413 151.625 1.6
      vertex 159.718 155.502 1.6
      vertex 159.718 151.698 1.6
    endloop
  endfacet
  facet normal 0 0 -1
    outer loop
      vertex 159.413 151.625 1.6
      vertex 159.413 155.575 1.6
      vertex 159.718 155.502 1.6
    endloop
  endfacet
  facet normal 0 0 -1
    outer loop
      vertex 159.1 151.6 1.6
      vertex 159.413 155.575 1.6
      vertex 159.413 151.625 1.6
    endloop
  endfacet
  facet normal 0 0 -1
    outer loop
      vertex 159.1 151.6 1.6
      vertex 159.1 155.6 1.6
      vertex 159.413 155.575 1.6
    endloop
  endfacet
  facet normal 0 0 -1
    outer loop
      vertex 158.787 151.625 1.6
      vertex 159.1 155.6 1.6
      vertex 159.1 151.6 1.6
    endloop
  endfacet
  facet normal 0 0 -1
    outer loop
      vertex 158.787 151.625 1.6
      vertex 158.787 155.575 1.6
      vertex 159.1 155.6 1.6
    endloop
  endfacet
  facet normal 0 0 -1
    outer loop
      vertex 158.482 151.698 1.6
      vertex 158.787 155.575 1.6
      vertex 158.787 151.625 1.6
    endloop
  endfacet
  facet normal 0 0 -1
    outer loop
      vertex 158.482 151.698 1.6
      vertex 158.482 155.502 1.6
      vertex 158.787 155.575 1.6
    endloop
  endfacet
  facet normal 0 0 -1
    outer loop
      vertex 158.192 151.818 1.6
      vertex 158.482 155.502 1.6
      vertex 158.482 151.698 1.6
    endloop
  endfacet
  facet normal 0 0 -1
    outer loop
      vertex 158.192 151.818 1.6
      vertex 158.192 155.382 1.6
      vertex 158.482 155.502 1.6
    endloop
  endfacet
  facet normal 0 0 -1
    outer loop
      vertex 157.924 151.982 1.6
      vertex 158.192 155.382 1.6
      vertex 158.192 151.818 1.6
    endloop
  endfacet
  facet normal 0 0 -1
    outer loop
      vertex 157.924 151.982 1.6
      vertex 157.924 155.218 1.6
      vertex 158.192 155.382 1.6
    endloop
  endfacet
  facet normal 0 0 -1
    outer loop
      vertex 157.686 152.186 1.6
      vertex 157.924 155.218 1.6
      vertex 157.924 151.982 1.6
    endloop
  endfacet
  facet normal 0 0 -1
    outer loop
      vertex 157.686 152.186 1.6
      vertex 157.686 155.014 1.6
      vertex 157.924 155.218 1.6
    endloop
  endfacet
  facet normal 0 0 -1
    outer loop
      vertex 157.482 152.424 1.6
      vertex 157.686 155.014 1.6
      vertex 157.686 152.186 1.6
    endloop
  endfacet
  facet normal 0 0 -1
    outer loop
      vertex 157.482 152.424 1.6
      vertex 157.482 154.776 1.6
      vertex 157.686 155.014 1.6
    endloop
  endfacet
  facet normal 0 0 -1
    outer loop
      vertex 157.318 152.692 1.6
      vertex 157.482 154.776 1.6
      vertex 157.482 152.424 1.6
    endloop
  endfacet
  facet normal 0 0 -1
    outer loop
      vertex 157.318 152.692 1.6
      vertex 157.318 154.508 1.6
      vertex 157.482 154.776 1.6
    endloop
  endfacet
  facet normal 0 0 -1
    outer loop
      vertex 157.198 152.982 1.6
      vertex 157.318 154.508 1.6
      vertex 157.318 152.692 1.6
    endloop
  endfacet
  facet normal 0 0 -1
    outer loop
      vertex 157.198 152.982 1.6
      vertex 157.198 154.218 1.6
      vertex 157.318 154.508 1.6
    endloop
  endfacet
  facet normal 0 0 -1
    outer loop
      vertex 157.125 153.287 1.6
      vertex 157.198 154.218 1.6
      vertex 157.198 152.982 1.6
    endloop
  endfacet
  facet normal 0 0 -1
    outer loop
      vertex 157.125 153.287 1.6
      vertex 157.125 153.913 1.6
      vertex 157.198 154.218 1.6
    endloop
  endfacet
  facet normal 0 -0 -1
    outer loop
      vertex 157.125 153.913 1.6
      vertex 157.125 153.287 1.6
      vertex 157.1 153.6 1.6
    endloop
  endfacet
  facet normal 0 0 -1
    outer loop
      vertex 161.075 126.647 1.6
      vertex 161.075 127.273 1.6
      vertex 161.1 126.96 1.6
    endloop
  endfacet
  facet normal 0 0 -1
    outer loop
      vertex 161.002 126.342 1.6
      vertex 161.075 127.273 1.6
      vertex 161.075 126.647 1.6
    endloop
  endfacet
  facet normal 0 0 -1
    outer loop
      vertex 161.002 126.342 1.6
      vertex 161.002 127.578 1.6
      vertex 161.075 127.273 1.6
    endloop
  endfacet
  facet normal 0 0 -1
    outer loop
      vertex 160.882 126.052 1.6
      vertex 161.002 127.578 1.6
      vertex 161.002 126.342 1.6
    endloop
  endfacet
  facet normal 0 0 -1
    outer loop
      vertex 160.882 126.052 1.6
      vertex 160.882 127.868 1.6
      vertex 161.002 127.578 1.6
    endloop
  endfacet
  facet normal 0 0 -1
    outer loop
      vertex 160.718 125.784 1.6
      vertex 160.882 127.868 1.6
      vertex 160.882 126.052 1.6
    endloop
  endfacet
  facet normal 0 0 -1
    outer loop
      vertex 160.718 125.784 1.6
      vertex 160.718 128.136 1.6
      vertex 160.882 127.868 1.6
    endloop
  endfacet
  facet normal 0 0 -1
    outer loop
      vertex 160.514 125.546 1.6
      vertex 160.718 128.136 1.6
      vertex 160.718 125.784 1.6
    endloop
  endfacet
  facet normal 0 0 -1
    outer loop
      vertex 160.514 125.546 1.6
      vertex 160.514 128.374 1.6
      vertex 160.718 128.136 1.6
    endloop
  endfacet
  facet normal 0 0 -1
    outer loop
      vertex 160.276 125.342 1.6
      vertex 160.514 128.374 1.6
      vertex 160.514 125.546 1.6
    endloop
  endfacet
  facet normal 0 0 -1
    outer loop
      vertex 160.276 125.342 1.6
      vertex 160.276 128.578 1.6
      vertex 160.514 128.374 1.6
    endloop
  endfacet
  facet normal 0 0 -1
    outer loop
      vertex 160.008 125.178 1.6
      vertex 160.276 128.578 1.6
      vertex 160.276 125.342 1.6
    endloop
  endfacet
  facet normal 0 0 -1
    outer loop
      vertex 160.008 125.178 1.6
      vertex 160.008 128.742 1.6
      vertex 160.276 128.578 1.6
    endloop
  endfacet
  facet normal 0 0 -1
    outer loop
      vertex 159.718 125.058 1.6
      vertex 160.008 128.742 1.6
      vertex 160.008 125.178 1.6
    endloop
  endfacet
  facet normal 0 0 -1
    outer loop
      vertex 159.718 125.058 1.6
      vertex 159.718 128.862 1.6
      vertex 160.008 128.742 1.6
    endloop
  endfacet
  facet normal 0 0 -1
    outer loop
      vertex 159.413 124.985 1.6
      vertex 159.718 128.862 1.6
      vertex 159.718 125.058 1.6
    endloop
  endfacet
  facet normal 0 0 -1
    outer loop
      vertex 159.413 124.985 1.6
      vertex 159.413 128.935 1.6
      vertex 159.718 128.862 1.6
    endloop
  endfacet
  facet normal 0 0 -1
    outer loop
      vertex 159.1 124.96 1.6
      vertex 159.413 128.935 1.6
      vertex 159.413 124.985 1.6
    endloop
  endfacet
  facet normal 0 0 -1
    outer loop
      vertex 159.1 124.96 1.6
      vertex 159.1 128.96 1.6
      vertex 159.413 128.935 1.6
    endloop
  endfacet
  facet normal 0 0 -1
    outer loop
      vertex 158.787 124.985 1.6
      vertex 159.1 128.96 1.6
      vertex 159.1 124.96 1.6
    endloop
  endfacet
  facet normal 0 0 -1
    outer loop
      vertex 158.787 124.985 1.6
      vertex 158.787 128.935 1.6
      vertex 159.1 128.96 1.6
    endloop
  endfacet
  facet normal 0 0 -1
    outer loop
      vertex 158.482 125.058 1.6
      vertex 158.787 128.935 1.6
      vertex 158.787 124.985 1.6
    endloop
  endfacet
  facet normal 0 0 -1
    outer loop
      vertex 158.482 125.058 1.6
      vertex 158.482 128.862 1.6
      vertex 158.787 128.935 1.6
    endloop
  endfacet
  facet normal 0 0 -1
    outer loop
      vertex 158.192 125.178 1.6
      vertex 158.482 128.862 1.6
      vertex 158.482 125.058 1.6
    endloop
  endfacet
  facet normal 0 0 -1
    outer loop
      vertex 158.192 125.178 1.6
      vertex 158.192 128.742 1.6
      vertex 158.482 128.862 1.6
    endloop
  endfacet
  facet normal 0 0 -1
    outer loop
      vertex 157.924 125.342 1.6
      vertex 158.192 128.742 1.6
      vertex 158.192 125.178 1.6
    endloop
  endfacet
  facet normal 0 0 -1
    outer loop
      vertex 157.924 125.342 1.6
      vertex 157.924 128.578 1.6
      vertex 158.192 128.742 1.6
    endloop
  endfacet
  facet normal 0 0 -1
    outer loop
      vertex 157.686 125.546 1.6
      vertex 157.924 128.578 1.6
      vertex 157.924 125.342 1.6
    endloop
  endfacet
  facet normal 0 0 -1
    outer loop
      vertex 157.686 125.546 1.6
      vertex 157.686 128.374 1.6
      vertex 157.924 128.578 1.6
    endloop
  endfacet
  facet normal 0 0 -1
    outer loop
      vertex 157.482 125.784 1.6
      vertex 157.686 128.374 1.6
      vertex 157.686 125.546 1.6
    endloop
  endfacet
  facet normal 0 0 -1
    outer loop
      vertex 157.482 125.784 1.6
      vertex 157.482 128.136 1.6
      vertex 157.686 128.374 1.6
    endloop
  endfacet
  facet normal 0 0 -1
    outer loop
      vertex 157.318 126.052 1.6
      vertex 157.482 128.136 1.6
      vertex 157.482 125.784 1.6
    endloop
  endfacet
  facet normal 0 0 -1
    outer loop
      vertex 157.318 126.052 1.6
      vertex 157.318 127.868 1.6
      vertex 157.482 128.136 1.6
    endloop
  endfacet
  facet normal 0 0 -1
    outer loop
      vertex 157.198 126.342 1.6
      vertex 157.318 127.868 1.6
      vertex 157.318 126.052 1.6
    endloop
  endfacet
  facet normal 0 0 -1
    outer loop
      vertex 157.198 126.342 1.6
      vertex 157.198 127.578 1.6
      vertex 157.318 127.868 1.6
    endloop
  endfacet
  facet normal 0 0 -1
    outer loop
      vertex 157.125 126.647 1.6
      vertex 157.198 127.578 1.6
      vertex 157.198 126.342 1.6
    endloop
  endfacet
  facet normal 0 0 -1
    outer loop
      vertex 157.125 126.647 1.6
      vertex 157.125 127.273 1.6
      vertex 157.198 127.578 1.6
    endloop
  endfacet
  facet normal 0 -0 -1
    outer loop
      vertex 157.125 127.273 1.6
      vertex 157.125 126.647 1.6
      vertex 157.1 126.96 1.6
    endloop
  endfacet
  facet normal 0 0 -1
    outer loop
      vertex 161.075 20.0871 1.6
      vertex 161.075 20.7129 1.6
      vertex 161.1 20.4 1.6
    endloop
  endfacet
  facet normal 0 0 -1
    outer loop
      vertex 161.002 19.782 1.6
      vertex 161.075 20.7129 1.6
      vertex 161.075 20.0871 1.6
    endloop
  endfacet
  facet normal 0 0 -1
    outer loop
      vertex 161.002 19.782 1.6
      vertex 161.002 21.018 1.6
      vertex 161.075 20.7129 1.6
    endloop
  endfacet
  facet normal 0 0 -1
    outer loop
      vertex 160.882 19.492 1.6
      vertex 161.002 21.018 1.6
      vertex 161.002 19.782 1.6
    endloop
  endfacet
  facet normal 0 0 -1
    outer loop
      vertex 160.882 19.492 1.6
      vertex 160.882 21.308 1.6
      vertex 161.002 21.018 1.6
    endloop
  endfacet
  facet normal 0 0 -1
    outer loop
      vertex 160.718 19.2244 1.6
      vertex 160.882 21.308 1.6
      vertex 160.882 19.492 1.6
    endloop
  endfacet
  facet normal 0 0 -1
    outer loop
      vertex 160.718 19.2244 1.6
      vertex 160.718 21.5756 1.6
      vertex 160.882 21.308 1.6
    endloop
  endfacet
  facet normal 0 0 -1
    outer loop
      vertex 160.514 18.9858 1.6
      vertex 160.718 21.5756 1.6
      vertex 160.718 19.2244 1.6
    endloop
  endfacet
  facet normal 0 0 -1
    outer loop
      vertex 160.514 18.9858 1.6
      vertex 160.514 21.8142 1.6
      vertex 160.718 21.5756 1.6
    endloop
  endfacet
  facet normal 0 0 -1
    outer loop
      vertex 160.276 18.782 1.6
      vertex 160.514 21.8142 1.6
      vertex 160.514 18.9858 1.6
    endloop
  endfacet
  facet normal 0 0 -1
    outer loop
      vertex 160.276 18.782 1.6
      vertex 160.276 22.018 1.6
      vertex 160.514 21.8142 1.6
    endloop
  endfacet
  facet normal 0 0 -1
    outer loop
      vertex 160.008 18.618 1.6
      vertex 160.276 22.018 1.6
      vertex 160.276 18.782 1.6
    endloop
  endfacet
  facet normal 0 0 -1
    outer loop
      vertex 160.008 18.618 1.6
      vertex 160.008 22.182 1.6
      vertex 160.276 22.018 1.6
    endloop
  endfacet
  facet normal 0 0 -1
    outer loop
      vertex 159.718 18.4979 1.6
      vertex 160.008 22.182 1.6
      vertex 160.008 18.618 1.6
    endloop
  endfacet
  facet normal 0 0 -1
    outer loop
      vertex 159.718 18.4979 1.6
      vertex 159.718 22.3021 1.6
      vertex 160.008 22.182 1.6
    endloop
  endfacet
  facet normal 0 0 -1
    outer loop
      vertex 159.413 18.4246 1.6
      vertex 159.718 22.3021 1.6
      vertex 159.718 18.4979 1.6
    endloop
  endfacet
  facet normal 0 0 -1
    outer loop
      vertex 159.413 18.4246 1.6
      vertex 159.413 22.3754 1.6
      vertex 159.718 22.3021 1.6
    endloop
  endfacet
  facet normal 0 0 -1
    outer loop
      vertex 159.1 18.4 1.6
      vertex 159.413 22.3754 1.6
      vertex 159.413 18.4246 1.6
    endloop
  endfacet
  facet normal 0 0 -1
    outer loop
      vertex 159.1 18.4 1.6
      vertex 159.1 22.4 1.6
      vertex 159.413 22.3754 1.6
    endloop
  endfacet
  facet normal 0 0 -1
    outer loop
      vertex 158.787 18.4246 1.6
      vertex 159.1 22.4 1.6
      vertex 159.1 18.4 1.6
    endloop
  endfacet
  facet normal 0 0 -1
    outer loop
      vertex 158.787 18.4246 1.6
      vertex 158.787 22.3754 1.6
      vertex 159.1 22.4 1.6
    endloop
  endfacet
  facet normal 0 0 -1
    outer loop
      vertex 158.482 18.4979 1.6
      vertex 158.787 22.3754 1.6
      vertex 158.787 18.4246 1.6
    endloop
  endfacet
  facet normal 0 0 -1
    outer loop
      vertex 158.482 18.4979 1.6
      vertex 158.482 22.3021 1.6
      vertex 158.787 22.3754 1.6
    endloop
  endfacet
  facet normal 0 0 -1
    outer loop
      vertex 158.192 18.618 1.6
      vertex 158.482 22.3021 1.6
      vertex 158.482 18.4979 1.6
    endloop
  endfacet
  facet normal 0 0 -1
    outer loop
      vertex 158.192 18.618 1.6
      vertex 158.192 22.182 1.6
      vertex 158.482 22.3021 1.6
    endloop
  endfacet
  facet normal 0 0 -1
    outer loop
      vertex 157.924 18.782 1.6
      vertex 158.192 22.182 1.6
      vertex 158.192 18.618 1.6
    endloop
  endfacet
  facet normal 0 0 -1
    outer loop
      vertex 157.924 18.782 1.6
      vertex 157.924 22.018 1.6
      vertex 158.192 22.182 1.6
    endloop
  endfacet
  facet normal 0 0 -1
    outer loop
      vertex 157.686 18.9858 1.6
      vertex 157.924 22.018 1.6
      vertex 157.924 18.782 1.6
    endloop
  endfacet
  facet normal 0 0 -1
    outer loop
      vertex 157.686 18.9858 1.6
      vertex 157.686 21.8142 1.6
      vertex 157.924 22.018 1.6
    endloop
  endfacet
  facet normal 0 0 -1
    outer loop
      vertex 157.482 19.2244 1.6
      vertex 157.686 21.8142 1.6
      vertex 157.686 18.9858 1.6
    endloop
  endfacet
  facet normal 0 0 -1
    outer loop
      vertex 157.482 19.2244 1.6
      vertex 157.482 21.5756 1.6
      vertex 157.686 21.8142 1.6
    endloop
  endfacet
  facet normal 0 0 -1
    outer loop
      vertex 157.318 19.492 1.6
      vertex 157.482 21.5756 1.6
      vertex 157.482 19.2244 1.6
    endloop
  endfacet
  facet normal 0 0 -1
    outer loop
      vertex 157.318 19.492 1.6
      vertex 157.318 21.308 1.6
      vertex 157.482 21.5756 1.6
    endloop
  endfacet
  facet normal 0 0 -1
    outer loop
      vertex 157.198 19.782 1.6
      vertex 157.318 21.308 1.6
      vertex 157.318 19.492 1.6
    endloop
  endfacet
  facet normal 0 0 -1
    outer loop
      vertex 157.198 19.782 1.6
      vertex 157.198 21.018 1.6
      vertex 157.318 21.308 1.6
    endloop
  endfacet
  facet normal 0 0 -1
    outer loop
      vertex 157.125 20.0871 1.6
      vertex 157.198 21.018 1.6
      vertex 157.198 19.782 1.6
    endloop
  endfacet
  facet normal 0 0 -1
    outer loop
      vertex 157.125 20.0871 1.6
      vertex 157.125 20.7129 1.6
      vertex 157.198 21.018 1.6
    endloop
  endfacet
  facet normal 0 -0 -1
    outer loop
      vertex 157.125 20.7129 1.6
      vertex 157.125 20.0871 1.6
      vertex 157.1 20.4 1.6
    endloop
  endfacet
  facet normal 0 0 -1
    outer loop
      vertex 161.075 73.3671 1.6
      vertex 161.075 73.9929 1.6
      vertex 161.1 73.68 1.6
    endloop
  endfacet
  facet normal 0 0 -1
    outer loop
      vertex 161.002 73.062 1.6
      vertex 161.075 73.9929 1.6
      vertex 161.075 73.3671 1.6
    endloop
  endfacet
  facet normal 0 0 -1
    outer loop
      vertex 161.002 73.062 1.6
      vertex 161.002 74.298 1.6
      vertex 161.075 73.9929 1.6
    endloop
  endfacet
  facet normal 0 0 -1
    outer loop
      vertex 160.882 72.772 1.6
      vertex 161.002 74.298 1.6
      vertex 161.002 73.062 1.6
    endloop
  endfacet
  facet normal 0 0 -1
    outer loop
      vertex 160.882 72.772 1.6
      vertex 160.882 74.588 1.6
      vertex 161.002 74.298 1.6
    endloop
  endfacet
  facet normal 0 0 -1
    outer loop
      vertex 160.718 72.5044 1.6
      vertex 160.882 74.588 1.6
      vertex 160.882 72.772 1.6
    endloop
  endfacet
  facet normal 0 0 -1
    outer loop
      vertex 160.718 72.5044 1.6
      vertex 160.718 74.8556 1.6
      vertex 160.882 74.588 1.6
    endloop
  endfacet
  facet normal 0 0 -1
    outer loop
      vertex 160.514 72.2658 1.6
      vertex 160.718 74.8556 1.6
      vertex 160.718 72.5044 1.6
    endloop
  endfacet
  facet normal 0 0 -1
    outer loop
      vertex 160.514 72.2658 1.6
      vertex 160.514 75.0942 1.6
      vertex 160.718 74.8556 1.6
    endloop
  endfacet
  facet normal 0 0 -1
    outer loop
      vertex 160.276 72.062 1.6
      vertex 160.514 75.0942 1.6
      vertex 160.514 72.2658 1.6
    endloop
  endfacet
  facet normal 0 0 -1
    outer loop
      vertex 160.276 72.062 1.6
      vertex 160.276 75.298 1.6
      vertex 160.514 75.0942 1.6
    endloop
  endfacet
  facet normal 0 0 -1
    outer loop
      vertex 160.008 71.898 1.6
      vertex 160.276 75.298 1.6
      vertex 160.276 72.062 1.6
    endloop
  endfacet
  facet normal 0 0 -1
    outer loop
      vertex 160.008 71.898 1.6
      vertex 160.008 75.462 1.6
      vertex 160.276 75.298 1.6
    endloop
  endfacet
  facet normal 0 0 -1
    outer loop
      vertex 159.718 71.7779 1.6
      vertex 160.008 75.462 1.6
      vertex 160.008 71.898 1.6
    endloop
  endfacet
  facet normal 0 0 -1
    outer loop
      vertex 159.718 71.7779 1.6
      vertex 159.718 75.5821 1.6
      vertex 160.008 75.462 1.6
    endloop
  endfacet
  facet normal 0 0 -1
    outer loop
      vertex 159.413 71.7046 1.6
      vertex 159.718 75.5821 1.6
      vertex 159.718 71.7779 1.6
    endloop
  endfacet
  facet normal 0 0 -1
    outer loop
      vertex 159.413 71.7046 1.6
      vertex 159.413 75.6554 1.6
      vertex 159.718 75.5821 1.6
    endloop
  endfacet
  facet normal 0 0 -1
    outer loop
      vertex 159.1 71.68 1.6
      vertex 159.413 75.6554 1.6
      vertex 159.413 71.7046 1.6
    endloop
  endfacet
  facet normal 0 0 -1
    outer loop
      vertex 159.1 71.68 1.6
      vertex 159.1 75.68 1.6
      vertex 159.413 75.6554 1.6
    endloop
  endfacet
  facet normal 0 0 -1
    outer loop
      vertex 158.787 71.7046 1.6
      vertex 159.1 75.68 1.6
      vertex 159.1 71.68 1.6
    endloop
  endfacet
  facet normal 0 0 -1
    outer loop
      vertex 158.787 71.7046 1.6
      vertex 158.787 75.6554 1.6
      vertex 159.1 75.68 1.6
    endloop
  endfacet
  facet normal 0 0 -1
    outer loop
      vertex 158.482 71.7779 1.6
      vertex 158.787 75.6554 1.6
      vertex 158.787 71.7046 1.6
    endloop
  endfacet
  facet normal 0 0 -1
    outer loop
      vertex 158.482 71.7779 1.6
      vertex 158.482 75.5821 1.6
      vertex 158.787 75.6554 1.6
    endloop
  endfacet
  facet normal 0 0 -1
    outer loop
      vertex 158.192 71.898 1.6
      vertex 158.482 75.5821 1.6
      vertex 158.482 71.7779 1.6
    endloop
  endfacet
  facet normal 0 0 -1
    outer loop
      vertex 158.192 71.898 1.6
      vertex 158.192 75.462 1.6
      vertex 158.482 75.5821 1.6
    endloop
  endfacet
  facet normal 0 0 -1
    outer loop
      vertex 157.924 72.062 1.6
      vertex 158.192 75.462 1.6
      vertex 158.192 71.898 1.6
    endloop
  endfacet
  facet normal 0 0 -1
    outer loop
      vertex 157.924 72.062 1.6
      vertex 157.924 75.298 1.6
      vertex 158.192 75.462 1.6
    endloop
  endfacet
  facet normal 0 0 -1
    outer loop
      vertex 157.686 72.2658 1.6
      vertex 157.924 75.298 1.6
      vertex 157.924 72.062 1.6
    endloop
  endfacet
  facet normal 0 0 -1
    outer loop
      vertex 157.686 72.2658 1.6
      vertex 157.686 75.0942 1.6
      vertex 157.924 75.298 1.6
    endloop
  endfacet
  facet normal 0 0 -1
    outer loop
      vertex 157.482 72.5044 1.6
      vertex 157.686 75.0942 1.6
      vertex 157.686 72.2658 1.6
    endloop
  endfacet
  facet normal 0 0 -1
    outer loop
      vertex 157.482 72.5044 1.6
      vertex 157.482 74.8556 1.6
      vertex 157.686 75.0942 1.6
    endloop
  endfacet
  facet normal 0 0 -1
    outer loop
      vertex 157.318 72.772 1.6
      vertex 157.482 74.8556 1.6
      vertex 157.482 72.5044 1.6
    endloop
  endfacet
  facet normal 0 0 -1
    outer loop
      vertex 157.318 72.772 1.6
      vertex 157.318 74.588 1.6
      vertex 157.482 74.8556 1.6
    endloop
  endfacet
  facet normal 0 0 -1
    outer loop
      vertex 157.198 73.062 1.6
      vertex 157.318 74.588 1.6
      vertex 157.318 72.772 1.6
    endloop
  endfacet
  facet normal 0 0 -1
    outer loop
      vertex 157.198 73.062 1.6
      vertex 157.198 74.298 1.6
      vertex 157.318 74.588 1.6
    endloop
  endfacet
  facet normal 0 0 -1
    outer loop
      vertex 157.125 73.3671 1.6
      vertex 157.198 74.298 1.6
      vertex 157.198 73.062 1.6
    endloop
  endfacet
  facet normal 0 0 -1
    outer loop
      vertex 157.125 73.3671 1.6
      vertex 157.125 73.9929 1.6
      vertex 157.198 74.298 1.6
    endloop
  endfacet
  facet normal 0 -0 -1
    outer loop
      vertex 157.125 73.9929 1.6
      vertex 157.125 73.3671 1.6
      vertex 157.1 73.68 1.6
    endloop
  endfacet
  facet normal -1 0 0
    outer loop
      vertex 9.75 13.2 2.6
      vertex 9.75 160.8 15.9
      vertex 9.75 160.8 2.6
    endloop
  endfacet
  facet normal -1 -0 0
    outer loop
      vertex 9.75 160.8 15.9
      vertex 9.75 13.2 2.6
      vertex 9.75 13.2 15.9
    endloop
  endfacet
  facet normal 0 1 -0
    outer loop
      vertex 169.75 160.8 2.6
      vertex 9.75 160.8 15.9
      vertex 169.75 160.8 15.9
    endloop
  endfacet
  facet normal 0 1 0
    outer loop
      vertex 9.75 160.8 15.9
      vertex 169.75 160.8 2.6
      vertex 9.75 160.8 2.6
    endloop
  endfacet
  facet normal 0 -1 0
    outer loop
      vertex 9.75 13.2 2.6
      vertex 169.75 13.2 15.9
      vertex 9.75 13.2 15.9
    endloop
  endfacet
  facet normal 0 -1 -0
    outer loop
      vertex 169.75 13.2 15.9
      vertex 9.75 13.2 2.6
      vertex 169.75 13.2 2.6
    endloop
  endfacet
endsolid OpenSCAD_Model
