solid OpenSCAD_Model
  facet normal 1 -0 0
    outer loop
      vertex 86 8.76811 119.768
      vertex 86 12 118
      vertex 86 12 133.4
    endloop
  endfacet
  facet normal -1 0 0
    outer loop
      vertex 86 12 118
      vertex 86 8.76811 119.768
      vertex 86 8.76833 119.768
    endloop
  endfacet
  facet normal 1 0 0
    outer loop
      vertex 86 12 133.4
      vertex 86 7.86647 120.585
      vertex 86 8.76811 119.768
    endloop
  endfacet
  facet normal 1 0 0
    outer loop
      vertex 86 12 133.4
      vertex 86 6.88907 121.31
      vertex 86 7.86647 120.585
    endloop
  endfacet
  facet normal 1 0 0
    outer loop
      vertex 86 12 133.4
      vertex 86 5.84531 121.936
      vertex 86 6.88907 121.31
    endloop
  endfacet
  facet normal 1 0 0
    outer loop
      vertex 86 12 133.4
      vertex 86 4.74527 122.456
      vertex 86 5.84531 121.936
    endloop
  endfacet
  facet normal 1 0 0
    outer loop
      vertex 86 12 133.4
      vertex 86 3.59952 122.866
      vertex 86 4.74527 122.456
    endloop
  endfacet
  facet normal 1 0 0
    outer loop
      vertex 86 12 133.4
      vertex 86 2.41911 123.162
      vertex 86 3.59952 122.866
    endloop
  endfacet
  facet normal 1 0 0
    outer loop
      vertex 86 12 133.4
      vertex 86 1.21541 123.34
      vertex 86 2.41911 123.162
    endloop
  endfacet
  facet normal 1 0 0
    outer loop
      vertex 86 12 133.4
      vertex 86 0 123.4
      vertex 86 1.21541 123.34
    endloop
  endfacet
  facet normal 1 -0 0
    outer loop
      vertex 86 -12 133.4
      vertex 86 0 123.4
      vertex 86 12 133.4
    endloop
  endfacet
  facet normal 1 0 0
    outer loop
      vertex 86 0 123.4
      vertex 86 -12 133.4
      vertex 86 -1.21541 123.34
    endloop
  endfacet
  facet normal 1 0 0
    outer loop
      vertex 86 -1.21541 123.34
      vertex 86 -12 133.4
      vertex 86 -2.41911 123.162
    endloop
  endfacet
  facet normal 1 0 0
    outer loop
      vertex 86 -2.41911 123.162
      vertex 86 -12 133.4
      vertex 86 -3.59952 122.866
    endloop
  endfacet
  facet normal 1 0 0
    outer loop
      vertex 86 -3.59952 122.866
      vertex 86 -12 133.4
      vertex 86 -4.74527 122.456
    endloop
  endfacet
  facet normal 1 0 0
    outer loop
      vertex 86 -4.74527 122.456
      vertex 86 -12 133.4
      vertex 86 -5.84531 121.936
    endloop
  endfacet
  facet normal 1 0 0
    outer loop
      vertex 86 -5.84531 121.936
      vertex 86 -12 133.4
      vertex 86 -6.88907 121.31
    endloop
  endfacet
  facet normal 1 0 0
    outer loop
      vertex 86 -12 133.4
      vertex 86 -7.86647 120.585
      vertex 86 -6.88907 121.31
    endloop
  endfacet
  facet normal 1 0 0
    outer loop
      vertex 86 -12 133.4
      vertex 86 -8.76811 119.768
      vertex 86 -7.86647 120.585
    endloop
  endfacet
  facet normal 1 0 0
    outer loop
      vertex 86 -12 133.4
      vertex 86 -9.58533 118.866
      vertex 86 -8.76811 119.768
    endloop
  endfacet
  facet normal 1 0 0
    outer loop
      vertex 86 -12 133.4
      vertex 86 -10.3102 117.889
      vertex 86 -9.58533 118.866
    endloop
  endfacet
  facet normal 1 0 0
    outer loop
      vertex 86 -12 133.4
      vertex 86 -10.9358 116.845
      vertex 86 -10.3102 117.889
    endloop
  endfacet
  facet normal 1 0 0
    outer loop
      vertex 86 -12 133.4
      vertex 86 -11.4561 115.745
      vertex 86 -10.9358 116.845
    endloop
  endfacet
  facet normal 1 0 0
    outer loop
      vertex 86 -12 133.4
      vertex 86 -11.8661 114.6
      vertex 86 -11.4561 115.745
    endloop
  endfacet
  facet normal 1 0 0
    outer loop
      vertex 86 -11.8661 114.6
      vertex 86 -12 133.4
      vertex 86 -12 114.065
    endloop
  endfacet
  facet normal 1 -0 0
    outer loop
      vertex 86 13.8293 6
      vertex 86 29 0
      vertex 86 29 6
    endloop
  endfacet
  facet normal 1 0 0
    outer loop
      vertex 86 8.76811 3.23189
      vertex 86 13.8293 6
      vertex 86 8.76833 3.23212
    endloop
  endfacet
  facet normal 1 0 0
    outer loop
      vertex 86 13.8293 6
      vertex 86 8.76811 3.23189
      vertex 86 29 0
    endloop
  endfacet
  facet normal 1 -0 0
    outer loop
      vertex 86 7.86647 2.41467
      vertex 86 29 0
      vertex 86 8.76811 3.23189
    endloop
  endfacet
  facet normal 1 -0 0
    outer loop
      vertex 86 6.88907 1.68979
      vertex 86 29 0
      vertex 86 7.86647 2.41467
    endloop
  endfacet
  facet normal 1 -0 0
    outer loop
      vertex 86 5.84531 1.06418
      vertex 86 29 0
      vertex 86 6.88907 1.68979
    endloop
  endfacet
  facet normal 1 -0 0
    outer loop
      vertex 86 4.74527 0.5439
      vertex 86 29 0
      vertex 86 5.84531 1.06418
    endloop
  endfacet
  facet normal 1 -0 0
    outer loop
      vertex 86 3.59952 0.133942
      vertex 86 29 0
      vertex 86 4.74527 0.5439
    endloop
  endfacet
  facet normal 1 0 0
    outer loop
      vertex 86 29 0
      vertex 86 3.59952 0.133942
      vertex 86 3.06478 0
    endloop
  endfacet
  facet normal 1 0 0
    outer loop
      vertex 86 -12 6
      vertex 86 -11.8661 8.40048
      vertex 86 -12 8.93522
    endloop
  endfacet
  facet normal 1 0 0
    outer loop
      vertex 86 -12 6
      vertex 86 -11.4561 7.25473
      vertex 86 -11.8661 8.40048
    endloop
  endfacet
  facet normal 1 0 0
    outer loop
      vertex 86 -12 6
      vertex 86 -10.9358 6.15469
      vertex 86 -11.4561 7.25473
    endloop
  endfacet
  facet normal 1 -0 0
    outer loop
      vertex 86 -12 6
      vertex 86 -10.3102 5.11093
      vertex 86 -10.9358 6.15469
    endloop
  endfacet
  facet normal 1 0 0
    outer loop
      vertex 86 -12 6
      vertex 86 -9.58533 4.13353
      vertex 86 -10.3102 5.11093
    endloop
  endfacet
  facet normal 1 0 0
    outer loop
      vertex 86 -12 6
      vertex 86 -8.76811 3.23189
      vertex 86 -9.58533 4.13353
    endloop
  endfacet
  facet normal 1 0 0
    outer loop
      vertex 86 -29 0
      vertex 86 -8.76811 3.23189
      vertex 86 -12 6
    endloop
  endfacet
  facet normal 1 0 0
    outer loop
      vertex 86 -29 0
      vertex 86 -12 6
      vertex 86 -29 6
    endloop
  endfacet
  facet normal 1 0 0
    outer loop
      vertex 86 -8.76811 3.23189
      vertex 86 -29 0
      vertex 86 -7.86647 2.41467
    endloop
  endfacet
  facet normal 1 0 0
    outer loop
      vertex 86 -7.86647 2.41467
      vertex 86 -29 0
      vertex 86 -6.88907 1.68979
    endloop
  endfacet
  facet normal 1 0 0
    outer loop
      vertex 86 -6.88907 1.68979
      vertex 86 -29 0
      vertex 86 -5.84531 1.06418
    endloop
  endfacet
  facet normal 1 0 0
    outer loop
      vertex 86 -5.84531 1.06418
      vertex 86 -29 0
      vertex 86 -4.74527 0.5439
    endloop
  endfacet
  facet normal 1 0 0
    outer loop
      vertex 86 -4.74527 0.5439
      vertex 86 -29 0
      vertex 86 -3.59952 0.133942
    endloop
  endfacet
  facet normal 1 0 0
    outer loop
      vertex 86 -3.59952 0.133942
      vertex 86 -29 0
      vertex 86 -3.06478 0
    endloop
  endfacet
  facet normal 1 0 0
    outer loop
      vertex 86 8.76811 36.2319
      vertex 86 12 37.9996
      vertex 86 8.76833 36.2321
    endloop
  endfacet
  facet normal 1 0 0
    outer loop
      vertex 86 12 37.9996
      vertex 86 8.76811 36.2319
      vertex 86 12 19.0004
    endloop
  endfacet
  facet normal 1 -0 0
    outer loop
      vertex 86 8.76811 20.7681
      vertex 86 12 19.0004
      vertex 86 8.76811 36.2319
    endloop
  endfacet
  facet normal 1 0 0
    outer loop
      vertex 86 12 19.0004
      vertex 86 8.76811 20.7681
      vertex 86 8.76833 20.7679
    endloop
  endfacet
  facet normal 1 -0 0
    outer loop
      vertex 86 7.86647 35.4147
      vertex 86 8.76811 20.7681
      vertex 86 8.76811 36.2319
    endloop
  endfacet
  facet normal 1 0 0
    outer loop
      vertex 86 7.86647 35.4147
      vertex 86 7.86647 21.5853
      vertex 86 8.76811 20.7681
    endloop
  endfacet
  facet normal 1 -0 0
    outer loop
      vertex 86 6.88907 34.6898
      vertex 86 7.86647 21.5853
      vertex 86 7.86647 35.4147
    endloop
  endfacet
  facet normal 1 0 0
    outer loop
      vertex 86 6.88907 34.6898
      vertex 86 6.88907 22.3102
      vertex 86 7.86647 21.5853
    endloop
  endfacet
  facet normal 1 -0 0
    outer loop
      vertex 86 5.84531 34.0642
      vertex 86 6.88907 22.3102
      vertex 86 6.88907 34.6898
    endloop
  endfacet
  facet normal 1 0 0
    outer loop
      vertex 86 5.84531 34.0642
      vertex 86 5.84531 22.9358
      vertex 86 6.88907 22.3102
    endloop
  endfacet
  facet normal 1 -0 0
    outer loop
      vertex 86 4.74527 33.5439
      vertex 86 5.84531 22.9358
      vertex 86 5.84531 34.0642
    endloop
  endfacet
  facet normal 1 0 0
    outer loop
      vertex 86 4.74527 33.5439
      vertex 86 4.74527 23.4561
      vertex 86 5.84531 22.9358
    endloop
  endfacet
  facet normal 1 -0 0
    outer loop
      vertex 86 3.59952 33.1339
      vertex 86 4.74527 23.4561
      vertex 86 4.74527 33.5439
    endloop
  endfacet
  facet normal 1 0 0
    outer loop
      vertex 86 3.59952 33.1339
      vertex 86 3.59952 23.8661
      vertex 86 4.74527 23.4561
    endloop
  endfacet
  facet normal 1 -0 0
    outer loop
      vertex 86 2.41911 32.8383
      vertex 86 3.59952 23.8661
      vertex 86 3.59952 33.1339
    endloop
  endfacet
  facet normal 1 0 0
    outer loop
      vertex 86 2.41911 32.8383
      vertex 86 2.41911 24.1617
      vertex 86 3.59952 23.8661
    endloop
  endfacet
  facet normal 1 -0 0
    outer loop
      vertex 86 1.21541 32.6597
      vertex 86 2.41911 24.1617
      vertex 86 2.41911 32.8383
    endloop
  endfacet
  facet normal 1 0 0
    outer loop
      vertex 86 1.21541 32.6597
      vertex 86 1.21541 24.3403
      vertex 86 2.41911 24.1617
    endloop
  endfacet
  facet normal 1 -0 0
    outer loop
      vertex 86 0 32.6
      vertex 86 1.21541 24.3403
      vertex 86 1.21541 32.6597
    endloop
  endfacet
  facet normal 1 0 0
    outer loop
      vertex 86 0 32.6
      vertex 86 0 24.4
      vertex 86 1.21541 24.3403
    endloop
  endfacet
  facet normal 1 0 0
    outer loop
      vertex 86 -1.21541 32.6597
      vertex 86 0 24.4
      vertex 86 0 32.6
    endloop
  endfacet
  facet normal 1 0 0
    outer loop
      vertex 86 -1.21541 32.6597
      vertex 86 -1.21541 24.3403
      vertex 86 0 24.4
    endloop
  endfacet
  facet normal 1 0 0
    outer loop
      vertex 86 -2.41911 32.8383
      vertex 86 -1.21541 24.3403
      vertex 86 -1.21541 32.6597
    endloop
  endfacet
  facet normal 1 0 0
    outer loop
      vertex 86 -2.41911 32.8383
      vertex 86 -2.41911 24.1617
      vertex 86 -1.21541 24.3403
    endloop
  endfacet
  facet normal 1 0 0
    outer loop
      vertex 86 -3.59952 33.1339
      vertex 86 -2.41911 24.1617
      vertex 86 -2.41911 32.8383
    endloop
  endfacet
  facet normal 1 0 0
    outer loop
      vertex 86 -3.59952 33.1339
      vertex 86 -3.59952 23.8661
      vertex 86 -2.41911 24.1617
    endloop
  endfacet
  facet normal 1 0 0
    outer loop
      vertex 86 -4.74527 33.5439
      vertex 86 -3.59952 23.8661
      vertex 86 -3.59952 33.1339
    endloop
  endfacet
  facet normal 1 0 0
    outer loop
      vertex 86 -4.74527 33.5439
      vertex 86 -4.74527 23.4561
      vertex 86 -3.59952 23.8661
    endloop
  endfacet
  facet normal 1 0 0
    outer loop
      vertex 86 -5.84531 34.0642
      vertex 86 -4.74527 23.4561
      vertex 86 -4.74527 33.5439
    endloop
  endfacet
  facet normal 1 0 0
    outer loop
      vertex 86 -5.84531 34.0642
      vertex 86 -5.84531 22.9358
      vertex 86 -4.74527 23.4561
    endloop
  endfacet
  facet normal 1 0 0
    outer loop
      vertex 86 -6.88907 34.6898
      vertex 86 -5.84531 22.9358
      vertex 86 -5.84531 34.0642
    endloop
  endfacet
  facet normal 1 0 0
    outer loop
      vertex 86 -6.88907 34.6898
      vertex 86 -6.88907 22.3102
      vertex 86 -5.84531 22.9358
    endloop
  endfacet
  facet normal 1 0 0
    outer loop
      vertex 86 -7.86647 35.4147
      vertex 86 -6.88907 22.3102
      vertex 86 -6.88907 34.6898
    endloop
  endfacet
  facet normal 1 0 0
    outer loop
      vertex 86 -7.86647 35.4147
      vertex 86 -7.86647 21.5853
      vertex 86 -6.88907 22.3102
    endloop
  endfacet
  facet normal 1 0 0
    outer loop
      vertex 86 -8.76811 36.2319
      vertex 86 -7.86647 21.5853
      vertex 86 -7.86647 35.4147
    endloop
  endfacet
  facet normal 1 0 0
    outer loop
      vertex 86 -8.76811 36.2319
      vertex 86 -8.76811 20.7681
      vertex 86 -7.86647 21.5853
    endloop
  endfacet
  facet normal 1 0 0
    outer loop
      vertex 86 -9.58533 37.1335
      vertex 86 -8.76811 20.7681
      vertex 86 -8.76811 36.2319
    endloop
  endfacet
  facet normal 1 0 0
    outer loop
      vertex 86 -9.58533 37.1335
      vertex 86 -9.58533 19.8665
      vertex 86 -8.76811 20.7681
    endloop
  endfacet
  facet normal 1 0 0
    outer loop
      vertex 86 -10.3102 38.1109
      vertex 86 -9.58533 19.8665
      vertex 86 -9.58533 37.1335
    endloop
  endfacet
  facet normal 1 0 0
    outer loop
      vertex 86 -10.3102 38.1109
      vertex 86 -10.3102 18.8891
      vertex 86 -9.58533 19.8665
    endloop
  endfacet
  facet normal 1 0 0
    outer loop
      vertex 86 -10.9358 39.1547
      vertex 86 -10.3102 18.8891
      vertex 86 -10.3102 38.1109
    endloop
  endfacet
  facet normal 1 0 0
    outer loop
      vertex 86 -10.9358 39.1547
      vertex 86 -10.9358 17.8453
      vertex 86 -10.3102 18.8891
    endloop
  endfacet
  facet normal 1 0 0
    outer loop
      vertex 86 -11.4561 40.2547
      vertex 86 -10.9358 17.8453
      vertex 86 -10.9358 39.1547
    endloop
  endfacet
  facet normal 1 0 0
    outer loop
      vertex 86 -11.4561 40.2547
      vertex 86 -11.4561 16.7453
      vertex 86 -10.9358 17.8453
    endloop
  endfacet
  facet normal 1 0 0
    outer loop
      vertex 86 -11.8661 41.4005
      vertex 86 -11.4561 16.7453
      vertex 86 -11.4561 40.2547
    endloop
  endfacet
  facet normal 1 0 0
    outer loop
      vertex 86 -11.8661 41.4005
      vertex 86 -11.8661 15.5995
      vertex 86 -11.4561 16.7453
    endloop
  endfacet
  facet normal 1 0 0
    outer loop
      vertex 86 -12 41.9352
      vertex 86 -11.8661 15.5995
      vertex 86 -11.8661 41.4005
    endloop
  endfacet
  facet normal 1 0 0
    outer loop
      vertex 86 -11.8661 15.5995
      vertex 86 -12 41.9352
      vertex 86 -12 15.0648
    endloop
  endfacet
  facet normal 1 0 0
    outer loop
      vertex 86 8.76811 69.2319
      vertex 86 12 70.9995
      vertex 86 8.76833 69.2321
    endloop
  endfacet
  facet normal 1 0 0
    outer loop
      vertex 86 12 70.9995
      vertex 86 8.76811 69.2319
      vertex 86 12 52.0004
    endloop
  endfacet
  facet normal 1 -0 0
    outer loop
      vertex 86 8.76811 53.7681
      vertex 86 12 52.0004
      vertex 86 8.76811 69.2319
    endloop
  endfacet
  facet normal 1 0 0
    outer loop
      vertex 86 12 52.0004
      vertex 86 8.76811 53.7681
      vertex 86 8.76833 53.7679
    endloop
  endfacet
  facet normal 1 -0 0
    outer loop
      vertex 86 7.86647 68.4147
      vertex 86 8.76811 53.7681
      vertex 86 8.76811 69.2319
    endloop
  endfacet
  facet normal 1 0 0
    outer loop
      vertex 86 7.86647 68.4147
      vertex 86 7.86647 54.5853
      vertex 86 8.76811 53.7681
    endloop
  endfacet
  facet normal 1 -0 0
    outer loop
      vertex 86 6.88907 67.6898
      vertex 86 7.86647 54.5853
      vertex 86 7.86647 68.4147
    endloop
  endfacet
  facet normal 1 0 0
    outer loop
      vertex 86 6.88907 67.6898
      vertex 86 6.88907 55.3102
      vertex 86 7.86647 54.5853
    endloop
  endfacet
  facet normal 1 -0 0
    outer loop
      vertex 86 5.84531 67.0642
      vertex 86 6.88907 55.3102
      vertex 86 6.88907 67.6898
    endloop
  endfacet
  facet normal 1 0 0
    outer loop
      vertex 86 5.84531 67.0642
      vertex 86 5.84531 55.9358
      vertex 86 6.88907 55.3102
    endloop
  endfacet
  facet normal 1 -0 0
    outer loop
      vertex 86 4.74527 66.5439
      vertex 86 5.84531 55.9358
      vertex 86 5.84531 67.0642
    endloop
  endfacet
  facet normal 1 0 0
    outer loop
      vertex 86 4.74527 66.5439
      vertex 86 4.74527 56.4561
      vertex 86 5.84531 55.9358
    endloop
  endfacet
  facet normal 1 -0 0
    outer loop
      vertex 86 3.59952 66.1339
      vertex 86 4.74527 56.4561
      vertex 86 4.74527 66.5439
    endloop
  endfacet
  facet normal 1 0 0
    outer loop
      vertex 86 3.59952 66.1339
      vertex 86 3.59952 56.8661
      vertex 86 4.74527 56.4561
    endloop
  endfacet
  facet normal 1 -0 0
    outer loop
      vertex 86 2.41911 65.8383
      vertex 86 3.59952 56.8661
      vertex 86 3.59952 66.1339
    endloop
  endfacet
  facet normal 1 0 0
    outer loop
      vertex 86 2.41911 65.8383
      vertex 86 2.41911 57.1617
      vertex 86 3.59952 56.8661
    endloop
  endfacet
  facet normal 1 -0 0
    outer loop
      vertex 86 1.21541 65.6597
      vertex 86 2.41911 57.1617
      vertex 86 2.41911 65.8383
    endloop
  endfacet
  facet normal 1 0 0
    outer loop
      vertex 86 1.21541 65.6597
      vertex 86 1.21541 57.3403
      vertex 86 2.41911 57.1617
    endloop
  endfacet
  facet normal 1 -0 0
    outer loop
      vertex 86 0 65.6
      vertex 86 1.21541 57.3403
      vertex 86 1.21541 65.6597
    endloop
  endfacet
  facet normal 1 0 0
    outer loop
      vertex 86 0 65.6
      vertex 86 0 57.4
      vertex 86 1.21541 57.3403
    endloop
  endfacet
  facet normal 1 0 0
    outer loop
      vertex 86 -1.21541 65.6597
      vertex 86 0 57.4
      vertex 86 0 65.6
    endloop
  endfacet
  facet normal 1 0 0
    outer loop
      vertex 86 -1.21541 65.6597
      vertex 86 -1.21541 57.3403
      vertex 86 0 57.4
    endloop
  endfacet
  facet normal 1 0 0
    outer loop
      vertex 86 -2.41911 65.8383
      vertex 86 -1.21541 57.3403
      vertex 86 -1.21541 65.6597
    endloop
  endfacet
  facet normal 1 0 0
    outer loop
      vertex 86 -2.41911 65.8383
      vertex 86 -2.41911 57.1617
      vertex 86 -1.21541 57.3403
    endloop
  endfacet
  facet normal 1 0 0
    outer loop
      vertex 86 -3.59952 66.1339
      vertex 86 -2.41911 57.1617
      vertex 86 -2.41911 65.8383
    endloop
  endfacet
  facet normal 1 0 0
    outer loop
      vertex 86 -3.59952 66.1339
      vertex 86 -3.59952 56.8661
      vertex 86 -2.41911 57.1617
    endloop
  endfacet
  facet normal 1 0 0
    outer loop
      vertex 86 -4.74527 66.5439
      vertex 86 -3.59952 56.8661
      vertex 86 -3.59952 66.1339
    endloop
  endfacet
  facet normal 1 0 0
    outer loop
      vertex 86 -4.74527 66.5439
      vertex 86 -4.74527 56.4561
      vertex 86 -3.59952 56.8661
    endloop
  endfacet
  facet normal 1 0 0
    outer loop
      vertex 86 -5.84531 67.0642
      vertex 86 -4.74527 56.4561
      vertex 86 -4.74527 66.5439
    endloop
  endfacet
  facet normal 1 0 0
    outer loop
      vertex 86 -5.84531 67.0642
      vertex 86 -5.84531 55.9358
      vertex 86 -4.74527 56.4561
    endloop
  endfacet
  facet normal 1 0 0
    outer loop
      vertex 86 -6.88907 67.6898
      vertex 86 -5.84531 55.9358
      vertex 86 -5.84531 67.0642
    endloop
  endfacet
  facet normal 1 0 0
    outer loop
      vertex 86 -6.88907 67.6898
      vertex 86 -6.88907 55.3102
      vertex 86 -5.84531 55.9358
    endloop
  endfacet
  facet normal 1 0 0
    outer loop
      vertex 86 -7.86647 68.4147
      vertex 86 -6.88907 55.3102
      vertex 86 -6.88907 67.6898
    endloop
  endfacet
  facet normal 1 0 0
    outer loop
      vertex 86 -7.86647 68.4147
      vertex 86 -7.86647 54.5853
      vertex 86 -6.88907 55.3102
    endloop
  endfacet
  facet normal 1 0 0
    outer loop
      vertex 86 -8.76811 69.2319
      vertex 86 -7.86647 54.5853
      vertex 86 -7.86647 68.4147
    endloop
  endfacet
  facet normal 1 0 0
    outer loop
      vertex 86 -8.76811 69.2319
      vertex 86 -8.76811 53.7681
      vertex 86 -7.86647 54.5853
    endloop
  endfacet
  facet normal 1 0 0
    outer loop
      vertex 86 -9.58533 70.1335
      vertex 86 -8.76811 53.7681
      vertex 86 -8.76811 69.2319
    endloop
  endfacet
  facet normal 1 0 0
    outer loop
      vertex 86 -9.58533 70.1335
      vertex 86 -9.58533 52.8665
      vertex 86 -8.76811 53.7681
    endloop
  endfacet
  facet normal 1 0 0
    outer loop
      vertex 86 -10.3102 71.1109
      vertex 86 -9.58533 52.8665
      vertex 86 -9.58533 70.1335
    endloop
  endfacet
  facet normal 1 0 0
    outer loop
      vertex 86 -10.3102 71.1109
      vertex 86 -10.3102 51.8891
      vertex 86 -9.58533 52.8665
    endloop
  endfacet
  facet normal 1 0 0
    outer loop
      vertex 86 -10.9358 72.1547
      vertex 86 -10.3102 51.8891
      vertex 86 -10.3102 71.1109
    endloop
  endfacet
  facet normal 1 0 0
    outer loop
      vertex 86 -10.9358 72.1547
      vertex 86 -10.9358 50.8453
      vertex 86 -10.3102 51.8891
    endloop
  endfacet
  facet normal 1 0 0
    outer loop
      vertex 86 -11.4561 73.2547
      vertex 86 -10.9358 50.8453
      vertex 86 -10.9358 72.1547
    endloop
  endfacet
  facet normal 1 0 0
    outer loop
      vertex 86 -11.4561 73.2547
      vertex 86 -11.4561 49.7453
      vertex 86 -10.9358 50.8453
    endloop
  endfacet
  facet normal 1 0 0
    outer loop
      vertex 86 -11.8661 74.4005
      vertex 86 -11.4561 49.7453
      vertex 86 -11.4561 73.2547
    endloop
  endfacet
  facet normal 1 0 0
    outer loop
      vertex 86 -11.8661 74.4005
      vertex 86 -11.8661 48.5995
      vertex 86 -11.4561 49.7453
    endloop
  endfacet
  facet normal 1 0 0
    outer loop
      vertex 86 -12 74.9352
      vertex 86 -11.8661 48.5995
      vertex 86 -11.8661 74.4005
    endloop
  endfacet
  facet normal 1 0 0
    outer loop
      vertex 86 -11.8661 48.5995
      vertex 86 -12 74.9352
      vertex 86 -12 48.0648
    endloop
  endfacet
  facet normal -1 0 0
    outer loop
      vertex 86 8.76811 102.232
      vertex 86 12 104
      vertex 86 8.76833 102.232
    endloop
  endfacet
  facet normal 1 0 0
    outer loop
      vertex 86 12 104
      vertex 86 8.76811 102.232
      vertex 86 12 85.0005
    endloop
  endfacet
  facet normal 1 -0 0
    outer loop
      vertex 86 8.76811 86.7681
      vertex 86 12 85.0005
      vertex 86 8.76811 102.232
    endloop
  endfacet
  facet normal 1 0 0
    outer loop
      vertex 86 12 85.0005
      vertex 86 8.76811 86.7681
      vertex 86 8.76833 86.7679
    endloop
  endfacet
  facet normal 1 -0 0
    outer loop
      vertex 86 7.86647 101.415
      vertex 86 8.76811 86.7681
      vertex 86 8.76811 102.232
    endloop
  endfacet
  facet normal 1 0 0
    outer loop
      vertex 86 7.86647 101.415
      vertex 86 7.86647 87.5853
      vertex 86 8.76811 86.7681
    endloop
  endfacet
  facet normal 1 -0 0
    outer loop
      vertex 86 6.88907 100.69
      vertex 86 7.86647 87.5853
      vertex 86 7.86647 101.415
    endloop
  endfacet
  facet normal 1 0 0
    outer loop
      vertex 86 6.88907 100.69
      vertex 86 6.88907 88.3102
      vertex 86 7.86647 87.5853
    endloop
  endfacet
  facet normal 1 -0 0
    outer loop
      vertex 86 5.84531 100.064
      vertex 86 6.88907 88.3102
      vertex 86 6.88907 100.69
    endloop
  endfacet
  facet normal 1 0 0
    outer loop
      vertex 86 5.84531 100.064
      vertex 86 5.84531 88.9358
      vertex 86 6.88907 88.3102
    endloop
  endfacet
  facet normal 1 -0 0
    outer loop
      vertex 86 4.74527 99.5439
      vertex 86 5.84531 88.9358
      vertex 86 5.84531 100.064
    endloop
  endfacet
  facet normal 1 0 0
    outer loop
      vertex 86 4.74527 99.5439
      vertex 86 4.74527 89.4561
      vertex 86 5.84531 88.9358
    endloop
  endfacet
  facet normal 1 -0 0
    outer loop
      vertex 86 3.59952 99.1339
      vertex 86 4.74527 89.4561
      vertex 86 4.74527 99.5439
    endloop
  endfacet
  facet normal 1 0 0
    outer loop
      vertex 86 3.59952 99.1339
      vertex 86 3.59952 89.8661
      vertex 86 4.74527 89.4561
    endloop
  endfacet
  facet normal 1 -0 0
    outer loop
      vertex 86 2.41911 98.8383
      vertex 86 3.59952 89.8661
      vertex 86 3.59952 99.1339
    endloop
  endfacet
  facet normal 1 0 0
    outer loop
      vertex 86 2.41911 98.8383
      vertex 86 2.41911 90.1617
      vertex 86 3.59952 89.8661
    endloop
  endfacet
  facet normal 1 -0 0
    outer loop
      vertex 86 1.21541 98.6597
      vertex 86 2.41911 90.1617
      vertex 86 2.41911 98.8383
    endloop
  endfacet
  facet normal 1 0 0
    outer loop
      vertex 86 1.21541 98.6597
      vertex 86 1.21541 90.3403
      vertex 86 2.41911 90.1617
    endloop
  endfacet
  facet normal 1 -0 0
    outer loop
      vertex 86 0 98.6
      vertex 86 1.21541 90.3403
      vertex 86 1.21541 98.6597
    endloop
  endfacet
  facet normal 1 0 0
    outer loop
      vertex 86 0 98.6
      vertex 86 0 90.4
      vertex 86 1.21541 90.3403
    endloop
  endfacet
  facet normal 1 0 0
    outer loop
      vertex 86 -1.21541 98.6597
      vertex 86 0 90.4
      vertex 86 0 98.6
    endloop
  endfacet
  facet normal 1 0 0
    outer loop
      vertex 86 -1.21541 98.6597
      vertex 86 -1.21541 90.3403
      vertex 86 0 90.4
    endloop
  endfacet
  facet normal 1 0 0
    outer loop
      vertex 86 -2.41911 98.8383
      vertex 86 -1.21541 90.3403
      vertex 86 -1.21541 98.6597
    endloop
  endfacet
  facet normal 1 0 0
    outer loop
      vertex 86 -2.41911 98.8383
      vertex 86 -2.41911 90.1617
      vertex 86 -1.21541 90.3403
    endloop
  endfacet
  facet normal 1 0 0
    outer loop
      vertex 86 -3.59952 99.1339
      vertex 86 -2.41911 90.1617
      vertex 86 -2.41911 98.8383
    endloop
  endfacet
  facet normal 1 0 0
    outer loop
      vertex 86 -3.59952 99.1339
      vertex 86 -3.59952 89.8661
      vertex 86 -2.41911 90.1617
    endloop
  endfacet
  facet normal 1 0 0
    outer loop
      vertex 86 -4.74527 99.5439
      vertex 86 -3.59952 89.8661
      vertex 86 -3.59952 99.1339
    endloop
  endfacet
  facet normal 1 0 0
    outer loop
      vertex 86 -4.74527 99.5439
      vertex 86 -4.74527 89.4561
      vertex 86 -3.59952 89.8661
    endloop
  endfacet
  facet normal 1 0 0
    outer loop
      vertex 86 -5.84531 100.064
      vertex 86 -4.74527 89.4561
      vertex 86 -4.74527 99.5439
    endloop
  endfacet
  facet normal 1 0 0
    outer loop
      vertex 86 -5.84531 100.064
      vertex 86 -5.84531 88.9358
      vertex 86 -4.74527 89.4561
    endloop
  endfacet
  facet normal 1 0 0
    outer loop
      vertex 86 -6.88907 100.69
      vertex 86 -5.84531 88.9358
      vertex 86 -5.84531 100.064
    endloop
  endfacet
  facet normal 1 0 0
    outer loop
      vertex 86 -6.88907 100.69
      vertex 86 -6.88907 88.3102
      vertex 86 -5.84531 88.9358
    endloop
  endfacet
  facet normal 1 0 0
    outer loop
      vertex 86 -7.86647 101.415
      vertex 86 -6.88907 88.3102
      vertex 86 -6.88907 100.69
    endloop
  endfacet
  facet normal 1 0 0
    outer loop
      vertex 86 -7.86647 101.415
      vertex 86 -7.86647 87.5853
      vertex 86 -6.88907 88.3102
    endloop
  endfacet
  facet normal 1 0 0
    outer loop
      vertex 86 -8.76811 102.232
      vertex 86 -7.86647 87.5853
      vertex 86 -7.86647 101.415
    endloop
  endfacet
  facet normal 1 0 0
    outer loop
      vertex 86 -8.76811 102.232
      vertex 86 -8.76811 86.7681
      vertex 86 -7.86647 87.5853
    endloop
  endfacet
  facet normal 1 0 0
    outer loop
      vertex 86 -9.58533 103.134
      vertex 86 -8.76811 86.7681
      vertex 86 -8.76811 102.232
    endloop
  endfacet
  facet normal 1 0 0
    outer loop
      vertex 86 -9.58533 103.134
      vertex 86 -9.58533 85.8665
      vertex 86 -8.76811 86.7681
    endloop
  endfacet
  facet normal 1 0 0
    outer loop
      vertex 86 -10.3102 104.111
      vertex 86 -9.58533 85.8665
      vertex 86 -9.58533 103.134
    endloop
  endfacet
  facet normal 1 0 0
    outer loop
      vertex 86 -10.3102 104.111
      vertex 86 -10.3102 84.8891
      vertex 86 -9.58533 85.8665
    endloop
  endfacet
  facet normal 1 0 0
    outer loop
      vertex 86 -10.9358 105.155
      vertex 86 -10.3102 84.8891
      vertex 86 -10.3102 104.111
    endloop
  endfacet
  facet normal 1 0 0
    outer loop
      vertex 86 -10.9358 105.155
      vertex 86 -10.9358 83.8453
      vertex 86 -10.3102 84.8891
    endloop
  endfacet
  facet normal 1 0 0
    outer loop
      vertex 86 -11.4561 106.255
      vertex 86 -10.9358 83.8453
      vertex 86 -10.9358 105.155
    endloop
  endfacet
  facet normal 1 0 0
    outer loop
      vertex 86 -11.4561 106.255
      vertex 86 -11.4561 82.7453
      vertex 86 -10.9358 83.8453
    endloop
  endfacet
  facet normal 1 0 0
    outer loop
      vertex 86 -11.8661 107.4
      vertex 86 -11.4561 82.7453
      vertex 86 -11.4561 106.255
    endloop
  endfacet
  facet normal 1 0 0
    outer loop
      vertex 86 -11.8661 107.4
      vertex 86 -11.8661 81.5995
      vertex 86 -11.4561 82.7453
    endloop
  endfacet
  facet normal 1 0 0
    outer loop
      vertex 86 -12 107.935
      vertex 86 -11.8661 81.5995
      vertex 86 -11.8661 107.4
    endloop
  endfacet
  facet normal 1 0 0
    outer loop
      vertex 86 -11.8661 81.5995
      vertex 86 -12 107.935
      vertex 86 -12 81.0648
    endloop
  endfacet
  facet normal -0 0 1
    outer loop
      vertex -86 12 133.4
      vertex 86 -12 133.4
      vertex 86 12 133.4
    endloop
  endfacet
  facet normal 0 0 1
    outer loop
      vertex 86 -12 133.4
      vertex -86 12 133.4
      vertex -86 -12 133.4
    endloop
  endfacet
  facet normal 0 0 -1
    outer loop
      vertex 86 -29 0
      vertex 57 -3.06478 0
      vertex 86 -3.06478 0
    endloop
  endfacet
  facet normal -0 0 -1
    outer loop
      vertex 57 -3.06478 0
      vertex -86 -29 0
      vertex 57 3.06478 0
    endloop
  endfacet
  facet normal 0 0 -1
    outer loop
      vertex -86 -29 0
      vertex 57 -3.06478 0
      vertex 86 -29 0
    endloop
  endfacet
  facet normal 0 0 -1
    outer loop
      vertex 57 3.06478 0
      vertex 86 29 0
      vertex 86 3.06478 0
    endloop
  endfacet
  facet normal 0 0 -1
    outer loop
      vertex -86 29 0
      vertex 57 3.06478 0
      vertex -86 -29 0
    endloop
  endfacet
  facet normal 0 0 -1
    outer loop
      vertex 57 3.06478 0
      vertex -86 29 0
      vertex 86 29 0
    endloop
  endfacet
  facet normal -1 0 0
    outer loop
      vertex -86 29 0
      vertex -86 12 6
      vertex -86 29 6
    endloop
  endfacet
  facet normal -1 0 0
    outer loop
      vertex -86 12 6
      vertex -86 -12 6
      vertex -86 12 133.4
    endloop
  endfacet
  facet normal -1 0 0
    outer loop
      vertex -86 29 0
      vertex -86 -12 6
      vertex -86 12 6
    endloop
  endfacet
  facet normal -1 0 0
    outer loop
      vertex -86 -29 0
      vertex -86 -12 6
      vertex -86 29 0
    endloop
  endfacet
  facet normal -1 -0 0
    outer loop
      vertex -86 -12 6
      vertex -86 -29 0
      vertex -86 -29 6
    endloop
  endfacet
  facet normal -1 -0 0
    outer loop
      vertex -86 12 133.4
      vertex -86 -12 6
      vertex -86 -12 133.4
    endloop
  endfacet
  facet normal 0 1 0
    outer loop
      vertex 57 12 7.1872
      vertex 57 12 6
      vertex -82.5 12 7.1872
    endloop
  endfacet
  facet normal 0 1 0
    outer loop
      vertex 86 12 37.9996
      vertex 86 12 19.0004
      vertex 57 12 37.9996
    endloop
  endfacet
  facet normal 0 1 0
    outer loop
      vertex 57 12 40.1872
      vertex 57 12 37.9996
      vertex -82.5 12 40.1872
    endloop
  endfacet
  facet normal 0 1 0
    outer loop
      vertex 86 12 70.9995
      vertex 86 12 52.0004
      vertex 57 12 70.9995
    endloop
  endfacet
  facet normal 0 1 0
    outer loop
      vertex 57 12 73.1872
      vertex 57 12 70.9995
      vertex -82.5 12 73.1872
    endloop
  endfacet
  facet normal 0 1 0
    outer loop
      vertex 86 12 104
      vertex 86 12 85.0005
      vertex 57 12 104
    endloop
  endfacet
  facet normal 0 1 0
    outer loop
      vertex 57 12 106.187
      vertex 57 12 104
      vertex -82.5 12 106.187
    endloop
  endfacet
  facet normal 0 1 0
    outer loop
      vertex 57 12 118
      vertex 86 12 133.4
      vertex 86 12 118
    endloop
  endfacet
  facet normal 0 1 0
    outer loop
      vertex 86 12 133.4
      vertex 57 12 118
      vertex -86 12 133.4
    endloop
  endfacet
  facet normal 0 1 0
    outer loop
      vertex -82.5 12 115.813
      vertex 57 12 118
      vertex 57 12 115.813
    endloop
  endfacet
  facet normal 0 1 0
    outer loop
      vertex 57 12 118
      vertex -82.5 12 115.813
      vertex -86 12 133.4
    endloop
  endfacet
  facet normal 0 1 -0
    outer loop
      vertex -82.5 12 106.187
      vertex -86 12 133.4
      vertex -82.5 12 115.813
    endloop
  endfacet
  facet normal 0 1 0
    outer loop
      vertex 57 12 85.0005
      vertex 57 12 104
      vertex 86 12 85.0005
    endloop
  endfacet
  facet normal 0 1 0
    outer loop
      vertex 57 12 104
      vertex 57 12 85.0005
      vertex -82.5 12 106.187
    endloop
  endfacet
  facet normal 0 1 0
    outer loop
      vertex -82.5 12 82.8128
      vertex 57 12 85.0005
      vertex 57 12 82.8128
    endloop
  endfacet
  facet normal 0 1 0
    outer loop
      vertex 57 12 85.0005
      vertex -82.5 12 82.8128
      vertex -82.5 12 106.187
    endloop
  endfacet
  facet normal 0 1 -0
    outer loop
      vertex -82.5 12 82.8128
      vertex -86 12 133.4
      vertex -82.5 12 106.187
    endloop
  endfacet
  facet normal 0 1 -0
    outer loop
      vertex -82.5 12 73.1872
      vertex -86 12 133.4
      vertex -82.5 12 82.8128
    endloop
  endfacet
  facet normal 0 1 0
    outer loop
      vertex 57 12 52.0004
      vertex 57 12 70.9995
      vertex 86 12 52.0004
    endloop
  endfacet
  facet normal 0 1 0
    outer loop
      vertex 57 12 70.9995
      vertex 57 12 52.0004
      vertex -82.5 12 73.1872
    endloop
  endfacet
  facet normal 0 1 0
    outer loop
      vertex -82.5 12 49.8128
      vertex 57 12 52.0004
      vertex 57 12 49.8128
    endloop
  endfacet
  facet normal 0 1 0
    outer loop
      vertex 57 12 52.0004
      vertex -82.5 12 49.8128
      vertex -82.5 12 73.1872
    endloop
  endfacet
  facet normal 0 1 0
    outer loop
      vertex -86 12 6
      vertex -82.5 12 73.1872
      vertex -82.5 12 49.8128
    endloop
  endfacet
  facet normal 0 1 0
    outer loop
      vertex -86 12 6
      vertex -82.5 12 49.8128
      vertex -82.5 12 40.1872
    endloop
  endfacet
  facet normal 0 1 0
    outer loop
      vertex 57 12 19.0004
      vertex 57 12 37.9996
      vertex 86 12 19.0004
    endloop
  endfacet
  facet normal 0 1 0
    outer loop
      vertex 57 12 37.9996
      vertex 57 12 19.0004
      vertex -82.5 12 40.1872
    endloop
  endfacet
  facet normal 0 1 0
    outer loop
      vertex -82.5 12 16.8128
      vertex 57 12 19.0004
      vertex 57 12 16.8128
    endloop
  endfacet
  facet normal 0 1 0
    outer loop
      vertex 57 12 19.0004
      vertex -82.5 12 16.8128
      vertex -82.5 12 40.1872
    endloop
  endfacet
  facet normal 0 1 0
    outer loop
      vertex -86 12 6
      vertex -82.5 12 40.1872
      vertex -82.5 12 16.8128
    endloop
  endfacet
  facet normal 0 1 0
    outer loop
      vertex -86 12 6
      vertex -82.5 12 16.8128
      vertex -82.5 12 7.1872
    endloop
  endfacet
  facet normal 0 1 0
    outer loop
      vertex -82.5 12 73.1872
      vertex -86 12 6
      vertex -86 12 133.4
    endloop
  endfacet
  facet normal 0 1 0
    outer loop
      vertex -86 12 6
      vertex -82.5 12 7.1872
      vertex 57 12 6
    endloop
  endfacet
  facet normal 0 -1 0
    outer loop
      vertex 5.73248 -12 41.9359
      vertex 5.73248 -12 15.0641
      vertex 57 -12 15.0648
    endloop
  endfacet
  facet normal 0 -1 0
    outer loop
      vertex 6.0052 -12 14.4874
      vertex 57 -12 15.0648
      vertex 5.73248 -12 15.0641
    endloop
  endfacet
  facet normal 0 -1 0
    outer loop
      vertex 6.22011 -12 13.8868
      vertex 57 -12 15.0648
      vertex 6.0052 -12 14.4874
    endloop
  endfacet
  facet normal 0 -1 0
    outer loop
      vertex 6.37509 -12 13.2681
      vertex 57 -12 15.0648
      vertex 6.22011 -12 13.8868
    endloop
  endfacet
  facet normal 0 -1 0
    outer loop
      vertex 6.46869 -12 12.6371
      vertex 57 -12 15.0648
      vertex 6.37509 -12 13.2681
    endloop
  endfacet
  facet normal 0 -1 0
    outer loop
      vertex 6.5 -12 12
      vertex 57 -12 15.0648
      vertex 6.46869 -12 12.6371
    endloop
  endfacet
  facet normal 0 -1 0
    outer loop
      vertex 57 -12 8.93522
      vertex 6.5 -12 12
      vertex 6.46869 -12 11.3629
    endloop
  endfacet
  facet normal 0 -1 0
    outer loop
      vertex 57 -12 8.93522
      vertex 6.46869 -12 11.3629
      vertex 6.37509 -12 10.7319
    endloop
  endfacet
  facet normal 0 -1 0
    outer loop
      vertex 57 -12 8.93522
      vertex 6.37509 -12 10.7319
      vertex 6.22011 -12 10.1132
    endloop
  endfacet
  facet normal 0 -1 0
    outer loop
      vertex 57 -12 8.93522
      vertex 6.22011 -12 10.1132
      vertex 6.0052 -12 9.51256
    endloop
  endfacet
  facet normal 0 -1 0
    outer loop
      vertex 57 -12 8.93522
      vertex 6.0052 -12 9.51256
      vertex 5.73248 -12 8.93593
    endloop
  endfacet
  facet normal 0 -1 0
    outer loop
      vertex 6.5 -12 12
      vertex 57 -12 8.93522
      vertex 57 -12 15.0648
    endloop
  endfacet
  facet normal 0 -1 0
    outer loop
      vertex 5.40454 -12 8.38879
      vertex 57 -12 8.93522
      vertex 5.73248 -12 8.93593
    endloop
  endfacet
  facet normal 0 -1 0
    outer loop
      vertex 5.02457 -12 7.87645
      vertex 57 -12 8.93522
      vertex 5.40454 -12 8.38879
    endloop
  endfacet
  facet normal 0 -1 0
    outer loop
      vertex 4.59619 -12 7.40381
      vertex 57 -12 8.93522
      vertex 5.02457 -12 7.87645
    endloop
  endfacet
  facet normal 0 -1 0
    outer loop
      vertex 4.12355 -12 6.97543
      vertex 57 -12 8.93522
      vertex 4.59619 -12 7.40381
    endloop
  endfacet
  facet normal 0 -1 0
    outer loop
      vertex 3.61121 -12 6.59546
      vertex 57 -12 8.93522
      vertex 4.12355 -12 6.97543
    endloop
  endfacet
  facet normal 0 -1 0
    outer loop
      vertex 3.06407 -12 6.26752
      vertex 57 -12 8.93522
      vertex 3.61121 -12 6.59546
    endloop
  endfacet
  facet normal 0 -1 0
    outer loop
      vertex 2.49844 -12 6
      vertex 57 -12 8.93522
      vertex 3.06407 -12 6.26752
    endloop
  endfacet
  facet normal 0 -1 -0
    outer loop
      vertex 57 -12 8.93522
      vertex 2.49844 -12 6
      vertex 86 -12 6
    endloop
  endfacet
  facet normal 0 -1 0
    outer loop
      vertex 57 -12 8.93522
      vertex 86 -12 6
      vertex 86 -12 8.93522
    endloop
  endfacet
  facet normal 0 -1 0
    outer loop
      vertex 5.73248 -12 74.9359
      vertex 5.73248 -12 48.0641
      vertex 57 -12 48.0648
    endloop
  endfacet
  facet normal 0 -1 0
    outer loop
      vertex 6.0052 -12 47.4874
      vertex 57 -12 48.0648
      vertex 5.73248 -12 48.0641
    endloop
  endfacet
  facet normal 0 -1 0
    outer loop
      vertex 6.22011 -12 46.8868
      vertex 57 -12 48.0648
      vertex 6.0052 -12 47.4874
    endloop
  endfacet
  facet normal 0 -1 0
    outer loop
      vertex 6.37509 -12 46.2681
      vertex 57 -12 48.0648
      vertex 6.22011 -12 46.8868
    endloop
  endfacet
  facet normal 0 -1 0
    outer loop
      vertex 6.46869 -12 45.6371
      vertex 57 -12 48.0648
      vertex 6.37509 -12 46.2681
    endloop
  endfacet
  facet normal 0 -1 0
    outer loop
      vertex 6.5 -12 45
      vertex 57 -12 48.0648
      vertex 6.46869 -12 45.6371
    endloop
  endfacet
  facet normal 0 -1 0
    outer loop
      vertex 57 -12 41.9352
      vertex 6.5 -12 45
      vertex 6.46869 -12 44.3629
    endloop
  endfacet
  facet normal 0 -1 0
    outer loop
      vertex 57 -12 41.9352
      vertex 6.46869 -12 44.3629
      vertex 6.37509 -12 43.7319
    endloop
  endfacet
  facet normal 0 -1 0
    outer loop
      vertex 57 -12 41.9352
      vertex 6.37509 -12 43.7319
      vertex 6.22011 -12 43.1132
    endloop
  endfacet
  facet normal 0 -1 0
    outer loop
      vertex 57 -12 41.9352
      vertex 6.22011 -12 43.1132
      vertex 6.0052 -12 42.5126
    endloop
  endfacet
  facet normal 0 -1 0
    outer loop
      vertex 57 -12 41.9352
      vertex 6.0052 -12 42.5126
      vertex 5.73248 -12 41.9359
    endloop
  endfacet
  facet normal 0 -1 0
    outer loop
      vertex 6.5 -12 45
      vertex 57 -12 41.9352
      vertex 57 -12 48.0648
    endloop
  endfacet
  facet normal 0 -1 0
    outer loop
      vertex 5.40454 -12 15.6112
      vertex 5.73248 -12 41.9359
      vertex 5.40454 -12 41.3888
    endloop
  endfacet
  facet normal 0 -1 0
    outer loop
      vertex 5.73248 -12 41.9359
      vertex 57 -12 15.0648
      vertex 57 -12 41.9352
    endloop
  endfacet
  facet normal 0 -1 0
    outer loop
      vertex 5.40454 -12 15.6112
      vertex 5.40454 -12 41.3888
      vertex 5.02457 -12 40.8764
    endloop
  endfacet
  facet normal 0 -1 0
    outer loop
      vertex 5.02457 -12 16.1236
      vertex 5.02457 -12 40.8764
      vertex 4.59619 -12 40.4038
    endloop
  endfacet
  facet normal 0 -1 0
    outer loop
      vertex 0 -12 25
      vertex 4.59619 -12 40.4038
      vertex 4.12355 -12 39.9754
    endloop
  endfacet
  facet normal 0 -1 0
    outer loop
      vertex 0 -12 25
      vertex 4.12355 -12 39.9754
      vertex 3.61121 -12 39.5955
    endloop
  endfacet
  facet normal 0 -1 0
    outer loop
      vertex 0 -12 25
      vertex 3.61121 -12 39.5955
      vertex 3.06407 -12 39.2675
    endloop
  endfacet
  facet normal 0 -1 0
    outer loop
      vertex 0 -12 25
      vertex 3.06407 -12 39.2675
      vertex 2.48744 -12 38.9948
    endloop
  endfacet
  facet normal 0 -1 0
    outer loop
      vertex 0 -12 25
      vertex 2.48744 -12 38.9948
      vertex 1.88684 -12 38.7799
    endloop
  endfacet
  facet normal 0 -1 0
    outer loop
      vertex 0 -12 25
      vertex 1.88684 -12 38.7799
      vertex 1.26808 -12 38.6249
    endloop
  endfacet
  facet normal 0 -1 0
    outer loop
      vertex 0 -12 25
      vertex 1.26808 -12 38.6249
      vertex 0.6371 -12 38.5313
    endloop
  endfacet
  facet normal 0 -1 0
    outer loop
      vertex 0 -12 25
      vertex 0.6371 -12 38.5313
      vertex 0 -12 38.5
    endloop
  endfacet
  facet normal 0 -1 0
    outer loop
      vertex 4.59619 -12 40.4038
      vertex 0 -12 25
      vertex 4.59605 -12 16.5963
    endloop
  endfacet
  facet normal 0 -1 -0
    outer loop
      vertex 4.59619 -12 40.4038
      vertex 4.59605 -12 16.5963
      vertex 5.02457 -12 16.1236
    endloop
  endfacet
  facet normal 0 -1 0
    outer loop
      vertex 5.02457 -12 40.8764
      vertex 5.02457 -12 16.1236
      vertex 5.40454 -12 15.6112
    endloop
  endfacet
  facet normal 0 -1 0
    outer loop
      vertex 5.73248 -12 15.0641
      vertex 5.73248 -12 41.9359
      vertex 5.40454 -12 15.6112
    endloop
  endfacet
  facet normal 0 -1 0
    outer loop
      vertex 57 -12 41.9352
      vertex 57 -12 15.0648
      vertex 86 -12 41.9352
    endloop
  endfacet
  facet normal 0 -1 -0
    outer loop
      vertex 86 -12 41.9352
      vertex 57 -12 15.0648
      vertex 86 -12 15.0648
    endloop
  endfacet
  facet normal 0 -1 0
    outer loop
      vertex 5.73248 -12 107.936
      vertex 5.73248 -12 81.0641
      vertex 57 -12 81.0648
    endloop
  endfacet
  facet normal 0 -1 0
    outer loop
      vertex 6.0052 -12 80.4874
      vertex 57 -12 81.0648
      vertex 5.73248 -12 81.0641
    endloop
  endfacet
  facet normal 0 -1 0
    outer loop
      vertex 6.22011 -12 79.8868
      vertex 57 -12 81.0648
      vertex 6.0052 -12 80.4874
    endloop
  endfacet
  facet normal 0 -1 0
    outer loop
      vertex 6.37509 -12 79.2681
      vertex 57 -12 81.0648
      vertex 6.22011 -12 79.8868
    endloop
  endfacet
  facet normal 0 -1 0
    outer loop
      vertex 6.46869 -12 78.6371
      vertex 57 -12 81.0648
      vertex 6.37509 -12 79.2681
    endloop
  endfacet
  facet normal 0 -1 0
    outer loop
      vertex 6.5 -12 78
      vertex 57 -12 81.0648
      vertex 6.46869 -12 78.6371
    endloop
  endfacet
  facet normal 0 -1 0
    outer loop
      vertex 57 -12 74.9352
      vertex 6.5 -12 78
      vertex 6.46869 -12 77.3629
    endloop
  endfacet
  facet normal 0 -1 0
    outer loop
      vertex 57 -12 74.9352
      vertex 6.46869 -12 77.3629
      vertex 6.37509 -12 76.7319
    endloop
  endfacet
  facet normal 0 -1 0
    outer loop
      vertex 57 -12 74.9352
      vertex 6.37509 -12 76.7319
      vertex 6.22011 -12 76.1132
    endloop
  endfacet
  facet normal 0 -1 0
    outer loop
      vertex 57 -12 74.9352
      vertex 6.22011 -12 76.1132
      vertex 6.0052 -12 75.5126
    endloop
  endfacet
  facet normal 0 -1 0
    outer loop
      vertex 57 -12 74.9352
      vertex 6.0052 -12 75.5126
      vertex 5.73248 -12 74.9359
    endloop
  endfacet
  facet normal 0 -1 0
    outer loop
      vertex 6.5 -12 78
      vertex 57 -12 74.9352
      vertex 57 -12 81.0648
    endloop
  endfacet
  facet normal 0 -1 0
    outer loop
      vertex 5.40454 -12 48.6112
      vertex 5.73248 -12 74.9359
      vertex 5.40454 -12 74.3888
    endloop
  endfacet
  facet normal 0 -1 0
    outer loop
      vertex 5.73248 -12 74.9359
      vertex 57 -12 48.0648
      vertex 57 -12 74.9352
    endloop
  endfacet
  facet normal 0 -1 0
    outer loop
      vertex 5.40454 -12 48.6112
      vertex 5.40454 -12 74.3888
      vertex 5.02457 -12 73.8764
    endloop
  endfacet
  facet normal 0 -1 0
    outer loop
      vertex 5.02457 -12 49.1236
      vertex 5.02457 -12 73.8764
      vertex 4.59619 -12 73.4038
    endloop
  endfacet
  facet normal 0 -1 0
    outer loop
      vertex 0 -12 58
      vertex 4.59619 -12 73.4038
      vertex 4.12355 -12 72.9754
    endloop
  endfacet
  facet normal 0 -1 0
    outer loop
      vertex 0 -12 58
      vertex 4.12355 -12 72.9754
      vertex 3.61121 -12 72.5955
    endloop
  endfacet
  facet normal 0 -1 0
    outer loop
      vertex 0 -12 58
      vertex 3.61121 -12 72.5955
      vertex 3.06407 -12 72.2675
    endloop
  endfacet
  facet normal 0 -1 0
    outer loop
      vertex 0 -12 58
      vertex 3.06407 -12 72.2675
      vertex 2.48744 -12 71.9948
    endloop
  endfacet
  facet normal 0 -1 0
    outer loop
      vertex 0 -12 58
      vertex 2.48744 -12 71.9948
      vertex 1.88684 -12 71.7799
    endloop
  endfacet
  facet normal 0 -1 0
    outer loop
      vertex 0 -12 58
      vertex 1.88684 -12 71.7799
      vertex 1.26808 -12 71.6249
    endloop
  endfacet
  facet normal 0 -1 0
    outer loop
      vertex 0 -12 58
      vertex 1.26808 -12 71.6249
      vertex 0.6371 -12 71.5313
    endloop
  endfacet
  facet normal 0 -1 0
    outer loop
      vertex 0 -12 58
      vertex 0.6371 -12 71.5313
      vertex 0 -12 71.5
    endloop
  endfacet
  facet normal 0 -1 0
    outer loop
      vertex 4.59619 -12 73.4038
      vertex 0 -12 58
      vertex 4.59605 -12 49.5963
    endloop
  endfacet
  facet normal 0 -1 -0
    outer loop
      vertex 4.59619 -12 73.4038
      vertex 4.59605 -12 49.5963
      vertex 5.02457 -12 49.1236
    endloop
  endfacet
  facet normal 0 -1 0
    outer loop
      vertex 5.02457 -12 73.8764
      vertex 5.02457 -12 49.1236
      vertex 5.40454 -12 48.6112
    endloop
  endfacet
  facet normal 0 -1 0
    outer loop
      vertex 5.73248 -12 48.0641
      vertex 5.73248 -12 74.9359
      vertex 5.40454 -12 48.6112
    endloop
  endfacet
  facet normal 0 -1 0
    outer loop
      vertex 57 -12 74.9352
      vertex 57 -12 48.0648
      vertex 86 -12 74.9352
    endloop
  endfacet
  facet normal 0 -1 -0
    outer loop
      vertex 86 -12 74.9352
      vertex 57 -12 48.0648
      vertex 86 -12 48.0648
    endloop
  endfacet
  facet normal 0 -1 0
    outer loop
      vertex 5.73248 -12 114.064
      vertex 57 -12 114.065
      vertex 5.40454 -12 114.611
    endloop
  endfacet
  facet normal 0 -1 0
    outer loop
      vertex 6.0052 -12 113.487
      vertex 57 -12 114.065
      vertex 5.73248 -12 114.064
    endloop
  endfacet
  facet normal 0 -1 0
    outer loop
      vertex 6.22011 -12 112.887
      vertex 57 -12 114.065
      vertex 6.0052 -12 113.487
    endloop
  endfacet
  facet normal 0 -1 0
    outer loop
      vertex 6.37509 -12 112.268
      vertex 57 -12 114.065
      vertex 6.22011 -12 112.887
    endloop
  endfacet
  facet normal 0 -1 0
    outer loop
      vertex 6.46869 -12 111.637
      vertex 57 -12 114.065
      vertex 6.37509 -12 112.268
    endloop
  endfacet
  facet normal 0 -1 0
    outer loop
      vertex 6.5 -12 111
      vertex 57 -12 114.065
      vertex 6.46869 -12 111.637
    endloop
  endfacet
  facet normal 0 -1 0
    outer loop
      vertex 57 -12 107.935
      vertex 6.5 -12 111
      vertex 6.46869 -12 110.363
    endloop
  endfacet
  facet normal 0 -1 0
    outer loop
      vertex 57 -12 107.935
      vertex 6.46869 -12 110.363
      vertex 6.37509 -12 109.732
    endloop
  endfacet
  facet normal 0 -1 0
    outer loop
      vertex 57 -12 107.935
      vertex 6.37509 -12 109.732
      vertex 6.22011 -12 109.113
    endloop
  endfacet
  facet normal 0 -1 0
    outer loop
      vertex 57 -12 107.935
      vertex 6.22011 -12 109.113
      vertex 6.0052 -12 108.513
    endloop
  endfacet
  facet normal 0 -1 0
    outer loop
      vertex 57 -12 107.935
      vertex 6.0052 -12 108.513
      vertex 5.73248 -12 107.936
    endloop
  endfacet
  facet normal 0 -1 0
    outer loop
      vertex 6.5 -12 111
      vertex 57 -12 107.935
      vertex 57 -12 114.065
    endloop
  endfacet
  facet normal 0 -1 0
    outer loop
      vertex 5.40454 -12 81.6112
      vertex 5.73248 -12 107.936
      vertex 5.40454 -12 107.389
    endloop
  endfacet
  facet normal 0 -1 0
    outer loop
      vertex 5.73248 -12 107.936
      vertex 57 -12 81.0648
      vertex 57 -12 107.935
    endloop
  endfacet
  facet normal 0 -1 0
    outer loop
      vertex 5.40454 -12 81.6112
      vertex 5.40454 -12 107.389
      vertex 5.02457 -12 106.876
    endloop
  endfacet
  facet normal 0 -1 0
    outer loop
      vertex 5.02457 -12 82.1236
      vertex 5.02457 -12 106.876
      vertex 4.59619 -12 106.404
    endloop
  endfacet
  facet normal 0 -1 0
    outer loop
      vertex 0 -12 91
      vertex 4.59619 -12 106.404
      vertex 4.12355 -12 105.975
    endloop
  endfacet
  facet normal 0 -1 0
    outer loop
      vertex 0 -12 91
      vertex 4.12355 -12 105.975
      vertex 3.61121 -12 105.595
    endloop
  endfacet
  facet normal 0 -1 0
    outer loop
      vertex 0 -12 91
      vertex 3.61121 -12 105.595
      vertex 3.06407 -12 105.268
    endloop
  endfacet
  facet normal 0 -1 0
    outer loop
      vertex 0 -12 91
      vertex 3.06407 -12 105.268
      vertex 2.48744 -12 104.995
    endloop
  endfacet
  facet normal 0 -1 0
    outer loop
      vertex 0 -12 91
      vertex 2.48744 -12 104.995
      vertex 1.88684 -12 104.78
    endloop
  endfacet
  facet normal 0 -1 0
    outer loop
      vertex 0 -12 91
      vertex 1.88684 -12 104.78
      vertex 1.26808 -12 104.625
    endloop
  endfacet
  facet normal 0 -1 0
    outer loop
      vertex 0 -12 91
      vertex 1.26808 -12 104.625
      vertex 0.6371 -12 104.531
    endloop
  endfacet
  facet normal 0 -1 0
    outer loop
      vertex 0 -12 91
      vertex 0.6371 -12 104.531
      vertex 0 -12 104.5
    endloop
  endfacet
  facet normal 0 -1 0
    outer loop
      vertex 4.59619 -12 106.404
      vertex 0 -12 91
      vertex 4.59605 -12 82.5963
    endloop
  endfacet
  facet normal 0 -1 -0
    outer loop
      vertex 4.59619 -12 106.404
      vertex 4.59605 -12 82.5963
      vertex 5.02457 -12 82.1236
    endloop
  endfacet
  facet normal 0 -1 0
    outer loop
      vertex 5.02457 -12 106.876
      vertex 5.02457 -12 82.1236
      vertex 5.40454 -12 81.6112
    endloop
  endfacet
  facet normal 0 -1 0
    outer loop
      vertex 5.73248 -12 81.0641
      vertex 5.73248 -12 107.936
      vertex 5.40454 -12 81.6112
    endloop
  endfacet
  facet normal 0 -1 0
    outer loop
      vertex 57 -12 107.935
      vertex 57 -12 81.0648
      vertex 86 -12 107.935
    endloop
  endfacet
  facet normal 0 -1 -0
    outer loop
      vertex 86 -12 107.935
      vertex 57 -12 81.0648
      vertex 86 -12 81.0648
    endloop
  endfacet
  facet normal 0 -1 0
    outer loop
      vertex -86 -12 133.4
      vertex 0 -12 124
      vertex 86 -12 133.4
    endloop
  endfacet
  facet normal 0 -1 0
    outer loop
      vertex -5.02457 -12 115.124
      vertex 0 -12 124
      vertex -86 -12 133.4
    endloop
  endfacet
  facet normal 0 -1 0
    outer loop
      vertex 0 -12 124
      vertex -5.02457 -12 115.124
      vertex -4.59605 -12 115.596
    endloop
  endfacet
  facet normal 0 -1 0
    outer loop
      vertex -86 -12 133.4
      vertex -5.40454 -12 114.611
      vertex -5.02457 -12 115.124
    endloop
  endfacet
  facet normal 0 -1 0
    outer loop
      vertex -86 -12 133.4
      vertex -5.73248 -12 114.064
      vertex -5.40454 -12 114.611
    endloop
  endfacet
  facet normal 0 -1 0
    outer loop
      vertex -86 -12 133.4
      vertex -6.0052 -12 113.487
      vertex -5.73248 -12 114.064
    endloop
  endfacet
  facet normal 0 -1 0
    outer loop
      vertex -86 -12 133.4
      vertex -6.22011 -12 112.887
      vertex -6.0052 -12 113.487
    endloop
  endfacet
  facet normal 0 -1 0
    outer loop
      vertex -86 -12 133.4
      vertex -6.37509 -12 112.268
      vertex -6.22011 -12 112.887
    endloop
  endfacet
  facet normal 0 -1 0
    outer loop
      vertex -86 -12 133.4
      vertex -6.46869 -12 111.637
      vertex -6.37509 -12 112.268
    endloop
  endfacet
  facet normal 0 -1 0
    outer loop
      vertex -86 -12 133.4
      vertex -6.5 -12 111
      vertex -6.46869 -12 111.637
    endloop
  endfacet
  facet normal 0 -1 0
    outer loop
      vertex -86 -12 133.4
      vertex -6.46869 -12 110.363
      vertex -6.5 -12 111
    endloop
  endfacet
  facet normal 0 -1 0
    outer loop
      vertex -86 -12 133.4
      vertex -6.37509 -12 109.732
      vertex -6.46869 -12 110.363
    endloop
  endfacet
  facet normal 0 -1 0
    outer loop
      vertex -86 -12 133.4
      vertex -6.22011 -12 109.113
      vertex -6.37509 -12 109.732
    endloop
  endfacet
  facet normal 0 -1 0
    outer loop
      vertex -6.22011 -12 79.8868
      vertex -6.22011 -12 109.113
      vertex -86 -12 133.4
    endloop
  endfacet
  facet normal 0 -1 0
    outer loop
      vertex -6.22011 -12 109.113
      vertex -6.22011 -12 79.8868
      vertex -6.0052 -12 108.513
    endloop
  endfacet
  facet normal -0 -1 0
    outer loop
      vertex -6.0052 -12 80.4874
      vertex -6.0052 -12 108.513
      vertex -6.22011 -12 79.8868
    endloop
  endfacet
  facet normal 0 -1 0
    outer loop
      vertex -6.0052 -12 108.513
      vertex -6.0052 -12 80.4874
      vertex -5.73248 -12 107.936
    endloop
  endfacet
  facet normal -0 -1 0
    outer loop
      vertex -5.73248 -12 81.0641
      vertex -5.73248 -12 107.936
      vertex -6.0052 -12 80.4874
    endloop
  endfacet
  facet normal 0 -1 0
    outer loop
      vertex -5.73248 -12 107.936
      vertex -5.73248 -12 81.0641
      vertex -5.40454 -12 107.389
    endloop
  endfacet
  facet normal 0 -1 0
    outer loop
      vertex -5.40454 -12 107.389
      vertex -5.40454 -12 81.6112
      vertex -5.02457 -12 106.876
    endloop
  endfacet
  facet normal -0 -1 0
    outer loop
      vertex -5.02457 -12 82.1236
      vertex -5.02457 -12 106.876
      vertex -5.40454 -12 81.6112
    endloop
  endfacet
  facet normal 0 -1 0
    outer loop
      vertex -5.02457 -12 106.876
      vertex -5.02457 -12 82.1236
      vertex -4.59619 -12 106.404
    endloop
  endfacet
  facet normal -0 -1 0
    outer loop
      vertex -4.59605 -12 82.5963
      vertex -4.59619 -12 106.404
      vertex -5.02457 -12 82.1236
    endloop
  endfacet
  facet normal 0 -1 0
    outer loop
      vertex -0.6371 -12 104.531
      vertex 0 -12 91
      vertex 0 -12 104.5
    endloop
  endfacet
  facet normal 0 -1 0
    outer loop
      vertex -1.26808 -12 104.625
      vertex 0 -12 91
      vertex -0.6371 -12 104.531
    endloop
  endfacet
  facet normal 0 -1 0
    outer loop
      vertex -1.88684 -12 104.78
      vertex 0 -12 91
      vertex -1.26808 -12 104.625
    endloop
  endfacet
  facet normal -0 -1 0
    outer loop
      vertex 0 -12 91
      vertex -4.59619 -12 106.404
      vertex -4.59605 -12 82.5963
    endloop
  endfacet
  facet normal 0 -1 0
    outer loop
      vertex -3.06407 -12 105.268
      vertex 0 -12 91
      vertex -2.48744 -12 104.995
    endloop
  endfacet
  facet normal 0 -1 0
    outer loop
      vertex -2.48744 -12 104.995
      vertex 0 -12 91
      vertex -1.88684 -12 104.78
    endloop
  endfacet
  facet normal 0 -1 0
    outer loop
      vertex -3.61121 -12 105.595
      vertex 0 -12 91
      vertex -3.06407 -12 105.268
    endloop
  endfacet
  facet normal 0 -1 0
    outer loop
      vertex -4.12355 -12 105.975
      vertex 0 -12 91
      vertex -3.61121 -12 105.595
    endloop
  endfacet
  facet normal 0 -1 0
    outer loop
      vertex -4.59619 -12 106.404
      vertex 0 -12 91
      vertex -4.12355 -12 105.975
    endloop
  endfacet
  facet normal -0 -1 0
    outer loop
      vertex -5.40454 -12 81.6112
      vertex -5.40454 -12 107.389
      vertex -5.73248 -12 81.0641
    endloop
  endfacet
  facet normal 0 -1 0
    outer loop
      vertex -86 -12 133.4
      vertex -6.37509 -12 79.2681
      vertex -6.22011 -12 79.8868
    endloop
  endfacet
  facet normal 0 -1 0
    outer loop
      vertex -86 -12 133.4
      vertex -6.46869 -12 78.6371
      vertex -6.37509 -12 79.2681
    endloop
  endfacet
  facet normal 0 -1 0
    outer loop
      vertex -86 -12 133.4
      vertex -6.5 -12 78
      vertex -6.46869 -12 78.6371
    endloop
  endfacet
  facet normal 0 -1 0
    outer loop
      vertex -86 -12 133.4
      vertex -6.46869 -12 77.3629
      vertex -6.5 -12 78
    endloop
  endfacet
  facet normal 0 -1 0
    outer loop
      vertex -86 -12 6
      vertex -6.46869 -12 77.3629
      vertex -86 -12 133.4
    endloop
  endfacet
  facet normal 0 -1 -0
    outer loop
      vertex -6.46869 -12 77.3629
      vertex -86 -12 6
      vertex -6.37509 -12 76.7319
    endloop
  endfacet
  facet normal 0 -1 -0
    outer loop
      vertex -6.37509 -12 76.7319
      vertex -86 -12 6
      vertex -6.22011 -12 76.1132
    endloop
  endfacet
  facet normal -0 -1 0
    outer loop
      vertex -6.22011 -12 46.8868
      vertex -6.22011 -12 76.1132
      vertex -86 -12 6
    endloop
  endfacet
  facet normal 0 -1 0
    outer loop
      vertex -6.22011 -12 76.1132
      vertex -6.22011 -12 46.8868
      vertex -6.0052 -12 75.5126
    endloop
  endfacet
  facet normal -0 -1 0
    outer loop
      vertex -6.0052 -12 47.4874
      vertex -6.0052 -12 75.5126
      vertex -6.22011 -12 46.8868
    endloop
  endfacet
  facet normal 0 -1 0
    outer loop
      vertex -6.0052 -12 75.5126
      vertex -6.0052 -12 47.4874
      vertex -5.73248 -12 74.9359
    endloop
  endfacet
  facet normal -0 -1 0
    outer loop
      vertex -5.73248 -12 48.0641
      vertex -5.73248 -12 74.9359
      vertex -6.0052 -12 47.4874
    endloop
  endfacet
  facet normal 0 -1 0
    outer loop
      vertex -5.73248 -12 74.9359
      vertex -5.73248 -12 48.0641
      vertex -5.40454 -12 74.3888
    endloop
  endfacet
  facet normal 0 -1 0
    outer loop
      vertex -0.6371 -12 71.5313
      vertex 0 -12 58
      vertex 0 -12 71.5
    endloop
  endfacet
  facet normal 0 -1 0
    outer loop
      vertex -1.26808 -12 71.6249
      vertex 0 -12 58
      vertex -0.6371 -12 71.5313
    endloop
  endfacet
  facet normal 0 -1 0
    outer loop
      vertex -1.88684 -12 71.7799
      vertex 0 -12 58
      vertex -1.26808 -12 71.6249
    endloop
  endfacet
  facet normal 0 -1 0
    outer loop
      vertex -2.48744 -12 71.9948
      vertex 0 -12 58
      vertex -1.88684 -12 71.7799
    endloop
  endfacet
  facet normal 0 -1 0
    outer loop
      vertex -3.06407 -12 72.2675
      vertex 0 -12 58
      vertex -2.48744 -12 71.9948
    endloop
  endfacet
  facet normal 0 -1 0
    outer loop
      vertex -3.61121 -12 72.5955
      vertex 0 -12 58
      vertex -3.06407 -12 72.2675
    endloop
  endfacet
  facet normal -0 -1 0
    outer loop
      vertex -5.40454 -12 48.6112
      vertex -5.40454 -12 74.3888
      vertex -5.73248 -12 48.0641
    endloop
  endfacet
  facet normal -0 -1 0
    outer loop
      vertex 0 -12 58
      vertex -4.59619 -12 73.4038
      vertex -4.59605 -12 49.5963
    endloop
  endfacet
  facet normal 0 -1 0
    outer loop
      vertex -4.12355 -12 72.9754
      vertex 0 -12 58
      vertex -3.61121 -12 72.5955
    endloop
  endfacet
  facet normal 0 -1 0
    outer loop
      vertex -4.59619 -12 73.4038
      vertex 0 -12 58
      vertex -4.12355 -12 72.9754
    endloop
  endfacet
  facet normal -0 -1 0
    outer loop
      vertex -4.59605 -12 49.5963
      vertex -4.59619 -12 73.4038
      vertex -5.02457 -12 49.1236
    endloop
  endfacet
  facet normal 0 -1 0
    outer loop
      vertex -5.02457 -12 73.8764
      vertex -5.02457 -12 49.1236
      vertex -4.59619 -12 73.4038
    endloop
  endfacet
  facet normal -0 -1 0
    outer loop
      vertex -5.02457 -12 49.1236
      vertex -5.02457 -12 73.8764
      vertex -5.40454 -12 48.6112
    endloop
  endfacet
  facet normal 0 -1 0
    outer loop
      vertex -5.40454 -12 74.3888
      vertex -5.40454 -12 48.6112
      vertex -5.02457 -12 73.8764
    endloop
  endfacet
  facet normal 0 -1 0
    outer loop
      vertex -6.22011 -12 46.8868
      vertex -86 -12 6
      vertex -6.37509 -12 46.2681
    endloop
  endfacet
  facet normal 0 -1 0
    outer loop
      vertex -6.37509 -12 46.2681
      vertex -86 -12 6
      vertex -6.46869 -12 45.6371
    endloop
  endfacet
  facet normal 0 -1 0
    outer loop
      vertex -6.46869 -12 45.6371
      vertex -86 -12 6
      vertex -6.5 -12 45
    endloop
  endfacet
  facet normal 0 -1 -0
    outer loop
      vertex -6.5 -12 45
      vertex -86 -12 6
      vertex -6.46869 -12 44.3629
    endloop
  endfacet
  facet normal 0 -1 -0
    outer loop
      vertex -6.46869 -12 44.3629
      vertex -86 -12 6
      vertex -6.37509 -12 43.7319
    endloop
  endfacet
  facet normal 0 -1 -0
    outer loop
      vertex -6.37509 -12 43.7319
      vertex -86 -12 6
      vertex -6.22011 -12 43.1132
    endloop
  endfacet
  facet normal -0 -1 0
    outer loop
      vertex -6.22011 -12 13.8868
      vertex -6.22011 -12 43.1132
      vertex -86 -12 6
    endloop
  endfacet
  facet normal 0 -1 0
    outer loop
      vertex -6.22011 -12 43.1132
      vertex -6.22011 -12 13.8868
      vertex -6.0052 -12 42.5126
    endloop
  endfacet
  facet normal -0 -1 0
    outer loop
      vertex -6.0052 -12 14.4874
      vertex -6.0052 -12 42.5126
      vertex -6.22011 -12 13.8868
    endloop
  endfacet
  facet normal 0 -1 0
    outer loop
      vertex -0.6371 -12 38.5313
      vertex 0 -12 25
      vertex 0 -12 38.5
    endloop
  endfacet
  facet normal 0 -1 0
    outer loop
      vertex -1.26808 -12 38.6249
      vertex 0 -12 25
      vertex -0.6371 -12 38.5313
    endloop
  endfacet
  facet normal 0 -1 0
    outer loop
      vertex -1.88684 -12 38.7799
      vertex 0 -12 25
      vertex -1.26808 -12 38.6249
    endloop
  endfacet
  facet normal 0 -1 0
    outer loop
      vertex -2.48744 -12 38.9948
      vertex 0 -12 25
      vertex -1.88684 -12 38.7799
    endloop
  endfacet
  facet normal 0 -1 0
    outer loop
      vertex -3.06407 -12 39.2675
      vertex 0 -12 25
      vertex -2.48744 -12 38.9948
    endloop
  endfacet
  facet normal 0 -1 0
    outer loop
      vertex -3.61121 -12 39.5955
      vertex 0 -12 25
      vertex -3.06407 -12 39.2675
    endloop
  endfacet
  facet normal 0 -1 0
    outer loop
      vertex -4.12355 -12 39.9754
      vertex 0 -12 25
      vertex -3.61121 -12 39.5955
    endloop
  endfacet
  facet normal 0 -1 0
    outer loop
      vertex -4.59619 -12 40.4038
      vertex 0 -12 25
      vertex -4.12355 -12 39.9754
    endloop
  endfacet
  facet normal 0 -1 0
    outer loop
      vertex -4.59605 -12 16.5963
      vertex -4.59619 -12 40.4038
      vertex -5.02457 -12 40.8764
    endloop
  endfacet
  facet normal -0 -1 0
    outer loop
      vertex -5.73248 -12 15.0641
      vertex -5.73248 -12 41.9359
      vertex -6.0052 -12 14.4874
    endloop
  endfacet
  facet normal 0 -1 0
    outer loop
      vertex -5.73248 -12 41.9359
      vertex -5.73248 -12 15.0641
      vertex -5.40454 -12 41.3888
    endloop
  endfacet
  facet normal -0 -1 0
    outer loop
      vertex -5.02457 -12 16.1236
      vertex -5.02457 -12 40.8764
      vertex -5.40454 -12 15.6112
    endloop
  endfacet
  facet normal 0 -1 0
    outer loop
      vertex -4.59619 -12 40.4038
      vertex -4.59605 -12 16.5963
      vertex 0 -12 25
    endloop
  endfacet
  facet normal -0 -1 0
    outer loop
      vertex -4.59605 -12 16.5963
      vertex -5.02457 -12 40.8764
      vertex -5.02457 -12 16.1236
    endloop
  endfacet
  facet normal 0 -1 0
    outer loop
      vertex -5.40454 -12 41.3888
      vertex -5.40454 -12 15.6112
      vertex -5.02457 -12 40.8764
    endloop
  endfacet
  facet normal -0 -1 0
    outer loop
      vertex -5.40454 -12 15.6112
      vertex -5.40454 -12 41.3888
      vertex -5.73248 -12 15.0641
    endloop
  endfacet
  facet normal 0 -1 0
    outer loop
      vertex -6.0052 -12 42.5126
      vertex -6.0052 -12 14.4874
      vertex -5.73248 -12 41.9359
    endloop
  endfacet
  facet normal 0 -1 0
    outer loop
      vertex -6.22011 -12 13.8868
      vertex -86 -12 6
      vertex -6.37509 -12 13.2681
    endloop
  endfacet
  facet normal 0 -1 0
    outer loop
      vertex -6.37509 -12 13.2681
      vertex -86 -12 6
      vertex -6.46869 -12 12.6371
    endloop
  endfacet
  facet normal 0 -1 0
    outer loop
      vertex -6.46869 -12 12.6371
      vertex -86 -12 6
      vertex -6.5 -12 12
    endloop
  endfacet
  facet normal 0 -1 -0
    outer loop
      vertex -6.5 -12 12
      vertex -86 -12 6
      vertex -6.46869 -12 11.3629
    endloop
  endfacet
  facet normal 0 -1 -0
    outer loop
      vertex -6.46869 -12 11.3629
      vertex -86 -12 6
      vertex -6.37509 -12 10.7319
    endloop
  endfacet
  facet normal 0 -1 -0
    outer loop
      vertex -6.37509 -12 10.7319
      vertex -86 -12 6
      vertex -6.22011 -12 10.1132
    endloop
  endfacet
  facet normal 0 -1 -0
    outer loop
      vertex -6.22011 -12 10.1132
      vertex -86 -12 6
      vertex -6.0052 -12 9.51256
    endloop
  endfacet
  facet normal 0 -1 -0
    outer loop
      vertex -6.0052 -12 9.51256
      vertex -86 -12 6
      vertex -5.73248 -12 8.93593
    endloop
  endfacet
  facet normal 0 -1 -0
    outer loop
      vertex -5.73248 -12 8.93593
      vertex -86 -12 6
      vertex -5.40454 -12 8.38879
    endloop
  endfacet
  facet normal 0 -1 0
    outer loop
      vertex -86 -12 6
      vertex -5.02457 -12 7.87645
      vertex -5.40454 -12 8.38879
    endloop
  endfacet
  facet normal 0 -1 0
    outer loop
      vertex -86 -12 6
      vertex -4.59619 -12 7.40381
      vertex -5.02457 -12 7.87645
    endloop
  endfacet
  facet normal 0 -1 0
    outer loop
      vertex -86 -12 6
      vertex -4.12355 -12 6.97543
      vertex -4.59619 -12 7.40381
    endloop
  endfacet
  facet normal 0 -1 0
    outer loop
      vertex -86 -12 6
      vertex -3.61121 -12 6.59546
      vertex -4.12355 -12 6.97543
    endloop
  endfacet
  facet normal 0 -1 0
    outer loop
      vertex -86 -12 6
      vertex -3.06407 -12 6.26752
      vertex -3.61121 -12 6.59546
    endloop
  endfacet
  facet normal 0 -1 -0
    outer loop
      vertex -3.06407 -12 6.26752
      vertex -86 -12 6
      vertex -2.49844 -12 6
    endloop
  endfacet
  facet normal 0 -1 0
    outer loop
      vertex 5.02457 -12 115.124
      vertex 0 -12 124
      vertex 4.59605 -12 115.596
    endloop
  endfacet
  facet normal 0 -1 0
    outer loop
      vertex 0 -12 124
      vertex 5.02457 -12 115.124
      vertex 57 -12 114.065
    endloop
  endfacet
  facet normal 0 -1 0
    outer loop
      vertex 57 -12 114.065
      vertex 5.02457 -12 115.124
      vertex 5.40454 -12 114.611
    endloop
  endfacet
  facet normal 0 -1 0
    outer loop
      vertex 0 -12 124
      vertex 57 -12 114.065
      vertex 86 -12 133.4
    endloop
  endfacet
  facet normal 0 -1 -0
    outer loop
      vertex 86 -12 133.4
      vertex 57 -12 114.065
      vertex 86 -12 114.065
    endloop
  endfacet
  facet normal 0 0 1
    outer loop
      vertex 86 29 6
      vertex 57 13.8293 6
      vertex 86 13.8293 6
    endloop
  endfacet
  facet normal -0 0 1
    outer loop
      vertex -86 29 6
      vertex 57 13.8293 6
      vertex 86 29 6
    endloop
  endfacet
  facet normal 0 0 1
    outer loop
      vertex -86 12 6
      vertex 57 13.8293 6
      vertex -86 29 6
    endloop
  endfacet
  facet normal 0 0 1
    outer loop
      vertex 57 13.8293 6
      vertex -86 12 6
      vertex 57 12 6
    endloop
  endfacet
  facet normal 0 0 1
    outer loop
      vertex -2.49844 -12 6
      vertex -86 -12 6
      vertex -2.49844 -13 6
    endloop
  endfacet
  facet normal 0 0 1
    outer loop
      vertex 2.49844 -13 6
      vertex 86 -12 6
      vertex 2.49844 -12 6
    endloop
  endfacet
  facet normal 0 0 1
    outer loop
      vertex 86 -12 6
      vertex 2.49844 -13 6
      vertex 86 -29 6
    endloop
  endfacet
  facet normal -0 0 1
    outer loop
      vertex -2.49844 -13 6
      vertex 86 -29 6
      vertex 2.49844 -13 6
    endloop
  endfacet
  facet normal 0 0 1
    outer loop
      vertex -86 -29 6
      vertex -2.49844 -13 6
      vertex -86 -12 6
    endloop
  endfacet
  facet normal 0 0 1
    outer loop
      vertex -2.49844 -13 6
      vertex -86 -29 6
      vertex 86 -29 6
    endloop
  endfacet
  facet normal 0 1 -0
    outer loop
      vertex 86 29 0
      vertex -86 29 6
      vertex 86 29 6
    endloop
  endfacet
  facet normal 0 1 0
    outer loop
      vertex -86 29 6
      vertex 86 29 0
      vertex -86 29 0
    endloop
  endfacet
  facet normal 0 -1 0
    outer loop
      vertex -86 -29 0
      vertex 86 -29 6
      vertex -86 -29 6
    endloop
  endfacet
  facet normal 0 -1 -0
    outer loop
      vertex 86 -29 6
      vertex -86 -29 0
      vertex 86 -29 0
    endloop
  endfacet
  facet normal 1 0 0
    outer loop
      vertex -82.5 7.35406 19.3537
      vertex -82.5 12 7.1872
      vertex -82.5 12 16.8128
    endloop
  endfacet
  facet normal 1 0 0
    outer loop
      vertex -82.5 7.35406 19.3537
      vertex -82.5 7.35406 4.64629
      vertex -82.5 12 7.1872
    endloop
  endfacet
  facet normal 1 0 0
    outer loop
      vertex -82.5 6.59769 20.0393
      vertex -82.5 7.35406 19.3537
      vertex -82.5 7.3539 19.3539
    endloop
  endfacet
  facet normal 1 0 0
    outer loop
      vertex -82.5 7.35406 19.3537
      vertex -82.5 6.59769 20.0393
      vertex -82.5 7.35406 4.64629
    endloop
  endfacet
  facet normal 1 0 0
    outer loop
      vertex -82.5 6.59769 3.96069
      vertex -82.5 7.35406 4.64629
      vertex -82.5 6.59769 20.0393
    endloop
  endfacet
  facet normal 1 0 0
    outer loop
      vertex -82.5 7.35406 4.64629
      vertex -82.5 6.59769 3.96069
      vertex -82.5 7.3539 4.6461
    endloop
  endfacet
  facet normal 1 0 0
    outer loop
      vertex -82.5 5.77792 20.6473
      vertex -82.5 6.59769 3.96069
      vertex -82.5 6.59769 20.0393
    endloop
  endfacet
  facet normal 1 0 0
    outer loop
      vertex -82.5 5.77792 20.6473
      vertex -82.5 5.77792 3.35272
      vertex -82.5 6.59769 3.96069
    endloop
  endfacet
  facet normal 1 0 0
    outer loop
      vertex -82.5 4.90251 21.172
      vertex -82.5 5.77792 3.35272
      vertex -82.5 5.77792 20.6473
    endloop
  endfacet
  facet normal 1 0 0
    outer loop
      vertex -82.5 4.90251 21.172
      vertex -82.5 4.90251 2.82803
      vertex -82.5 5.77792 3.35272
    endloop
  endfacet
  facet normal 1 0 0
    outer loop
      vertex -82.5 3.9799 21.6083
      vertex -82.5 4.90251 2.82803
      vertex -82.5 4.90251 21.172
    endloop
  endfacet
  facet normal 1 0 0
    outer loop
      vertex -82.5 3.9799 21.6083
      vertex -82.5 3.9799 2.39166
      vertex -82.5 4.90251 2.82803
    endloop
  endfacet
  facet normal 1 0 0
    outer loop
      vertex -82.5 3.01895 21.9522
      vertex -82.5 3.9799 2.39166
      vertex -82.5 3.9799 21.6083
    endloop
  endfacet
  facet normal 1 0 0
    outer loop
      vertex -82.5 3.01895 21.9522
      vertex -82.5 3.01895 2.04782
      vertex -82.5 3.9799 2.39166
    endloop
  endfacet
  facet normal 1 0 0
    outer loop
      vertex -82.5 2.02893 22.2002
      vertex -82.5 3.01895 2.04782
      vertex -82.5 3.01895 21.9522
    endloop
  endfacet
  facet normal 1 0 0
    outer loop
      vertex -82.5 2.02893 22.2002
      vertex -82.5 2.02893 1.79984
      vertex -82.5 3.01895 2.04782
    endloop
  endfacet
  facet normal 1 0 0
    outer loop
      vertex -82.5 1.01936 22.3499
      vertex -82.5 2.02893 1.79984
      vertex -82.5 2.02893 22.2002
    endloop
  endfacet
  facet normal 1 0 0
    outer loop
      vertex -82.5 1.01936 22.3499
      vertex -82.5 1.01936 1.65009
      vertex -82.5 2.02893 1.79984
    endloop
  endfacet
  facet normal 1 0 0
    outer loop
      vertex -82.5 0 22.4
      vertex -82.5 1.01936 1.65009
      vertex -82.5 1.01936 22.3499
    endloop
  endfacet
  facet normal 1 0 0
    outer loop
      vertex -82.5 0 22.4
      vertex -82.5 0 1.60001
      vertex -82.5 1.01936 1.65009
    endloop
  endfacet
  facet normal 1 -0 0
    outer loop
      vertex -82.5 -1.01936 22.3499
      vertex -82.5 0 1.60001
      vertex -82.5 0 22.4
    endloop
  endfacet
  facet normal 1 0 0
    outer loop
      vertex -82.5 -1.01936 22.3499
      vertex -82.5 -1.01936 1.65009
      vertex -82.5 0 1.60001
    endloop
  endfacet
  facet normal 1 -0 0
    outer loop
      vertex -82.5 -2.02893 22.2002
      vertex -82.5 -1.01936 1.65009
      vertex -82.5 -1.01936 22.3499
    endloop
  endfacet
  facet normal 1 0 0
    outer loop
      vertex -82.5 -2.02893 22.2002
      vertex -82.5 -2.02893 1.79984
      vertex -82.5 -1.01936 1.65009
    endloop
  endfacet
  facet normal 1 -0 0
    outer loop
      vertex -82.5 -3.01895 21.9522
      vertex -82.5 -2.02893 1.79984
      vertex -82.5 -2.02893 22.2002
    endloop
  endfacet
  facet normal 1 0 0
    outer loop
      vertex -82.5 -3.01895 21.9522
      vertex -82.5 -3.01895 2.04782
      vertex -82.5 -2.02893 1.79984
    endloop
  endfacet
  facet normal 1 -0 0
    outer loop
      vertex -82.5 -3.9799 21.6083
      vertex -82.5 -3.01895 2.04782
      vertex -82.5 -3.01895 21.9522
    endloop
  endfacet
  facet normal 1 0 0
    outer loop
      vertex -82.5 -3.9799 21.6083
      vertex -82.5 -3.9799 2.39166
      vertex -82.5 -3.01895 2.04782
    endloop
  endfacet
  facet normal 1 -0 0
    outer loop
      vertex -82.5 -4.90251 21.172
      vertex -82.5 -3.9799 2.39166
      vertex -82.5 -3.9799 21.6083
    endloop
  endfacet
  facet normal 1 0 0
    outer loop
      vertex -82.5 -4.90251 21.172
      vertex -82.5 -4.90251 2.82803
      vertex -82.5 -3.9799 2.39166
    endloop
  endfacet
  facet normal 1 -0 0
    outer loop
      vertex -82.5 -5.77792 20.6473
      vertex -82.5 -4.90251 2.82803
      vertex -82.5 -4.90251 21.172
    endloop
  endfacet
  facet normal 1 0 0
    outer loop
      vertex -82.5 -5.77792 20.6473
      vertex -82.5 -5.77792 3.35272
      vertex -82.5 -4.90251 2.82803
    endloop
  endfacet
  facet normal 1 -0 0
    outer loop
      vertex -82.5 -6.59769 20.0393
      vertex -82.5 -5.77792 3.35272
      vertex -82.5 -5.77792 20.6473
    endloop
  endfacet
  facet normal 1 0 0
    outer loop
      vertex -82.5 -6.59769 20.0393
      vertex -82.5 -6.59769 3.96069
      vertex -82.5 -5.77792 3.35272
    endloop
  endfacet
  facet normal 1 -0 0
    outer loop
      vertex -82.5 -7.3539 19.3539
      vertex -82.5 -6.59769 3.96069
      vertex -82.5 -6.59769 20.0393
    endloop
  endfacet
  facet normal 1 0 0
    outer loop
      vertex -82.5 -7.3539 19.3539
      vertex -82.5 -7.3539 4.6461
      vertex -82.5 -6.59769 3.96069
    endloop
  endfacet
  facet normal 1 -0 0
    outer loop
      vertex -82.5 -8.03931 18.5977
      vertex -82.5 -7.3539 4.6461
      vertex -82.5 -7.3539 19.3539
    endloop
  endfacet
  facet normal 1 0 0
    outer loop
      vertex -82.5 -8.03931 18.5977
      vertex -82.5 -8.03931 5.40231
      vertex -82.5 -7.3539 4.6461
    endloop
  endfacet
  facet normal 1 -0 0
    outer loop
      vertex -82.5 -8.64728 17.7779
      vertex -82.5 -8.03931 5.40231
      vertex -82.5 -8.03931 18.5977
    endloop
  endfacet
  facet normal 1 0 0
    outer loop
      vertex -82.5 -8.64728 17.7779
      vertex -82.5 -8.64728 6.22208
      vertex -82.5 -8.03931 5.40231
    endloop
  endfacet
  facet normal 1 -0 0
    outer loop
      vertex -82.5 -9.17197 16.9025
      vertex -82.5 -8.64728 6.22208
      vertex -82.5 -8.64728 17.7779
    endloop
  endfacet
  facet normal 1 0 0
    outer loop
      vertex -82.5 -9.17197 16.9025
      vertex -82.5 -9.17197 7.09749
      vertex -82.5 -8.64728 6.22208
    endloop
  endfacet
  facet normal 1 -0 0
    outer loop
      vertex -82.5 -9.60834 15.9799
      vertex -82.5 -9.17197 7.09749
      vertex -82.5 -9.17197 16.9025
    endloop
  endfacet
  facet normal 1 0 0
    outer loop
      vertex -82.5 -9.60834 15.9799
      vertex -82.5 -9.60834 8.0201
      vertex -82.5 -9.17197 7.09749
    endloop
  endfacet
  facet normal 1 -0 0
    outer loop
      vertex -82.5 -9.95218 15.019
      vertex -82.5 -9.60834 8.0201
      vertex -82.5 -9.60834 15.9799
    endloop
  endfacet
  facet normal 1 0 0
    outer loop
      vertex -82.5 -9.95218 15.019
      vertex -82.5 -9.95218 8.98105
      vertex -82.5 -9.60834 8.0201
    endloop
  endfacet
  facet normal 1 -0 0
    outer loop
      vertex -82.5 -10.2002 14.0289
      vertex -82.5 -9.95218 8.98105
      vertex -82.5 -9.95218 15.019
    endloop
  endfacet
  facet normal 1 0 0
    outer loop
      vertex -82.5 -10.2002 14.0289
      vertex -82.5 -10.2002 9.97107
      vertex -82.5 -9.95218 8.98105
    endloop
  endfacet
  facet normal 1 -0 0
    outer loop
      vertex -82.5 -10.3499 13.0194
      vertex -82.5 -10.2002 9.97107
      vertex -82.5 -10.2002 14.0289
    endloop
  endfacet
  facet normal 1 0 0
    outer loop
      vertex -82.5 -10.3499 13.0194
      vertex -82.5 -10.3499 10.9806
      vertex -82.5 -10.2002 9.97107
    endloop
  endfacet
  facet normal 1 0 -0
    outer loop
      vertex -82.5 -10.3499 10.9806
      vertex -82.5 -10.3499 13.0194
      vertex -82.5 -10.4 12
    endloop
  endfacet
  facet normal -1.10951e-06 0.989171 0.146765
    outer loop
      vertex -82.5 -10.2002 9.97107
      vertex -6.41199 -10.3499 10.9806
      vertex -6.37509 -10.313 10.7319
    endloop
  endfacet
  facet normal -1.14876e-06 0.989171 0.146769
    outer loop
      vertex -82.5 -10.2002 9.97107
      vertex -6.37509 -10.313 10.7319
      vertex -6.22011 -10.2212 10.1132
    endloop
  endfacet
  facet normal -0 0.98926 0.146165
    outer loop
      vertex -82.5 -10.2002 9.97107
      vertex -6.22011 -10.2212 10.1132
      vertex -6.16927 -10.2002 9.97107
    endloop
  endfacet
  facet normal 0 0.989184 0.146683
    outer loop
      vertex -6.41199 -10.3499 10.9806
      vertex -82.5 -10.2002 9.97107
      vertex -82.5 -10.3499 10.9806
    endloop
  endfacet
  facet normal 0 0.989184 0.146683
    outer loop
      vertex 57 -10.2002 9.97107
      vertex 6.41199 -10.3499 10.9806
      vertex 57 -10.3499 10.9806
    endloop
  endfacet
  facet normal 1.66713e-06 0.989171 0.146765
    outer loop
      vertex 6.41199 -10.3499 10.9806
      vertex 57 -10.2002 9.97107
      vertex 6.37509 -10.313 10.7319
    endloop
  endfacet
  facet normal 1.72522e-06 0.989171 0.146768
    outer loop
      vertex 6.37509 -10.313 10.7319
      vertex 57 -10.2002 9.97107
      vertex 6.22011 -10.2212 10.1132
    endloop
  endfacet
  facet normal 0 0.98926 0.146165
    outer loop
      vertex 6.22011 -10.2212 10.1132
      vertex 57 -10.2002 9.97107
      vertex 6.16927 -10.2002 9.97107
    endloop
  endfacet
  facet normal -9.28266e-07 0.970007 0.243078
    outer loop
      vertex -82.5 -9.95218 8.98105
      vertex -6.16927 -10.2002 9.97107
      vertex -6.0052 -10.0853 9.51256
    endloop
  endfacet
  facet normal -0 0.970038 0.242952
    outer loop
      vertex -82.5 -9.95218 8.98105
      vertex -6.0052 -10.0853 9.51256
      vertex -5.75382 -9.95218 8.98105
    endloop
  endfacet
  facet normal 0 0.970024 0.243011
    outer loop
      vertex -6.16927 -10.2002 9.97107
      vertex -82.5 -9.95218 8.98105
      vertex -82.5 -10.2002 9.97107
    endloop
  endfacet
  facet normal 0 0.970024 0.243011
    outer loop
      vertex 57 -9.95218 8.98105
      vertex 6.16927 -10.2002 9.97107
      vertex 57 -10.2002 9.97107
    endloop
  endfacet
  facet normal 1.39072e-06 0.970007 0.243078
    outer loop
      vertex 6.16927 -10.2002 9.97107
      vertex 57 -9.95218 8.98105
      vertex 6.0052 -10.0853 9.51256
    endloop
  endfacet
  facet normal 0 0.970038 0.242952
    outer loop
      vertex 6.0052 -10.0853 9.51256
      vertex 57 -9.95218 8.98105
      vertex 5.75382 -9.95218 8.98105
    endloop
  endfacet
  facet normal -1.4276e-06 0.941506 0.336997
    outer loop
      vertex -82.5 -9.60834 8.0201
      vertex -5.75382 -9.95218 8.98105
      vertex -5.73248 -9.93603 8.93593
    endloop
  endfacet
  facet normal 5.9538e-09 0.941544 0.33689
    outer loop
      vertex -82.5 -9.60834 8.0201
      vertex -5.73248 -9.93603 8.93593
      vertex -5.40454 -9.74026 8.38879
    endloop
  endfacet
  facet normal -0 0.941544 0.336891
    outer loop
      vertex -82.5 -9.60834 8.0201
      vertex -5.40454 -9.74026 8.38879
      vertex -5.1311 -9.60834 8.0201
    endloop
  endfacet
  facet normal 0 0.941542 0.336896
    outer loop
      vertex -5.75382 -9.95218 8.98105
      vertex -82.5 -9.60834 8.0201
      vertex -82.5 -9.95218 8.98105
    endloop
  endfacet
  facet normal 0 0.941542 0.336896
    outer loop
      vertex 57 -9.60834 8.0201
      vertex 5.75382 -9.95218 8.98105
      vertex 57 -9.95218 8.98105
    endloop
  endfacet
  facet normal 2.13173e-06 0.941506 0.336996
    outer loop
      vertex 5.75382 -9.95218 8.98105
      vertex 57 -9.60834 8.0201
      vertex 5.73248 -9.93603 8.93593
    endloop
  endfacet
  facet normal -8.88379e-09 0.941544 0.33689
    outer loop
      vertex 5.73248 -9.93603 8.93593
      vertex 57 -9.60834 8.0201
      vertex 5.40454 -9.74026 8.38879
    endloop
  endfacet
  facet normal 0 0.941544 0.336891
    outer loop
      vertex 5.40454 -9.74026 8.38879
      vertex 57 -9.60834 8.0201
      vertex 5.1311 -9.60834 8.0201
    endloop
  endfacet
  facet normal 1.95685e-07 0.903993 0.427548
    outer loop
      vertex -82.5 -9.17197 7.09749
      vertex -5.1311 -9.60834 8.0201
      vertex -5.02457 -9.5404 7.87645
    endloop
  endfacet
  facet normal -4.28804e-08 0.903983 0.427567
    outer loop
      vertex -82.5 -9.17197 7.09749
      vertex -5.02457 -9.5404 7.87645
      vertex -4.59619 -9.31685 7.40381
    endloop
  endfacet
  facet normal -0 0.903988 0.427559
    outer loop
      vertex -82.5 -9.17197 7.09749
      vertex -4.59619 -9.31685 7.40381
      vertex -4.25822 -9.17197 7.09749
    endloop
  endfacet
  facet normal 0 0.903986 0.427561
    outer loop
      vertex -5.1311 -9.60834 8.0201
      vertex -82.5 -9.17197 7.09749
      vertex -82.5 -9.60834 8.0201
    endloop
  endfacet
  facet normal 0 0.903986 0.427561
    outer loop
      vertex 57 -9.17197 7.09749
      vertex 5.1311 -9.60834 8.0201
      vertex 57 -9.60834 8.0201
    endloop
  endfacet
  facet normal -2.90635e-07 0.903993 0.427548
    outer loop
      vertex 5.1311 -9.60834 8.0201
      vertex 57 -9.17197 7.09749
      vertex 5.02457 -9.5404 7.87645
    endloop
  endfacet
  facet normal 6.36363e-08 0.903983 0.427567
    outer loop
      vertex 5.02457 -9.5404 7.87645
      vertex 57 -9.17197 7.09749
      vertex 4.59619 -9.31685 7.40381
    endloop
  endfacet
  facet normal 0 0.903988 0.427559
    outer loop
      vertex 4.59619 -9.31685 7.40381
      vertex 57 -9.17197 7.09749
      vertex 4.25822 -9.17197 7.09749
    endloop
  endfacet
  facet normal -1.18367e-07 0.857729 0.514103
    outer loop
      vertex -82.5 -8.64728 6.22208
      vertex -4.25822 -9.17197 7.09749
      vertex -4.12355 -9.09881 6.97543
    endloop
  endfacet
  facet normal -2.12964e-09 0.857734 0.514094
    outer loop
      vertex -82.5 -8.64728 6.22208
      vertex -4.12355 -9.09881 6.97543
      vertex -3.61121 -8.87107 6.59546
    endloop
  endfacet
  facet normal -6.18483e-08 0.857728 0.514103
    outer loop
      vertex -82.5 -8.64728 6.22208
      vertex -3.61121 -8.87107 6.59546
      vertex -3.06407 -8.67451 6.26752
    endloop
  endfacet
  facet normal -0 0.857776 0.514024
    outer loop
      vertex -82.5 -8.64728 6.22208
      vertex -3.06407 -8.67451 6.26752
      vertex -2.96799 -8.64728 6.22208
    endloop
  endfacet
  facet normal 0 0.857733 0.514095
    outer loop
      vertex -4.25822 -9.17197 7.09749
      vertex -82.5 -8.64728 6.22208
      vertex -82.5 -9.17197 7.09749
    endloop
  endfacet
  facet normal 0 0.857733 0.514095
    outer loop
      vertex 57 -8.64728 6.22208
      vertex 4.25822 -9.17197 7.09749
      vertex 57 -9.17197 7.09749
    endloop
  endfacet
  facet normal 1.74567e-07 0.857729 0.514103
    outer loop
      vertex 4.25822 -9.17197 7.09749
      vertex 57 -8.64728 6.22208
      vertex 4.12355 -9.09881 6.97543
    endloop
  endfacet
  facet normal 3.13732e-09 0.857734 0.514094
    outer loop
      vertex 4.12355 -9.09881 6.97543
      vertex 57 -8.64728 6.22208
      vertex 3.61121 -8.87107 6.59546
    endloop
  endfacet
  facet normal 9.10482e-08 0.857728 0.514103
    outer loop
      vertex 3.61121 -8.87107 6.59546
      vertex 57 -8.64728 6.22208
      vertex 3.06407 -8.67451 6.26752
    endloop
  endfacet
  facet normal 0 0.857776 0.514024
    outer loop
      vertex 3.06407 -8.67451 6.26752
      vertex 57 -8.64728 6.22208
      vertex 2.96799 -8.64728 6.22208
    endloop
  endfacet
  facet normal 0 0.803214 0.595691
    outer loop
      vertex 57 -8.03931 5.40231
      vertex 2.96799 -8.64728 6.22208
      vertex 57 -8.64728 6.22208
    endloop
  endfacet
  facet normal 6.39815e-08 0.803212 0.595694
    outer loop
      vertex 2.96799 -8.64728 6.22208
      vertex 57 -8.03931 5.40231
      vertex 2.48744 -8.47872 5.9948
    endloop
  endfacet
  facet normal 2.24769e-07 0.803204 0.595703
    outer loop
      vertex 2.48744 -8.47872 5.9948
      vertex 57 -8.03931 5.40231
      vertex 1.88684 -8.31933 5.77989
    endloop
  endfacet
  facet normal 1.41474e-07 0.80321 0.595696
    outer loop
      vertex 1.88684 -8.31933 5.77989
      vertex 57 -8.03931 5.40231
      vertex 1.26808 -8.20439 5.62491
    endloop
  endfacet
  facet normal -1.23254e-07 0.803242 0.595653
    outer loop
      vertex 1.26808 -8.20439 5.62491
      vertex 57 -8.03931 5.40231
      vertex 0.6371 -8.13498 5.53131
    endloop
  endfacet
  facet normal -2.07447e-08 0.803221 0.595682
    outer loop
      vertex 0.6371 -8.13498 5.53131
      vertex 57 -8.03931 5.40231
      vertex 0 -8.11176 5.5
    endloop
  endfacet
  facet normal -4.39049e-08 0.803212 0.595694
    outer loop
      vertex -82.5 -8.03931 5.40231
      vertex -2.96799 -8.64728 6.22208
      vertex -2.48744 -8.47872 5.9948
    endloop
  endfacet
  facet normal -1.54588e-07 0.803204 0.595704
    outer loop
      vertex -82.5 -8.03931 5.40231
      vertex -2.48744 -8.47872 5.9948
      vertex -1.88684 -8.31933 5.77989
    endloop
  endfacet
  facet normal -9.75435e-08 0.80321 0.595696
    outer loop
      vertex -82.5 -8.03931 5.40231
      vertex -1.88684 -8.31933 5.77989
      vertex -1.26808 -8.20439 5.62491
    endloop
  endfacet
  facet normal 8.52641e-08 0.803242 0.595653
    outer loop
      vertex -82.5 -8.03931 5.40231
      vertex -1.26808 -8.20439 5.62491
      vertex -0.6371 -8.13498 5.53131
    endloop
  endfacet
  facet normal 1.44836e-08 0.803221 0.595682
    outer loop
      vertex -82.5 -8.03931 5.40231
      vertex -0.6371 -8.13498 5.53131
      vertex 0 -8.11176 5.5
    endloop
  endfacet
  facet normal 0 0.803214 0.595691
    outer loop
      vertex -2.96799 -8.64728 6.22208
      vertex -82.5 -8.03931 5.40231
      vertex -82.5 -8.64728 6.22208
    endloop
  endfacet
  facet normal -0 0.803215 0.59569
    outer loop
      vertex -82.5 -8.03931 5.40231
      vertex 0 -8.11176 5.5
      vertex 57 -8.03931 5.40231
    endloop
  endfacet
  facet normal 0 0.740941 0.67157
    outer loop
      vertex 57 -7.3539 4.6461
      vertex -82.5 -8.03931 5.40231
      vertex 57 -8.03931 5.40231
    endloop
  endfacet
  facet normal 0 0.740941 0.67157
    outer loop
      vertex -82.5 -8.03931 5.40231
      vertex 57 -7.3539 4.6461
      vertex -82.5 -7.3539 4.6461
    endloop
  endfacet
  facet normal -0 0.67157 0.740941
    outer loop
      vertex -82.5 -6.59769 3.96069
      vertex 57 -7.3539 4.6461
      vertex 57 -6.59769 3.96069
    endloop
  endfacet
  facet normal 0 0.67157 0.740941
    outer loop
      vertex 57 -7.3539 4.6461
      vertex -82.5 -6.59769 3.96069
      vertex -82.5 -7.3539 4.6461
    endloop
  endfacet
  facet normal -0 0.595691 0.803214
    outer loop
      vertex -82.5 -5.77792 3.35272
      vertex 57 -6.59769 3.96069
      vertex 57 -5.77792 3.35272
    endloop
  endfacet
  facet normal 0 0.595691 0.803214
    outer loop
      vertex 57 -6.59769 3.96069
      vertex -82.5 -5.77792 3.35272
      vertex -82.5 -6.59769 3.96069
    endloop
  endfacet
  facet normal -0 0.514095 0.857733
    outer loop
      vertex -82.5 -4.90251 2.82803
      vertex 57 -5.77792 3.35272
      vertex 57 -4.90251 2.82803
    endloop
  endfacet
  facet normal 0 0.514095 0.857733
    outer loop
      vertex 57 -5.77792 3.35272
      vertex -82.5 -4.90251 2.82803
      vertex -82.5 -5.77792 3.35272
    endloop
  endfacet
  facet normal -0 0.427561 0.903986
    outer loop
      vertex -82.5 -3.9799 2.39166
      vertex 57 -4.90251 2.82803
      vertex 57 -3.9799 2.39166
    endloop
  endfacet
  facet normal 0 0.427561 0.903986
    outer loop
      vertex 57 -4.90251 2.82803
      vertex -82.5 -3.9799 2.39166
      vertex -82.5 -4.90251 2.82803
    endloop
  endfacet
  facet normal -0 0.336896 0.941542
    outer loop
      vertex -82.5 -3.01895 2.04782
      vertex 57 -3.9799 2.39166
      vertex 57 -3.01895 2.04782
    endloop
  endfacet
  facet normal 0 0.336896 0.941542
    outer loop
      vertex 57 -3.9799 2.39166
      vertex -82.5 -3.01895 2.04782
      vertex -82.5 -3.9799 2.39166
    endloop
  endfacet
  facet normal -0 0.242974 0.970033
    outer loop
      vertex -82.5 -2.02893 1.79984
      vertex 57 -3.01895 2.04782
      vertex 57 -2.02893 1.79984
    endloop
  endfacet
  facet normal 0 0.242974 0.970033
    outer loop
      vertex 57 -3.01895 2.04782
      vertex -82.5 -2.02893 1.79984
      vertex -82.5 -3.01895 2.04782
    endloop
  endfacet
  facet normal -0 0.146725 0.989177
    outer loop
      vertex -82.5 -1.01936 1.65009
      vertex 57 -2.02893 1.79984
      vertex 57 -1.01936 1.65009
    endloop
  endfacet
  facet normal 0 0.146725 0.989177
    outer loop
      vertex 57 -2.02893 1.79984
      vertex -82.5 -1.01936 1.65009
      vertex -82.5 -2.02893 1.79984
    endloop
  endfacet
  facet normal -0 0.0490697 0.998795
    outer loop
      vertex -82.5 0 1.60001
      vertex 57 -1.01936 1.65009
      vertex 57 0 1.60001
    endloop
  endfacet
  facet normal 0 0.0490697 0.998795
    outer loop
      vertex 57 -1.01936 1.65009
      vertex -82.5 0 1.60001
      vertex -82.5 -1.01936 1.65009
    endloop
  endfacet
  facet normal 0 -0.0490697 0.998795
    outer loop
      vertex -82.5 1.01936 1.65009
      vertex 57 0 1.60001
      vertex 57 1.01936 1.65009
    endloop
  endfacet
  facet normal 0 -0.0490697 0.998795
    outer loop
      vertex 57 0 1.60001
      vertex -82.5 1.01936 1.65009
      vertex -82.5 0 1.60001
    endloop
  endfacet
  facet normal 0 -0.146725 0.989177
    outer loop
      vertex -82.5 2.02893 1.79984
      vertex 57 1.01936 1.65009
      vertex 57 2.02893 1.79984
    endloop
  endfacet
  facet normal 0 -0.146725 0.989177
    outer loop
      vertex 57 1.01936 1.65009
      vertex -82.5 2.02893 1.79984
      vertex -82.5 1.01936 1.65009
    endloop
  endfacet
  facet normal 0 -0.242974 0.970033
    outer loop
      vertex -82.5 3.01895 2.04782
      vertex 57 2.02893 1.79984
      vertex 57 3.01895 2.04782
    endloop
  endfacet
  facet normal 0 -0.242974 0.970033
    outer loop
      vertex 57 2.02893 1.79984
      vertex -82.5 3.01895 2.04782
      vertex -82.5 2.02893 1.79984
    endloop
  endfacet
  facet normal 0 -0.336896 0.941542
    outer loop
      vertex -82.5 3.9799 2.39166
      vertex 57 3.01895 2.04782
      vertex 57 3.9799 2.39166
    endloop
  endfacet
  facet normal 0 -0.336896 0.941542
    outer loop
      vertex 57 3.01895 2.04782
      vertex -82.5 3.9799 2.39166
      vertex -82.5 3.01895 2.04782
    endloop
  endfacet
  facet normal 0 -0.427561 0.903986
    outer loop
      vertex -82.5 4.90251 2.82803
      vertex 57 3.9799 2.39166
      vertex 57 4.90251 2.82803
    endloop
  endfacet
  facet normal 0 -0.427561 0.903986
    outer loop
      vertex 57 3.9799 2.39166
      vertex -82.5 4.90251 2.82803
      vertex -82.5 3.9799 2.39166
    endloop
  endfacet
  facet normal 0 -0.514095 0.857733
    outer loop
      vertex -82.5 5.77792 3.35272
      vertex 57 4.90251 2.82803
      vertex 57 5.77792 3.35272
    endloop
  endfacet
  facet normal 0 -0.514095 0.857733
    outer loop
      vertex 57 4.90251 2.82803
      vertex -82.5 5.77792 3.35272
      vertex -82.5 4.90251 2.82803
    endloop
  endfacet
  facet normal 0 -0.595691 0.803214
    outer loop
      vertex -82.5 6.59769 3.96069
      vertex 57 5.77792 3.35272
      vertex 57 6.59769 3.96069
    endloop
  endfacet
  facet normal 0 -0.595691 0.803214
    outer loop
      vertex 57 5.77792 3.35272
      vertex -82.5 6.59769 3.96069
      vertex -82.5 5.77792 3.35272
    endloop
  endfacet
  facet normal 0 -0.67157 0.740941
    outer loop
      vertex -82.5 7.3539 4.6461
      vertex 57 6.59769 3.96069
      vertex 57 7.3539 4.6461
    endloop
  endfacet
  facet normal 0 -0.67157 0.740941
    outer loop
      vertex 57 6.59769 3.96069
      vertex -82.5 7.3539 4.6461
      vertex -82.5 6.59769 3.96069
    endloop
  endfacet
  facet normal 0 -0.764911 0.644136
    outer loop
      vertex -82.5 7.3539 4.6461
      vertex 57 7.35406 4.64629
      vertex -82.5 7.35406 4.64629
    endloop
  endfacet
  facet normal 0 -0.764911 0.644136
    outer loop
      vertex 57 7.35406 4.64629
      vertex -82.5 7.3539 4.6461
      vertex 57 7.3539 4.6461
    endloop
  endfacet
  facet normal 0 -0.479836 0.877358
    outer loop
      vertex -82.5 12 7.1872
      vertex 57 7.35406 4.64629
      vertex 57 12 7.1872
    endloop
  endfacet
  facet normal 0 -0.479836 0.877358
    outer loop
      vertex 57 7.35406 4.64629
      vertex -82.5 12 7.1872
      vertex -82.5 7.35406 4.64629
    endloop
  endfacet
  facet normal 0 -0.479834 -0.877359
    outer loop
      vertex -82.5 7.35406 19.3537
      vertex 57 12 16.8128
      vertex 57 7.35406 19.3537
    endloop
  endfacet
  facet normal -0 -0.479834 -0.877359
    outer loop
      vertex 57 12 16.8128
      vertex -82.5 7.35406 19.3537
      vertex -82.5 12 16.8128
    endloop
  endfacet
  facet normal 0 -0.780869 -0.624695
    outer loop
      vertex -82.5 7.35406 19.3537
      vertex 57 7.3539 19.3539
      vertex -82.5 7.3539 19.3539
    endloop
  endfacet
  facet normal 0 -0.780869 -0.624695
    outer loop
      vertex 57 7.3539 19.3539
      vertex -82.5 7.35406 19.3537
      vertex 57 7.35406 19.3537
    endloop
  endfacet
  facet normal 0 -0.671565 -0.740946
    outer loop
      vertex -82.5 6.59769 20.0393
      vertex 57 7.3539 19.3539
      vertex 57 6.59769 20.0393
    endloop
  endfacet
  facet normal -0 -0.671565 -0.740946
    outer loop
      vertex 57 7.3539 19.3539
      vertex -82.5 6.59769 20.0393
      vertex -82.5 7.3539 19.3539
    endloop
  endfacet
  facet normal 0 -0.59571 -0.8032
    outer loop
      vertex -82.5 5.77792 20.6473
      vertex 57 6.59769 20.0393
      vertex 57 5.77792 20.6473
    endloop
  endfacet
  facet normal -0 -0.59571 -0.8032
    outer loop
      vertex 57 6.59769 20.0393
      vertex -82.5 5.77792 20.6473
      vertex -82.5 6.59769 20.0393
    endloop
  endfacet
  facet normal 0 -0.514102 -0.857729
    outer loop
      vertex -82.5 4.90251 21.172
      vertex 57 5.77792 20.6473
      vertex 57 4.90251 21.172
    endloop
  endfacet
  facet normal -0 -0.514102 -0.857729
    outer loop
      vertex 57 5.77792 20.6473
      vertex -82.5 4.90251 21.172
      vertex -82.5 5.77792 20.6473
    endloop
  endfacet
  facet normal 0 -0.427505 -0.904013
    outer loop
      vertex -82.5 3.9799 21.6083
      vertex 57 4.90251 21.172
      vertex 57 3.9799 21.6083
    endloop
  endfacet
  facet normal -0 -0.427505 -0.904013
    outer loop
      vertex 57 4.90251 21.172
      vertex -82.5 3.9799 21.6083
      vertex -82.5 4.90251 21.172
    endloop
  endfacet
  facet normal 0 -0.336948 -0.941523
    outer loop
      vertex -82.5 3.01895 21.9522
      vertex 57 3.9799 21.6083
      vertex 57 3.01895 21.9522
    endloop
  endfacet
  facet normal -0 -0.336948 -0.941523
    outer loop
      vertex 57 3.9799 21.6083
      vertex -82.5 3.01895 21.9522
      vertex -82.5 3.9799 21.6083
    endloop
  endfacet
  facet normal 0 -0.242992 -0.970028
    outer loop
      vertex -82.5 2.02893 22.2002
      vertex 57 3.01895 21.9522
      vertex 57 2.02893 22.2002
    endloop
  endfacet
  facet normal -0 -0.242992 -0.970028
    outer loop
      vertex 57 3.01895 21.9522
      vertex -82.5 2.02893 22.2002
      vertex -82.5 3.01895 21.9522
    endloop
  endfacet
  facet normal 0 -0.146677 -0.989184
    outer loop
      vertex -82.5 1.01936 22.3499
      vertex 57 2.02893 22.2002
      vertex 57 1.01936 22.3499
    endloop
  endfacet
  facet normal -0 -0.146677 -0.989184
    outer loop
      vertex 57 2.02893 22.2002
      vertex -82.5 1.01936 22.3499
      vertex -82.5 2.02893 22.2002
    endloop
  endfacet
  facet normal 0 -0.0490892 -0.998794
    outer loop
      vertex 1.42197 0 22.4
      vertex 57 1.01936 22.3499
      vertex 57 0 22.4
    endloop
  endfacet
  facet normal 0 -0.0490892 -0.998794
    outer loop
      vertex -1.42197 0 22.4
      vertex 57 1.01936 22.3499
      vertex 1.42197 0 22.4
    endloop
  endfacet
  facet normal 0 -0.0490892 -0.998794
    outer loop
      vertex -82.5 1.01936 22.3499
      vertex -1.42197 0 22.4
      vertex -82.5 0 22.4
    endloop
  endfacet
  facet normal 0 -0.0490892 -0.998794
    outer loop
      vertex -1.42197 0 22.4
      vertex -82.5 1.01936 22.3499
      vertex 57 1.01936 22.3499
    endloop
  endfacet
  facet normal 0 0.0490892 -0.998794
    outer loop
      vertex -82.5 0 22.4
      vertex -1.44936 -1.01936 22.3499
      vertex -82.5 -1.01936 22.3499
    endloop
  endfacet
  facet normal 0 0.0490892 -0.998794
    outer loop
      vertex -1.44936 -1.01936 22.3499
      vertex -82.5 0 22.4
      vertex -1.42197 0 22.4
    endloop
  endfacet
  facet normal 0 0.0490892 -0.998794
    outer loop
      vertex 1.44936 -1.01936 22.3499
      vertex 57 0 22.4
      vertex 57 -1.01936 22.3499
    endloop
  endfacet
  facet normal 0 0.0490892 -0.998794
    outer loop
      vertex 57 0 22.4
      vertex 1.44936 -1.01936 22.3499
      vertex 1.42197 0 22.4
    endloop
  endfacet
  facet normal 0 0.146677 -0.989184
    outer loop
      vertex -82.5 -1.01936 22.3499
      vertex -1.53126 -2.02893 22.2002
      vertex -82.5 -2.02893 22.2002
    endloop
  endfacet
  facet normal 0 0.146677 -0.989184
    outer loop
      vertex -1.53126 -2.02893 22.2002
      vertex -82.5 -1.01936 22.3499
      vertex -1.44936 -1.01936 22.3499
    endloop
  endfacet
  facet normal 0 0.146677 -0.989184
    outer loop
      vertex 1.53126 -2.02893 22.2002
      vertex 57 -1.01936 22.3499
      vertex 57 -2.02893 22.2002
    endloop
  endfacet
  facet normal 0 0.146677 -0.989184
    outer loop
      vertex 57 -1.01936 22.3499
      vertex 1.53126 -2.02893 22.2002
      vertex 1.44936 -1.01936 22.3499
    endloop
  endfacet
  facet normal 0 0.242992 -0.970028
    outer loop
      vertex -82.5 -2.02893 22.2002
      vertex -1.66688 -3.01895 21.9522
      vertex -82.5 -3.01895 21.9522
    endloop
  endfacet
  facet normal 0 0.242992 -0.970028
    outer loop
      vertex -1.66688 -3.01895 21.9522
      vertex -82.5 -2.02893 22.2002
      vertex -1.53126 -2.02893 22.2002
    endloop
  endfacet
  facet normal 0 0.242992 -0.970028
    outer loop
      vertex 1.66688 -3.01895 21.9522
      vertex 57 -2.02893 22.2002
      vertex 57 -3.01895 21.9522
    endloop
  endfacet
  facet normal 0 0.242992 -0.970028
    outer loop
      vertex 57 -2.02893 22.2002
      vertex 1.66688 -3.01895 21.9522
      vertex 1.53126 -2.02893 22.2002
    endloop
  endfacet
  facet normal 0 0.336948 -0.941523
    outer loop
      vertex -82.5 -3.01895 21.9522
      vertex -1.85493 -3.9799 21.6083
      vertex -82.5 -3.9799 21.6083
    endloop
  endfacet
  facet normal 0 0.336948 -0.941523
    outer loop
      vertex -1.85493 -3.9799 21.6083
      vertex -82.5 -3.01895 21.9522
      vertex -1.66688 -3.01895 21.9522
    endloop
  endfacet
  facet normal 0 0.336948 -0.941523
    outer loop
      vertex 1.85493 -3.9799 21.6083
      vertex 57 -3.01895 21.9522
      vertex 57 -3.9799 21.6083
    endloop
  endfacet
  facet normal 0 0.336948 -0.941523
    outer loop
      vertex 57 -3.01895 21.9522
      vertex 1.85493 -3.9799 21.6083
      vertex 1.66688 -3.01895 21.9522
    endloop
  endfacet
  facet normal 0 0.427505 -0.904013
    outer loop
      vertex -82.5 -3.9799 21.6083
      vertex -2.09359 -4.90251 21.172
      vertex -82.5 -4.90251 21.172
    endloop
  endfacet
  facet normal 0 0.427505 -0.904013
    outer loop
      vertex -2.09359 -4.90251 21.172
      vertex -82.5 -3.9799 21.6083
      vertex -1.85493 -3.9799 21.6083
    endloop
  endfacet
  facet normal 0 0.427505 -0.904013
    outer loop
      vertex 2.09359 -4.90251 21.172
      vertex 57 -3.9799 21.6083
      vertex 57 -4.90251 21.172
    endloop
  endfacet
  facet normal 0 0.427505 -0.904013
    outer loop
      vertex 57 -3.9799 21.6083
      vertex 2.09359 -4.90251 21.172
      vertex 1.85493 -3.9799 21.6083
    endloop
  endfacet
  facet normal 0 0.514102 -0.857729
    outer loop
      vertex -82.5 -4.90251 21.172
      vertex -2.38054 -5.77792 20.6473
      vertex -82.5 -5.77792 20.6473
    endloop
  endfacet
  facet normal 0 0.514102 -0.857729
    outer loop
      vertex -2.38054 -5.77792 20.6473
      vertex -82.5 -4.90251 21.172
      vertex -2.09359 -4.90251 21.172
    endloop
  endfacet
  facet normal 0 0.514102 -0.857729
    outer loop
      vertex 2.38054 -5.77792 20.6473
      vertex 57 -4.90251 21.172
      vertex 57 -5.77792 20.6473
    endloop
  endfacet
  facet normal 0 0.514102 -0.857729
    outer loop
      vertex 57 -4.90251 21.172
      vertex 2.38054 -5.77792 20.6473
      vertex 2.09359 -4.90251 21.172
    endloop
  endfacet
  facet normal 0 0.59571 -0.8032
    outer loop
      vertex -82.5 -5.77792 20.6473
      vertex -2.71305 -6.59769 20.0393
      vertex -82.5 -6.59769 20.0393
    endloop
  endfacet
  facet normal 0 0.59571 -0.8032
    outer loop
      vertex -2.71305 -6.59769 20.0393
      vertex -82.5 -5.77792 20.6473
      vertex -2.38054 -5.77792 20.6473
    endloop
  endfacet
  facet normal 0 0.59571 -0.8032
    outer loop
      vertex 2.71305 -6.59769 20.0393
      vertex 57 -5.77792 20.6473
      vertex 57 -6.59769 20.0393
    endloop
  endfacet
  facet normal 0 0.59571 -0.8032
    outer loop
      vertex 57 -5.77792 20.6473
      vertex 2.71305 -6.59769 20.0393
      vertex 2.38054 -5.77792 20.6473
    endloop
  endfacet
  facet normal 0 0.671565 -0.740946
    outer loop
      vertex -82.5 -6.59769 20.0393
      vertex -3.08791 -7.3539 19.3539
      vertex -82.5 -7.3539 19.3539
    endloop
  endfacet
  facet normal 0 0.671565 -0.740946
    outer loop
      vertex -3.08791 -7.3539 19.3539
      vertex -82.5 -6.59769 20.0393
      vertex -2.71305 -6.59769 20.0393
    endloop
  endfacet
  facet normal 0 0.671565 -0.740946
    outer loop
      vertex 3.08791 -7.3539 19.3539
      vertex 57 -6.59769 20.0393
      vertex 57 -7.3539 19.3539
    endloop
  endfacet
  facet normal 0 0.671565 -0.740946
    outer loop
      vertex 57 -6.59769 20.0393
      vertex 3.08791 -7.3539 19.3539
      vertex 2.71305 -6.59769 20.0393
    endloop
  endfacet
  facet normal 0 0.740936 -0.671575
    outer loop
      vertex -3.50148 -8.03931 18.5977
      vertex -82.5 -7.3539 19.3539
      vertex -3.08791 -7.3539 19.3539
    endloop
  endfacet
  facet normal 0 0.740936 -0.671575
    outer loop
      vertex -82.5 -7.3539 19.3539
      vertex -3.50148 -8.03931 18.5977
      vertex -82.5 -8.03931 18.5977
    endloop
  endfacet
  facet normal 0 0.740936 -0.671575
    outer loop
      vertex 3.50148 -8.03931 18.5977
      vertex 57 -7.3539 19.3539
      vertex 57 -8.03931 18.5977
    endloop
  endfacet
  facet normal 0 0.740936 -0.671575
    outer loop
      vertex 57 -7.3539 19.3539
      vertex 3.50148 -8.03931 18.5977
      vertex 3.08791 -7.3539 19.3539
    endloop
  endfacet
  facet normal 0 0.803224 -0.595677
    outer loop
      vertex -3.94982 -8.64728 17.7779
      vertex -82.5 -8.03931 18.5977
      vertex -3.50148 -8.03931 18.5977
    endloop
  endfacet
  facet normal 0 0.803224 -0.595677
    outer loop
      vertex -82.5 -8.03931 18.5977
      vertex -3.94982 -8.64728 17.7779
      vertex -82.5 -8.64728 17.7779
    endloop
  endfacet
  facet normal 0 0.803224 -0.595677
    outer loop
      vertex 3.94982 -8.64728 17.7779
      vertex 57 -8.03931 18.5977
      vertex 57 -8.64728 17.7779
    endloop
  endfacet
  facet normal 0 0.803224 -0.595677
    outer loop
      vertex 57 -8.03931 18.5977
      vertex 3.94982 -8.64728 17.7779
      vertex 3.50148 -8.03931 18.5977
    endloop
  endfacet
  facet normal 0 0.857731 -0.514099
    outer loop
      vertex -4.42859 -9.17197 16.9025
      vertex -82.5 -8.64728 17.7779
      vertex -3.94982 -8.64728 17.7779
    endloop
  endfacet
  facet normal 0 0.857731 -0.514099
    outer loop
      vertex -82.5 -8.64728 17.7779
      vertex -4.42859 -9.17197 16.9025
      vertex -82.5 -9.17197 16.9025
    endloop
  endfacet
  facet normal 0 0.857731 -0.514099
    outer loop
      vertex 4.42859 -9.17197 16.9025
      vertex 57 -8.64728 17.7779
      vertex 57 -9.17197 16.9025
    endloop
  endfacet
  facet normal 0 0.857731 -0.514099
    outer loop
      vertex 57 -8.64728 17.7779
      vertex 4.42859 -9.17197 16.9025
      vertex 3.94982 -8.64728 17.7779
    endloop
  endfacet
  facet normal -0.000225217 0.904039 -0.42745
    outer loop
      vertex -5.02457 -9.5404 16.1236
      vertex -4.42859 -9.17197 16.9025
      vertex -4.59605 -9.31679 16.5963
    endloop
  endfacet
  facet normal 0 0.903972 -0.427591
    outer loop
      vertex -4.42859 -9.17197 16.9025
      vertex -5.02457 -9.5404 16.1236
      vertex -82.5 -9.17197 16.9025
    endloop
  endfacet
  facet normal 2.00901e-06 0.90405 -0.427428
    outer loop
      vertex -5.1311 -9.60834 15.9799
      vertex -82.5 -9.17197 16.9025
      vertex -5.02457 -9.5404 16.1236
    endloop
  endfacet
  facet normal 0 0.903984 -0.427565
    outer loop
      vertex -82.5 -9.17197 16.9025
      vertex -5.1311 -9.60834 15.9799
      vertex -82.5 -9.60834 15.9799
    endloop
  endfacet
  facet normal 0 0.903972 -0.427591
    outer loop
      vertex 5.02457 -9.5404 16.1236
      vertex 4.42859 -9.17197 16.9025
      vertex 57 -9.17197 16.9025
    endloop
  endfacet
  facet normal 0.000225217 0.904039 -0.42745
    outer loop
      vertex 4.42859 -9.17197 16.9025
      vertex 5.02457 -9.5404 16.1236
      vertex 4.59605 -9.31679 16.5963
    endloop
  endfacet
  facet normal 0 0.903984 -0.427565
    outer loop
      vertex 5.1311 -9.60834 15.9799
      vertex 57 -9.17197 16.9025
      vertex 57 -9.60834 15.9799
    endloop
  endfacet
  facet normal -2.98383e-06 0.904049 -0.427428
    outer loop
      vertex 57 -9.17197 16.9025
      vertex 5.1311 -9.60834 15.9799
      vertex 5.02457 -9.5404 16.1236
    endloop
  endfacet
  facet normal 0 0.941546 -0.336883
    outer loop
      vertex -5.40454 -9.74026 15.6112
      vertex -82.5 -9.60834 15.9799
      vertex -5.1311 -9.60834 15.9799
    endloop
  endfacet
  facet normal -1.55076e-07 0.941536 -0.336912
    outer loop
      vertex -5.73248 -9.93603 15.0641
      vertex -82.5 -9.60834 15.9799
      vertex -5.40454 -9.74026 15.6112
    endloop
  endfacet
  facet normal -3.06928e-06 0.941459 -0.337128
    outer loop
      vertex -5.75382 -9.95218 15.019
      vertex -82.5 -9.60834 15.9799
      vertex -5.73248 -9.93603 15.0641
    endloop
  endfacet
  facet normal 0 0.941536 -0.336911
    outer loop
      vertex -82.5 -9.60834 15.9799
      vertex -5.75382 -9.95218 15.019
      vertex -82.5 -9.95218 15.019
    endloop
  endfacet
  facet normal 0 0.941546 -0.336883
    outer loop
      vertex 57 -9.60834 15.9799
      vertex 5.40454 -9.74026 15.6112
      vertex 5.1311 -9.60834 15.9799
    endloop
  endfacet
  facet normal 2.31392e-07 0.941536 -0.336912
    outer loop
      vertex 57 -9.60834 15.9799
      vertex 5.73248 -9.93603 15.0641
      vertex 5.40454 -9.74026 15.6112
    endloop
  endfacet
  facet normal 0 0.941536 -0.336911
    outer loop
      vertex 5.75382 -9.95218 15.019
      vertex 57 -9.60834 15.9799
      vertex 57 -9.95218 15.019
    endloop
  endfacet
  facet normal 4.58312e-06 0.941459 -0.337128
    outer loop
      vertex 57 -9.60834 15.9799
      vertex 5.75382 -9.95218 15.019
      vertex 5.73248 -9.93603 15.0641
    endloop
  endfacet
  facet normal 0 0.970048 -0.242913
    outer loop
      vertex -6.0052 -10.0853 14.4874
      vertex -82.5 -9.95218 15.019
      vertex -5.75382 -9.95218 15.019
    endloop
  endfacet
  facet normal -1.2503e-06 0.970006 -0.243083
    outer loop
      vertex -6.16927 -10.2002 14.0289
      vertex -82.5 -9.95218 15.019
      vertex -6.0052 -10.0853 14.4874
    endloop
  endfacet
  facet normal 0 0.970028 -0.242992
    outer loop
      vertex -82.5 -9.95218 15.019
      vertex -6.16927 -10.2002 14.0289
      vertex -82.5 -10.2002 14.0289
    endloop
  endfacet
  facet normal 0 0.970048 -0.242913
    outer loop
      vertex 57 -9.95218 15.019
      vertex 6.0052 -10.0853 14.4874
      vertex 5.75382 -9.95218 15.019
    endloop
  endfacet
  facet normal 0 0.970028 -0.242992
    outer loop
      vertex 6.16927 -10.2002 14.0289
      vertex 57 -9.95218 15.019
      vertex 57 -10.2002 14.0289
    endloop
  endfacet
  facet normal 1.87319e-06 0.970006 -0.243083
    outer loop
      vertex 57 -9.95218 15.019
      vertex 6.16927 -10.2002 14.0289
      vertex 6.0052 -10.0853 14.4874
    endloop
  endfacet
  facet normal 0 0.989256 -0.146195
    outer loop
      vertex -6.22011 -10.2212 13.8868
      vertex -82.5 -10.2002 14.0289
      vertex -6.16927 -10.2002 14.0289
    endloop
  endfacet
  facet normal -1.09106e-06 0.989171 -0.146769
    outer loop
      vertex -6.37509 -10.313 13.2681
      vertex -82.5 -10.2002 14.0289
      vertex -6.22011 -10.2212 13.8868
    endloop
  endfacet
  facet normal -1.05176e-06 0.989171 -0.146765
    outer loop
      vertex -6.41199 -10.3499 13.0194
      vertex -82.5 -10.2002 14.0289
      vertex -6.37509 -10.313 13.2681
    endloop
  endfacet
  facet normal 0 0.989183 -0.146687
    outer loop
      vertex -82.5 -10.2002 14.0289
      vertex -6.41199 -10.3499 13.0194
      vertex -82.5 -10.3499 13.0194
    endloop
  endfacet
  facet normal 0 0.989256 -0.146195
    outer loop
      vertex 57 -10.2002 14.0289
      vertex 6.22011 -10.2212 13.8868
      vertex 6.16927 -10.2002 14.0289
    endloop
  endfacet
  facet normal 1.63857e-06 0.989171 -0.146768
    outer loop
      vertex 57 -10.2002 14.0289
      vertex 6.37509 -10.313 13.2681
      vertex 6.22011 -10.2212 13.8868
    endloop
  endfacet
  facet normal 0 0.989183 -0.146687
    outer loop
      vertex 6.41199 -10.3499 13.0194
      vertex 57 -10.2002 14.0289
      vertex 57 -10.3499 13.0194
    endloop
  endfacet
  facet normal 1.58036e-06 0.989171 -0.146765
    outer loop
      vertex 57 -10.2002 14.0289
      vertex 6.41199 -10.3499 13.0194
      vertex 6.37509 -10.313 13.2681
    endloop
  endfacet
  facet normal 0 0.998793 -0.0491167
    outer loop
      vertex -6.46869 -10.3687 12.6371
      vertex -82.5 -10.3499 13.0194
      vertex -6.41199 -10.3499 13.0194
    endloop
  endfacet
  facet normal 2.36859e-07 0.998795 -0.0490697
    outer loop
      vertex -6.5 -10.4 12
      vertex -82.5 -10.3499 13.0194
      vertex -6.46869 -10.3687 12.6371
    endloop
  endfacet
  facet normal 0 0.998794 -0.0490873
    outer loop
      vertex -82.5 -10.3499 13.0194
      vertex -6.5 -10.4 12
      vertex -82.5 -10.4 12
    endloop
  endfacet
  facet normal 0 0.998793 -0.0491167
    outer loop
      vertex 57 -10.3499 13.0194
      vertex 6.46869 -10.3687 12.6371
      vertex 6.41199 -10.3499 13.0194
    endloop
  endfacet
  facet normal 0 0.998794 -0.0490873
    outer loop
      vertex 6.5 -10.4 12
      vertex 57 -10.3499 13.0194
      vertex 57 -10.4 12
    endloop
  endfacet
  facet normal -3.56342e-07 0.998795 -0.0490697
    outer loop
      vertex 57 -10.3499 13.0194
      vertex 6.5 -10.4 12
      vertex 6.46869 -10.3687 12.6371
    endloop
  endfacet
  facet normal 2.36859e-07 0.998795 0.0490697
    outer loop
      vertex -82.5 -10.3499 10.9806
      vertex -6.5 -10.4 12
      vertex -6.46869 -10.3687 11.3629
    endloop
  endfacet
  facet normal -0 0.998793 0.0491167
    outer loop
      vertex -82.5 -10.3499 10.9806
      vertex -6.46869 -10.3687 11.3629
      vertex -6.41199 -10.3499 10.9806
    endloop
  endfacet
  facet normal 0 0.998794 0.0490873
    outer loop
      vertex -6.5 -10.4 12
      vertex -82.5 -10.3499 10.9806
      vertex -82.5 -10.4 12
    endloop
  endfacet
  facet normal 0 0.998794 0.0490873
    outer loop
      vertex 57 -10.3499 10.9806
      vertex 6.5 -10.4 12
      vertex 57 -10.4 12
    endloop
  endfacet
  facet normal -3.56342e-07 0.998795 0.0490697
    outer loop
      vertex 6.5 -10.4 12
      vertex 57 -10.3499 10.9806
      vertex 6.46869 -10.3687 11.3629
    endloop
  endfacet
  facet normal 0 0.998793 0.0491167
    outer loop
      vertex 6.46869 -10.3687 11.3629
      vertex 57 -10.3499 10.9806
      vertex 6.41199 -10.3499 10.9806
    endloop
  endfacet
  facet normal 1 -0 0
    outer loop
      vertex 57 7.35406 19.3537
      vertex 57 12 19.0004
      vertex 57 8.76833 20.7679
    endloop
  endfacet
  facet normal 1 0 0
    outer loop
      vertex 57 7.3539 19.3539
      vertex 57 8.76833 20.7679
      vertex 57 8.76811 20.7681
    endloop
  endfacet
  facet normal 1 0 0
    outer loop
      vertex 57 7.3539 19.3539
      vertex 57 8.76811 20.7681
      vertex 57 7.86647 21.5853
    endloop
  endfacet
  facet normal 1 0 0
    outer loop
      vertex 57 12 19.0004
      vertex 57 7.35406 19.3537
      vertex 57 12 16.8128
    endloop
  endfacet
  facet normal 1 0 0
    outer loop
      vertex 57 8.76833 20.7679
      vertex 57 7.3539 19.3539
      vertex 57 7.35406 19.3537
    endloop
  endfacet
  facet normal 1 0 0
    outer loop
      vertex 57 6.59769 20.0393
      vertex 57 7.86647 21.5853
      vertex 57 6.88907 22.3102
    endloop
  endfacet
  facet normal 1 0 0
    outer loop
      vertex 57 7.86647 21.5853
      vertex 57 6.59769 20.0393
      vertex 57 7.3539 19.3539
    endloop
  endfacet
  facet normal 1 0 0
    outer loop
      vertex 57 5.77792 20.6473
      vertex 57 6.88907 22.3102
      vertex 57 5.84531 22.9358
    endloop
  endfacet
  facet normal 1 0 0
    outer loop
      vertex 57 6.88907 22.3102
      vertex 57 5.77792 20.6473
      vertex 57 6.59769 20.0393
    endloop
  endfacet
  facet normal 1 0 0
    outer loop
      vertex 57 5.84531 22.9358
      vertex 57 4.90251 21.172
      vertex 57 5.77792 20.6473
    endloop
  endfacet
  facet normal 1 0 0
    outer loop
      vertex 57 4.74527 23.4561
      vertex 57 4.90251 21.172
      vertex 57 5.84531 22.9358
    endloop
  endfacet
  facet normal 1 0 0
    outer loop
      vertex 57 4.74527 23.4561
      vertex 57 3.9799 21.6083
      vertex 57 4.90251 21.172
    endloop
  endfacet
  facet normal 1 0 0
    outer loop
      vertex 57 3.59952 23.8661
      vertex 57 3.9799 21.6083
      vertex 57 4.74527 23.4561
    endloop
  endfacet
  facet normal 1 0 0
    outer loop
      vertex 57 3.59952 23.8661
      vertex 57 3.01895 21.9522
      vertex 57 3.9799 21.6083
    endloop
  endfacet
  facet normal 1 0 0
    outer loop
      vertex 57 2.41911 24.1617
      vertex 57 3.01895 21.9522
      vertex 57 3.59952 23.8661
    endloop
  endfacet
  facet normal 1 0 0
    outer loop
      vertex 57 2.41911 24.1617
      vertex 57 2.02893 22.2002
      vertex 57 3.01895 21.9522
    endloop
  endfacet
  facet normal 1 0 0
    outer loop
      vertex 57 1.21541 24.3403
      vertex 57 2.02893 22.2002
      vertex 57 2.41911 24.1617
    endloop
  endfacet
  facet normal 1 0 0
    outer loop
      vertex 57 1.21541 24.3403
      vertex 57 1.01936 22.3499
      vertex 57 2.02893 22.2002
    endloop
  endfacet
  facet normal 1 0 0
    outer loop
      vertex 57 0 24.4
      vertex 57 1.01936 22.3499
      vertex 57 1.21541 24.3403
    endloop
  endfacet
  facet normal 1 0 0
    outer loop
      vertex 57 0 24.4
      vertex 57 0 22.4
      vertex 57 1.01936 22.3499
    endloop
  endfacet
  facet normal 1 0 0
    outer loop
      vertex 57 0 24.4
      vertex 57 -1.01936 22.3499
      vertex 57 0 22.4
    endloop
  endfacet
  facet normal 1 -0 0
    outer loop
      vertex 57 -1.21541 24.3403
      vertex 57 -1.01936 22.3499
      vertex 57 0 24.4
    endloop
  endfacet
  facet normal 1 0 0
    outer loop
      vertex 57 -1.21541 24.3403
      vertex 57 -2.02893 22.2002
      vertex 57 -1.01936 22.3499
    endloop
  endfacet
  facet normal 1 -0 0
    outer loop
      vertex 57 -2.41911 24.1617
      vertex 57 -2.02893 22.2002
      vertex 57 -1.21541 24.3403
    endloop
  endfacet
  facet normal 1 0 0
    outer loop
      vertex 57 -2.41911 24.1617
      vertex 57 -3.01895 21.9522
      vertex 57 -2.02893 22.2002
    endloop
  endfacet
  facet normal 1 -0 0
    outer loop
      vertex 57 -3.59952 23.8661
      vertex 57 -3.01895 21.9522
      vertex 57 -2.41911 24.1617
    endloop
  endfacet
  facet normal 1 0 0
    outer loop
      vertex 57 -3.59952 23.8661
      vertex 57 -3.9799 21.6083
      vertex 57 -3.01895 21.9522
    endloop
  endfacet
  facet normal 1 -0 0
    outer loop
      vertex 57 -4.74527 23.4561
      vertex 57 -3.9799 21.6083
      vertex 57 -3.59952 23.8661
    endloop
  endfacet
  facet normal 1 0 0
    outer loop
      vertex 57 -4.74527 23.4561
      vertex 57 -4.90251 21.172
      vertex 57 -3.9799 21.6083
    endloop
  endfacet
  facet normal 1 -0 0
    outer loop
      vertex 57 -5.84531 22.9358
      vertex 57 -4.90251 21.172
      vertex 57 -4.74527 23.4561
    endloop
  endfacet
  facet normal 1 0 0
    outer loop
      vertex 57 -4.90251 21.172
      vertex 57 -5.84531 22.9358
      vertex 57 -5.77792 20.6473
    endloop
  endfacet
  facet normal 1 -0 0
    outer loop
      vertex 57 -6.88907 22.3102
      vertex 57 -5.77792 20.6473
      vertex 57 -5.84531 22.9358
    endloop
  endfacet
  facet normal 1 0 0
    outer loop
      vertex 57 -5.77792 20.6473
      vertex 57 -6.88907 22.3102
      vertex 57 -6.59769 20.0393
    endloop
  endfacet
  facet normal 1 -0 0
    outer loop
      vertex 57 -7.86647 21.5853
      vertex 57 -6.59769 20.0393
      vertex 57 -6.88907 22.3102
    endloop
  endfacet
  facet normal 1 0 0
    outer loop
      vertex 57 -6.59769 20.0393
      vertex 57 -7.86647 21.5853
      vertex 57 -7.3539 19.3539
    endloop
  endfacet
  facet normal 1 -0 0
    outer loop
      vertex 57 -8.76811 20.7681
      vertex 57 -7.3539 19.3539
      vertex 57 -7.86647 21.5853
    endloop
  endfacet
  facet normal 1 0 0
    outer loop
      vertex 57 -7.3539 19.3539
      vertex 57 -8.76811 20.7681
      vertex 57 -8.03931 18.5977
    endloop
  endfacet
  facet normal 1 -0 0
    outer loop
      vertex 57 -9.58533 19.8665
      vertex 57 -8.03931 18.5977
      vertex 57 -8.76811 20.7681
    endloop
  endfacet
  facet normal 1 0 0
    outer loop
      vertex 57 -8.03931 18.5977
      vertex 57 -9.58533 19.8665
      vertex 57 -8.64728 17.7779
    endloop
  endfacet
  facet normal 1 -0 0
    outer loop
      vertex 57 -10.3102 18.8891
      vertex 57 -8.64728 17.7779
      vertex 57 -9.58533 19.8665
    endloop
  endfacet
  facet normal 1 0 0
    outer loop
      vertex 57 -8.64728 17.7779
      vertex 57 -10.3102 18.8891
      vertex 57 -9.17197 16.9025
    endloop
  endfacet
  facet normal 1 -0 0
    outer loop
      vertex 57 -10.9358 17.8453
      vertex 57 -9.17197 16.9025
      vertex 57 -10.3102 18.8891
    endloop
  endfacet
  facet normal 1 0 0
    outer loop
      vertex 57 -9.17197 16.9025
      vertex 57 -10.9358 17.8453
      vertex 57 -9.60834 15.9799
    endloop
  endfacet
  facet normal 1 -0 0
    outer loop
      vertex 57 -11.4561 16.7453
      vertex 57 -9.60834 15.9799
      vertex 57 -10.9358 17.8453
    endloop
  endfacet
  facet normal 1 0 0
    outer loop
      vertex 57 -9.60834 15.9799
      vertex 57 -11.4561 16.7453
      vertex 57 -9.95218 15.019
    endloop
  endfacet
  facet normal 1 -0 0
    outer loop
      vertex 57 -11.8661 15.5995
      vertex 57 -9.95218 15.019
      vertex 57 -11.4561 16.7453
    endloop
  endfacet
  facet normal 1 -0 0
    outer loop
      vertex 57 -12 15.0648
      vertex 57 -9.95218 15.019
      vertex 57 -11.8661 15.5995
    endloop
  endfacet
  facet normal 1 0 0
    outer loop
      vertex 57 7.35406 4.64629
      vertex 57 12 6
      vertex 57 12 7.1872
    endloop
  endfacet
  facet normal 1 0 0
    outer loop
      vertex 57 12 6
      vertex 57 7.35406 4.64629
      vertex 57 8.76833 3.23212
    endloop
  endfacet
  facet normal 1 -0 0
    outer loop
      vertex 57 7.3539 4.6461
      vertex 57 8.76833 3.23212
      vertex 57 7.35406 4.64629
    endloop
  endfacet
  facet normal 1 0 0
    outer loop
      vertex 57 8.76833 3.23212
      vertex 57 7.3539 4.6461
      vertex 57 8.76811 3.23189
    endloop
  endfacet
  facet normal 1 0 0
    outer loop
      vertex 57 8.76811 3.23189
      vertex 57 7.3539 4.6461
      vertex 57 7.86647 2.41467
    endloop
  endfacet
  facet normal 1 -0 0
    outer loop
      vertex 57 6.59769 3.96069
      vertex 57 7.86647 2.41467
      vertex 57 7.3539 4.6461
    endloop
  endfacet
  facet normal 1 0 0
    outer loop
      vertex 57 7.86647 2.41467
      vertex 57 6.59769 3.96069
      vertex 57 6.88907 1.68979
    endloop
  endfacet
  facet normal 1 -0 0
    outer loop
      vertex 57 5.77792 3.35272
      vertex 57 6.88907 1.68979
      vertex 57 6.59769 3.96069
    endloop
  endfacet
  facet normal 1 0 0
    outer loop
      vertex 57 6.88907 1.68979
      vertex 57 5.77792 3.35272
      vertex 57 5.84531 1.06418
    endloop
  endfacet
  facet normal 1 -0 0
    outer loop
      vertex 57 4.90251 2.82803
      vertex 57 5.84531 1.06418
      vertex 57 5.77792 3.35272
    endloop
  endfacet
  facet normal 1 0 0
    outer loop
      vertex 57 4.90251 2.82803
      vertex 57 4.74527 0.5439
      vertex 57 5.84531 1.06418
    endloop
  endfacet
  facet normal 1 -0 0
    outer loop
      vertex 57 3.9799 2.39166
      vertex 57 4.74527 0.5439
      vertex 57 4.90251 2.82803
    endloop
  endfacet
  facet normal 1 0 0
    outer loop
      vertex 57 3.9799 2.39166
      vertex 57 3.59952 0.133942
      vertex 57 4.74527 0.5439
    endloop
  endfacet
  facet normal 1 -0 0
    outer loop
      vertex 57 3.01895 2.04782
      vertex 57 3.59952 0.133942
      vertex 57 3.9799 2.39166
    endloop
  endfacet
  facet normal 1 0 0
    outer loop
      vertex 57 3.59952 0.133942
      vertex 57 3.01895 2.04782
      vertex 57 3.06478 0
    endloop
  endfacet
  facet normal 1 -0 0
    outer loop
      vertex 57 2.02893 1.79984
      vertex 57 3.06478 0
      vertex 57 3.01895 2.04782
    endloop
  endfacet
  facet normal 1 -0 0
    outer loop
      vertex 57 1.01936 1.65009
      vertex 57 3.06478 0
      vertex 57 2.02893 1.79984
    endloop
  endfacet
  facet normal 1 -0 0
    outer loop
      vertex 57 0 1.60001
      vertex 57 3.06478 0
      vertex 57 1.01936 1.65009
    endloop
  endfacet
  facet normal 1 0 0
    outer loop
      vertex 57 -3.06478 0
      vertex 57 0 1.60001
      vertex 57 -1.01936 1.65009
    endloop
  endfacet
  facet normal 1 0 0
    outer loop
      vertex 57 -3.06478 0
      vertex 57 -1.01936 1.65009
      vertex 57 -2.02893 1.79984
    endloop
  endfacet
  facet normal 1 0 0
    outer loop
      vertex 57 -3.06478 0
      vertex 57 -2.02893 1.79984
      vertex 57 -3.01895 2.04782
    endloop
  endfacet
  facet normal 1 0 0
    outer loop
      vertex 57 0 1.60001
      vertex 57 -3.06478 0
      vertex 57 3.06478 0
    endloop
  endfacet
  facet normal 1 0 0
    outer loop
      vertex 57 -3.01895 2.04782
      vertex 57 -3.59952 0.133942
      vertex 57 -3.06478 0
    endloop
  endfacet
  facet normal 1 0 0
    outer loop
      vertex 57 -3.9799 2.39166
      vertex 57 -3.59952 0.133942
      vertex 57 -3.01895 2.04782
    endloop
  endfacet
  facet normal 1 0 0
    outer loop
      vertex 57 -3.9799 2.39166
      vertex 57 -4.74527 0.5439
      vertex 57 -3.59952 0.133942
    endloop
  endfacet
  facet normal 1 0 0
    outer loop
      vertex 57 -4.90251 2.82803
      vertex 57 -4.74527 0.5439
      vertex 57 -3.9799 2.39166
    endloop
  endfacet
  facet normal 1 0 0
    outer loop
      vertex 57 -5.84531 1.06418
      vertex 57 -4.90251 2.82803
      vertex 57 -5.77792 3.35272
    endloop
  endfacet
  facet normal 1 0 0
    outer loop
      vertex 57 -4.90251 2.82803
      vertex 57 -5.84531 1.06418
      vertex 57 -4.74527 0.5439
    endloop
  endfacet
  facet normal 1 0 0
    outer loop
      vertex 57 -6.88907 1.68979
      vertex 57 -5.77792 3.35272
      vertex 57 -6.59769 3.96069
    endloop
  endfacet
  facet normal 1 0 0
    outer loop
      vertex 57 -5.77792 3.35272
      vertex 57 -6.88907 1.68979
      vertex 57 -5.84531 1.06418
    endloop
  endfacet
  facet normal 1 0 0
    outer loop
      vertex 57 -7.86647 2.41467
      vertex 57 -6.59769 3.96069
      vertex 57 -7.3539 4.6461
    endloop
  endfacet
  facet normal 1 0 0
    outer loop
      vertex 57 -6.59769 3.96069
      vertex 57 -7.86647 2.41467
      vertex 57 -6.88907 1.68979
    endloop
  endfacet
  facet normal 1 0 0
    outer loop
      vertex 57 -8.76811 3.23189
      vertex 57 -7.3539 4.6461
      vertex 57 -8.03931 5.40231
    endloop
  endfacet
  facet normal 1 0 0
    outer loop
      vertex 57 -9.58533 4.13353
      vertex 57 -8.03931 5.40231
      vertex 57 -8.64728 6.22208
    endloop
  endfacet
  facet normal 1 0 0
    outer loop
      vertex 57 -7.3539 4.6461
      vertex 57 -8.76811 3.23189
      vertex 57 -7.86647 2.41467
    endloop
  endfacet
  facet normal 1 0 0
    outer loop
      vertex 57 -10.3102 5.11093
      vertex 57 -8.64728 6.22208
      vertex 57 -9.17197 7.09749
    endloop
  endfacet
  facet normal 1 0 0
    outer loop
      vertex 57 -8.03931 5.40231
      vertex 57 -9.58533 4.13353
      vertex 57 -8.76811 3.23189
    endloop
  endfacet
  facet normal 1 0 0
    outer loop
      vertex 57 -10.9358 6.15469
      vertex 57 -9.17197 7.09749
      vertex 57 -9.60834 8.0201
    endloop
  endfacet
  facet normal 1 0 0
    outer loop
      vertex 57 -11.4561 7.25473
      vertex 57 -9.60834 8.0201
      vertex 57 -9.95218 8.98105
    endloop
  endfacet
  facet normal 1 0 0
    outer loop
      vertex 57 -12 8.93522
      vertex 57 -9.95218 8.98105
      vertex 57 -10.2002 9.97107
    endloop
  endfacet
  facet normal 1 0 0
    outer loop
      vertex 57 -8.64728 6.22208
      vertex 57 -10.3102 5.11093
      vertex 57 -9.58533 4.13353
    endloop
  endfacet
  facet normal 1 0 0
    outer loop
      vertex 57 -12 8.93522
      vertex 57 -10.2002 9.97107
      vertex 57 -10.3499 10.9806
    endloop
  endfacet
  facet normal 1 0 0
    outer loop
      vertex 57 -12 8.93522
      vertex 57 -10.3499 10.9806
      vertex 57 -10.4 12
    endloop
  endfacet
  facet normal 1 0 0
    outer loop
      vertex 57 -9.95218 15.019
      vertex 57 -12 15.0648
      vertex 57 -10.2002 14.0289
    endloop
  endfacet
  facet normal 1 0 0
    outer loop
      vertex 57 -9.17197 7.09749
      vertex 57 -10.9358 6.15469
      vertex 57 -10.3102 5.11093
    endloop
  endfacet
  facet normal 1 0 0
    outer loop
      vertex 57 -10.2002 14.0289
      vertex 57 -12 15.0648
      vertex 57 -10.3499 13.0194
    endloop
  endfacet
  facet normal 1 0 0
    outer loop
      vertex 57 -12 8.93522
      vertex 57 -10.4 12
      vertex 57 -12 15.0648
    endloop
  endfacet
  facet normal 1 0 0
    outer loop
      vertex 57 -10.3499 13.0194
      vertex 57 -12 15.0648
      vertex 57 -10.4 12
    endloop
  endfacet
  facet normal 1 0 0
    outer loop
      vertex 57 -9.60834 8.0201
      vertex 57 -11.4561 7.25473
      vertex 57 -10.9358 6.15469
    endloop
  endfacet
  facet normal 1 0 0
    outer loop
      vertex 57 -9.95218 8.98105
      vertex 57 -12 8.93522
      vertex 57 -11.8661 8.40048
    endloop
  endfacet
  facet normal 1 0 0
    outer loop
      vertex 57 -9.95218 8.98105
      vertex 57 -11.8661 8.40048
      vertex 57 -11.4561 7.25473
    endloop
  endfacet
  facet normal 1 0 0
    outer loop
      vertex 57 13.8293 6
      vertex 57 12 6
      vertex 57 8.76833 3.23212
    endloop
  endfacet
  facet normal 0 0.970051 0.242903
    outer loop
      vertex 86 -11.8661 8.40048
      vertex 57 -12 8.93522
      vertex 86 -12 8.93522
    endloop
  endfacet
  facet normal 0 0.970051 0.242903
    outer loop
      vertex 57 -12 8.93522
      vertex 86 -11.8661 8.40048
      vertex 57 -11.8661 8.40048
    endloop
  endfacet
  facet normal 0 0.941533 0.336922
    outer loop
      vertex 86 -11.4561 7.25473
      vertex 57 -11.8661 8.40048
      vertex 86 -11.8661 8.40048
    endloop
  endfacet
  facet normal 0 0.941533 0.336922
    outer loop
      vertex 57 -11.8661 8.40048
      vertex 86 -11.4561 7.25473
      vertex 57 -11.4561 7.25473
    endloop
  endfacet
  facet normal 0 0.903983 0.427568
    outer loop
      vertex 86 -10.9358 6.15469
      vertex 57 -11.4561 7.25473
      vertex 86 -11.4561 7.25473
    endloop
  endfacet
  facet normal 0 0.903983 0.427568
    outer loop
      vertex 57 -11.4561 7.25473
      vertex 86 -10.9358 6.15469
      vertex 57 -10.9358 6.15469
    endloop
  endfacet
  facet normal 0 0.857731 0.514099
    outer loop
      vertex 86 -10.3102 5.11093
      vertex 57 -10.9358 6.15469
      vertex 86 -10.9358 6.15469
    endloop
  endfacet
  facet normal 0 0.857731 0.514099
    outer loop
      vertex 57 -10.9358 6.15469
      vertex 86 -10.3102 5.11093
      vertex 57 -10.3102 5.11093
    endloop
  endfacet
  facet normal 0 0.803215 0.595689
    outer loop
      vertex 86 -9.58533 4.13353
      vertex 57 -10.3102 5.11093
      vertex 86 -10.3102 5.11093
    endloop
  endfacet
  facet normal 0 0.803215 0.595689
    outer loop
      vertex 57 -10.3102 5.11093
      vertex 86 -9.58533 4.13353
      vertex 57 -9.58533 4.13353
    endloop
  endfacet
  facet normal 0 0.740942 0.671568
    outer loop
      vertex 86 -8.76811 3.23189
      vertex 57 -9.58533 4.13353
      vertex 86 -9.58533 4.13353
    endloop
  endfacet
  facet normal 0 0.740942 0.671568
    outer loop
      vertex 57 -9.58533 4.13353
      vertex 86 -8.76811 3.23189
      vertex 57 -8.76811 3.23189
    endloop
  endfacet
  facet normal -0 0.671568 0.740942
    outer loop
      vertex 57 -7.86647 2.41467
      vertex 86 -8.76811 3.23189
      vertex 86 -7.86647 2.41467
    endloop
  endfacet
  facet normal 0 0.671568 0.740942
    outer loop
      vertex 86 -8.76811 3.23189
      vertex 57 -7.86647 2.41467
      vertex 57 -8.76811 3.23189
    endloop
  endfacet
  facet normal -0 0.595694 0.803211
    outer loop
      vertex 57 -6.88907 1.68979
      vertex 86 -7.86647 2.41467
      vertex 86 -6.88907 1.68979
    endloop
  endfacet
  facet normal 0 0.595694 0.803211
    outer loop
      vertex 86 -7.86647 2.41467
      vertex 57 -6.88907 1.68979
      vertex 57 -7.86647 2.41467
    endloop
  endfacet
  facet normal -0 0.514105 0.857727
    outer loop
      vertex 57 -5.84531 1.06418
      vertex 86 -6.88907 1.68979
      vertex 86 -5.84531 1.06418
    endloop
  endfacet
  facet normal 0 0.514105 0.857727
    outer loop
      vertex 86 -6.88907 1.68979
      vertex 57 -5.84531 1.06418
      vertex 57 -6.88907 1.68979
    endloop
  endfacet
  facet normal -0 0.427555 0.903989
    outer loop
      vertex 57 -4.74527 0.5439
      vertex 86 -5.84531 1.06418
      vertex 86 -4.74527 0.5439
    endloop
  endfacet
  facet normal 0 0.427555 0.903989
    outer loop
      vertex 86 -5.84531 1.06418
      vertex 57 -4.74527 0.5439
      vertex 57 -5.84531 1.06418
    endloop
  endfacet
  facet normal -0 0.336891 0.941544
    outer loop
      vertex 57 -3.59952 0.133942
      vertex 86 -4.74527 0.5439
      vertex 86 -3.59952 0.133942
    endloop
  endfacet
  facet normal 0 0.336891 0.941544
    outer loop
      vertex 86 -4.74527 0.5439
      vertex 57 -3.59952 0.133942
      vertex 57 -4.74527 0.5439
    endloop
  endfacet
  facet normal -0 0.242974 0.970033
    outer loop
      vertex 57 -3.06478 0
      vertex 86 -3.59952 0.133942
      vertex 86 -3.06478 0
    endloop
  endfacet
  facet normal 0 0.242974 0.970033
    outer loop
      vertex 86 -3.59952 0.133942
      vertex 57 -3.06478 0
      vertex 57 -3.59952 0.133942
    endloop
  endfacet
  facet normal 0 -0.242974 0.970033
    outer loop
      vertex 57 3.59952 0.133942
      vertex 86 3.06478 0
      vertex 86 3.59952 0.133942
    endloop
  endfacet
  facet normal 0 -0.242974 0.970033
    outer loop
      vertex 86 3.06478 0
      vertex 57 3.59952 0.133942
      vertex 57 3.06478 0
    endloop
  endfacet
  facet normal 0 -0.336891 0.941544
    outer loop
      vertex 57 4.74527 0.5439
      vertex 86 3.59952 0.133942
      vertex 86 4.74527 0.5439
    endloop
  endfacet
  facet normal 0 -0.336891 0.941544
    outer loop
      vertex 86 3.59952 0.133942
      vertex 57 4.74527 0.5439
      vertex 57 3.59952 0.133942
    endloop
  endfacet
  facet normal 0 -0.427555 0.903989
    outer loop
      vertex 57 5.84531 1.06418
      vertex 86 4.74527 0.5439
      vertex 86 5.84531 1.06418
    endloop
  endfacet
  facet normal 0 -0.427555 0.903989
    outer loop
      vertex 86 4.74527 0.5439
      vertex 57 5.84531 1.06418
      vertex 57 4.74527 0.5439
    endloop
  endfacet
  facet normal 0 -0.514105 0.857727
    outer loop
      vertex 57 6.88907 1.68979
      vertex 86 5.84531 1.06418
      vertex 86 6.88907 1.68979
    endloop
  endfacet
  facet normal 0 -0.514105 0.857727
    outer loop
      vertex 86 5.84531 1.06418
      vertex 57 6.88907 1.68979
      vertex 57 5.84531 1.06418
    endloop
  endfacet
  facet normal 0 -0.595694 0.803211
    outer loop
      vertex 57 7.86647 2.41467
      vertex 86 6.88907 1.68979
      vertex 86 7.86647 2.41467
    endloop
  endfacet
  facet normal 0 -0.595694 0.803211
    outer loop
      vertex 86 6.88907 1.68979
      vertex 57 7.86647 2.41467
      vertex 57 6.88907 1.68979
    endloop
  endfacet
  facet normal 0 -0.671568 0.740942
    outer loop
      vertex 57 8.76811 3.23189
      vertex 86 7.86647 2.41467
      vertex 86 8.76811 3.23189
    endloop
  endfacet
  facet normal 0 -0.671568 0.740942
    outer loop
      vertex 86 7.86647 2.41467
      vertex 57 8.76811 3.23189
      vertex 57 7.86647 2.41467
    endloop
  endfacet
  facet normal 0 -0.722642 0.691223
    outer loop
      vertex 57 8.76811 3.23189
      vertex 86 8.76833 3.23212
      vertex 57 8.76833 3.23212
    endloop
  endfacet
  facet normal 0 -0.722642 0.691223
    outer loop
      vertex 86 8.76833 3.23212
      vertex 57 8.76811 3.23189
      vertex 86 8.76811 3.23189
    endloop
  endfacet
  facet normal 0 -0.479834 0.877359
    outer loop
      vertex 57 13.8293 6
      vertex 86 8.76833 3.23212
      vertex 86 13.8293 6
    endloop
  endfacet
  facet normal 0 -0.479834 0.877359
    outer loop
      vertex 86 8.76833 3.23212
      vertex 57 13.8293 6
      vertex 57 8.76833 3.23212
    endloop
  endfacet
  facet normal 0 -0.47985 -0.877351
    outer loop
      vertex 57 8.76833 20.7679
      vertex 86 12 19.0004
      vertex 86 8.76833 20.7679
    endloop
  endfacet
  facet normal -0 -0.47985 -0.877351
    outer loop
      vertex 86 12 19.0004
      vertex 57 8.76833 20.7679
      vertex 57 12 19.0004
    endloop
  endfacet
  facet normal 0 -0.672673 -0.73994
    outer loop
      vertex 57 8.76833 20.7679
      vertex 86 8.76811 20.7681
      vertex 57 8.76811 20.7681
    endloop
  endfacet
  facet normal 0 -0.672673 -0.73994
    outer loop
      vertex 86 8.76811 20.7681
      vertex 57 8.76833 20.7679
      vertex 86 8.76833 20.7679
    endloop
  endfacet
  facet normal 0 -0.671559 -0.740951
    outer loop
      vertex 57 7.86647 21.5853
      vertex 86 8.76811 20.7681
      vertex 86 7.86647 21.5853
    endloop
  endfacet
  facet normal -0 -0.671559 -0.740951
    outer loop
      vertex 86 8.76811 20.7681
      vertex 57 7.86647 21.5853
      vertex 57 8.76811 20.7681
    endloop
  endfacet
  facet normal 0 -0.595705 -0.803203
    outer loop
      vertex 57 6.88907 22.3102
      vertex 86 7.86647 21.5853
      vertex 86 6.88907 22.3102
    endloop
  endfacet
  facet normal -0 -0.595705 -0.803203
    outer loop
      vertex 86 7.86647 21.5853
      vertex 57 6.88907 22.3102
      vertex 57 7.86647 21.5853
    endloop
  endfacet
  facet normal 0 -0.514099 -0.857731
    outer loop
      vertex 57 5.84531 22.9358
      vertex 86 6.88907 22.3102
      vertex 86 5.84531 22.9358
    endloop
  endfacet
  facet normal -0 -0.514099 -0.857731
    outer loop
      vertex 86 6.88907 22.3102
      vertex 57 5.84531 22.9358
      vertex 57 6.88907 22.3102
    endloop
  endfacet
  facet normal 0 -0.427568 -0.903983
    outer loop
      vertex 57 4.74527 23.4561
      vertex 86 5.84531 22.9358
      vertex 86 4.74527 23.4561
    endloop
  endfacet
  facet normal -0 -0.427568 -0.903983
    outer loop
      vertex 86 5.84531 22.9358
      vertex 57 4.74527 23.4561
      vertex 57 5.84531 22.9358
    endloop
  endfacet
  facet normal 0 -0.336922 -0.941533
    outer loop
      vertex 57 3.59952 23.8661
      vertex 86 4.74527 23.4561
      vertex 86 3.59952 23.8661
    endloop
  endfacet
  facet normal -0 -0.336922 -0.941533
    outer loop
      vertex 86 4.74527 23.4561
      vertex 57 3.59952 23.8661
      vertex 57 4.74527 23.4561
    endloop
  endfacet
  facet normal 0 -0.24292 -0.970046
    outer loop
      vertex 57 2.41911 24.1617
      vertex 86 3.59952 23.8661
      vertex 86 2.41911 24.1617
    endloop
  endfacet
  facet normal -0 -0.24292 -0.970046
    outer loop
      vertex 86 3.59952 23.8661
      vertex 57 2.41911 24.1617
      vertex 57 3.59952 23.8661
    endloop
  endfacet
  facet normal 0 -0.146769 -0.989171
    outer loop
      vertex 57 1.21541 24.3403
      vertex 86 2.41911 24.1617
      vertex 86 1.21541 24.3403
    endloop
  endfacet
  facet normal -0 -0.146769 -0.989171
    outer loop
      vertex 86 2.41911 24.1617
      vertex 57 1.21541 24.3403
      vertex 57 2.41911 24.1617
    endloop
  endfacet
  facet normal 0 -0.0490601 -0.998796
    outer loop
      vertex 57 0 24.4
      vertex 86 1.21541 24.3403
      vertex 86 0 24.4
    endloop
  endfacet
  facet normal -0 -0.0490601 -0.998796
    outer loop
      vertex 86 1.21541 24.3403
      vertex 57 0 24.4
      vertex 57 1.21541 24.3403
    endloop
  endfacet
  facet normal 0 0.0490601 -0.998796
    outer loop
      vertex 57 -1.21541 24.3403
      vertex 86 0 24.4
      vertex 86 -1.21541 24.3403
    endloop
  endfacet
  facet normal 0 0.0490601 -0.998796
    outer loop
      vertex 86 0 24.4
      vertex 57 -1.21541 24.3403
      vertex 57 0 24.4
    endloop
  endfacet
  facet normal 0 0.146769 -0.989171
    outer loop
      vertex 57 -2.41911 24.1617
      vertex 86 -1.21541 24.3403
      vertex 86 -2.41911 24.1617
    endloop
  endfacet
  facet normal 0 0.146769 -0.989171
    outer loop
      vertex 86 -1.21541 24.3403
      vertex 57 -2.41911 24.1617
      vertex 57 -1.21541 24.3403
    endloop
  endfacet
  facet normal 0 0.24292 -0.970046
    outer loop
      vertex 57 -3.59952 23.8661
      vertex 86 -2.41911 24.1617
      vertex 86 -3.59952 23.8661
    endloop
  endfacet
  facet normal 0 0.24292 -0.970046
    outer loop
      vertex 86 -2.41911 24.1617
      vertex 57 -3.59952 23.8661
      vertex 57 -2.41911 24.1617
    endloop
  endfacet
  facet normal 0 0.336922 -0.941533
    outer loop
      vertex 57 -4.74527 23.4561
      vertex 86 -3.59952 23.8661
      vertex 86 -4.74527 23.4561
    endloop
  endfacet
  facet normal 0 0.336922 -0.941533
    outer loop
      vertex 86 -3.59952 23.8661
      vertex 57 -4.74527 23.4561
      vertex 57 -3.59952 23.8661
    endloop
  endfacet
  facet normal 0 0.427568 -0.903983
    outer loop
      vertex 57 -5.84531 22.9358
      vertex 86 -4.74527 23.4561
      vertex 86 -5.84531 22.9358
    endloop
  endfacet
  facet normal 0 0.427568 -0.903983
    outer loop
      vertex 86 -4.74527 23.4561
      vertex 57 -5.84531 22.9358
      vertex 57 -4.74527 23.4561
    endloop
  endfacet
  facet normal 0 0.514099 -0.857731
    outer loop
      vertex 57 -6.88907 22.3102
      vertex 86 -5.84531 22.9358
      vertex 86 -6.88907 22.3102
    endloop
  endfacet
  facet normal 0 0.514099 -0.857731
    outer loop
      vertex 86 -5.84531 22.9358
      vertex 57 -6.88907 22.3102
      vertex 57 -5.84531 22.9358
    endloop
  endfacet
  facet normal 0 0.595705 -0.803203
    outer loop
      vertex 57 -7.86647 21.5853
      vertex 86 -6.88907 22.3102
      vertex 86 -7.86647 21.5853
    endloop
  endfacet
  facet normal 0 0.595705 -0.803203
    outer loop
      vertex 86 -6.88907 22.3102
      vertex 57 -7.86647 21.5853
      vertex 57 -6.88907 22.3102
    endloop
  endfacet
  facet normal 0 0.671559 -0.740951
    outer loop
      vertex 57 -8.76811 20.7681
      vertex 86 -7.86647 21.5853
      vertex 86 -8.76811 20.7681
    endloop
  endfacet
  facet normal 0 0.671559 -0.740951
    outer loop
      vertex 86 -7.86647 21.5853
      vertex 57 -8.76811 20.7681
      vertex 57 -7.86647 21.5853
    endloop
  endfacet
  facet normal 0 0.740928 -0.671585
    outer loop
      vertex 86 -9.58533 19.8665
      vertex 57 -8.76811 20.7681
      vertex 86 -8.76811 20.7681
    endloop
  endfacet
  facet normal 0 0.740928 -0.671585
    outer loop
      vertex 57 -8.76811 20.7681
      vertex 86 -9.58533 19.8665
      vertex 57 -9.58533 19.8665
    endloop
  endfacet
  facet normal 0 0.803215 -0.595689
    outer loop
      vertex 86 -10.3102 18.8891
      vertex 57 -9.58533 19.8665
      vertex 86 -9.58533 19.8665
    endloop
  endfacet
  facet normal 0 0.803215 -0.595689
    outer loop
      vertex 57 -9.58533 19.8665
      vertex 86 -10.3102 18.8891
      vertex 57 -10.3102 18.8891
    endloop
  endfacet
  facet normal 0 0.857739 -0.514085
    outer loop
      vertex 86 -10.9358 17.8453
      vertex 57 -10.3102 18.8891
      vertex 86 -10.3102 18.8891
    endloop
  endfacet
  facet normal 0 0.857739 -0.514085
    outer loop
      vertex 57 -10.3102 18.8891
      vertex 86 -10.9358 17.8453
      vertex 57 -10.9358 17.8453
    endloop
  endfacet
  facet normal 0 0.903977 -0.427581
    outer loop
      vertex 86 -11.4561 16.7453
      vertex 57 -10.9358 17.8453
      vertex 86 -10.9358 17.8453
    endloop
  endfacet
  facet normal 0 0.903977 -0.427581
    outer loop
      vertex 57 -10.9358 17.8453
      vertex 86 -11.4561 16.7453
      vertex 57 -11.4561 16.7453
    endloop
  endfacet
  facet normal 0 0.941537 -0.336909
    outer loop
      vertex 86 -11.8661 15.5995
      vertex 57 -11.4561 16.7453
      vertex 86 -11.4561 16.7453
    endloop
  endfacet
  facet normal 0 0.941537 -0.336909
    outer loop
      vertex 57 -11.4561 16.7453
      vertex 86 -11.8661 15.5995
      vertex 57 -11.8661 15.5995
    endloop
  endfacet
  facet normal 0 0.970046 -0.24292
    outer loop
      vertex 86 -12 15.0648
      vertex 57 -11.8661 15.5995
      vertex 86 -11.8661 15.5995
    endloop
  endfacet
  facet normal 0 0.970046 -0.24292
    outer loop
      vertex 57 -11.8661 15.5995
      vertex 86 -12 15.0648
      vertex 57 -12 15.0648
    endloop
  endfacet
  facet normal 0 -1 -0
    outer loop
      vertex 0 0 25
      vertex -1.42197 0 22.4
      vertex 1.42197 0 22.4
    endloop
  endfacet
  facet normal 0 1 0
    outer loop
      vertex 1.88684 -13 5.77989
      vertex 2.49844 -13 6
      vertex 2.48744 -13 5.9948
    endloop
  endfacet
  facet normal 0 1 0
    outer loop
      vertex 2.49844 -13 6
      vertex 1.88684 -13 5.77989
      vertex -2.49844 -13 6
    endloop
  endfacet
  facet normal 0 1 -0
    outer loop
      vertex -1.88684 -13 5.77989
      vertex -2.49844 -13 6
      vertex 1.88684 -13 5.77989
    endloop
  endfacet
  facet normal 0 1 0
    outer loop
      vertex -2.49844 -13 6
      vertex -1.88684 -13 5.77989
      vertex -2.48744 -13 5.9948
    endloop
  endfacet
  facet normal 0 1 -0
    outer loop
      vertex 1.26808 -13 5.62491
      vertex -1.88684 -13 5.77989
      vertex 1.88684 -13 5.77989
    endloop
  endfacet
  facet normal 0 1 0
    outer loop
      vertex 1.26808 -13 5.62491
      vertex -1.26808 -13 5.62491
      vertex -1.88684 -13 5.77989
    endloop
  endfacet
  facet normal 0 1 -0
    outer loop
      vertex 0.6371 -13 5.53131
      vertex -1.26808 -13 5.62491
      vertex 1.26808 -13 5.62491
    endloop
  endfacet
  facet normal 0 1 0
    outer loop
      vertex 0.6371 -13 5.53131
      vertex -0.6371 -13 5.53131
      vertex -1.26808 -13 5.62491
    endloop
  endfacet
  facet normal -0 1 0
    outer loop
      vertex -0.6371 -13 5.53131
      vertex 0.6371 -13 5.53131
      vertex 0 -13 5.5
    endloop
  endfacet
  facet normal -0.146735 0 0.989176
    outer loop
      vertex 0.6371 -13 5.53131
      vertex 1.26808 -8.20439 5.62491
      vertex 0.6371 -8.13498 5.53131
    endloop
  endfacet
  facet normal -0.146735 0 0.989176
    outer loop
      vertex 1.26808 -8.20439 5.62491
      vertex 0.6371 -13 5.53131
      vertex 1.26808 -13 5.62491
    endloop
  endfacet
  facet normal -0.242963 0 0.970035
    outer loop
      vertex 1.26808 -13 5.62491
      vertex 1.88684 -8.31933 5.77989
      vertex 1.26808 -8.20439 5.62491
    endloop
  endfacet
  facet normal -0.242963 0 0.970035
    outer loop
      vertex 1.88684 -8.31933 5.77989
      vertex 1.26808 -13 5.62491
      vertex 1.88684 -13 5.77989
    endloop
  endfacet
  facet normal -0.336906 0 0.941538
    outer loop
      vertex 1.88684 -13 5.77989
      vertex 2.48744 -8.47872 5.9948
      vertex 1.88684 -8.31933 5.77989
    endloop
  endfacet
  facet normal -0.336906 0 0.941538
    outer loop
      vertex 2.48744 -8.47872 5.9948
      vertex 1.88684 -13 5.77989
      vertex 2.48744 -13 5.9948
    endloop
  endfacet
  facet normal -0.427537 -2.95399e-06 0.903998
    outer loop
      vertex 2.49844 -12 6
      vertex 3.06407 -8.67451 6.26752
      vertex 2.96799 -8.64728 6.22208
    endloop
  endfacet
  facet normal -0.427551 0 0.903991
    outer loop
      vertex 3.06407 -8.67451 6.26752
      vertex 2.49844 -12 6
      vertex 3.06407 -12 6.26752
    endloop
  endfacet
  facet normal -0.42755 -6.52471e-07 0.903992
    outer loop
      vertex 2.48744 -8.47872 5.9948
      vertex 2.49844 -12 6
      vertex 2.96799 -8.64728 6.22208
    endloop
  endfacet
  facet normal -0.42738 0 0.904072
    outer loop
      vertex 2.48744 -13 5.9948
      vertex 2.49844 -12 6
      vertex 2.48744 -8.47872 5.9948
    endloop
  endfacet
  facet normal -0.42738 0 0.904072
    outer loop
      vertex 2.49844 -12 6
      vertex 2.48744 -13 5.9948
      vertex 2.49844 -13 6
    endloop
  endfacet
  facet normal -0.514099 0 0.857731
    outer loop
      vertex 3.06407 -12 6.26752
      vertex 3.61121 -8.87107 6.59546
      vertex 3.06407 -8.67451 6.26752
    endloop
  endfacet
  facet normal -0.514099 0 0.857731
    outer loop
      vertex 3.61121 -8.87107 6.59546
      vertex 3.06407 -12 6.26752
      vertex 3.61121 -12 6.59546
    endloop
  endfacet
  facet normal -0.595692 0 0.803213
    outer loop
      vertex 3.61121 -12 6.59546
      vertex 4.12355 -9.09881 6.97543
      vertex 3.61121 -8.87107 6.59546
    endloop
  endfacet
  facet normal -0.595692 0 0.803213
    outer loop
      vertex 4.12355 -9.09881 6.97543
      vertex 3.61121 -12 6.59546
      vertex 4.12355 -12 6.97543
    endloop
  endfacet
  facet normal -0.671561 -3.82744e-07 0.740949
    outer loop
      vertex 4.12355 -12 6.97543
      vertex 4.59619 -9.31685 7.40381
      vertex 4.25822 -9.17197 7.09749
    endloop
  endfacet
  facet normal -0.671566 0 0.740945
    outer loop
      vertex 4.12355 -12 6.97543
      vertex 4.25822 -9.17197 7.09749
      vertex 4.12355 -9.09881 6.97543
    endloop
  endfacet
  facet normal -0.671562 0 0.740948
    outer loop
      vertex 4.59619 -9.31685 7.40381
      vertex 4.12355 -12 6.97543
      vertex 4.59619 -12 7.40381
    endloop
  endfacet
  facet normal -0.740948 0 0.671562
    outer loop
      vertex 4.59619 -12 7.40381
      vertex 5.02457 -9.5404 7.87645
      vertex 4.59619 -9.31685 7.40381
    endloop
  endfacet
  facet normal -0.740948 0 0.671562
    outer loop
      vertex 5.02457 -9.5404 7.87645
      vertex 4.59619 -12 7.40381
      vertex 5.02457 -12 7.87645
    endloop
  endfacet
  facet normal -0.803229 0 0.59567
    outer loop
      vertex 5.02457 -12 7.87645
      vertex 5.1311 -9.60834 8.0201
      vertex 5.02457 -9.5404 7.87645
    endloop
  endfacet
  facet normal -0.803207 -2.77354e-06 0.5957
    outer loop
      vertex 5.02457 -12 7.87645
      vertex 5.40454 -9.74026 8.38879
      vertex 5.1311 -9.60834 8.0201
    endloop
  endfacet
  facet normal -0.803213 0 0.595692
    outer loop
      vertex 5.40454 -9.74026 8.38879
      vertex 5.02457 -12 7.87645
      vertex 5.40454 -12 8.38879
    endloop
  endfacet
  facet normal -0.857731 0 0.514099
    outer loop
      vertex 5.40454 -12 8.38879
      vertex 5.73248 -9.93603 8.93593
      vertex 5.40454 -9.74026 8.38879
    endloop
  endfacet
  facet normal -0.857731 0 0.514099
    outer loop
      vertex 5.73248 -9.93603 8.93593
      vertex 5.40454 -12 8.38879
      vertex 5.73248 -12 8.93593
    endloop
  endfacet
  facet normal -0.903991 0 0.427552
    outer loop
      vertex 5.73248 -12 8.93593
      vertex 5.75382 -9.95218 8.98105
      vertex 5.73248 -9.93603 8.93593
    endloop
  endfacet
  facet normal -0.903993 1.3034e-07 0.427547
    outer loop
      vertex 5.73248 -12 8.93593
      vertex 6.0052 -10.0853 9.51256
      vertex 5.75382 -9.95218 8.98105
    endloop
  endfacet
  facet normal -0.903993 0 0.427548
    outer loop
      vertex 6.0052 -10.0853 9.51256
      vertex 5.73248 -12 8.93593
      vertex 6.0052 -12 9.51256
    endloop
  endfacet
  facet normal -0.941536 0 0.336913
    outer loop
      vertex 6.0052 -12 9.51256
      vertex 6.16927 -10.2002 9.97107
      vertex 6.0052 -10.0853 9.51256
    endloop
  endfacet
  facet normal -0.941545 7.50836e-06 0.336886
    outer loop
      vertex 6.22011 -12 10.1132
      vertex 6.16927 -10.2002 9.97107
      vertex 6.0052 -12 9.51256
    endloop
  endfacet
  facet normal -0.941575 0 0.336802
    outer loop
      vertex 6.16927 -10.2002 9.97107
      vertex 6.22011 -12 10.1132
      vertex 6.22011 -10.2212 10.1132
    endloop
  endfacet
  facet normal -0.97003 0 0.242986
    outer loop
      vertex 6.22011 -12 10.1132
      vertex 6.37509 -10.313 10.7319
      vertex 6.22011 -10.2212 10.1132
    endloop
  endfacet
  facet normal -0.97003 0 0.242986
    outer loop
      vertex 6.37509 -10.313 10.7319
      vertex 6.22011 -12 10.1132
      vertex 6.37509 -12 10.7319
    endloop
  endfacet
  facet normal -0.989171 0 0.146765
    outer loop
      vertex 6.37509 -12 10.7319
      vertex 6.41199 -10.3499 10.9806
      vertex 6.37509 -10.313 10.7319
    endloop
  endfacet
  facet normal -0.989177 5.30113e-06 0.14673
    outer loop
      vertex 6.46869 -12 11.3629
      vertex 6.41199 -10.3499 10.9806
      vertex 6.37509 -12 10.7319
    endloop
  endfacet
  facet normal -0.98918 0 0.146708
    outer loop
      vertex 6.41199 -10.3499 10.9806
      vertex 6.46869 -12 11.3629
      vertex 6.46869 -10.3687 11.3629
    endloop
  endfacet
  facet normal -0.998795 0 0.0490853
    outer loop
      vertex 6.46869 -12 11.3629
      vertex 6.5 -10.4 12
      vertex 6.46869 -10.3687 11.3629
    endloop
  endfacet
  facet normal -0.998795 0 0.0490853
    outer loop
      vertex 6.5 -10.4 12
      vertex 6.46869 -12 11.3629
      vertex 6.5 -12 12
    endloop
  endfacet
  facet normal -0.998795 0 -0.0490853
    outer loop
      vertex 6.46869 -12 12.6371
      vertex 6.5 -10.4 12
      vertex 6.5 -12 12
    endloop
  endfacet
  facet normal -0.998795 0 -0.0490853
    outer loop
      vertex 6.5 -10.4 12
      vertex 6.46869 -12 12.6371
      vertex 6.46869 -10.3687 12.6371
    endloop
  endfacet
  facet normal -0.98918 0 -0.146708
    outer loop
      vertex 6.46869 -12 12.6371
      vertex 6.41199 -10.3499 13.0194
      vertex 6.46869 -10.3687 12.6371
    endloop
  endfacet
  facet normal -0.989177 5.30113e-06 -0.14673
    outer loop
      vertex 6.37509 -12 13.2681
      vertex 6.41199 -10.3499 13.0194
      vertex 6.46869 -12 12.6371
    endloop
  endfacet
  facet normal -0.989171 0 -0.146765
    outer loop
      vertex 6.41199 -10.3499 13.0194
      vertex 6.37509 -12 13.2681
      vertex 6.37509 -10.313 13.2681
    endloop
  endfacet
  facet normal -0.97003 0 -0.242986
    outer loop
      vertex 6.22011 -12 13.8868
      vertex 6.37509 -10.313 13.2681
      vertex 6.37509 -12 13.2681
    endloop
  endfacet
  facet normal -0.97003 0 -0.242986
    outer loop
      vertex 6.37509 -10.313 13.2681
      vertex 6.22011 -12 13.8868
      vertex 6.22011 -10.2212 13.8868
    endloop
  endfacet
  facet normal -0.941553 0 -0.336865
    outer loop
      vertex 6.22011 -12 13.8868
      vertex 6.16927 -10.2002 14.0289
      vertex 6.22011 -10.2212 13.8868
    endloop
  endfacet
  facet normal -0.941538 3.66438e-06 -0.336906
    outer loop
      vertex 6.0052 -12 14.4874
      vertex 6.16927 -10.2002 14.0289
      vertex 6.22011 -12 13.8868
    endloop
  endfacet
  facet normal -0.941534 0 -0.336919
    outer loop
      vertex 6.16927 -10.2002 14.0289
      vertex 6.0052 -12 14.4874
      vertex 6.0052 -10.0853 14.4874
    endloop
  endfacet
  facet normal -0.904013 0 -0.427505
    outer loop
      vertex 5.73248 -12 15.0641
      vertex 6.0052 -10.0853 14.4874
      vertex 6.0052 -12 14.4874
    endloop
  endfacet
  facet normal -0.90402 5.86865e-06 -0.427489
    outer loop
      vertex 6.0052 -10.0853 14.4874
      vertex 5.73248 -12 15.0641
      vertex 5.75382 -9.95218 15.019
    endloop
  endfacet
  facet normal -0.903917 0 -0.427707
    outer loop
      vertex 5.75382 -9.95218 15.019
      vertex 5.73248 -12 15.0641
      vertex 5.73248 -9.93603 15.0641
    endloop
  endfacet
  facet normal -0.857714 0 -0.514127
    outer loop
      vertex 5.40454 -12 15.6112
      vertex 5.73248 -9.93603 15.0641
      vertex 5.73248 -12 15.0641
    endloop
  endfacet
  facet normal -0.857714 0 -0.514127
    outer loop
      vertex 5.73248 -9.93603 15.0641
      vertex 5.40454 -12 15.6112
      vertex 5.40454 -9.74026 15.6112
    endloop
  endfacet
  facet normal -0.803246 0 -0.595647
    outer loop
      vertex 5.02457 -12 16.1236
      vertex 5.40454 -9.74026 15.6112
      vertex 5.40454 -12 15.6112
    endloop
  endfacet
  facet normal -0.803217 -1.4015e-05 -0.595687
    outer loop
      vertex 5.40454 -9.74026 15.6112
      vertex 5.02457 -12 16.1236
      vertex 5.1311 -9.60834 15.9799
    endloop
  endfacet
  facet normal -0.803328 0 -0.595536
    outer loop
      vertex 5.1311 -9.60834 15.9799
      vertex 5.02457 -12 16.1236
      vertex 5.02457 -9.5404 16.1236
    endloop
  endfacet
  facet normal -0.740881 0 -0.671636
    outer loop
      vertex 4.59605 -12 16.5963
      vertex 5.02457 -9.5404 16.1236
      vertex 5.02457 -12 16.1236
    endloop
  endfacet
  facet normal -0.740881 0 -0.671636
    outer loop
      vertex 5.02457 -9.5404 16.1236
      vertex 4.59605 -12 16.5963
      vertex 4.59605 -9.31679 16.5963
    endloop
  endfacet
  facet normal -0.877358 8.83768e-06 -0.479837
    outer loop
      vertex 1.44936 -1.01936 22.3499
      vertex 0 0 25
      vertex 1.42197 0 22.4
    endloop
  endfacet
  facet normal -0.877363 -2.57339e-05 -0.479827
    outer loop
      vertex 1.53126 -2.02893 22.2002
      vertex 0 0 25
      vertex 1.44936 -1.01936 22.3499
    endloop
  endfacet
  facet normal -0.87735 1.68626e-05 -0.479851
    outer loop
      vertex 1.66688 -3.01895 21.9522
      vertex 0 0 25
      vertex 1.53126 -2.02893 22.2002
    endloop
  endfacet
  facet normal -0.877338 4.69824e-05 -0.479874
    outer loop
      vertex 1.85493 -3.9799 21.6083
      vertex 0 0 25
      vertex 1.66688 -3.01895 21.9522
    endloop
  endfacet
  facet normal -0.87734 -2.08023e-05 -0.479869
    outer loop
      vertex 0 -12 25
      vertex 1.85493 -3.9799 21.6083
      vertex 2.09359 -4.90251 21.172
    endloop
  endfacet
  facet normal -0.877362 7.69747e-06 -0.479828
    outer loop
      vertex 0 -12 25
      vertex 2.09359 -4.90251 21.172
      vertex 2.38054 -5.77792 20.6473
    endloop
  endfacet
  facet normal -0.877362 6.21127e-06 -0.47983
    outer loop
      vertex 0 -12 25
      vertex 2.38054 -5.77792 20.6473
      vertex 2.71305 -6.59769 20.0393
    endloop
  endfacet
  facet normal -0.877363 0 -0.479828
    outer loop
      vertex 4.59605 -12 16.5963
      vertex 4.42859 -9.17197 16.9025
      vertex 4.59605 -9.31679 16.5963
    endloop
  endfacet
  facet normal -0.877356 1.85325e-06 -0.479841
    outer loop
      vertex 4.59605 -12 16.5963
      vertex 3.94982 -8.64728 17.7779
      vertex 4.42859 -9.17197 16.9025
    endloop
  endfacet
  facet normal -0.877369 -8.9933e-06 -0.479817
    outer loop
      vertex 4.59605 -12 16.5963
      vertex 3.50148 -8.03931 18.5977
      vertex 3.94982 -8.64728 17.7779
    endloop
  endfacet
  facet normal -0.877359 2.54529e-06 -0.479835
    outer loop
      vertex 0 -12 25
      vertex 3.50148 -8.03931 18.5977
      vertex 4.59605 -12 16.5963
    endloop
  endfacet
  facet normal -0.877359 2.37245e-06 -0.479835
    outer loop
      vertex 3.50148 -8.03931 18.5977
      vertex 0 -12 25
      vertex 3.08791 -7.3539 19.3539
    endloop
  endfacet
  facet normal -0.877356 -5.12379e-06 -0.479839
    outer loop
      vertex 3.08791 -7.3539 19.3539
      vertex 0 -12 25
      vertex 2.71305 -6.59769 20.0393
    endloop
  endfacet
  facet normal -0.877361 0 -0.479831
    outer loop
      vertex 1.85493 -3.9799 21.6083
      vertex 0 -12 25
      vertex 0 0 25
    endloop
  endfacet
  facet normal 0.877358 8.83768e-06 -0.479837
    outer loop
      vertex 0 0 25
      vertex -1.44936 -1.01936 22.3499
      vertex -1.42197 0 22.4
    endloop
  endfacet
  facet normal 0.877363 -2.57339e-05 -0.479827
    outer loop
      vertex 0 0 25
      vertex -1.53126 -2.02893 22.2002
      vertex -1.44936 -1.01936 22.3499
    endloop
  endfacet
  facet normal 0.87735 1.68626e-05 -0.479851
    outer loop
      vertex 0 0 25
      vertex -1.66688 -3.01895 21.9522
      vertex -1.53126 -2.02893 22.2002
    endloop
  endfacet
  facet normal 0.877338 4.69824e-05 -0.479874
    outer loop
      vertex 0 0 25
      vertex -1.85493 -3.9799 21.6083
      vertex -1.66688 -3.01895 21.9522
    endloop
  endfacet
  facet normal 0.877361 0 -0.479831
    outer loop
      vertex 0 -12 25
      vertex -1.85493 -3.9799 21.6083
      vertex 0 0 25
    endloop
  endfacet
  facet normal 0.87734 -2.08023e-05 -0.479869
    outer loop
      vertex -1.85493 -3.9799 21.6083
      vertex 0 -12 25
      vertex -2.09359 -4.90251 21.172
    endloop
  endfacet
  facet normal 0.877362 7.69747e-06 -0.479828
    outer loop
      vertex -2.09359 -4.90251 21.172
      vertex 0 -12 25
      vertex -2.38054 -5.77792 20.6473
    endloop
  endfacet
  facet normal 0.877362 6.21127e-06 -0.47983
    outer loop
      vertex -2.38054 -5.77792 20.6473
      vertex 0 -12 25
      vertex -2.71305 -6.59769 20.0393
    endloop
  endfacet
  facet normal 0.877356 -5.12379e-06 -0.479839
    outer loop
      vertex 0 -12 25
      vertex -3.08791 -7.3539 19.3539
      vertex -2.71305 -6.59769 20.0393
    endloop
  endfacet
  facet normal 0.877359 2.37245e-06 -0.479835
    outer loop
      vertex 0 -12 25
      vertex -3.50148 -8.03931 18.5977
      vertex -3.08791 -7.3539 19.3539
    endloop
  endfacet
  facet normal 0.877359 2.54529e-06 -0.479835
    outer loop
      vertex -4.59605 -12 16.5963
      vertex -3.50148 -8.03931 18.5977
      vertex 0 -12 25
    endloop
  endfacet
  facet normal 0.877369 -8.9933e-06 -0.479817
    outer loop
      vertex -3.50148 -8.03931 18.5977
      vertex -4.59605 -12 16.5963
      vertex -3.94982 -8.64728 17.7779
    endloop
  endfacet
  facet normal 0.877356 1.85325e-06 -0.479841
    outer loop
      vertex -3.94982 -8.64728 17.7779
      vertex -4.59605 -12 16.5963
      vertex -4.42859 -9.17197 16.9025
    endloop
  endfacet
  facet normal 0.877363 0 -0.479828
    outer loop
      vertex -4.42859 -9.17197 16.9025
      vertex -4.59605 -12 16.5963
      vertex -4.59605 -9.31679 16.5963
    endloop
  endfacet
  facet normal 0.740881 0 -0.671636
    outer loop
      vertex -4.59605 -12 16.5963
      vertex -5.02457 -9.5404 16.1236
      vertex -4.59605 -9.31679 16.5963
    endloop
  endfacet
  facet normal 0.740881 0 -0.671636
    outer loop
      vertex -5.02457 -9.5404 16.1236
      vertex -4.59605 -12 16.5963
      vertex -5.02457 -12 16.1236
    endloop
  endfacet
  facet normal 0.803328 0 -0.595536
    outer loop
      vertex -5.02457 -12 16.1236
      vertex -5.1311 -9.60834 15.9799
      vertex -5.02457 -9.5404 16.1236
    endloop
  endfacet
  facet normal 0.803217 -1.4015e-05 -0.595687
    outer loop
      vertex -5.02457 -12 16.1236
      vertex -5.40454 -9.74026 15.6112
      vertex -5.1311 -9.60834 15.9799
    endloop
  endfacet
  facet normal 0.803246 0 -0.595647
    outer loop
      vertex -5.40454 -9.74026 15.6112
      vertex -5.02457 -12 16.1236
      vertex -5.40454 -12 15.6112
    endloop
  endfacet
  facet normal 0.857714 0 -0.514127
    outer loop
      vertex -5.40454 -12 15.6112
      vertex -5.73248 -9.93603 15.0641
      vertex -5.40454 -9.74026 15.6112
    endloop
  endfacet
  facet normal 0.857714 0 -0.514127
    outer loop
      vertex -5.73248 -9.93603 15.0641
      vertex -5.40454 -12 15.6112
      vertex -5.73248 -12 15.0641
    endloop
  endfacet
  facet normal 0.903917 0 -0.427707
    outer loop
      vertex -5.73248 -12 15.0641
      vertex -5.75382 -9.95218 15.019
      vertex -5.73248 -9.93603 15.0641
    endloop
  endfacet
  facet normal 0.90402 5.86865e-06 -0.427489
    outer loop
      vertex -5.73248 -12 15.0641
      vertex -6.0052 -10.0853 14.4874
      vertex -5.75382 -9.95218 15.019
    endloop
  endfacet
  facet normal 0.904013 0 -0.427505
    outer loop
      vertex -6.0052 -10.0853 14.4874
      vertex -5.73248 -12 15.0641
      vertex -6.0052 -12 14.4874
    endloop
  endfacet
  facet normal 0.941534 0 -0.336919
    outer loop
      vertex -6.0052 -12 14.4874
      vertex -6.16927 -10.2002 14.0289
      vertex -6.0052 -10.0853 14.4874
    endloop
  endfacet
  facet normal 0.941538 3.66438e-06 -0.336906
    outer loop
      vertex -6.22011 -12 13.8868
      vertex -6.16927 -10.2002 14.0289
      vertex -6.0052 -12 14.4874
    endloop
  endfacet
  facet normal 0.941553 0 -0.336865
    outer loop
      vertex -6.16927 -10.2002 14.0289
      vertex -6.22011 -12 13.8868
      vertex -6.22011 -10.2212 13.8868
    endloop
  endfacet
  facet normal 0.97003 0 -0.242986
    outer loop
      vertex -6.22011 -12 13.8868
      vertex -6.37509 -10.313 13.2681
      vertex -6.22011 -10.2212 13.8868
    endloop
  endfacet
  facet normal 0.97003 0 -0.242986
    outer loop
      vertex -6.37509 -10.313 13.2681
      vertex -6.22011 -12 13.8868
      vertex -6.37509 -12 13.2681
    endloop
  endfacet
  facet normal 0.989171 0 -0.146765
    outer loop
      vertex -6.37509 -12 13.2681
      vertex -6.41199 -10.3499 13.0194
      vertex -6.37509 -10.313 13.2681
    endloop
  endfacet
  facet normal 0.989177 5.30113e-06 -0.14673
    outer loop
      vertex -6.46869 -12 12.6371
      vertex -6.41199 -10.3499 13.0194
      vertex -6.37509 -12 13.2681
    endloop
  endfacet
  facet normal 0.98918 0 -0.146708
    outer loop
      vertex -6.41199 -10.3499 13.0194
      vertex -6.46869 -12 12.6371
      vertex -6.46869 -10.3687 12.6371
    endloop
  endfacet
  facet normal 0.998795 0 -0.0490853
    outer loop
      vertex -6.46869 -12 12.6371
      vertex -6.5 -10.4 12
      vertex -6.46869 -10.3687 12.6371
    endloop
  endfacet
  facet normal 0.998795 0 -0.0490853
    outer loop
      vertex -6.5 -10.4 12
      vertex -6.46869 -12 12.6371
      vertex -6.5 -12 12
    endloop
  endfacet
  facet normal 0.998795 0 0.0490853
    outer loop
      vertex -6.46869 -12 11.3629
      vertex -6.5 -10.4 12
      vertex -6.5 -12 12
    endloop
  endfacet
  facet normal 0.998795 0 0.0490853
    outer loop
      vertex -6.5 -10.4 12
      vertex -6.46869 -12 11.3629
      vertex -6.46869 -10.3687 11.3629
    endloop
  endfacet
  facet normal 0.98918 -0 0.146708
    outer loop
      vertex -6.46869 -12 11.3629
      vertex -6.41199 -10.3499 10.9806
      vertex -6.46869 -10.3687 11.3629
    endloop
  endfacet
  facet normal 0.989177 5.30113e-06 0.14673
    outer loop
      vertex -6.37509 -12 10.7319
      vertex -6.41199 -10.3499 10.9806
      vertex -6.46869 -12 11.3629
    endloop
  endfacet
  facet normal 0.989171 0 0.146765
    outer loop
      vertex -6.41199 -10.3499 10.9806
      vertex -6.37509 -12 10.7319
      vertex -6.37509 -10.313 10.7319
    endloop
  endfacet
  facet normal 0.97003 0 0.242986
    outer loop
      vertex -6.22011 -12 10.1132
      vertex -6.37509 -10.313 10.7319
      vertex -6.37509 -12 10.7319
    endloop
  endfacet
  facet normal 0.97003 0 0.242986
    outer loop
      vertex -6.37509 -10.313 10.7319
      vertex -6.22011 -12 10.1132
      vertex -6.22011 -10.2212 10.1132
    endloop
  endfacet
  facet normal 0.941575 -0 0.336802
    outer loop
      vertex -6.22011 -12 10.1132
      vertex -6.16927 -10.2002 9.97107
      vertex -6.22011 -10.2212 10.1132
    endloop
  endfacet
  facet normal 0.941545 7.50836e-06 0.336886
    outer loop
      vertex -6.0052 -12 9.51256
      vertex -6.16927 -10.2002 9.97107
      vertex -6.22011 -12 10.1132
    endloop
  endfacet
  facet normal 0.941536 0 0.336913
    outer loop
      vertex -6.16927 -10.2002 9.97107
      vertex -6.0052 -12 9.51256
      vertex -6.0052 -10.0853 9.51256
    endloop
  endfacet
  facet normal 0.903993 0 0.427548
    outer loop
      vertex -5.73248 -12 8.93593
      vertex -6.0052 -10.0853 9.51256
      vertex -6.0052 -12 9.51256
    endloop
  endfacet
  facet normal 0.903993 1.3034e-07 0.427547
    outer loop
      vertex -6.0052 -10.0853 9.51256
      vertex -5.73248 -12 8.93593
      vertex -5.75382 -9.95218 8.98105
    endloop
  endfacet
  facet normal 0.903991 0 0.427552
    outer loop
      vertex -5.75382 -9.95218 8.98105
      vertex -5.73248 -12 8.93593
      vertex -5.73248 -9.93603 8.93593
    endloop
  endfacet
  facet normal 0.857731 0 0.514099
    outer loop
      vertex -5.40454 -12 8.38879
      vertex -5.73248 -9.93603 8.93593
      vertex -5.73248 -12 8.93593
    endloop
  endfacet
  facet normal 0.857731 0 0.514099
    outer loop
      vertex -5.73248 -9.93603 8.93593
      vertex -5.40454 -12 8.38879
      vertex -5.40454 -9.74026 8.38879
    endloop
  endfacet
  facet normal 0.803213 0 0.595692
    outer loop
      vertex -5.02457 -12 7.87645
      vertex -5.40454 -9.74026 8.38879
      vertex -5.40454 -12 8.38879
    endloop
  endfacet
  facet normal 0.803207 -2.77354e-06 0.5957
    outer loop
      vertex -5.40454 -9.74026 8.38879
      vertex -5.02457 -12 7.87645
      vertex -5.1311 -9.60834 8.0201
    endloop
  endfacet
  facet normal 0.803229 0 0.59567
    outer loop
      vertex -5.1311 -9.60834 8.0201
      vertex -5.02457 -12 7.87645
      vertex -5.02457 -9.5404 7.87645
    endloop
  endfacet
  facet normal 0.740948 0 0.671562
    outer loop
      vertex -4.59619 -12 7.40381
      vertex -5.02457 -9.5404 7.87645
      vertex -5.02457 -12 7.87645
    endloop
  endfacet
  facet normal 0.740948 0 0.671562
    outer loop
      vertex -5.02457 -9.5404 7.87645
      vertex -4.59619 -12 7.40381
      vertex -4.59619 -9.31685 7.40381
    endloop
  endfacet
  facet normal 0.671566 0 0.740945
    outer loop
      vertex -4.25822 -9.17197 7.09749
      vertex -4.12355 -12 6.97543
      vertex -4.12355 -9.09881 6.97543
    endloop
  endfacet
  facet normal 0.671561 -3.82744e-07 0.740949
    outer loop
      vertex -4.59619 -9.31685 7.40381
      vertex -4.12355 -12 6.97543
      vertex -4.25822 -9.17197 7.09749
    endloop
  endfacet
  facet normal 0.671562 0 0.740948
    outer loop
      vertex -4.12355 -12 6.97543
      vertex -4.59619 -9.31685 7.40381
      vertex -4.59619 -12 7.40381
    endloop
  endfacet
  facet normal 0.595692 0 0.803213
    outer loop
      vertex -4.12355 -9.09881 6.97543
      vertex -3.61121 -12 6.59546
      vertex -3.61121 -8.87107 6.59546
    endloop
  endfacet
  facet normal 0.595692 0 0.803213
    outer loop
      vertex -3.61121 -12 6.59546
      vertex -4.12355 -9.09881 6.97543
      vertex -4.12355 -12 6.97543
    endloop
  endfacet
  facet normal 0.514099 0 0.857731
    outer loop
      vertex -3.61121 -8.87107 6.59546
      vertex -3.06407 -12 6.26752
      vertex -3.06407 -8.67451 6.26752
    endloop
  endfacet
  facet normal 0.514099 0 0.857731
    outer loop
      vertex -3.06407 -12 6.26752
      vertex -3.61121 -8.87107 6.59546
      vertex -3.61121 -12 6.59546
    endloop
  endfacet
  facet normal 0.42738 0 0.904072
    outer loop
      vertex -2.48744 -8.47872 5.9948
      vertex -2.49844 -12 6
      vertex -2.48744 -13 5.9948
    endloop
  endfacet
  facet normal 0.42755 -6.52471e-07 0.903992
    outer loop
      vertex -2.96799 -8.64728 6.22208
      vertex -2.49844 -12 6
      vertex -2.48744 -8.47872 5.9948
    endloop
  endfacet
  facet normal 0.427537 -2.95399e-06 0.903998
    outer loop
      vertex -3.06407 -8.67451 6.26752
      vertex -2.49844 -12 6
      vertex -2.96799 -8.64728 6.22208
    endloop
  endfacet
  facet normal 0.427551 0 0.903991
    outer loop
      vertex -2.49844 -12 6
      vertex -3.06407 -8.67451 6.26752
      vertex -3.06407 -12 6.26752
    endloop
  endfacet
  facet normal 0.42738 0 0.904072
    outer loop
      vertex -2.48744 -13 5.9948
      vertex -2.49844 -12 6
      vertex -2.49844 -13 6
    endloop
  endfacet
  facet normal 0.336906 0 0.941538
    outer loop
      vertex -2.48744 -8.47872 5.9948
      vertex -1.88684 -13 5.77989
      vertex -1.88684 -8.31933 5.77989
    endloop
  endfacet
  facet normal 0.336906 0 0.941538
    outer loop
      vertex -1.88684 -13 5.77989
      vertex -2.48744 -8.47872 5.9948
      vertex -2.48744 -13 5.9948
    endloop
  endfacet
  facet normal 0.242963 0 0.970035
    outer loop
      vertex -1.88684 -8.31933 5.77989
      vertex -1.26808 -13 5.62491
      vertex -1.26808 -8.20439 5.62491
    endloop
  endfacet
  facet normal 0.242963 0 0.970035
    outer loop
      vertex -1.26808 -13 5.62491
      vertex -1.88684 -8.31933 5.77989
      vertex -1.88684 -13 5.77989
    endloop
  endfacet
  facet normal 0.146735 0 0.989176
    outer loop
      vertex -1.26808 -8.20439 5.62491
      vertex -0.6371 -13 5.53131
      vertex -0.6371 -8.13498 5.53131
    endloop
  endfacet
  facet normal 0.146735 0 0.989176
    outer loop
      vertex -0.6371 -13 5.53131
      vertex -1.26808 -8.20439 5.62491
      vertex -1.26808 -13 5.62491
    endloop
  endfacet
  facet normal 0.0490853 0 0.998795
    outer loop
      vertex -0.6371 -8.13498 5.53131
      vertex 0 -13 5.5
      vertex 0 -8.11176 5.5
    endloop
  endfacet
  facet normal 0.0490853 0 0.998795
    outer loop
      vertex 0 -13 5.5
      vertex -0.6371 -8.13498 5.53131
      vertex -0.6371 -13 5.53131
    endloop
  endfacet
  facet normal -0.0490853 0 0.998795
    outer loop
      vertex 0 -13 5.5
      vertex 0.6371 -8.13498 5.53131
      vertex 0 -8.11176 5.5
    endloop
  endfacet
  facet normal -0.0490853 0 0.998795
    outer loop
      vertex 0.6371 -8.13498 5.53131
      vertex 0 -13 5.5
      vertex 0.6371 -13 5.53131
    endloop
  endfacet
  facet normal 1 0 0
    outer loop
      vertex -82.5 7.35406 52.3537
      vertex -82.5 12 40.1872
      vertex -82.5 12 49.8128
    endloop
  endfacet
  facet normal 1 0 0
    outer loop
      vertex -82.5 7.35406 52.3537
      vertex -82.5 7.35406 37.6463
      vertex -82.5 12 40.1872
    endloop
  endfacet
  facet normal 1 0 0
    outer loop
      vertex -82.5 6.59769 53.0393
      vertex -82.5 7.35406 52.3537
      vertex -82.5 7.3539 52.3539
    endloop
  endfacet
  facet normal 1 0 0
    outer loop
      vertex -82.5 7.35406 52.3537
      vertex -82.5 6.59769 53.0393
      vertex -82.5 7.35406 37.6463
    endloop
  endfacet
  facet normal 1 0 0
    outer loop
      vertex -82.5 6.59769 36.9607
      vertex -82.5 7.35406 37.6463
      vertex -82.5 6.59769 53.0393
    endloop
  endfacet
  facet normal 1 0 0
    outer loop
      vertex -82.5 7.35406 37.6463
      vertex -82.5 6.59769 36.9607
      vertex -82.5 7.3539 37.6461
    endloop
  endfacet
  facet normal 1 0 0
    outer loop
      vertex -82.5 5.77792 53.6473
      vertex -82.5 6.59769 36.9607
      vertex -82.5 6.59769 53.0393
    endloop
  endfacet
  facet normal 1 0 0
    outer loop
      vertex -82.5 5.77792 53.6473
      vertex -82.5 5.77792 36.3527
      vertex -82.5 6.59769 36.9607
    endloop
  endfacet
  facet normal 1 0 0
    outer loop
      vertex -82.5 4.90251 54.172
      vertex -82.5 5.77792 36.3527
      vertex -82.5 5.77792 53.6473
    endloop
  endfacet
  facet normal 1 0 0
    outer loop
      vertex -82.5 4.90251 54.172
      vertex -82.5 4.90251 35.828
      vertex -82.5 5.77792 36.3527
    endloop
  endfacet
  facet normal 1 0 0
    outer loop
      vertex -82.5 3.9799 54.6083
      vertex -82.5 4.90251 35.828
      vertex -82.5 4.90251 54.172
    endloop
  endfacet
  facet normal 1 0 0
    outer loop
      vertex -82.5 3.9799 54.6083
      vertex -82.5 3.9799 35.3917
      vertex -82.5 4.90251 35.828
    endloop
  endfacet
  facet normal 1 0 0
    outer loop
      vertex -82.5 3.01895 54.9522
      vertex -82.5 3.9799 35.3917
      vertex -82.5 3.9799 54.6083
    endloop
  endfacet
  facet normal 1 0 0
    outer loop
      vertex -82.5 3.01895 54.9522
      vertex -82.5 3.01895 35.0478
      vertex -82.5 3.9799 35.3917
    endloop
  endfacet
  facet normal 1 0 0
    outer loop
      vertex -82.5 2.02893 55.2002
      vertex -82.5 3.01895 35.0478
      vertex -82.5 3.01895 54.9522
    endloop
  endfacet
  facet normal 1 0 0
    outer loop
      vertex -82.5 2.02893 55.2002
      vertex -82.5 2.02893 34.7998
      vertex -82.5 3.01895 35.0478
    endloop
  endfacet
  facet normal 1 0 0
    outer loop
      vertex -82.5 1.01936 55.3499
      vertex -82.5 2.02893 34.7998
      vertex -82.5 2.02893 55.2002
    endloop
  endfacet
  facet normal 1 0 0
    outer loop
      vertex -82.5 1.01936 55.3499
      vertex -82.5 1.01936 34.6501
      vertex -82.5 2.02893 34.7998
    endloop
  endfacet
  facet normal 1 0 0
    outer loop
      vertex -82.5 0 55.4
      vertex -82.5 1.01936 34.6501
      vertex -82.5 1.01936 55.3499
    endloop
  endfacet
  facet normal 1 0 0
    outer loop
      vertex -82.5 0 55.4
      vertex -82.5 0 34.6
      vertex -82.5 1.01936 34.6501
    endloop
  endfacet
  facet normal 1 -0 0
    outer loop
      vertex -82.5 -1.01936 55.3499
      vertex -82.5 0 34.6
      vertex -82.5 0 55.4
    endloop
  endfacet
  facet normal 1 0 0
    outer loop
      vertex -82.5 -1.01936 55.3499
      vertex -82.5 -1.01936 34.6501
      vertex -82.5 0 34.6
    endloop
  endfacet
  facet normal 1 -0 0
    outer loop
      vertex -82.5 -2.02893 55.2002
      vertex -82.5 -1.01936 34.6501
      vertex -82.5 -1.01936 55.3499
    endloop
  endfacet
  facet normal 1 0 0
    outer loop
      vertex -82.5 -2.02893 55.2002
      vertex -82.5 -2.02893 34.7998
      vertex -82.5 -1.01936 34.6501
    endloop
  endfacet
  facet normal 1 -0 0
    outer loop
      vertex -82.5 -3.01895 54.9522
      vertex -82.5 -2.02893 34.7998
      vertex -82.5 -2.02893 55.2002
    endloop
  endfacet
  facet normal 1 0 0
    outer loop
      vertex -82.5 -3.01895 54.9522
      vertex -82.5 -3.01895 35.0478
      vertex -82.5 -2.02893 34.7998
    endloop
  endfacet
  facet normal 1 -0 0
    outer loop
      vertex -82.5 -3.9799 54.6083
      vertex -82.5 -3.01895 35.0478
      vertex -82.5 -3.01895 54.9522
    endloop
  endfacet
  facet normal 1 0 0
    outer loop
      vertex -82.5 -3.9799 54.6083
      vertex -82.5 -3.9799 35.3917
      vertex -82.5 -3.01895 35.0478
    endloop
  endfacet
  facet normal 1 -0 0
    outer loop
      vertex -82.5 -4.90251 54.172
      vertex -82.5 -3.9799 35.3917
      vertex -82.5 -3.9799 54.6083
    endloop
  endfacet
  facet normal 1 0 0
    outer loop
      vertex -82.5 -4.90251 54.172
      vertex -82.5 -4.90251 35.828
      vertex -82.5 -3.9799 35.3917
    endloop
  endfacet
  facet normal 1 -0 0
    outer loop
      vertex -82.5 -5.77792 53.6473
      vertex -82.5 -4.90251 35.828
      vertex -82.5 -4.90251 54.172
    endloop
  endfacet
  facet normal 1 0 0
    outer loop
      vertex -82.5 -5.77792 53.6473
      vertex -82.5 -5.77792 36.3527
      vertex -82.5 -4.90251 35.828
    endloop
  endfacet
  facet normal 1 -0 0
    outer loop
      vertex -82.5 -6.59769 53.0393
      vertex -82.5 -5.77792 36.3527
      vertex -82.5 -5.77792 53.6473
    endloop
  endfacet
  facet normal 1 0 0
    outer loop
      vertex -82.5 -6.59769 53.0393
      vertex -82.5 -6.59769 36.9607
      vertex -82.5 -5.77792 36.3527
    endloop
  endfacet
  facet normal 1 -0 0
    outer loop
      vertex -82.5 -7.3539 52.3539
      vertex -82.5 -6.59769 36.9607
      vertex -82.5 -6.59769 53.0393
    endloop
  endfacet
  facet normal 1 0 0
    outer loop
      vertex -82.5 -7.3539 52.3539
      vertex -82.5 -7.3539 37.6461
      vertex -82.5 -6.59769 36.9607
    endloop
  endfacet
  facet normal 1 -0 0
    outer loop
      vertex -82.5 -8.03931 51.5977
      vertex -82.5 -7.3539 37.6461
      vertex -82.5 -7.3539 52.3539
    endloop
  endfacet
  facet normal 1 0 0
    outer loop
      vertex -82.5 -8.03931 51.5977
      vertex -82.5 -8.03931 38.4023
      vertex -82.5 -7.3539 37.6461
    endloop
  endfacet
  facet normal 1 -0 0
    outer loop
      vertex -82.5 -8.64728 50.7779
      vertex -82.5 -8.03931 38.4023
      vertex -82.5 -8.03931 51.5977
    endloop
  endfacet
  facet normal 1 0 0
    outer loop
      vertex -82.5 -8.64728 50.7779
      vertex -82.5 -8.64728 39.2221
      vertex -82.5 -8.03931 38.4023
    endloop
  endfacet
  facet normal 1 -0 0
    outer loop
      vertex -82.5 -9.17197 49.9025
      vertex -82.5 -8.64728 39.2221
      vertex -82.5 -8.64728 50.7779
    endloop
  endfacet
  facet normal 1 0 0
    outer loop
      vertex -82.5 -9.17197 49.9025
      vertex -82.5 -9.17197 40.0975
      vertex -82.5 -8.64728 39.2221
    endloop
  endfacet
  facet normal 1 -0 0
    outer loop
      vertex -82.5 -9.60834 48.9799
      vertex -82.5 -9.17197 40.0975
      vertex -82.5 -9.17197 49.9025
    endloop
  endfacet
  facet normal 1 0 0
    outer loop
      vertex -82.5 -9.60834 48.9799
      vertex -82.5 -9.60834 41.0201
      vertex -82.5 -9.17197 40.0975
    endloop
  endfacet
  facet normal 1 -0 0
    outer loop
      vertex -82.5 -9.95218 48.019
      vertex -82.5 -9.60834 41.0201
      vertex -82.5 -9.60834 48.9799
    endloop
  endfacet
  facet normal 1 0 0
    outer loop
      vertex -82.5 -9.95218 48.019
      vertex -82.5 -9.95218 41.981
      vertex -82.5 -9.60834 41.0201
    endloop
  endfacet
  facet normal 1 -0 0
    outer loop
      vertex -82.5 -10.2002 47.0289
      vertex -82.5 -9.95218 41.981
      vertex -82.5 -9.95218 48.019
    endloop
  endfacet
  facet normal 1 0 0
    outer loop
      vertex -82.5 -10.2002 47.0289
      vertex -82.5 -10.2002 42.9711
      vertex -82.5 -9.95218 41.981
    endloop
  endfacet
  facet normal 1 -0 0
    outer loop
      vertex -82.5 -10.3499 46.0194
      vertex -82.5 -10.2002 42.9711
      vertex -82.5 -10.2002 47.0289
    endloop
  endfacet
  facet normal 1 0 0
    outer loop
      vertex -82.5 -10.3499 46.0194
      vertex -82.5 -10.3499 43.9806
      vertex -82.5 -10.2002 42.9711
    endloop
  endfacet
  facet normal 1 0 -0
    outer loop
      vertex -82.5 -10.3499 43.9806
      vertex -82.5 -10.3499 46.0194
      vertex -82.5 -10.4 45
    endloop
  endfacet
  facet normal -1.05176e-06 0.989171 0.146765
    outer loop
      vertex -82.5 -10.2002 42.9711
      vertex -6.41199 -10.3499 43.9806
      vertex -6.37509 -10.313 43.7319
    endloop
  endfacet
  facet normal -1.09106e-06 0.989171 0.146769
    outer loop
      vertex -82.5 -10.2002 42.9711
      vertex -6.37509 -10.313 43.7319
      vertex -6.22011 -10.2212 43.1132
    endloop
  endfacet
  facet normal -0 0.989256 0.146195
    outer loop
      vertex -82.5 -10.2002 42.9711
      vertex -6.22011 -10.2212 43.1132
      vertex -6.16927 -10.2002 42.9711
    endloop
  endfacet
  facet normal 0 0.989183 0.146687
    outer loop
      vertex -6.41199 -10.3499 43.9806
      vertex -82.5 -10.2002 42.9711
      vertex -82.5 -10.3499 43.9806
    endloop
  endfacet
  facet normal 0 0.989183 0.146687
    outer loop
      vertex 57 -10.2002 42.9711
      vertex 6.41199 -10.3499 43.9806
      vertex 57 -10.3499 43.9806
    endloop
  endfacet
  facet normal 1.58036e-06 0.989171 0.146765
    outer loop
      vertex 6.41199 -10.3499 43.9806
      vertex 57 -10.2002 42.9711
      vertex 6.37509 -10.313 43.7319
    endloop
  endfacet
  facet normal 1.63857e-06 0.989171 0.146768
    outer loop
      vertex 6.37509 -10.313 43.7319
      vertex 57 -10.2002 42.9711
      vertex 6.22011 -10.2212 43.1132
    endloop
  endfacet
  facet normal 0 0.989256 0.146195
    outer loop
      vertex 6.22011 -10.2212 43.1132
      vertex 57 -10.2002 42.9711
      vertex 6.16927 -10.2002 42.9711
    endloop
  endfacet
  facet normal -1.2503e-06 0.970006 0.243083
    outer loop
      vertex -82.5 -9.95218 41.981
      vertex -6.16927 -10.2002 42.9711
      vertex -6.0052 -10.0853 42.5126
    endloop
  endfacet
  facet normal -0 0.970048 0.242913
    outer loop
      vertex -82.5 -9.95218 41.981
      vertex -6.0052 -10.0853 42.5126
      vertex -5.75382 -9.95218 41.981
    endloop
  endfacet
  facet normal 0 0.970028 0.242992
    outer loop
      vertex -6.16927 -10.2002 42.9711
      vertex -82.5 -9.95218 41.981
      vertex -82.5 -10.2002 42.9711
    endloop
  endfacet
  facet normal 0 0.970028 0.242992
    outer loop
      vertex 57 -9.95218 41.981
      vertex 6.16927 -10.2002 42.9711
      vertex 57 -10.2002 42.9711
    endloop
  endfacet
  facet normal 1.87319e-06 0.970006 0.243083
    outer loop
      vertex 6.16927 -10.2002 42.9711
      vertex 57 -9.95218 41.981
      vertex 6.0052 -10.0853 42.5126
    endloop
  endfacet
  facet normal 0 0.970048 0.242913
    outer loop
      vertex 6.0052 -10.0853 42.5126
      vertex 57 -9.95218 41.981
      vertex 5.75382 -9.95218 41.981
    endloop
  endfacet
  facet normal -3.06928e-06 0.941459 0.337128
    outer loop
      vertex -82.5 -9.60834 41.0201
      vertex -5.75382 -9.95218 41.981
      vertex -5.73248 -9.93603 41.9359
    endloop
  endfacet
  facet normal -1.55076e-07 0.941536 0.336912
    outer loop
      vertex -82.5 -9.60834 41.0201
      vertex -5.73248 -9.93603 41.9359
      vertex -5.40454 -9.74026 41.3888
    endloop
  endfacet
  facet normal -0 0.941546 0.336883
    outer loop
      vertex -82.5 -9.60834 41.0201
      vertex -5.40454 -9.74026 41.3888
      vertex -5.1311 -9.60834 41.0201
    endloop
  endfacet
  facet normal 0 0.941536 0.336911
    outer loop
      vertex -5.75382 -9.95218 41.981
      vertex -82.5 -9.60834 41.0201
      vertex -82.5 -9.95218 41.981
    endloop
  endfacet
  facet normal 0 0.941536 0.336911
    outer loop
      vertex 57 -9.60834 41.0201
      vertex 5.75382 -9.95218 41.981
      vertex 57 -9.95218 41.981
    endloop
  endfacet
  facet normal 4.58312e-06 0.941459 0.337128
    outer loop
      vertex 5.75382 -9.95218 41.981
      vertex 57 -9.60834 41.0201
      vertex 5.73248 -9.93603 41.9359
    endloop
  endfacet
  facet normal 2.31392e-07 0.941536 0.336912
    outer loop
      vertex 5.73248 -9.93603 41.9359
      vertex 57 -9.60834 41.0201
      vertex 5.40454 -9.74026 41.3888
    endloop
  endfacet
  facet normal 0 0.941546 0.336883
    outer loop
      vertex 5.40454 -9.74026 41.3888
      vertex 57 -9.60834 41.0201
      vertex 5.1311 -9.60834 41.0201
    endloop
  endfacet
  facet normal 2.00901e-06 0.90405 0.427428
    outer loop
      vertex -82.5 -9.17197 40.0975
      vertex -5.1311 -9.60834 41.0201
      vertex -5.02457 -9.5404 40.8764
    endloop
  endfacet
  facet normal -7.52807e-08 0.903969 0.427597
    outer loop
      vertex -82.5 -9.17197 40.0975
      vertex -5.02457 -9.5404 40.8764
      vertex -4.59619 -9.31685 40.4038
    endloop
  endfacet
  facet normal -0 0.903977 0.427581
    outer loop
      vertex -82.5 -9.17197 40.0975
      vertex -4.59619 -9.31685 40.4038
      vertex -4.25822 -9.17197 40.0975
    endloop
  endfacet
  facet normal 0 0.903984 0.427565
    outer loop
      vertex -5.1311 -9.60834 41.0201
      vertex -82.5 -9.17197 40.0975
      vertex -82.5 -9.60834 41.0201
    endloop
  endfacet
  facet normal 0 0.903984 0.427565
    outer loop
      vertex 57 -9.17197 40.0975
      vertex 5.1311 -9.60834 41.0201
      vertex 57 -9.60834 41.0201
    endloop
  endfacet
  facet normal -2.98383e-06 0.904049 0.427428
    outer loop
      vertex 5.1311 -9.60834 41.0201
      vertex 57 -9.17197 40.0975
      vertex 5.02457 -9.5404 40.8764
    endloop
  endfacet
  facet normal 1.1172e-07 0.903969 0.427597
    outer loop
      vertex 5.02457 -9.5404 40.8764
      vertex 57 -9.17197 40.0975
      vertex 4.59619 -9.31685 40.4038
    endloop
  endfacet
  facet normal 0 0.903977 0.427581
    outer loop
      vertex 4.59619 -9.31685 40.4038
      vertex 57 -9.17197 40.0975
      vertex 4.25822 -9.17197 40.0975
    endloop
  endfacet
  facet normal 1.80808e-06 0.857802 0.513981
    outer loop
      vertex -82.5 -8.64728 39.2221
      vertex -4.25822 -9.17197 40.0975
      vertex -4.12355 -9.09881 39.9754
    endloop
  endfacet
  facet normal -5.77129e-07 0.857692 0.514163
    outer loop
      vertex -82.5 -8.64728 39.2221
      vertex -4.12355 -9.09881 39.9754
      vertex -3.61121 -8.87107 39.5955
    endloop
  endfacet
  facet normal 2.50491e-07 0.85777 0.514034
    outer loop
      vertex -82.5 -8.64728 39.2221
      vertex -3.61121 -8.87107 39.5955
      vertex -3.06407 -8.67451 39.2675
    endloop
  endfacet
  facet normal -0 0.857576 0.514357
    outer loop
      vertex -82.5 -8.64728 39.2221
      vertex -3.06407 -8.67451 39.2675
      vertex -2.96799 -8.64728 39.2221
    endloop
  endfacet
  facet normal 0 0.857731 0.514099
    outer loop
      vertex -4.25822 -9.17197 40.0975
      vertex -82.5 -8.64728 39.2221
      vertex -82.5 -9.17197 40.0975
    endloop
  endfacet
  facet normal 0 0.857731 0.514099
    outer loop
      vertex 57 -8.64728 39.2221
      vertex 4.25822 -9.17197 40.0975
      vertex 57 -9.17197 40.0975
    endloop
  endfacet
  facet normal -2.66654e-06 0.857801 0.513981
    outer loop
      vertex 4.25822 -9.17197 40.0975
      vertex 57 -8.64728 39.2221
      vertex 4.12355 -9.09881 39.9754
    endloop
  endfacet
  facet normal 8.50206e-07 0.857693 0.514163
    outer loop
      vertex 4.12355 -9.09881 39.9754
      vertex 57 -8.64728 39.2221
      vertex 3.61121 -8.87107 39.5955
    endloop
  endfacet
  facet normal -3.68753e-07 0.857769 0.514035
    outer loop
      vertex 3.61121 -8.87107 39.5955
      vertex 57 -8.64728 39.2221
      vertex 3.06407 -8.67451 39.2675
    endloop
  endfacet
  facet normal 0 0.857576 0.514357
    outer loop
      vertex 3.06407 -8.67451 39.2675
      vertex 57 -8.64728 39.2221
      vertex 2.96799 -8.64728 39.2221
    endloop
  endfacet
  facet normal 0 0.803224 0.595677
    outer loop
      vertex 57 -8.03931 38.4023
      vertex 2.96799 -8.64728 39.2221
      vertex 57 -8.64728 39.2221
    endloop
  endfacet
  facet normal -3.86111e-07 0.803236 0.595661
    outer loop
      vertex 2.96799 -8.64728 39.2221
      vertex 57 -8.03931 38.4023
      vertex 2.48744 -8.47872 38.9948
    endloop
  endfacet
  facet normal 6.23224e-07 0.803192 0.595721
    outer loop
      vertex 2.48744 -8.47872 38.9948
      vertex 57 -8.03931 38.4023
      vertex 1.88684 -8.31933 38.7799
    endloop
  endfacet
  facet normal -1.60719e-07 0.803246 0.595647
    outer loop
      vertex 1.88684 -8.31933 38.7799
      vertex 57 -8.03931 38.4023
      vertex 1.26808 -8.20439 38.6249
    endloop
  endfacet
  facet normal -1.23254e-07 0.803242 0.595653
    outer loop
      vertex 1.26808 -8.20439 38.6249
      vertex 57 -8.03931 38.4023
      vertex 0.6371 -8.13498 38.5313
    endloop
  endfacet
  facet normal 3.95402e-07 0.803134 0.595799
    outer loop
      vertex 0.6371 -8.13498 38.5313
      vertex 57 -8.03931 38.4023
      vertex 0 -8.11176 38.5
    endloop
  endfacet
  facet normal 2.64954e-07 0.803236 0.595661
    outer loop
      vertex -82.5 -8.03931 38.4023
      vertex -2.96799 -8.64728 39.2221
      vertex -2.48744 -8.47872 38.9948
    endloop
  endfacet
  facet normal -4.2863e-07 0.803191 0.595721
    outer loop
      vertex -82.5 -8.03931 38.4023
      vertex -2.48744 -8.47872 38.9948
      vertex -1.88684 -8.31933 38.7799
    endloop
  endfacet
  facet normal 1.10813e-07 0.803247 0.595647
    outer loop
      vertex -82.5 -8.03931 38.4023
      vertex -1.88684 -8.31933 38.7799
      vertex -1.26808 -8.20439 38.6249
    endloop
  endfacet
  facet normal 8.52641e-08 0.803242 0.595653
    outer loop
      vertex -82.5 -8.03931 38.4023
      vertex -1.26808 -8.20439 38.6249
      vertex -0.6371 -8.13498 38.5313
    endloop
  endfacet
  facet normal -2.76063e-07 0.803132 0.595801
    outer loop
      vertex -82.5 -8.03931 38.4023
      vertex -0.6371 -8.13498 38.5313
      vertex 0 -8.11176 38.5
    endloop
  endfacet
  facet normal 0 0.803224 0.595677
    outer loop
      vertex -2.96799 -8.64728 39.2221
      vertex -82.5 -8.03931 38.4023
      vertex -82.5 -8.64728 39.2221
    endloop
  endfacet
  facet normal -0 0.803244 0.59565
    outer loop
      vertex -82.5 -8.03931 38.4023
      vertex 0 -8.11176 38.5
      vertex 57 -8.03931 38.4023
    endloop
  endfacet
  facet normal 0 0.740936 0.671575
    outer loop
      vertex 57 -7.3539 37.6461
      vertex -82.5 -8.03931 38.4023
      vertex 57 -8.03931 38.4023
    endloop
  endfacet
  facet normal 0 0.740936 0.671575
    outer loop
      vertex -82.5 -8.03931 38.4023
      vertex 57 -7.3539 37.6461
      vertex -82.5 -7.3539 37.6461
    endloop
  endfacet
  facet normal -0 0.671565 0.740946
    outer loop
      vertex -82.5 -6.59769 36.9607
      vertex 57 -7.3539 37.6461
      vertex 57 -6.59769 36.9607
    endloop
  endfacet
  facet normal 0 0.671565 0.740946
    outer loop
      vertex 57 -7.3539 37.6461
      vertex -82.5 -6.59769 36.9607
      vertex -82.5 -7.3539 37.6461
    endloop
  endfacet
  facet normal -0 0.59571 0.8032
    outer loop
      vertex -82.5 -5.77792 36.3527
      vertex 57 -6.59769 36.9607
      vertex 57 -5.77792 36.3527
    endloop
  endfacet
  facet normal 0 0.59571 0.8032
    outer loop
      vertex 57 -6.59769 36.9607
      vertex -82.5 -5.77792 36.3527
      vertex -82.5 -6.59769 36.9607
    endloop
  endfacet
  facet normal -0 0.514102 0.857729
    outer loop
      vertex -82.5 -4.90251 35.828
      vertex 57 -5.77792 36.3527
      vertex 57 -4.90251 35.828
    endloop
  endfacet
  facet normal 0 0.514102 0.857729
    outer loop
      vertex 57 -5.77792 36.3527
      vertex -82.5 -4.90251 35.828
      vertex -82.5 -5.77792 36.3527
    endloop
  endfacet
  facet normal -0 0.427505 0.904013
    outer loop
      vertex -82.5 -3.9799 35.3917
      vertex 57 -4.90251 35.828
      vertex 57 -3.9799 35.3917
    endloop
  endfacet
  facet normal 0 0.427505 0.904013
    outer loop
      vertex 57 -4.90251 35.828
      vertex -82.5 -3.9799 35.3917
      vertex -82.5 -4.90251 35.828
    endloop
  endfacet
  facet normal -0 0.336948 0.941523
    outer loop
      vertex -82.5 -3.01895 35.0478
      vertex 57 -3.9799 35.3917
      vertex 57 -3.01895 35.0478
    endloop
  endfacet
  facet normal 0 0.336948 0.941523
    outer loop
      vertex 57 -3.9799 35.3917
      vertex -82.5 -3.01895 35.0478
      vertex -82.5 -3.9799 35.3917
    endloop
  endfacet
  facet normal -0 0.242992 0.970028
    outer loop
      vertex -82.5 -2.02893 34.7998
      vertex 57 -3.01895 35.0478
      vertex 57 -2.02893 34.7998
    endloop
  endfacet
  facet normal 0 0.242992 0.970028
    outer loop
      vertex 57 -3.01895 35.0478
      vertex -82.5 -2.02893 34.7998
      vertex -82.5 -3.01895 35.0478
    endloop
  endfacet
  facet normal -0 0.146677 0.989184
    outer loop
      vertex -82.5 -1.01936 34.6501
      vertex 57 -2.02893 34.7998
      vertex 57 -1.01936 34.6501
    endloop
  endfacet
  facet normal 0 0.146677 0.989184
    outer loop
      vertex 57 -2.02893 34.7998
      vertex -82.5 -1.01936 34.6501
      vertex -82.5 -2.02893 34.7998
    endloop
  endfacet
  facet normal -0 0.0490892 0.998794
    outer loop
      vertex -82.5 0 34.6
      vertex 57 -1.01936 34.6501
      vertex 57 0 34.6
    endloop
  endfacet
  facet normal 0 0.0490892 0.998794
    outer loop
      vertex 57 -1.01936 34.6501
      vertex -82.5 0 34.6
      vertex -82.5 -1.01936 34.6501
    endloop
  endfacet
  facet normal 0 -0.0490892 0.998794
    outer loop
      vertex -82.5 1.01936 34.6501
      vertex 57 0 34.6
      vertex 57 1.01936 34.6501
    endloop
  endfacet
  facet normal 0 -0.0490892 0.998794
    outer loop
      vertex 57 0 34.6
      vertex -82.5 1.01936 34.6501
      vertex -82.5 0 34.6
    endloop
  endfacet
  facet normal 0 -0.146677 0.989184
    outer loop
      vertex -82.5 2.02893 34.7998
      vertex 57 1.01936 34.6501
      vertex 57 2.02893 34.7998
    endloop
  endfacet
  facet normal 0 -0.146677 0.989184
    outer loop
      vertex 57 1.01936 34.6501
      vertex -82.5 2.02893 34.7998
      vertex -82.5 1.01936 34.6501
    endloop
  endfacet
  facet normal 0 -0.242992 0.970028
    outer loop
      vertex -82.5 3.01895 35.0478
      vertex 57 2.02893 34.7998
      vertex 57 3.01895 35.0478
    endloop
  endfacet
  facet normal 0 -0.242992 0.970028
    outer loop
      vertex 57 2.02893 34.7998
      vertex -82.5 3.01895 35.0478
      vertex -82.5 2.02893 34.7998
    endloop
  endfacet
  facet normal 0 -0.336948 0.941523
    outer loop
      vertex -82.5 3.9799 35.3917
      vertex 57 3.01895 35.0478
      vertex 57 3.9799 35.3917
    endloop
  endfacet
  facet normal 0 -0.336948 0.941523
    outer loop
      vertex 57 3.01895 35.0478
      vertex -82.5 3.9799 35.3917
      vertex -82.5 3.01895 35.0478
    endloop
  endfacet
  facet normal 0 -0.427505 0.904013
    outer loop
      vertex -82.5 4.90251 35.828
      vertex 57 3.9799 35.3917
      vertex 57 4.90251 35.828
    endloop
  endfacet
  facet normal 0 -0.427505 0.904013
    outer loop
      vertex 57 3.9799 35.3917
      vertex -82.5 4.90251 35.828
      vertex -82.5 3.9799 35.3917
    endloop
  endfacet
  facet normal 0 -0.514102 0.857729
    outer loop
      vertex -82.5 5.77792 36.3527
      vertex 57 4.90251 35.828
      vertex 57 5.77792 36.3527
    endloop
  endfacet
  facet normal 0 -0.514102 0.857729
    outer loop
      vertex 57 4.90251 35.828
      vertex -82.5 5.77792 36.3527
      vertex -82.5 4.90251 35.828
    endloop
  endfacet
  facet normal 0 -0.59571 0.8032
    outer loop
      vertex -82.5 6.59769 36.9607
      vertex 57 5.77792 36.3527
      vertex 57 6.59769 36.9607
    endloop
  endfacet
  facet normal 0 -0.59571 0.8032
    outer loop
      vertex 57 5.77792 36.3527
      vertex -82.5 6.59769 36.9607
      vertex -82.5 5.77792 36.3527
    endloop
  endfacet
  facet normal 0 -0.671565 0.740946
    outer loop
      vertex -82.5 7.3539 37.6461
      vertex 57 6.59769 36.9607
      vertex 57 7.3539 37.6461
    endloop
  endfacet
  facet normal 0 -0.671565 0.740946
    outer loop
      vertex 57 6.59769 36.9607
      vertex -82.5 7.3539 37.6461
      vertex -82.5 6.59769 36.9607
    endloop
  endfacet
  facet normal 0 -0.780869 0.624695
    outer loop
      vertex -82.5 7.3539 37.6461
      vertex 57 7.35406 37.6463
      vertex -82.5 7.35406 37.6463
    endloop
  endfacet
  facet normal 0 -0.780869 0.624695
    outer loop
      vertex 57 7.35406 37.6463
      vertex -82.5 7.3539 37.6461
      vertex 57 7.3539 37.6461
    endloop
  endfacet
  facet normal 0 -0.479834 0.877359
    outer loop
      vertex -82.5 12 40.1872
      vertex 57 7.35406 37.6463
      vertex 57 12 40.1872
    endloop
  endfacet
  facet normal 0 -0.479834 0.877359
    outer loop
      vertex 57 7.35406 37.6463
      vertex -82.5 12 40.1872
      vertex -82.5 7.35406 37.6463
    endloop
  endfacet
  facet normal 0 -0.479834 -0.877359
    outer loop
      vertex -82.5 7.35406 52.3537
      vertex 57 12 49.8128
      vertex 57 7.35406 52.3537
    endloop
  endfacet
  facet normal -0 -0.479834 -0.877359
    outer loop
      vertex 57 12 49.8128
      vertex -82.5 7.35406 52.3537
      vertex -82.5 12 49.8128
    endloop
  endfacet
  facet normal 0 -0.780869 -0.624695
    outer loop
      vertex -82.5 7.35406 52.3537
      vertex 57 7.3539 52.3539
      vertex -82.5 7.3539 52.3539
    endloop
  endfacet
  facet normal 0 -0.780869 -0.624695
    outer loop
      vertex 57 7.3539 52.3539
      vertex -82.5 7.35406 52.3537
      vertex 57 7.35406 52.3537
    endloop
  endfacet
  facet normal 0 -0.671565 -0.740946
    outer loop
      vertex -82.5 6.59769 53.0393
      vertex 57 7.3539 52.3539
      vertex 57 6.59769 53.0393
    endloop
  endfacet
  facet normal -0 -0.671565 -0.740946
    outer loop
      vertex 57 7.3539 52.3539
      vertex -82.5 6.59769 53.0393
      vertex -82.5 7.3539 52.3539
    endloop
  endfacet
  facet normal 0 -0.59571 -0.8032
    outer loop
      vertex -82.5 5.77792 53.6473
      vertex 57 6.59769 53.0393
      vertex 57 5.77792 53.6473
    endloop
  endfacet
  facet normal -0 -0.59571 -0.8032
    outer loop
      vertex 57 6.59769 53.0393
      vertex -82.5 5.77792 53.6473
      vertex -82.5 6.59769 53.0393
    endloop
  endfacet
  facet normal 0 -0.514102 -0.857729
    outer loop
      vertex -82.5 4.90251 54.172
      vertex 57 5.77792 53.6473
      vertex 57 4.90251 54.172
    endloop
  endfacet
  facet normal -0 -0.514102 -0.857729
    outer loop
      vertex 57 5.77792 53.6473
      vertex -82.5 4.90251 54.172
      vertex -82.5 5.77792 53.6473
    endloop
  endfacet
  facet normal 0 -0.427505 -0.904013
    outer loop
      vertex -82.5 3.9799 54.6083
      vertex 57 4.90251 54.172
      vertex 57 3.9799 54.6083
    endloop
  endfacet
  facet normal -0 -0.427505 -0.904013
    outer loop
      vertex 57 4.90251 54.172
      vertex -82.5 3.9799 54.6083
      vertex -82.5 4.90251 54.172
    endloop
  endfacet
  facet normal 0 -0.336948 -0.941523
    outer loop
      vertex -82.5 3.01895 54.9522
      vertex 57 3.9799 54.6083
      vertex 57 3.01895 54.9522
    endloop
  endfacet
  facet normal -0 -0.336948 -0.941523
    outer loop
      vertex 57 3.9799 54.6083
      vertex -82.5 3.01895 54.9522
      vertex -82.5 3.9799 54.6083
    endloop
  endfacet
  facet normal 0 -0.242992 -0.970028
    outer loop
      vertex -82.5 2.02893 55.2002
      vertex 57 3.01895 54.9522
      vertex 57 2.02893 55.2002
    endloop
  endfacet
  facet normal -0 -0.242992 -0.970028
    outer loop
      vertex 57 3.01895 54.9522
      vertex -82.5 2.02893 55.2002
      vertex -82.5 3.01895 54.9522
    endloop
  endfacet
  facet normal 0 -0.146677 -0.989184
    outer loop
      vertex -82.5 1.01936 55.3499
      vertex 57 2.02893 55.2002
      vertex 57 1.01936 55.3499
    endloop
  endfacet
  facet normal -0 -0.146677 -0.989184
    outer loop
      vertex 57 2.02893 55.2002
      vertex -82.5 1.01936 55.3499
      vertex -82.5 2.02893 55.2002
    endloop
  endfacet
  facet normal 0 -0.0490892 -0.998794
    outer loop
      vertex 1.42197 0 55.4
      vertex 57 1.01936 55.3499
      vertex 57 0 55.4
    endloop
  endfacet
  facet normal 0 -0.0490892 -0.998794
    outer loop
      vertex -1.42197 0 55.4
      vertex 57 1.01936 55.3499
      vertex 1.42197 0 55.4
    endloop
  endfacet
  facet normal 0 -0.0490892 -0.998794
    outer loop
      vertex -82.5 1.01936 55.3499
      vertex -1.42197 0 55.4
      vertex -82.5 0 55.4
    endloop
  endfacet
  facet normal 0 -0.0490892 -0.998794
    outer loop
      vertex -1.42197 0 55.4
      vertex -82.5 1.01936 55.3499
      vertex 57 1.01936 55.3499
    endloop
  endfacet
  facet normal 0 0.0490892 -0.998794
    outer loop
      vertex -82.5 0 55.4
      vertex -1.44936 -1.01936 55.3499
      vertex -82.5 -1.01936 55.3499
    endloop
  endfacet
  facet normal 0 0.0490892 -0.998794
    outer loop
      vertex -1.44936 -1.01936 55.3499
      vertex -82.5 0 55.4
      vertex -1.42197 0 55.4
    endloop
  endfacet
  facet normal 0 0.0490892 -0.998794
    outer loop
      vertex 1.44936 -1.01936 55.3499
      vertex 57 0 55.4
      vertex 57 -1.01936 55.3499
    endloop
  endfacet
  facet normal 0 0.0490892 -0.998794
    outer loop
      vertex 57 0 55.4
      vertex 1.44936 -1.01936 55.3499
      vertex 1.42197 0 55.4
    endloop
  endfacet
  facet normal 0 0.146677 -0.989184
    outer loop
      vertex -82.5 -1.01936 55.3499
      vertex -1.53126 -2.02893 55.2002
      vertex -82.5 -2.02893 55.2002
    endloop
  endfacet
  facet normal 0 0.146677 -0.989184
    outer loop
      vertex -1.53126 -2.02893 55.2002
      vertex -82.5 -1.01936 55.3499
      vertex -1.44936 -1.01936 55.3499
    endloop
  endfacet
  facet normal 0 0.146677 -0.989184
    outer loop
      vertex 1.53126 -2.02893 55.2002
      vertex 57 -1.01936 55.3499
      vertex 57 -2.02893 55.2002
    endloop
  endfacet
  facet normal 0 0.146677 -0.989184
    outer loop
      vertex 57 -1.01936 55.3499
      vertex 1.53126 -2.02893 55.2002
      vertex 1.44936 -1.01936 55.3499
    endloop
  endfacet
  facet normal 0 0.242992 -0.970028
    outer loop
      vertex -82.5 -2.02893 55.2002
      vertex -1.66688 -3.01895 54.9522
      vertex -82.5 -3.01895 54.9522
    endloop
  endfacet
  facet normal 0 0.242992 -0.970028
    outer loop
      vertex -1.66688 -3.01895 54.9522
      vertex -82.5 -2.02893 55.2002
      vertex -1.53126 -2.02893 55.2002
    endloop
  endfacet
  facet normal 0 0.242992 -0.970028
    outer loop
      vertex 1.66688 -3.01895 54.9522
      vertex 57 -2.02893 55.2002
      vertex 57 -3.01895 54.9522
    endloop
  endfacet
  facet normal 0 0.242992 -0.970028
    outer loop
      vertex 57 -2.02893 55.2002
      vertex 1.66688 -3.01895 54.9522
      vertex 1.53126 -2.02893 55.2002
    endloop
  endfacet
  facet normal 0 0.336948 -0.941523
    outer loop
      vertex -82.5 -3.01895 54.9522
      vertex -1.85493 -3.9799 54.6083
      vertex -82.5 -3.9799 54.6083
    endloop
  endfacet
  facet normal 0 0.336948 -0.941523
    outer loop
      vertex -1.85493 -3.9799 54.6083
      vertex -82.5 -3.01895 54.9522
      vertex -1.66688 -3.01895 54.9522
    endloop
  endfacet
  facet normal 0 0.336948 -0.941523
    outer loop
      vertex 1.85493 -3.9799 54.6083
      vertex 57 -3.01895 54.9522
      vertex 57 -3.9799 54.6083
    endloop
  endfacet
  facet normal 0 0.336948 -0.941523
    outer loop
      vertex 57 -3.01895 54.9522
      vertex 1.85493 -3.9799 54.6083
      vertex 1.66688 -3.01895 54.9522
    endloop
  endfacet
  facet normal 0 0.427505 -0.904013
    outer loop
      vertex -82.5 -3.9799 54.6083
      vertex -2.09359 -4.90251 54.172
      vertex -82.5 -4.90251 54.172
    endloop
  endfacet
  facet normal 0 0.427505 -0.904013
    outer loop
      vertex -2.09359 -4.90251 54.172
      vertex -82.5 -3.9799 54.6083
      vertex -1.85493 -3.9799 54.6083
    endloop
  endfacet
  facet normal 0 0.427505 -0.904013
    outer loop
      vertex 2.09359 -4.90251 54.172
      vertex 57 -3.9799 54.6083
      vertex 57 -4.90251 54.172
    endloop
  endfacet
  facet normal 0 0.427505 -0.904013
    outer loop
      vertex 57 -3.9799 54.6083
      vertex 2.09359 -4.90251 54.172
      vertex 1.85493 -3.9799 54.6083
    endloop
  endfacet
  facet normal 0 0.514102 -0.857729
    outer loop
      vertex -82.5 -4.90251 54.172
      vertex -2.38054 -5.77792 53.6473
      vertex -82.5 -5.77792 53.6473
    endloop
  endfacet
  facet normal 0 0.514102 -0.857729
    outer loop
      vertex -2.38054 -5.77792 53.6473
      vertex -82.5 -4.90251 54.172
      vertex -2.09359 -4.90251 54.172
    endloop
  endfacet
  facet normal 0 0.514102 -0.857729
    outer loop
      vertex 2.38054 -5.77792 53.6473
      vertex 57 -4.90251 54.172
      vertex 57 -5.77792 53.6473
    endloop
  endfacet
  facet normal 0 0.514102 -0.857729
    outer loop
      vertex 57 -4.90251 54.172
      vertex 2.38054 -5.77792 53.6473
      vertex 2.09359 -4.90251 54.172
    endloop
  endfacet
  facet normal 0 0.59571 -0.8032
    outer loop
      vertex -82.5 -5.77792 53.6473
      vertex -2.71305 -6.59769 53.0393
      vertex -82.5 -6.59769 53.0393
    endloop
  endfacet
  facet normal 0 0.59571 -0.8032
    outer loop
      vertex -2.71305 -6.59769 53.0393
      vertex -82.5 -5.77792 53.6473
      vertex -2.38054 -5.77792 53.6473
    endloop
  endfacet
  facet normal 0 0.59571 -0.8032
    outer loop
      vertex 2.71305 -6.59769 53.0393
      vertex 57 -5.77792 53.6473
      vertex 57 -6.59769 53.0393
    endloop
  endfacet
  facet normal 0 0.59571 -0.8032
    outer loop
      vertex 57 -5.77792 53.6473
      vertex 2.71305 -6.59769 53.0393
      vertex 2.38054 -5.77792 53.6473
    endloop
  endfacet
  facet normal 0 0.671565 -0.740946
    outer loop
      vertex -82.5 -6.59769 53.0393
      vertex -3.08791 -7.3539 52.3539
      vertex -82.5 -7.3539 52.3539
    endloop
  endfacet
  facet normal 0 0.671565 -0.740946
    outer loop
      vertex -3.08791 -7.3539 52.3539
      vertex -82.5 -6.59769 53.0393
      vertex -2.71305 -6.59769 53.0393
    endloop
  endfacet
  facet normal 0 0.671565 -0.740946
    outer loop
      vertex 3.08791 -7.3539 52.3539
      vertex 57 -6.59769 53.0393
      vertex 57 -7.3539 52.3539
    endloop
  endfacet
  facet normal 0 0.671565 -0.740946
    outer loop
      vertex 57 -6.59769 53.0393
      vertex 3.08791 -7.3539 52.3539
      vertex 2.71305 -6.59769 53.0393
    endloop
  endfacet
  facet normal 0 0.740936 -0.671575
    outer loop
      vertex -3.50148 -8.03931 51.5977
      vertex -82.5 -7.3539 52.3539
      vertex -3.08791 -7.3539 52.3539
    endloop
  endfacet
  facet normal 0 0.740936 -0.671575
    outer loop
      vertex -82.5 -7.3539 52.3539
      vertex -3.50148 -8.03931 51.5977
      vertex -82.5 -8.03931 51.5977
    endloop
  endfacet
  facet normal 0 0.740936 -0.671575
    outer loop
      vertex 3.50148 -8.03931 51.5977
      vertex 57 -7.3539 52.3539
      vertex 57 -8.03931 51.5977
    endloop
  endfacet
  facet normal 0 0.740936 -0.671575
    outer loop
      vertex 57 -7.3539 52.3539
      vertex 3.50148 -8.03931 51.5977
      vertex 3.08791 -7.3539 52.3539
    endloop
  endfacet
  facet normal 0 0.803224 -0.595677
    outer loop
      vertex -3.94982 -8.64728 50.7779
      vertex -82.5 -8.03931 51.5977
      vertex -3.50148 -8.03931 51.5977
    endloop
  endfacet
  facet normal 0 0.803224 -0.595677
    outer loop
      vertex -82.5 -8.03931 51.5977
      vertex -3.94982 -8.64728 50.7779
      vertex -82.5 -8.64728 50.7779
    endloop
  endfacet
  facet normal 0 0.803224 -0.595677
    outer loop
      vertex 3.94982 -8.64728 50.7779
      vertex 57 -8.03931 51.5977
      vertex 57 -8.64728 50.7779
    endloop
  endfacet
  facet normal 0 0.803224 -0.595677
    outer loop
      vertex 57 -8.03931 51.5977
      vertex 3.94982 -8.64728 50.7779
      vertex 3.50148 -8.03931 51.5977
    endloop
  endfacet
  facet normal 0 0.857731 -0.514099
    outer loop
      vertex -4.42859 -9.17197 49.9025
      vertex -82.5 -8.64728 50.7779
      vertex -3.94982 -8.64728 50.7779
    endloop
  endfacet
  facet normal 0 0.857731 -0.514099
    outer loop
      vertex -82.5 -8.64728 50.7779
      vertex -4.42859 -9.17197 49.9025
      vertex -82.5 -9.17197 49.9025
    endloop
  endfacet
  facet normal 0 0.857731 -0.514099
    outer loop
      vertex 4.42859 -9.17197 49.9025
      vertex 57 -8.64728 50.7779
      vertex 57 -9.17197 49.9025
    endloop
  endfacet
  facet normal 0 0.857731 -0.514099
    outer loop
      vertex 57 -8.64728 50.7779
      vertex 4.42859 -9.17197 49.9025
      vertex 3.94982 -8.64728 50.7779
    endloop
  endfacet
  facet normal -0.000225217 0.904039 -0.42745
    outer loop
      vertex -5.02457 -9.5404 49.1236
      vertex -4.42859 -9.17197 49.9025
      vertex -4.59605 -9.31679 49.5963
    endloop
  endfacet
  facet normal 0 0.903972 -0.427591
    outer loop
      vertex -4.42859 -9.17197 49.9025
      vertex -5.02457 -9.5404 49.1236
      vertex -82.5 -9.17197 49.9025
    endloop
  endfacet
  facet normal 2.00901e-06 0.90405 -0.427428
    outer loop
      vertex -5.1311 -9.60834 48.9799
      vertex -82.5 -9.17197 49.9025
      vertex -5.02457 -9.5404 49.1236
    endloop
  endfacet
  facet normal 0 0.903984 -0.427565
    outer loop
      vertex -82.5 -9.17197 49.9025
      vertex -5.1311 -9.60834 48.9799
      vertex -82.5 -9.60834 48.9799
    endloop
  endfacet
  facet normal 0 0.903972 -0.427591
    outer loop
      vertex 5.02457 -9.5404 49.1236
      vertex 4.42859 -9.17197 49.9025
      vertex 57 -9.17197 49.9025
    endloop
  endfacet
  facet normal 0.000225217 0.904039 -0.42745
    outer loop
      vertex 4.42859 -9.17197 49.9025
      vertex 5.02457 -9.5404 49.1236
      vertex 4.59605 -9.31679 49.5963
    endloop
  endfacet
  facet normal 0 0.903984 -0.427565
    outer loop
      vertex 5.1311 -9.60834 48.9799
      vertex 57 -9.17197 49.9025
      vertex 57 -9.60834 48.9799
    endloop
  endfacet
  facet normal -2.98383e-06 0.904049 -0.427428
    outer loop
      vertex 57 -9.17197 49.9025
      vertex 5.1311 -9.60834 48.9799
      vertex 5.02457 -9.5404 49.1236
    endloop
  endfacet
  facet normal 0 0.941546 -0.336883
    outer loop
      vertex -5.40454 -9.74026 48.6112
      vertex -82.5 -9.60834 48.9799
      vertex -5.1311 -9.60834 48.9799
    endloop
  endfacet
  facet normal -1.55076e-07 0.941536 -0.336912
    outer loop
      vertex -5.73248 -9.93603 48.0641
      vertex -82.5 -9.60834 48.9799
      vertex -5.40454 -9.74026 48.6112
    endloop
  endfacet
  facet normal -3.06928e-06 0.941459 -0.337128
    outer loop
      vertex -5.75382 -9.95218 48.019
      vertex -82.5 -9.60834 48.9799
      vertex -5.73248 -9.93603 48.0641
    endloop
  endfacet
  facet normal 0 0.941536 -0.336911
    outer loop
      vertex -82.5 -9.60834 48.9799
      vertex -5.75382 -9.95218 48.019
      vertex -82.5 -9.95218 48.019
    endloop
  endfacet
  facet normal 0 0.941546 -0.336883
    outer loop
      vertex 57 -9.60834 48.9799
      vertex 5.40454 -9.74026 48.6112
      vertex 5.1311 -9.60834 48.9799
    endloop
  endfacet
  facet normal 2.31392e-07 0.941536 -0.336912
    outer loop
      vertex 57 -9.60834 48.9799
      vertex 5.73248 -9.93603 48.0641
      vertex 5.40454 -9.74026 48.6112
    endloop
  endfacet
  facet normal 0 0.941536 -0.336911
    outer loop
      vertex 5.75382 -9.95218 48.019
      vertex 57 -9.60834 48.9799
      vertex 57 -9.95218 48.019
    endloop
  endfacet
  facet normal 4.58312e-06 0.941459 -0.337128
    outer loop
      vertex 57 -9.60834 48.9799
      vertex 5.75382 -9.95218 48.019
      vertex 5.73248 -9.93603 48.0641
    endloop
  endfacet
  facet normal 0 0.970048 -0.242913
    outer loop
      vertex -6.0052 -10.0853 47.4874
      vertex -82.5 -9.95218 48.019
      vertex -5.75382 -9.95218 48.019
    endloop
  endfacet
  facet normal -1.2503e-06 0.970006 -0.243083
    outer loop
      vertex -6.16927 -10.2002 47.0289
      vertex -82.5 -9.95218 48.019
      vertex -6.0052 -10.0853 47.4874
    endloop
  endfacet
  facet normal 0 0.970028 -0.242992
    outer loop
      vertex -82.5 -9.95218 48.019
      vertex -6.16927 -10.2002 47.0289
      vertex -82.5 -10.2002 47.0289
    endloop
  endfacet
  facet normal 0 0.970048 -0.242913
    outer loop
      vertex 57 -9.95218 48.019
      vertex 6.0052 -10.0853 47.4874
      vertex 5.75382 -9.95218 48.019
    endloop
  endfacet
  facet normal 0 0.970028 -0.242992
    outer loop
      vertex 6.16927 -10.2002 47.0289
      vertex 57 -9.95218 48.019
      vertex 57 -10.2002 47.0289
    endloop
  endfacet
  facet normal 1.87319e-06 0.970006 -0.243083
    outer loop
      vertex 57 -9.95218 48.019
      vertex 6.16927 -10.2002 47.0289
      vertex 6.0052 -10.0853 47.4874
    endloop
  endfacet
  facet normal 0 0.989256 -0.146195
    outer loop
      vertex -6.22011 -10.2212 46.8868
      vertex -82.5 -10.2002 47.0289
      vertex -6.16927 -10.2002 47.0289
    endloop
  endfacet
  facet normal -1.09106e-06 0.989171 -0.146769
    outer loop
      vertex -6.37509 -10.313 46.2681
      vertex -82.5 -10.2002 47.0289
      vertex -6.22011 -10.2212 46.8868
    endloop
  endfacet
  facet normal -1.05176e-06 0.989171 -0.146765
    outer loop
      vertex -6.41199 -10.3499 46.0194
      vertex -82.5 -10.2002 47.0289
      vertex -6.37509 -10.313 46.2681
    endloop
  endfacet
  facet normal 0 0.989183 -0.146687
    outer loop
      vertex -82.5 -10.2002 47.0289
      vertex -6.41199 -10.3499 46.0194
      vertex -82.5 -10.3499 46.0194
    endloop
  endfacet
  facet normal 0 0.989256 -0.146195
    outer loop
      vertex 57 -10.2002 47.0289
      vertex 6.22011 -10.2212 46.8868
      vertex 6.16927 -10.2002 47.0289
    endloop
  endfacet
  facet normal 1.63857e-06 0.989171 -0.146768
    outer loop
      vertex 57 -10.2002 47.0289
      vertex 6.37509 -10.313 46.2681
      vertex 6.22011 -10.2212 46.8868
    endloop
  endfacet
  facet normal 0 0.989183 -0.146687
    outer loop
      vertex 6.41199 -10.3499 46.0194
      vertex 57 -10.2002 47.0289
      vertex 57 -10.3499 46.0194
    endloop
  endfacet
  facet normal 1.58036e-06 0.989171 -0.146765
    outer loop
      vertex 57 -10.2002 47.0289
      vertex 6.41199 -10.3499 46.0194
      vertex 6.37509 -10.313 46.2681
    endloop
  endfacet
  facet normal 0 0.998793 -0.0491167
    outer loop
      vertex -6.46869 -10.3687 45.6371
      vertex -82.5 -10.3499 46.0194
      vertex -6.41199 -10.3499 46.0194
    endloop
  endfacet
  facet normal 2.36859e-07 0.998795 -0.0490697
    outer loop
      vertex -6.5 -10.4 45
      vertex -82.5 -10.3499 46.0194
      vertex -6.46869 -10.3687 45.6371
    endloop
  endfacet
  facet normal 0 0.998794 -0.0490873
    outer loop
      vertex -82.5 -10.3499 46.0194
      vertex -6.5 -10.4 45
      vertex -82.5 -10.4 45
    endloop
  endfacet
  facet normal 0 0.998793 -0.0491167
    outer loop
      vertex 57 -10.3499 46.0194
      vertex 6.46869 -10.3687 45.6371
      vertex 6.41199 -10.3499 46.0194
    endloop
  endfacet
  facet normal 0 0.998794 -0.0490873
    outer loop
      vertex 6.5 -10.4 45
      vertex 57 -10.3499 46.0194
      vertex 57 -10.4 45
    endloop
  endfacet
  facet normal -3.56342e-07 0.998795 -0.0490697
    outer loop
      vertex 57 -10.3499 46.0194
      vertex 6.5 -10.4 45
      vertex 6.46869 -10.3687 45.6371
    endloop
  endfacet
  facet normal 2.36859e-07 0.998795 0.0490697
    outer loop
      vertex -82.5 -10.3499 43.9806
      vertex -6.5 -10.4 45
      vertex -6.46869 -10.3687 44.3629
    endloop
  endfacet
  facet normal -0 0.998793 0.0491167
    outer loop
      vertex -82.5 -10.3499 43.9806
      vertex -6.46869 -10.3687 44.3629
      vertex -6.41199 -10.3499 43.9806
    endloop
  endfacet
  facet normal 0 0.998794 0.0490873
    outer loop
      vertex -6.5 -10.4 45
      vertex -82.5 -10.3499 43.9806
      vertex -82.5 -10.4 45
    endloop
  endfacet
  facet normal 0 0.998794 0.0490873
    outer loop
      vertex 57 -10.3499 43.9806
      vertex 6.5 -10.4 45
      vertex 57 -10.4 45
    endloop
  endfacet
  facet normal -3.56342e-07 0.998795 0.0490697
    outer loop
      vertex 6.5 -10.4 45
      vertex 57 -10.3499 43.9806
      vertex 6.46869 -10.3687 44.3629
    endloop
  endfacet
  facet normal 0 0.998793 0.0491167
    outer loop
      vertex 6.46869 -10.3687 44.3629
      vertex 57 -10.3499 43.9806
      vertex 6.41199 -10.3499 43.9806
    endloop
  endfacet
  facet normal 1 -0 0
    outer loop
      vertex 57 7.35406 52.3537
      vertex 57 12 52.0004
      vertex 57 8.76833 53.7679
    endloop
  endfacet
  facet normal 1 0 0
    outer loop
      vertex 57 7.3539 52.3539
      vertex 57 8.76833 53.7679
      vertex 57 8.76811 53.7681
    endloop
  endfacet
  facet normal 1 0 0
    outer loop
      vertex 57 7.3539 52.3539
      vertex 57 8.76811 53.7681
      vertex 57 7.86647 54.5853
    endloop
  endfacet
  facet normal 1 0 0
    outer loop
      vertex 57 12 52.0004
      vertex 57 7.35406 52.3537
      vertex 57 12 49.8128
    endloop
  endfacet
  facet normal 1 0 0
    outer loop
      vertex 57 8.76833 53.7679
      vertex 57 7.3539 52.3539
      vertex 57 7.35406 52.3537
    endloop
  endfacet
  facet normal 1 0 0
    outer loop
      vertex 57 6.59769 53.0393
      vertex 57 7.86647 54.5853
      vertex 57 6.88907 55.3102
    endloop
  endfacet
  facet normal 1 0 0
    outer loop
      vertex 57 7.86647 54.5853
      vertex 57 6.59769 53.0393
      vertex 57 7.3539 52.3539
    endloop
  endfacet
  facet normal 1 0 0
    outer loop
      vertex 57 5.77792 53.6473
      vertex 57 6.88907 55.3102
      vertex 57 5.84531 55.9358
    endloop
  endfacet
  facet normal 1 0 0
    outer loop
      vertex 57 6.88907 55.3102
      vertex 57 5.77792 53.6473
      vertex 57 6.59769 53.0393
    endloop
  endfacet
  facet normal 1 0 0
    outer loop
      vertex 57 5.84531 55.9358
      vertex 57 4.90251 54.172
      vertex 57 5.77792 53.6473
    endloop
  endfacet
  facet normal 1 0 0
    outer loop
      vertex 57 4.74527 56.4561
      vertex 57 4.90251 54.172
      vertex 57 5.84531 55.9358
    endloop
  endfacet
  facet normal 1 0 0
    outer loop
      vertex 57 4.74527 56.4561
      vertex 57 3.9799 54.6083
      vertex 57 4.90251 54.172
    endloop
  endfacet
  facet normal 1 0 0
    outer loop
      vertex 57 3.59952 56.8661
      vertex 57 3.9799 54.6083
      vertex 57 4.74527 56.4561
    endloop
  endfacet
  facet normal 1 0 0
    outer loop
      vertex 57 3.59952 56.8661
      vertex 57 3.01895 54.9522
      vertex 57 3.9799 54.6083
    endloop
  endfacet
  facet normal 1 0 0
    outer loop
      vertex 57 2.41911 57.1617
      vertex 57 3.01895 54.9522
      vertex 57 3.59952 56.8661
    endloop
  endfacet
  facet normal 1 0 0
    outer loop
      vertex 57 2.41911 57.1617
      vertex 57 2.02893 55.2002
      vertex 57 3.01895 54.9522
    endloop
  endfacet
  facet normal 1 0 0
    outer loop
      vertex 57 1.21541 57.3403
      vertex 57 2.02893 55.2002
      vertex 57 2.41911 57.1617
    endloop
  endfacet
  facet normal 1 0 0
    outer loop
      vertex 57 1.21541 57.3403
      vertex 57 1.01936 55.3499
      vertex 57 2.02893 55.2002
    endloop
  endfacet
  facet normal 1 0 0
    outer loop
      vertex 57 0 57.4
      vertex 57 1.01936 55.3499
      vertex 57 1.21541 57.3403
    endloop
  endfacet
  facet normal 1 0 0
    outer loop
      vertex 57 0 57.4
      vertex 57 0 55.4
      vertex 57 1.01936 55.3499
    endloop
  endfacet
  facet normal 1 0 0
    outer loop
      vertex 57 0 57.4
      vertex 57 -1.01936 55.3499
      vertex 57 0 55.4
    endloop
  endfacet
  facet normal 1 -0 0
    outer loop
      vertex 57 -1.21541 57.3403
      vertex 57 -1.01936 55.3499
      vertex 57 0 57.4
    endloop
  endfacet
  facet normal 1 0 0
    outer loop
      vertex 57 -1.21541 57.3403
      vertex 57 -2.02893 55.2002
      vertex 57 -1.01936 55.3499
    endloop
  endfacet
  facet normal 1 -0 0
    outer loop
      vertex 57 -2.41911 57.1617
      vertex 57 -2.02893 55.2002
      vertex 57 -1.21541 57.3403
    endloop
  endfacet
  facet normal 1 0 0
    outer loop
      vertex 57 -2.41911 57.1617
      vertex 57 -3.01895 54.9522
      vertex 57 -2.02893 55.2002
    endloop
  endfacet
  facet normal 1 -0 0
    outer loop
      vertex 57 -3.59952 56.8661
      vertex 57 -3.01895 54.9522
      vertex 57 -2.41911 57.1617
    endloop
  endfacet
  facet normal 1 0 0
    outer loop
      vertex 57 -3.59952 56.8661
      vertex 57 -3.9799 54.6083
      vertex 57 -3.01895 54.9522
    endloop
  endfacet
  facet normal 1 -0 0
    outer loop
      vertex 57 -4.74527 56.4561
      vertex 57 -3.9799 54.6083
      vertex 57 -3.59952 56.8661
    endloop
  endfacet
  facet normal 1 0 0
    outer loop
      vertex 57 -4.74527 56.4561
      vertex 57 -4.90251 54.172
      vertex 57 -3.9799 54.6083
    endloop
  endfacet
  facet normal 1 -0 0
    outer loop
      vertex 57 -5.84531 55.9358
      vertex 57 -4.90251 54.172
      vertex 57 -4.74527 56.4561
    endloop
  endfacet
  facet normal 1 0 0
    outer loop
      vertex 57 -4.90251 54.172
      vertex 57 -5.84531 55.9358
      vertex 57 -5.77792 53.6473
    endloop
  endfacet
  facet normal 1 -0 0
    outer loop
      vertex 57 -6.88907 55.3102
      vertex 57 -5.77792 53.6473
      vertex 57 -5.84531 55.9358
    endloop
  endfacet
  facet normal 1 0 0
    outer loop
      vertex 57 -5.77792 53.6473
      vertex 57 -6.88907 55.3102
      vertex 57 -6.59769 53.0393
    endloop
  endfacet
  facet normal 1 -0 0
    outer loop
      vertex 57 -7.86647 54.5853
      vertex 57 -6.59769 53.0393
      vertex 57 -6.88907 55.3102
    endloop
  endfacet
  facet normal 1 0 0
    outer loop
      vertex 57 -6.59769 53.0393
      vertex 57 -7.86647 54.5853
      vertex 57 -7.3539 52.3539
    endloop
  endfacet
  facet normal 1 -0 0
    outer loop
      vertex 57 -8.76811 53.7681
      vertex 57 -7.3539 52.3539
      vertex 57 -7.86647 54.5853
    endloop
  endfacet
  facet normal 1 0 0
    outer loop
      vertex 57 -7.3539 52.3539
      vertex 57 -8.76811 53.7681
      vertex 57 -8.03931 51.5977
    endloop
  endfacet
  facet normal 1 -0 0
    outer loop
      vertex 57 -9.58533 52.8665
      vertex 57 -8.03931 51.5977
      vertex 57 -8.76811 53.7681
    endloop
  endfacet
  facet normal 1 0 0
    outer loop
      vertex 57 -8.03931 51.5977
      vertex 57 -9.58533 52.8665
      vertex 57 -8.64728 50.7779
    endloop
  endfacet
  facet normal 1 -0 0
    outer loop
      vertex 57 -10.3102 51.8891
      vertex 57 -8.64728 50.7779
      vertex 57 -9.58533 52.8665
    endloop
  endfacet
  facet normal 1 0 0
    outer loop
      vertex 57 -8.64728 50.7779
      vertex 57 -10.3102 51.8891
      vertex 57 -9.17197 49.9025
    endloop
  endfacet
  facet normal 1 -0 0
    outer loop
      vertex 57 -10.9358 50.8453
      vertex 57 -9.17197 49.9025
      vertex 57 -10.3102 51.8891
    endloop
  endfacet
  facet normal 1 0 0
    outer loop
      vertex 57 -9.17197 49.9025
      vertex 57 -10.9358 50.8453
      vertex 57 -9.60834 48.9799
    endloop
  endfacet
  facet normal 1 -0 0
    outer loop
      vertex 57 -11.4561 49.7453
      vertex 57 -9.60834 48.9799
      vertex 57 -10.9358 50.8453
    endloop
  endfacet
  facet normal 1 0 0
    outer loop
      vertex 57 -9.60834 48.9799
      vertex 57 -11.4561 49.7453
      vertex 57 -9.95218 48.019
    endloop
  endfacet
  facet normal 1 -0 0
    outer loop
      vertex 57 -11.8661 48.5995
      vertex 57 -9.95218 48.019
      vertex 57 -11.4561 49.7453
    endloop
  endfacet
  facet normal 1 -0 0
    outer loop
      vertex 57 -12 48.0648
      vertex 57 -9.95218 48.019
      vertex 57 -11.8661 48.5995
    endloop
  endfacet
  facet normal 1 0 0
    outer loop
      vertex 57 7.35406 37.6463
      vertex 57 12 37.9996
      vertex 57 12 40.1872
    endloop
  endfacet
  facet normal 1 0 0
    outer loop
      vertex 57 12 37.9996
      vertex 57 7.35406 37.6463
      vertex 57 8.76833 36.2321
    endloop
  endfacet
  facet normal 1 -0 0
    outer loop
      vertex 57 7.3539 37.6461
      vertex 57 8.76833 36.2321
      vertex 57 7.35406 37.6463
    endloop
  endfacet
  facet normal 1 0 0
    outer loop
      vertex 57 8.76833 36.2321
      vertex 57 7.3539 37.6461
      vertex 57 8.76811 36.2319
    endloop
  endfacet
  facet normal 1 0 0
    outer loop
      vertex 57 8.76811 36.2319
      vertex 57 7.3539 37.6461
      vertex 57 7.86647 35.4147
    endloop
  endfacet
  facet normal 1 -0 0
    outer loop
      vertex 57 6.59769 36.9607
      vertex 57 7.86647 35.4147
      vertex 57 7.3539 37.6461
    endloop
  endfacet
  facet normal 1 0 0
    outer loop
      vertex 57 7.86647 35.4147
      vertex 57 6.59769 36.9607
      vertex 57 6.88907 34.6898
    endloop
  endfacet
  facet normal 1 -0 0
    outer loop
      vertex 57 5.77792 36.3527
      vertex 57 6.88907 34.6898
      vertex 57 6.59769 36.9607
    endloop
  endfacet
  facet normal 1 0 0
    outer loop
      vertex 57 6.88907 34.6898
      vertex 57 5.77792 36.3527
      vertex 57 5.84531 34.0642
    endloop
  endfacet
  facet normal 1 -0 0
    outer loop
      vertex 57 4.90251 35.828
      vertex 57 5.84531 34.0642
      vertex 57 5.77792 36.3527
    endloop
  endfacet
  facet normal 1 0 0
    outer loop
      vertex 57 4.90251 35.828
      vertex 57 4.74527 33.5439
      vertex 57 5.84531 34.0642
    endloop
  endfacet
  facet normal 1 -0 0
    outer loop
      vertex 57 3.9799 35.3917
      vertex 57 4.74527 33.5439
      vertex 57 4.90251 35.828
    endloop
  endfacet
  facet normal 1 0 0
    outer loop
      vertex 57 3.9799 35.3917
      vertex 57 3.59952 33.1339
      vertex 57 4.74527 33.5439
    endloop
  endfacet
  facet normal 1 -0 0
    outer loop
      vertex 57 3.01895 35.0478
      vertex 57 3.59952 33.1339
      vertex 57 3.9799 35.3917
    endloop
  endfacet
  facet normal 1 0 0
    outer loop
      vertex 57 3.01895 35.0478
      vertex 57 2.41911 32.8383
      vertex 57 3.59952 33.1339
    endloop
  endfacet
  facet normal 1 -0 0
    outer loop
      vertex 57 2.02893 34.7998
      vertex 57 2.41911 32.8383
      vertex 57 3.01895 35.0478
    endloop
  endfacet
  facet normal 1 0 0
    outer loop
      vertex 57 2.02893 34.7998
      vertex 57 1.21541 32.6597
      vertex 57 2.41911 32.8383
    endloop
  endfacet
  facet normal 1 -0 0
    outer loop
      vertex 57 1.01936 34.6501
      vertex 57 1.21541 32.6597
      vertex 57 2.02893 34.7998
    endloop
  endfacet
  facet normal 1 -0 0
    outer loop
      vertex 57 0 34.6
      vertex 57 1.21541 32.6597
      vertex 57 1.01936 34.6501
    endloop
  endfacet
  facet normal 1 0 0
    outer loop
      vertex 57 0 34.6
      vertex 57 0 32.6
      vertex 57 1.21541 32.6597
    endloop
  endfacet
  facet normal 1 0 0
    outer loop
      vertex 57 -1.01936 34.6501
      vertex 57 0 32.6
      vertex 57 0 34.6
    endloop
  endfacet
  facet normal 1 0 0
    outer loop
      vertex 57 -1.01936 34.6501
      vertex 57 -1.21541 32.6597
      vertex 57 0 32.6
    endloop
  endfacet
  facet normal 1 0 0
    outer loop
      vertex 57 -2.02893 34.7998
      vertex 57 -1.21541 32.6597
      vertex 57 -1.01936 34.6501
    endloop
  endfacet
  facet normal 1 0 0
    outer loop
      vertex 57 -2.02893 34.7998
      vertex 57 -2.41911 32.8383
      vertex 57 -1.21541 32.6597
    endloop
  endfacet
  facet normal 1 0 0
    outer loop
      vertex 57 -3.01895 35.0478
      vertex 57 -2.41911 32.8383
      vertex 57 -2.02893 34.7998
    endloop
  endfacet
  facet normal 1 0 0
    outer loop
      vertex 57 -3.01895 35.0478
      vertex 57 -3.59952 33.1339
      vertex 57 -2.41911 32.8383
    endloop
  endfacet
  facet normal 1 0 0
    outer loop
      vertex 57 -3.9799 35.3917
      vertex 57 -3.59952 33.1339
      vertex 57 -3.01895 35.0478
    endloop
  endfacet
  facet normal 1 0 0
    outer loop
      vertex 57 -3.9799 35.3917
      vertex 57 -4.74527 33.5439
      vertex 57 -3.59952 33.1339
    endloop
  endfacet
  facet normal 1 0 0
    outer loop
      vertex 57 -4.90251 35.828
      vertex 57 -4.74527 33.5439
      vertex 57 -3.9799 35.3917
    endloop
  endfacet
  facet normal 1 0 0
    outer loop
      vertex 57 -5.84531 34.0642
      vertex 57 -4.90251 35.828
      vertex 57 -5.77792 36.3527
    endloop
  endfacet
  facet normal 1 0 0
    outer loop
      vertex 57 -4.90251 35.828
      vertex 57 -5.84531 34.0642
      vertex 57 -4.74527 33.5439
    endloop
  endfacet
  facet normal 1 0 0
    outer loop
      vertex 57 -6.88907 34.6898
      vertex 57 -5.77792 36.3527
      vertex 57 -6.59769 36.9607
    endloop
  endfacet
  facet normal 1 0 0
    outer loop
      vertex 57 -5.77792 36.3527
      vertex 57 -6.88907 34.6898
      vertex 57 -5.84531 34.0642
    endloop
  endfacet
  facet normal 1 0 0
    outer loop
      vertex 57 -7.86647 35.4147
      vertex 57 -6.59769 36.9607
      vertex 57 -7.3539 37.6461
    endloop
  endfacet
  facet normal 1 0 0
    outer loop
      vertex 57 -6.59769 36.9607
      vertex 57 -7.86647 35.4147
      vertex 57 -6.88907 34.6898
    endloop
  endfacet
  facet normal 1 0 0
    outer loop
      vertex 57 -8.76811 36.2319
      vertex 57 -7.3539 37.6461
      vertex 57 -8.03931 38.4023
    endloop
  endfacet
  facet normal 1 0 0
    outer loop
      vertex 57 -9.58533 37.1335
      vertex 57 -8.03931 38.4023
      vertex 57 -8.64728 39.2221
    endloop
  endfacet
  facet normal 1 0 0
    outer loop
      vertex 57 -7.3539 37.6461
      vertex 57 -8.76811 36.2319
      vertex 57 -7.86647 35.4147
    endloop
  endfacet
  facet normal 1 0 0
    outer loop
      vertex 57 -10.3102 38.1109
      vertex 57 -8.64728 39.2221
      vertex 57 -9.17197 40.0975
    endloop
  endfacet
  facet normal 1 0 0
    outer loop
      vertex 57 -8.03931 38.4023
      vertex 57 -9.58533 37.1335
      vertex 57 -8.76811 36.2319
    endloop
  endfacet
  facet normal 1 0 0
    outer loop
      vertex 57 -10.9358 39.1547
      vertex 57 -9.17197 40.0975
      vertex 57 -9.60834 41.0201
    endloop
  endfacet
  facet normal 1 0 0
    outer loop
      vertex 57 -11.4561 40.2547
      vertex 57 -9.60834 41.0201
      vertex 57 -9.95218 41.981
    endloop
  endfacet
  facet normal 1 0 0
    outer loop
      vertex 57 -12 41.9352
      vertex 57 -9.95218 41.981
      vertex 57 -10.2002 42.9711
    endloop
  endfacet
  facet normal 1 0 0
    outer loop
      vertex 57 -8.64728 39.2221
      vertex 57 -10.3102 38.1109
      vertex 57 -9.58533 37.1335
    endloop
  endfacet
  facet normal 1 0 0
    outer loop
      vertex 57 -12 41.9352
      vertex 57 -10.2002 42.9711
      vertex 57 -10.3499 43.9806
    endloop
  endfacet
  facet normal 1 0 0
    outer loop
      vertex 57 -12 41.9352
      vertex 57 -10.3499 43.9806
      vertex 57 -10.4 45
    endloop
  endfacet
  facet normal 1 0 0
    outer loop
      vertex 57 -9.95218 48.019
      vertex 57 -12 48.0648
      vertex 57 -10.2002 47.0289
    endloop
  endfacet
  facet normal 1 0 0
    outer loop
      vertex 57 -9.17197 40.0975
      vertex 57 -10.9358 39.1547
      vertex 57 -10.3102 38.1109
    endloop
  endfacet
  facet normal 1 0 0
    outer loop
      vertex 57 -10.2002 47.0289
      vertex 57 -12 48.0648
      vertex 57 -10.3499 46.0194
    endloop
  endfacet
  facet normal 1 0 0
    outer loop
      vertex 57 -12 41.9352
      vertex 57 -10.4 45
      vertex 57 -12 48.0648
    endloop
  endfacet
  facet normal 1 0 0
    outer loop
      vertex 57 -10.3499 46.0194
      vertex 57 -12 48.0648
      vertex 57 -10.4 45
    endloop
  endfacet
  facet normal 1 0 0
    outer loop
      vertex 57 -9.60834 41.0201
      vertex 57 -11.4561 40.2547
      vertex 57 -10.9358 39.1547
    endloop
  endfacet
  facet normal 1 0 0
    outer loop
      vertex 57 -9.95218 41.981
      vertex 57 -12 41.9352
      vertex 57 -11.8661 41.4005
    endloop
  endfacet
  facet normal 1 0 0
    outer loop
      vertex 57 -9.95218 41.981
      vertex 57 -11.8661 41.4005
      vertex 57 -11.4561 40.2547
    endloop
  endfacet
  facet normal 0 0.970046 0.24292
    outer loop
      vertex 86 -11.8661 41.4005
      vertex 57 -12 41.9352
      vertex 86 -12 41.9352
    endloop
  endfacet
  facet normal 0 0.970046 0.24292
    outer loop
      vertex 57 -12 41.9352
      vertex 86 -11.8661 41.4005
      vertex 57 -11.8661 41.4005
    endloop
  endfacet
  facet normal 0 0.941537 0.336909
    outer loop
      vertex 86 -11.4561 40.2547
      vertex 57 -11.8661 41.4005
      vertex 86 -11.8661 41.4005
    endloop
  endfacet
  facet normal 0 0.941537 0.336909
    outer loop
      vertex 57 -11.8661 41.4005
      vertex 86 -11.4561 40.2547
      vertex 57 -11.4561 40.2547
    endloop
  endfacet
  facet normal 0 0.903977 0.427581
    outer loop
      vertex 86 -10.9358 39.1547
      vertex 57 -11.4561 40.2547
      vertex 86 -11.4561 40.2547
    endloop
  endfacet
  facet normal 0 0.903977 0.427581
    outer loop
      vertex 57 -11.4561 40.2547
      vertex 86 -10.9358 39.1547
      vertex 57 -10.9358 39.1547
    endloop
  endfacet
  facet normal 0 0.857739 0.514085
    outer loop
      vertex 86 -10.3102 38.1109
      vertex 57 -10.9358 39.1547
      vertex 86 -10.9358 39.1547
    endloop
  endfacet
  facet normal 0 0.857739 0.514085
    outer loop
      vertex 57 -10.9358 39.1547
      vertex 86 -10.3102 38.1109
      vertex 57 -10.3102 38.1109
    endloop
  endfacet
  facet normal 0 0.803215 0.595689
    outer loop
      vertex 86 -9.58533 37.1335
      vertex 57 -10.3102 38.1109
      vertex 86 -10.3102 38.1109
    endloop
  endfacet
  facet normal 0 0.803215 0.595689
    outer loop
      vertex 57 -10.3102 38.1109
      vertex 86 -9.58533 37.1335
      vertex 57 -9.58533 37.1335
    endloop
  endfacet
  facet normal 0 0.740928 0.671585
    outer loop
      vertex 86 -8.76811 36.2319
      vertex 57 -9.58533 37.1335
      vertex 86 -9.58533 37.1335
    endloop
  endfacet
  facet normal 0 0.740928 0.671585
    outer loop
      vertex 57 -9.58533 37.1335
      vertex 86 -8.76811 36.2319
      vertex 57 -8.76811 36.2319
    endloop
  endfacet
  facet normal -0 0.671559 0.740951
    outer loop
      vertex 57 -7.86647 35.4147
      vertex 86 -8.76811 36.2319
      vertex 86 -7.86647 35.4147
    endloop
  endfacet
  facet normal 0 0.671559 0.740951
    outer loop
      vertex 86 -8.76811 36.2319
      vertex 57 -7.86647 35.4147
      vertex 57 -8.76811 36.2319
    endloop
  endfacet
  facet normal -0 0.595705 0.803203
    outer loop
      vertex 57 -6.88907 34.6898
      vertex 86 -7.86647 35.4147
      vertex 86 -6.88907 34.6898
    endloop
  endfacet
  facet normal 0 0.595705 0.803203
    outer loop
      vertex 86 -7.86647 35.4147
      vertex 57 -6.88907 34.6898
      vertex 57 -7.86647 35.4147
    endloop
  endfacet
  facet normal -0 0.514099 0.857731
    outer loop
      vertex 57 -5.84531 34.0642
      vertex 86 -6.88907 34.6898
      vertex 86 -5.84531 34.0642
    endloop
  endfacet
  facet normal 0 0.514099 0.857731
    outer loop
      vertex 86 -6.88907 34.6898
      vertex 57 -5.84531 34.0642
      vertex 57 -6.88907 34.6898
    endloop
  endfacet
  facet normal -0 0.427568 0.903983
    outer loop
      vertex 57 -4.74527 33.5439
      vertex 86 -5.84531 34.0642
      vertex 86 -4.74527 33.5439
    endloop
  endfacet
  facet normal 0 0.427568 0.903983
    outer loop
      vertex 86 -5.84531 34.0642
      vertex 57 -4.74527 33.5439
      vertex 57 -5.84531 34.0642
    endloop
  endfacet
  facet normal -0 0.336922 0.941533
    outer loop
      vertex 57 -3.59952 33.1339
      vertex 86 -4.74527 33.5439
      vertex 86 -3.59952 33.1339
    endloop
  endfacet
  facet normal 0 0.336922 0.941533
    outer loop
      vertex 86 -4.74527 33.5439
      vertex 57 -3.59952 33.1339
      vertex 57 -4.74527 33.5439
    endloop
  endfacet
  facet normal -0 0.24292 0.970046
    outer loop
      vertex 57 -2.41911 32.8383
      vertex 86 -3.59952 33.1339
      vertex 86 -2.41911 32.8383
    endloop
  endfacet
  facet normal 0 0.24292 0.970046
    outer loop
      vertex 86 -3.59952 33.1339
      vertex 57 -2.41911 32.8383
      vertex 57 -3.59952 33.1339
    endloop
  endfacet
  facet normal -0 0.146769 0.989171
    outer loop
      vertex 57 -1.21541 32.6597
      vertex 86 -2.41911 32.8383
      vertex 86 -1.21541 32.6597
    endloop
  endfacet
  facet normal 0 0.146769 0.989171
    outer loop
      vertex 86 -2.41911 32.8383
      vertex 57 -1.21541 32.6597
      vertex 57 -2.41911 32.8383
    endloop
  endfacet
  facet normal -0 0.0490601 0.998796
    outer loop
      vertex 57 0 32.6
      vertex 86 -1.21541 32.6597
      vertex 86 0 32.6
    endloop
  endfacet
  facet normal 0 0.0490601 0.998796
    outer loop
      vertex 86 -1.21541 32.6597
      vertex 57 0 32.6
      vertex 57 -1.21541 32.6597
    endloop
  endfacet
  facet normal 0 -0.0490601 0.998796
    outer loop
      vertex 57 1.21541 32.6597
      vertex 86 0 32.6
      vertex 86 1.21541 32.6597
    endloop
  endfacet
  facet normal 0 -0.0490601 0.998796
    outer loop
      vertex 86 0 32.6
      vertex 57 1.21541 32.6597
      vertex 57 0 32.6
    endloop
  endfacet
  facet normal 0 -0.146769 0.989171
    outer loop
      vertex 57 2.41911 32.8383
      vertex 86 1.21541 32.6597
      vertex 86 2.41911 32.8383
    endloop
  endfacet
  facet normal 0 -0.146769 0.989171
    outer loop
      vertex 86 1.21541 32.6597
      vertex 57 2.41911 32.8383
      vertex 57 1.21541 32.6597
    endloop
  endfacet
  facet normal 0 -0.24292 0.970046
    outer loop
      vertex 57 3.59952 33.1339
      vertex 86 2.41911 32.8383
      vertex 86 3.59952 33.1339
    endloop
  endfacet
  facet normal 0 -0.24292 0.970046
    outer loop
      vertex 86 2.41911 32.8383
      vertex 57 3.59952 33.1339
      vertex 57 2.41911 32.8383
    endloop
  endfacet
  facet normal 0 -0.336922 0.941533
    outer loop
      vertex 57 4.74527 33.5439
      vertex 86 3.59952 33.1339
      vertex 86 4.74527 33.5439
    endloop
  endfacet
  facet normal 0 -0.336922 0.941533
    outer loop
      vertex 86 3.59952 33.1339
      vertex 57 4.74527 33.5439
      vertex 57 3.59952 33.1339
    endloop
  endfacet
  facet normal 0 -0.427568 0.903983
    outer loop
      vertex 57 5.84531 34.0642
      vertex 86 4.74527 33.5439
      vertex 86 5.84531 34.0642
    endloop
  endfacet
  facet normal 0 -0.427568 0.903983
    outer loop
      vertex 86 4.74527 33.5439
      vertex 57 5.84531 34.0642
      vertex 57 4.74527 33.5439
    endloop
  endfacet
  facet normal 0 -0.514099 0.857731
    outer loop
      vertex 57 6.88907 34.6898
      vertex 86 5.84531 34.0642
      vertex 86 6.88907 34.6898
    endloop
  endfacet
  facet normal 0 -0.514099 0.857731
    outer loop
      vertex 86 5.84531 34.0642
      vertex 57 6.88907 34.6898
      vertex 57 5.84531 34.0642
    endloop
  endfacet
  facet normal 0 -0.595705 0.803203
    outer loop
      vertex 57 7.86647 35.4147
      vertex 86 6.88907 34.6898
      vertex 86 7.86647 35.4147
    endloop
  endfacet
  facet normal 0 -0.595705 0.803203
    outer loop
      vertex 86 6.88907 34.6898
      vertex 57 7.86647 35.4147
      vertex 57 6.88907 34.6898
    endloop
  endfacet
  facet normal 0 -0.671559 0.740951
    outer loop
      vertex 57 8.76811 36.2319
      vertex 86 7.86647 35.4147
      vertex 86 8.76811 36.2319
    endloop
  endfacet
  facet normal 0 -0.671559 0.740951
    outer loop
      vertex 86 7.86647 35.4147
      vertex 57 8.76811 36.2319
      vertex 57 7.86647 35.4147
    endloop
  endfacet
  facet normal 0 -0.672673 0.73994
    outer loop
      vertex 57 8.76811 36.2319
      vertex 86 8.76833 36.2321
      vertex 57 8.76833 36.2321
    endloop
  endfacet
  facet normal 0 -0.672673 0.73994
    outer loop
      vertex 86 8.76833 36.2321
      vertex 57 8.76811 36.2319
      vertex 86 8.76811 36.2319
    endloop
  endfacet
  facet normal 0 -0.47985 0.877351
    outer loop
      vertex 57 12 37.9996
      vertex 86 8.76833 36.2321
      vertex 86 12 37.9996
    endloop
  endfacet
  facet normal 0 -0.47985 0.877351
    outer loop
      vertex 86 8.76833 36.2321
      vertex 57 12 37.9996
      vertex 57 8.76833 36.2321
    endloop
  endfacet
  facet normal 0 -0.47985 -0.877351
    outer loop
      vertex 57 8.76833 53.7679
      vertex 86 12 52.0004
      vertex 86 8.76833 53.7679
    endloop
  endfacet
  facet normal -0 -0.47985 -0.877351
    outer loop
      vertex 86 12 52.0004
      vertex 57 8.76833 53.7679
      vertex 57 12 52.0004
    endloop
  endfacet
  facet normal 0 -0.672673 -0.73994
    outer loop
      vertex 57 8.76833 53.7679
      vertex 86 8.76811 53.7681
      vertex 57 8.76811 53.7681
    endloop
  endfacet
  facet normal 0 -0.672673 -0.73994
    outer loop
      vertex 86 8.76811 53.7681
      vertex 57 8.76833 53.7679
      vertex 86 8.76833 53.7679
    endloop
  endfacet
  facet normal 0 -0.671559 -0.740951
    outer loop
      vertex 57 7.86647 54.5853
      vertex 86 8.76811 53.7681
      vertex 86 7.86647 54.5853
    endloop
  endfacet
  facet normal -0 -0.671559 -0.740951
    outer loop
      vertex 86 8.76811 53.7681
      vertex 57 7.86647 54.5853
      vertex 57 8.76811 53.7681
    endloop
  endfacet
  facet normal 0 -0.595705 -0.803203
    outer loop
      vertex 57 6.88907 55.3102
      vertex 86 7.86647 54.5853
      vertex 86 6.88907 55.3102
    endloop
  endfacet
  facet normal -0 -0.595705 -0.803203
    outer loop
      vertex 86 7.86647 54.5853
      vertex 57 6.88907 55.3102
      vertex 57 7.86647 54.5853
    endloop
  endfacet
  facet normal 0 -0.514099 -0.857731
    outer loop
      vertex 57 5.84531 55.9358
      vertex 86 6.88907 55.3102
      vertex 86 5.84531 55.9358
    endloop
  endfacet
  facet normal -0 -0.514099 -0.857731
    outer loop
      vertex 86 6.88907 55.3102
      vertex 57 5.84531 55.9358
      vertex 57 6.88907 55.3102
    endloop
  endfacet
  facet normal 0 -0.427568 -0.903983
    outer loop
      vertex 57 4.74527 56.4561
      vertex 86 5.84531 55.9358
      vertex 86 4.74527 56.4561
    endloop
  endfacet
  facet normal -0 -0.427568 -0.903983
    outer loop
      vertex 86 5.84531 55.9358
      vertex 57 4.74527 56.4561
      vertex 57 5.84531 55.9358
    endloop
  endfacet
  facet normal 0 -0.336922 -0.941533
    outer loop
      vertex 57 3.59952 56.8661
      vertex 86 4.74527 56.4561
      vertex 86 3.59952 56.8661
    endloop
  endfacet
  facet normal -0 -0.336922 -0.941533
    outer loop
      vertex 86 4.74527 56.4561
      vertex 57 3.59952 56.8661
      vertex 57 4.74527 56.4561
    endloop
  endfacet
  facet normal 0 -0.24292 -0.970046
    outer loop
      vertex 57 2.41911 57.1617
      vertex 86 3.59952 56.8661
      vertex 86 2.41911 57.1617
    endloop
  endfacet
  facet normal -0 -0.24292 -0.970046
    outer loop
      vertex 86 3.59952 56.8661
      vertex 57 2.41911 57.1617
      vertex 57 3.59952 56.8661
    endloop
  endfacet
  facet normal 0 -0.146769 -0.989171
    outer loop
      vertex 57 1.21541 57.3403
      vertex 86 2.41911 57.1617
      vertex 86 1.21541 57.3403
    endloop
  endfacet
  facet normal -0 -0.146769 -0.989171
    outer loop
      vertex 86 2.41911 57.1617
      vertex 57 1.21541 57.3403
      vertex 57 2.41911 57.1617
    endloop
  endfacet
  facet normal 0 -0.0490601 -0.998796
    outer loop
      vertex 57 0 57.4
      vertex 86 1.21541 57.3403
      vertex 86 0 57.4
    endloop
  endfacet
  facet normal -0 -0.0490601 -0.998796
    outer loop
      vertex 86 1.21541 57.3403
      vertex 57 0 57.4
      vertex 57 1.21541 57.3403
    endloop
  endfacet
  facet normal 0 0.0490601 -0.998796
    outer loop
      vertex 57 -1.21541 57.3403
      vertex 86 0 57.4
      vertex 86 -1.21541 57.3403
    endloop
  endfacet
  facet normal 0 0.0490601 -0.998796
    outer loop
      vertex 86 0 57.4
      vertex 57 -1.21541 57.3403
      vertex 57 0 57.4
    endloop
  endfacet
  facet normal 0 0.146769 -0.989171
    outer loop
      vertex 57 -2.41911 57.1617
      vertex 86 -1.21541 57.3403
      vertex 86 -2.41911 57.1617
    endloop
  endfacet
  facet normal 0 0.146769 -0.989171
    outer loop
      vertex 86 -1.21541 57.3403
      vertex 57 -2.41911 57.1617
      vertex 57 -1.21541 57.3403
    endloop
  endfacet
  facet normal 0 0.24292 -0.970046
    outer loop
      vertex 57 -3.59952 56.8661
      vertex 86 -2.41911 57.1617
      vertex 86 -3.59952 56.8661
    endloop
  endfacet
  facet normal 0 0.24292 -0.970046
    outer loop
      vertex 86 -2.41911 57.1617
      vertex 57 -3.59952 56.8661
      vertex 57 -2.41911 57.1617
    endloop
  endfacet
  facet normal 0 0.336922 -0.941533
    outer loop
      vertex 57 -4.74527 56.4561
      vertex 86 -3.59952 56.8661
      vertex 86 -4.74527 56.4561
    endloop
  endfacet
  facet normal 0 0.336922 -0.941533
    outer loop
      vertex 86 -3.59952 56.8661
      vertex 57 -4.74527 56.4561
      vertex 57 -3.59952 56.8661
    endloop
  endfacet
  facet normal 0 0.427568 -0.903983
    outer loop
      vertex 57 -5.84531 55.9358
      vertex 86 -4.74527 56.4561
      vertex 86 -5.84531 55.9358
    endloop
  endfacet
  facet normal 0 0.427568 -0.903983
    outer loop
      vertex 86 -4.74527 56.4561
      vertex 57 -5.84531 55.9358
      vertex 57 -4.74527 56.4561
    endloop
  endfacet
  facet normal 0 0.514099 -0.857731
    outer loop
      vertex 57 -6.88907 55.3102
      vertex 86 -5.84531 55.9358
      vertex 86 -6.88907 55.3102
    endloop
  endfacet
  facet normal 0 0.514099 -0.857731
    outer loop
      vertex 86 -5.84531 55.9358
      vertex 57 -6.88907 55.3102
      vertex 57 -5.84531 55.9358
    endloop
  endfacet
  facet normal 0 0.595705 -0.803203
    outer loop
      vertex 57 -7.86647 54.5853
      vertex 86 -6.88907 55.3102
      vertex 86 -7.86647 54.5853
    endloop
  endfacet
  facet normal 0 0.595705 -0.803203
    outer loop
      vertex 86 -6.88907 55.3102
      vertex 57 -7.86647 54.5853
      vertex 57 -6.88907 55.3102
    endloop
  endfacet
  facet normal 0 0.671559 -0.740951
    outer loop
      vertex 57 -8.76811 53.7681
      vertex 86 -7.86647 54.5853
      vertex 86 -8.76811 53.7681
    endloop
  endfacet
  facet normal 0 0.671559 -0.740951
    outer loop
      vertex 86 -7.86647 54.5853
      vertex 57 -8.76811 53.7681
      vertex 57 -7.86647 54.5853
    endloop
  endfacet
  facet normal 0 0.740928 -0.671585
    outer loop
      vertex 86 -9.58533 52.8665
      vertex 57 -8.76811 53.7681
      vertex 86 -8.76811 53.7681
    endloop
  endfacet
  facet normal 0 0.740928 -0.671585
    outer loop
      vertex 57 -8.76811 53.7681
      vertex 86 -9.58533 52.8665
      vertex 57 -9.58533 52.8665
    endloop
  endfacet
  facet normal 0 0.803215 -0.595689
    outer loop
      vertex 86 -10.3102 51.8891
      vertex 57 -9.58533 52.8665
      vertex 86 -9.58533 52.8665
    endloop
  endfacet
  facet normal 0 0.803215 -0.595689
    outer loop
      vertex 57 -9.58533 52.8665
      vertex 86 -10.3102 51.8891
      vertex 57 -10.3102 51.8891
    endloop
  endfacet
  facet normal 0 0.857739 -0.514085
    outer loop
      vertex 86 -10.9358 50.8453
      vertex 57 -10.3102 51.8891
      vertex 86 -10.3102 51.8891
    endloop
  endfacet
  facet normal 0 0.857739 -0.514085
    outer loop
      vertex 57 -10.3102 51.8891
      vertex 86 -10.9358 50.8453
      vertex 57 -10.9358 50.8453
    endloop
  endfacet
  facet normal 0 0.903977 -0.427581
    outer loop
      vertex 86 -11.4561 49.7453
      vertex 57 -10.9358 50.8453
      vertex 86 -10.9358 50.8453
    endloop
  endfacet
  facet normal 0 0.903977 -0.427581
    outer loop
      vertex 57 -10.9358 50.8453
      vertex 86 -11.4561 49.7453
      vertex 57 -11.4561 49.7453
    endloop
  endfacet
  facet normal 0 0.941537 -0.336909
    outer loop
      vertex 86 -11.8661 48.5995
      vertex 57 -11.4561 49.7453
      vertex 86 -11.4561 49.7453
    endloop
  endfacet
  facet normal 0 0.941537 -0.336909
    outer loop
      vertex 57 -11.4561 49.7453
      vertex 86 -11.8661 48.5995
      vertex 57 -11.8661 48.5995
    endloop
  endfacet
  facet normal 0 0.970046 -0.24292
    outer loop
      vertex 86 -12 48.0648
      vertex 57 -11.8661 48.5995
      vertex 86 -11.8661 48.5995
    endloop
  endfacet
  facet normal 0 0.970046 -0.24292
    outer loop
      vertex 57 -11.8661 48.5995
      vertex 86 -12 48.0648
      vertex 57 -12 48.0648
    endloop
  endfacet
  facet normal 0 -1 -0
    outer loop
      vertex 0 0 58
      vertex -1.42197 0 55.4
      vertex 1.42197 0 55.4
    endloop
  endfacet
  facet normal -0.146735 0 0.989176
    outer loop
      vertex 0.6371 -12 38.5313
      vertex 1.26808 -8.20439 38.6249
      vertex 0.6371 -8.13498 38.5313
    endloop
  endfacet
  facet normal -0.146735 0 0.989176
    outer loop
      vertex 1.26808 -8.20439 38.6249
      vertex 0.6371 -12 38.5313
      vertex 1.26808 -12 38.6249
    endloop
  endfacet
  facet normal -0.242993 0 0.970028
    outer loop
      vertex 1.26808 -12 38.6249
      vertex 1.88684 -8.31933 38.7799
      vertex 1.26808 -8.20439 38.6249
    endloop
  endfacet
  facet normal -0.242993 0 0.970028
    outer loop
      vertex 1.88684 -8.31933 38.7799
      vertex 1.26808 -12 38.6249
      vertex 1.88684 -12 38.7799
    endloop
  endfacet
  facet normal -0.336892 0 0.941543
    outer loop
      vertex 1.88684 -12 38.7799
      vertex 2.48744 -8.47872 38.9948
      vertex 1.88684 -8.31933 38.7799
    endloop
  endfacet
  facet normal -0.336892 0 0.941543
    outer loop
      vertex 2.48744 -8.47872 38.9948
      vertex 1.88684 -12 38.7799
      vertex 2.48744 -12 38.9948
    endloop
  endfacet
  facet normal -0.427242 -5.93759e-05 0.904137
    outer loop
      vertex 2.48744 -12 38.9948
      vertex 3.06407 -8.67451 39.2675
      vertex 2.96799 -8.64728 39.2221
    endloop
  endfacet
  facet normal -0.427581 0 0.903977
    outer loop
      vertex 2.48744 -12 38.9948
      vertex 2.96799 -8.64728 39.2221
      vertex 2.48744 -8.47872 38.9948
    endloop
  endfacet
  facet normal -0.427522 0 0.904005
    outer loop
      vertex 3.06407 -8.67451 39.2675
      vertex 2.48744 -12 38.9948
      vertex 3.06407 -12 39.2675
    endloop
  endfacet
  facet normal -0.514168 0 0.857689
    outer loop
      vertex 3.06407 -12 39.2675
      vertex 3.61121 -8.87107 39.5955
      vertex 3.06407 -8.67451 39.2675
    endloop
  endfacet
  facet normal -0.514168 0 0.857689
    outer loop
      vertex 3.61121 -8.87107 39.5955
      vertex 3.06407 -12 39.2675
      vertex 3.61121 -12 39.5955
    endloop
  endfacet
  facet normal -0.595621 0 0.803265
    outer loop
      vertex 3.61121 -12 39.5955
      vertex 4.12355 -9.09881 39.9754
      vertex 3.61121 -8.87107 39.5955
    endloop
  endfacet
  facet normal -0.595621 0 0.803265
    outer loop
      vertex 4.12355 -9.09881 39.9754
      vertex 3.61121 -12 39.5955
      vertex 4.12355 -12 39.9754
    endloop
  endfacet
  facet normal -0.67154 -1.26997e-05 0.740968
    outer loop
      vertex 4.12355 -12 39.9754
      vertex 4.59619 -9.31685 40.4038
      vertex 4.25822 -9.17197 40.0975
    endloop
  endfacet
  facet normal -0.671686 0 0.740836
    outer loop
      vertex 4.12355 -12 39.9754
      vertex 4.25822 -9.17197 40.0975
      vertex 4.12355 -9.09881 39.9754
    endloop
  endfacet
  facet normal -0.67158 0 0.740932
    outer loop
      vertex 4.59619 -9.31685 40.4038
      vertex 4.12355 -12 39.9754
      vertex 4.59619 -12 40.4038
    endloop
  endfacet
  facet normal -0.74092 0 0.671594
    outer loop
      vertex 4.59619 -12 40.4038
      vertex 5.02457 -9.5404 40.8764
      vertex 4.59619 -9.31685 40.4038
    endloop
  endfacet
  facet normal -0.74092 0 0.671594
    outer loop
      vertex 5.02457 -9.5404 40.8764
      vertex 4.59619 -12 40.4038
      vertex 5.02457 -12 40.8764
    endloop
  endfacet
  facet normal -0.803328 0 0.595536
    outer loop
      vertex 5.02457 -12 40.8764
      vertex 5.1311 -9.60834 41.0201
      vertex 5.02457 -9.5404 40.8764
    endloop
  endfacet
  facet normal -0.803217 -1.4015e-05 0.595687
    outer loop
      vertex 5.02457 -12 40.8764
      vertex 5.40454 -9.74026 41.3888
      vertex 5.1311 -9.60834 41.0201
    endloop
  endfacet
  facet normal -0.803246 0 0.595647
    outer loop
      vertex 5.40454 -9.74026 41.3888
      vertex 5.02457 -12 40.8764
      vertex 5.40454 -12 41.3888
    endloop
  endfacet
  facet normal -0.857714 0 0.514127
    outer loop
      vertex 5.40454 -12 41.3888
      vertex 5.73248 -9.93603 41.9359
      vertex 5.40454 -9.74026 41.3888
    endloop
  endfacet
  facet normal -0.857714 0 0.514127
    outer loop
      vertex 5.73248 -9.93603 41.9359
      vertex 5.40454 -12 41.3888
      vertex 5.73248 -12 41.9359
    endloop
  endfacet
  facet normal -0.903917 0 0.427707
    outer loop
      vertex 5.73248 -12 41.9359
      vertex 5.75382 -9.95218 41.981
      vertex 5.73248 -9.93603 41.9359
    endloop
  endfacet
  facet normal -0.90402 5.86865e-06 0.427489
    outer loop
      vertex 5.73248 -12 41.9359
      vertex 6.0052 -10.0853 42.5126
      vertex 5.75382 -9.95218 41.981
    endloop
  endfacet
  facet normal -0.904013 0 0.427505
    outer loop
      vertex 6.0052 -10.0853 42.5126
      vertex 5.73248 -12 41.9359
      vertex 6.0052 -12 42.5126
    endloop
  endfacet
  facet normal -0.941534 0 0.336919
    outer loop
      vertex 6.0052 -12 42.5126
      vertex 6.16927 -10.2002 42.9711
      vertex 6.0052 -10.0853 42.5126
    endloop
  endfacet
  facet normal -0.941538 3.66438e-06 0.336906
    outer loop
      vertex 6.22011 -12 43.1132
      vertex 6.16927 -10.2002 42.9711
      vertex 6.0052 -12 42.5126
    endloop
  endfacet
  facet normal -0.941553 0 0.336865
    outer loop
      vertex 6.16927 -10.2002 42.9711
      vertex 6.22011 -12 43.1132
      vertex 6.22011 -10.2212 43.1132
    endloop
  endfacet
  facet normal -0.97003 0 0.242986
    outer loop
      vertex 6.22011 -12 43.1132
      vertex 6.37509 -10.313 43.7319
      vertex 6.22011 -10.2212 43.1132
    endloop
  endfacet
  facet normal -0.97003 0 0.242986
    outer loop
      vertex 6.37509 -10.313 43.7319
      vertex 6.22011 -12 43.1132
      vertex 6.37509 -12 43.7319
    endloop
  endfacet
  facet normal -0.989171 0 0.146765
    outer loop
      vertex 6.37509 -12 43.7319
      vertex 6.41199 -10.3499 43.9806
      vertex 6.37509 -10.313 43.7319
    endloop
  endfacet
  facet normal -0.989177 5.30113e-06 0.14673
    outer loop
      vertex 6.46869 -12 44.3629
      vertex 6.41199 -10.3499 43.9806
      vertex 6.37509 -12 43.7319
    endloop
  endfacet
  facet normal -0.98918 0 0.146708
    outer loop
      vertex 6.41199 -10.3499 43.9806
      vertex 6.46869 -12 44.3629
      vertex 6.46869 -10.3687 44.3629
    endloop
  endfacet
  facet normal -0.998795 0 0.0490853
    outer loop
      vertex 6.46869 -12 44.3629
      vertex 6.5 -10.4 45
      vertex 6.46869 -10.3687 44.3629
    endloop
  endfacet
  facet normal -0.998795 0 0.0490853
    outer loop
      vertex 6.5 -10.4 45
      vertex 6.46869 -12 44.3629
      vertex 6.5 -12 45
    endloop
  endfacet
  facet normal -0.998795 0 -0.0490853
    outer loop
      vertex 6.46869 -12 45.6371
      vertex 6.5 -10.4 45
      vertex 6.5 -12 45
    endloop
  endfacet
  facet normal -0.998795 0 -0.0490853
    outer loop
      vertex 6.5 -10.4 45
      vertex 6.46869 -12 45.6371
      vertex 6.46869 -10.3687 45.6371
    endloop
  endfacet
  facet normal -0.98918 0 -0.146708
    outer loop
      vertex 6.46869 -12 45.6371
      vertex 6.41199 -10.3499 46.0194
      vertex 6.46869 -10.3687 45.6371
    endloop
  endfacet
  facet normal -0.989177 5.30113e-06 -0.14673
    outer loop
      vertex 6.37509 -12 46.2681
      vertex 6.41199 -10.3499 46.0194
      vertex 6.46869 -12 45.6371
    endloop
  endfacet
  facet normal -0.989171 0 -0.146765
    outer loop
      vertex 6.41199 -10.3499 46.0194
      vertex 6.37509 -12 46.2681
      vertex 6.37509 -10.313 46.2681
    endloop
  endfacet
  facet normal -0.97003 0 -0.242986
    outer loop
      vertex 6.22011 -12 46.8868
      vertex 6.37509 -10.313 46.2681
      vertex 6.37509 -12 46.2681
    endloop
  endfacet
  facet normal -0.97003 0 -0.242986
    outer loop
      vertex 6.37509 -10.313 46.2681
      vertex 6.22011 -12 46.8868
      vertex 6.22011 -10.2212 46.8868
    endloop
  endfacet
  facet normal -0.941553 0 -0.336865
    outer loop
      vertex 6.22011 -12 46.8868
      vertex 6.16927 -10.2002 47.0289
      vertex 6.22011 -10.2212 46.8868
    endloop
  endfacet
  facet normal -0.941538 3.66438e-06 -0.336906
    outer loop
      vertex 6.0052 -12 47.4874
      vertex 6.16927 -10.2002 47.0289
      vertex 6.22011 -12 46.8868
    endloop
  endfacet
  facet normal -0.941534 0 -0.336919
    outer loop
      vertex 6.16927 -10.2002 47.0289
      vertex 6.0052 -12 47.4874
      vertex 6.0052 -10.0853 47.4874
    endloop
  endfacet
  facet normal -0.904013 0 -0.427505
    outer loop
      vertex 5.73248 -12 48.0641
      vertex 6.0052 -10.0853 47.4874
      vertex 6.0052 -12 47.4874
    endloop
  endfacet
  facet normal -0.90402 5.86865e-06 -0.427489
    outer loop
      vertex 6.0052 -10.0853 47.4874
      vertex 5.73248 -12 48.0641
      vertex 5.75382 -9.95218 48.019
    endloop
  endfacet
  facet normal -0.903917 0 -0.427707
    outer loop
      vertex 5.75382 -9.95218 48.019
      vertex 5.73248 -12 48.0641
      vertex 5.73248 -9.93603 48.0641
    endloop
  endfacet
  facet normal -0.857714 0 -0.514127
    outer loop
      vertex 5.40454 -12 48.6112
      vertex 5.73248 -9.93603 48.0641
      vertex 5.73248 -12 48.0641
    endloop
  endfacet
  facet normal -0.857714 0 -0.514127
    outer loop
      vertex 5.73248 -9.93603 48.0641
      vertex 5.40454 -12 48.6112
      vertex 5.40454 -9.74026 48.6112
    endloop
  endfacet
  facet normal -0.803246 0 -0.595647
    outer loop
      vertex 5.02457 -12 49.1236
      vertex 5.40454 -9.74026 48.6112
      vertex 5.40454 -12 48.6112
    endloop
  endfacet
  facet normal -0.803217 -1.4015e-05 -0.595687
    outer loop
      vertex 5.40454 -9.74026 48.6112
      vertex 5.02457 -12 49.1236
      vertex 5.1311 -9.60834 48.9799
    endloop
  endfacet
  facet normal -0.803328 0 -0.595536
    outer loop
      vertex 5.1311 -9.60834 48.9799
      vertex 5.02457 -12 49.1236
      vertex 5.02457 -9.5404 49.1236
    endloop
  endfacet
  facet normal -0.740881 0 -0.671636
    outer loop
      vertex 4.59605 -12 49.5963
      vertex 5.02457 -9.5404 49.1236
      vertex 5.02457 -12 49.1236
    endloop
  endfacet
  facet normal -0.740881 0 -0.671636
    outer loop
      vertex 5.02457 -9.5404 49.1236
      vertex 4.59605 -12 49.5963
      vertex 4.59605 -9.31679 49.5963
    endloop
  endfacet
  facet normal -0.877358 8.83768e-06 -0.479837
    outer loop
      vertex 1.44936 -1.01936 55.3499
      vertex 0 0 58
      vertex 1.42197 0 55.4
    endloop
  endfacet
  facet normal -0.877363 -2.57339e-05 -0.479827
    outer loop
      vertex 1.53126 -2.02893 55.2002
      vertex 0 0 58
      vertex 1.44936 -1.01936 55.3499
    endloop
  endfacet
  facet normal -0.87735 1.68626e-05 -0.479851
    outer loop
      vertex 1.66688 -3.01895 54.9522
      vertex 0 0 58
      vertex 1.53126 -2.02893 55.2002
    endloop
  endfacet
  facet normal -0.877338 4.69824e-05 -0.479874
    outer loop
      vertex 1.85493 -3.9799 54.6083
      vertex 0 0 58
      vertex 1.66688 -3.01895 54.9522
    endloop
  endfacet
  facet normal -0.87734 -2.08023e-05 -0.479869
    outer loop
      vertex 0 -12 58
      vertex 1.85493 -3.9799 54.6083
      vertex 2.09359 -4.90251 54.172
    endloop
  endfacet
  facet normal -0.877362 7.69747e-06 -0.479828
    outer loop
      vertex 0 -12 58
      vertex 2.09359 -4.90251 54.172
      vertex 2.38054 -5.77792 53.6473
    endloop
  endfacet
  facet normal -0.877362 6.21127e-06 -0.47983
    outer loop
      vertex 0 -12 58
      vertex 2.38054 -5.77792 53.6473
      vertex 2.71305 -6.59769 53.0393
    endloop
  endfacet
  facet normal -0.877363 0 -0.479828
    outer loop
      vertex 4.59605 -12 49.5963
      vertex 4.42859 -9.17197 49.9025
      vertex 4.59605 -9.31679 49.5963
    endloop
  endfacet
  facet normal -0.877356 1.85325e-06 -0.479841
    outer loop
      vertex 4.59605 -12 49.5963
      vertex 3.94982 -8.64728 50.7779
      vertex 4.42859 -9.17197 49.9025
    endloop
  endfacet
  facet normal -0.877369 -8.9933e-06 -0.479817
    outer loop
      vertex 4.59605 -12 49.5963
      vertex 3.50148 -8.03931 51.5977
      vertex 3.94982 -8.64728 50.7779
    endloop
  endfacet
  facet normal -0.877359 2.54529e-06 -0.479835
    outer loop
      vertex 0 -12 58
      vertex 3.50148 -8.03931 51.5977
      vertex 4.59605 -12 49.5963
    endloop
  endfacet
  facet normal -0.877359 2.37245e-06 -0.479835
    outer loop
      vertex 3.50148 -8.03931 51.5977
      vertex 0 -12 58
      vertex 3.08791 -7.3539 52.3539
    endloop
  endfacet
  facet normal -0.877356 -5.12379e-06 -0.479839
    outer loop
      vertex 3.08791 -7.3539 52.3539
      vertex 0 -12 58
      vertex 2.71305 -6.59769 53.0393
    endloop
  endfacet
  facet normal -0.877361 0 -0.479831
    outer loop
      vertex 1.85493 -3.9799 54.6083
      vertex 0 -12 58
      vertex 0 0 58
    endloop
  endfacet
  facet normal 0.877358 8.83768e-06 -0.479837
    outer loop
      vertex 0 0 58
      vertex -1.44936 -1.01936 55.3499
      vertex -1.42197 0 55.4
    endloop
  endfacet
  facet normal 0.877363 -2.57339e-05 -0.479827
    outer loop
      vertex 0 0 58
      vertex -1.53126 -2.02893 55.2002
      vertex -1.44936 -1.01936 55.3499
    endloop
  endfacet
  facet normal 0.87735 1.68626e-05 -0.479851
    outer loop
      vertex 0 0 58
      vertex -1.66688 -3.01895 54.9522
      vertex -1.53126 -2.02893 55.2002
    endloop
  endfacet
  facet normal 0.877338 4.69824e-05 -0.479874
    outer loop
      vertex 0 0 58
      vertex -1.85493 -3.9799 54.6083
      vertex -1.66688 -3.01895 54.9522
    endloop
  endfacet
  facet normal 0.877361 0 -0.479831
    outer loop
      vertex 0 -12 58
      vertex -1.85493 -3.9799 54.6083
      vertex 0 0 58
    endloop
  endfacet
  facet normal 0.87734 -2.08023e-05 -0.479869
    outer loop
      vertex -1.85493 -3.9799 54.6083
      vertex 0 -12 58
      vertex -2.09359 -4.90251 54.172
    endloop
  endfacet
  facet normal 0.877362 7.69747e-06 -0.479828
    outer loop
      vertex -2.09359 -4.90251 54.172
      vertex 0 -12 58
      vertex -2.38054 -5.77792 53.6473
    endloop
  endfacet
  facet normal 0.877362 6.21127e-06 -0.47983
    outer loop
      vertex -2.38054 -5.77792 53.6473
      vertex 0 -12 58
      vertex -2.71305 -6.59769 53.0393
    endloop
  endfacet
  facet normal 0.877356 -5.12379e-06 -0.479839
    outer loop
      vertex 0 -12 58
      vertex -3.08791 -7.3539 52.3539
      vertex -2.71305 -6.59769 53.0393
    endloop
  endfacet
  facet normal 0.877359 2.37245e-06 -0.479835
    outer loop
      vertex 0 -12 58
      vertex -3.50148 -8.03931 51.5977
      vertex -3.08791 -7.3539 52.3539
    endloop
  endfacet
  facet normal 0.877359 2.54529e-06 -0.479835
    outer loop
      vertex -4.59605 -12 49.5963
      vertex -3.50148 -8.03931 51.5977
      vertex 0 -12 58
    endloop
  endfacet
  facet normal 0.877369 -8.9933e-06 -0.479817
    outer loop
      vertex -3.50148 -8.03931 51.5977
      vertex -4.59605 -12 49.5963
      vertex -3.94982 -8.64728 50.7779
    endloop
  endfacet
  facet normal 0.877356 1.85325e-06 -0.479841
    outer loop
      vertex -3.94982 -8.64728 50.7779
      vertex -4.59605 -12 49.5963
      vertex -4.42859 -9.17197 49.9025
    endloop
  endfacet
  facet normal 0.877363 0 -0.479828
    outer loop
      vertex -4.42859 -9.17197 49.9025
      vertex -4.59605 -12 49.5963
      vertex -4.59605 -9.31679 49.5963
    endloop
  endfacet
  facet normal 0.740881 0 -0.671636
    outer loop
      vertex -4.59605 -12 49.5963
      vertex -5.02457 -9.5404 49.1236
      vertex -4.59605 -9.31679 49.5963
    endloop
  endfacet
  facet normal 0.740881 0 -0.671636
    outer loop
      vertex -5.02457 -9.5404 49.1236
      vertex -4.59605 -12 49.5963
      vertex -5.02457 -12 49.1236
    endloop
  endfacet
  facet normal 0.803328 0 -0.595536
    outer loop
      vertex -5.02457 -12 49.1236
      vertex -5.1311 -9.60834 48.9799
      vertex -5.02457 -9.5404 49.1236
    endloop
  endfacet
  facet normal 0.803217 -1.4015e-05 -0.595687
    outer loop
      vertex -5.02457 -12 49.1236
      vertex -5.40454 -9.74026 48.6112
      vertex -5.1311 -9.60834 48.9799
    endloop
  endfacet
  facet normal 0.803246 0 -0.595647
    outer loop
      vertex -5.40454 -9.74026 48.6112
      vertex -5.02457 -12 49.1236
      vertex -5.40454 -12 48.6112
    endloop
  endfacet
  facet normal 0.857714 0 -0.514127
    outer loop
      vertex -5.40454 -12 48.6112
      vertex -5.73248 -9.93603 48.0641
      vertex -5.40454 -9.74026 48.6112
    endloop
  endfacet
  facet normal 0.857714 0 -0.514127
    outer loop
      vertex -5.73248 -9.93603 48.0641
      vertex -5.40454 -12 48.6112
      vertex -5.73248 -12 48.0641
    endloop
  endfacet
  facet normal 0.903917 0 -0.427707
    outer loop
      vertex -5.73248 -12 48.0641
      vertex -5.75382 -9.95218 48.019
      vertex -5.73248 -9.93603 48.0641
    endloop
  endfacet
  facet normal 0.90402 5.86865e-06 -0.427489
    outer loop
      vertex -5.73248 -12 48.0641
      vertex -6.0052 -10.0853 47.4874
      vertex -5.75382 -9.95218 48.019
    endloop
  endfacet
  facet normal 0.904013 0 -0.427505
    outer loop
      vertex -6.0052 -10.0853 47.4874
      vertex -5.73248 -12 48.0641
      vertex -6.0052 -12 47.4874
    endloop
  endfacet
  facet normal 0.941534 0 -0.336919
    outer loop
      vertex -6.0052 -12 47.4874
      vertex -6.16927 -10.2002 47.0289
      vertex -6.0052 -10.0853 47.4874
    endloop
  endfacet
  facet normal 0.941538 3.66438e-06 -0.336906
    outer loop
      vertex -6.22011 -12 46.8868
      vertex -6.16927 -10.2002 47.0289
      vertex -6.0052 -12 47.4874
    endloop
  endfacet
  facet normal 0.941553 0 -0.336865
    outer loop
      vertex -6.16927 -10.2002 47.0289
      vertex -6.22011 -12 46.8868
      vertex -6.22011 -10.2212 46.8868
    endloop
  endfacet
  facet normal 0.97003 0 -0.242986
    outer loop
      vertex -6.22011 -12 46.8868
      vertex -6.37509 -10.313 46.2681
      vertex -6.22011 -10.2212 46.8868
    endloop
  endfacet
  facet normal 0.97003 0 -0.242986
    outer loop
      vertex -6.37509 -10.313 46.2681
      vertex -6.22011 -12 46.8868
      vertex -6.37509 -12 46.2681
    endloop
  endfacet
  facet normal 0.989171 0 -0.146765
    outer loop
      vertex -6.37509 -12 46.2681
      vertex -6.41199 -10.3499 46.0194
      vertex -6.37509 -10.313 46.2681
    endloop
  endfacet
  facet normal 0.989177 5.30113e-06 -0.14673
    outer loop
      vertex -6.46869 -12 45.6371
      vertex -6.41199 -10.3499 46.0194
      vertex -6.37509 -12 46.2681
    endloop
  endfacet
  facet normal 0.98918 0 -0.146708
    outer loop
      vertex -6.41199 -10.3499 46.0194
      vertex -6.46869 -12 45.6371
      vertex -6.46869 -10.3687 45.6371
    endloop
  endfacet
  facet normal 0.998795 0 -0.0490853
    outer loop
      vertex -6.46869 -12 45.6371
      vertex -6.5 -10.4 45
      vertex -6.46869 -10.3687 45.6371
    endloop
  endfacet
  facet normal 0.998795 0 -0.0490853
    outer loop
      vertex -6.5 -10.4 45
      vertex -6.46869 -12 45.6371
      vertex -6.5 -12 45
    endloop
  endfacet
  facet normal 0.998795 0 0.0490853
    outer loop
      vertex -6.46869 -12 44.3629
      vertex -6.5 -10.4 45
      vertex -6.5 -12 45
    endloop
  endfacet
  facet normal 0.998795 0 0.0490853
    outer loop
      vertex -6.5 -10.4 45
      vertex -6.46869 -12 44.3629
      vertex -6.46869 -10.3687 44.3629
    endloop
  endfacet
  facet normal 0.98918 -0 0.146708
    outer loop
      vertex -6.46869 -12 44.3629
      vertex -6.41199 -10.3499 43.9806
      vertex -6.46869 -10.3687 44.3629
    endloop
  endfacet
  facet normal 0.989177 5.30113e-06 0.14673
    outer loop
      vertex -6.37509 -12 43.7319
      vertex -6.41199 -10.3499 43.9806
      vertex -6.46869 -12 44.3629
    endloop
  endfacet
  facet normal 0.989171 0 0.146765
    outer loop
      vertex -6.41199 -10.3499 43.9806
      vertex -6.37509 -12 43.7319
      vertex -6.37509 -10.313 43.7319
    endloop
  endfacet
  facet normal 0.97003 0 0.242986
    outer loop
      vertex -6.22011 -12 43.1132
      vertex -6.37509 -10.313 43.7319
      vertex -6.37509 -12 43.7319
    endloop
  endfacet
  facet normal 0.97003 0 0.242986
    outer loop
      vertex -6.37509 -10.313 43.7319
      vertex -6.22011 -12 43.1132
      vertex -6.22011 -10.2212 43.1132
    endloop
  endfacet
  facet normal 0.941553 -0 0.336865
    outer loop
      vertex -6.22011 -12 43.1132
      vertex -6.16927 -10.2002 42.9711
      vertex -6.22011 -10.2212 43.1132
    endloop
  endfacet
  facet normal 0.941538 3.66438e-06 0.336906
    outer loop
      vertex -6.0052 -12 42.5126
      vertex -6.16927 -10.2002 42.9711
      vertex -6.22011 -12 43.1132
    endloop
  endfacet
  facet normal 0.941534 0 0.336919
    outer loop
      vertex -6.16927 -10.2002 42.9711
      vertex -6.0052 -12 42.5126
      vertex -6.0052 -10.0853 42.5126
    endloop
  endfacet
  facet normal 0.904013 0 0.427505
    outer loop
      vertex -5.73248 -12 41.9359
      vertex -6.0052 -10.0853 42.5126
      vertex -6.0052 -12 42.5126
    endloop
  endfacet
  facet normal 0.90402 5.86865e-06 0.427489
    outer loop
      vertex -6.0052 -10.0853 42.5126
      vertex -5.73248 -12 41.9359
      vertex -5.75382 -9.95218 41.981
    endloop
  endfacet
  facet normal 0.903917 0 0.427707
    outer loop
      vertex -5.75382 -9.95218 41.981
      vertex -5.73248 -12 41.9359
      vertex -5.73248 -9.93603 41.9359
    endloop
  endfacet
  facet normal 0.857714 0 0.514127
    outer loop
      vertex -5.40454 -12 41.3888
      vertex -5.73248 -9.93603 41.9359
      vertex -5.73248 -12 41.9359
    endloop
  endfacet
  facet normal 0.857714 0 0.514127
    outer loop
      vertex -5.73248 -9.93603 41.9359
      vertex -5.40454 -12 41.3888
      vertex -5.40454 -9.74026 41.3888
    endloop
  endfacet
  facet normal 0.803246 0 0.595647
    outer loop
      vertex -5.02457 -12 40.8764
      vertex -5.40454 -9.74026 41.3888
      vertex -5.40454 -12 41.3888
    endloop
  endfacet
  facet normal 0.803217 -1.4015e-05 0.595687
    outer loop
      vertex -5.40454 -9.74026 41.3888
      vertex -5.02457 -12 40.8764
      vertex -5.1311 -9.60834 41.0201
    endloop
  endfacet
  facet normal 0.803328 0 0.595536
    outer loop
      vertex -5.1311 -9.60834 41.0201
      vertex -5.02457 -12 40.8764
      vertex -5.02457 -9.5404 40.8764
    endloop
  endfacet
  facet normal 0.74092 0 0.671594
    outer loop
      vertex -4.59619 -12 40.4038
      vertex -5.02457 -9.5404 40.8764
      vertex -5.02457 -12 40.8764
    endloop
  endfacet
  facet normal 0.74092 0 0.671594
    outer loop
      vertex -5.02457 -9.5404 40.8764
      vertex -4.59619 -12 40.4038
      vertex -4.59619 -9.31685 40.4038
    endloop
  endfacet
  facet normal 0.671686 0 0.740836
    outer loop
      vertex -4.25822 -9.17197 40.0975
      vertex -4.12355 -12 39.9754
      vertex -4.12355 -9.09881 39.9754
    endloop
  endfacet
  facet normal 0.67154 -1.26997e-05 0.740968
    outer loop
      vertex -4.59619 -9.31685 40.4038
      vertex -4.12355 -12 39.9754
      vertex -4.25822 -9.17197 40.0975
    endloop
  endfacet
  facet normal 0.67158 0 0.740932
    outer loop
      vertex -4.12355 -12 39.9754
      vertex -4.59619 -9.31685 40.4038
      vertex -4.59619 -12 40.4038
    endloop
  endfacet
  facet normal 0.595621 0 0.803265
    outer loop
      vertex -4.12355 -9.09881 39.9754
      vertex -3.61121 -12 39.5955
      vertex -3.61121 -8.87107 39.5955
    endloop
  endfacet
  facet normal 0.595621 0 0.803265
    outer loop
      vertex -3.61121 -12 39.5955
      vertex -4.12355 -9.09881 39.9754
      vertex -4.12355 -12 39.9754
    endloop
  endfacet
  facet normal 0.514168 0 0.857689
    outer loop
      vertex -3.61121 -8.87107 39.5955
      vertex -3.06407 -12 39.2675
      vertex -3.06407 -8.67451 39.2675
    endloop
  endfacet
  facet normal 0.514168 0 0.857689
    outer loop
      vertex -3.06407 -12 39.2675
      vertex -3.61121 -8.87107 39.5955
      vertex -3.61121 -12 39.5955
    endloop
  endfacet
  facet normal 0.427581 0 0.903977
    outer loop
      vertex -2.96799 -8.64728 39.2221
      vertex -2.48744 -12 38.9948
      vertex -2.48744 -8.47872 38.9948
    endloop
  endfacet
  facet normal 0.427242 -5.93759e-05 0.904137
    outer loop
      vertex -3.06407 -8.67451 39.2675
      vertex -2.48744 -12 38.9948
      vertex -2.96799 -8.64728 39.2221
    endloop
  endfacet
  facet normal 0.427522 0 0.904005
    outer loop
      vertex -2.48744 -12 38.9948
      vertex -3.06407 -8.67451 39.2675
      vertex -3.06407 -12 39.2675
    endloop
  endfacet
  facet normal 0.336892 0 0.941543
    outer loop
      vertex -2.48744 -8.47872 38.9948
      vertex -1.88684 -12 38.7799
      vertex -1.88684 -8.31933 38.7799
    endloop
  endfacet
  facet normal 0.336892 0 0.941543
    outer loop
      vertex -1.88684 -12 38.7799
      vertex -2.48744 -8.47872 38.9948
      vertex -2.48744 -12 38.9948
    endloop
  endfacet
  facet normal 0.242993 0 0.970028
    outer loop
      vertex -1.88684 -8.31933 38.7799
      vertex -1.26808 -12 38.6249
      vertex -1.26808 -8.20439 38.6249
    endloop
  endfacet
  facet normal 0.242993 0 0.970028
    outer loop
      vertex -1.26808 -12 38.6249
      vertex -1.88684 -8.31933 38.7799
      vertex -1.88684 -12 38.7799
    endloop
  endfacet
  facet normal 0.146735 0 0.989176
    outer loop
      vertex -1.26808 -8.20439 38.6249
      vertex -0.6371 -12 38.5313
      vertex -0.6371 -8.13498 38.5313
    endloop
  endfacet
  facet normal 0.146735 0 0.989176
    outer loop
      vertex -0.6371 -12 38.5313
      vertex -1.26808 -8.20439 38.6249
      vertex -1.26808 -12 38.6249
    endloop
  endfacet
  facet normal 0.0490697 0 0.998795
    outer loop
      vertex -0.6371 -8.13498 38.5313
      vertex 0 -12 38.5
      vertex 0 -8.11176 38.5
    endloop
  endfacet
  facet normal 0.0490697 0 0.998795
    outer loop
      vertex 0 -12 38.5
      vertex -0.6371 -8.13498 38.5313
      vertex -0.6371 -12 38.5313
    endloop
  endfacet
  facet normal -0.0490697 0 0.998795
    outer loop
      vertex 0 -12 38.5
      vertex 0.6371 -8.13498 38.5313
      vertex 0 -8.11176 38.5
    endloop
  endfacet
  facet normal -0.0490697 0 0.998795
    outer loop
      vertex 0.6371 -8.13498 38.5313
      vertex 0 -12 38.5
      vertex 0.6371 -12 38.5313
    endloop
  endfacet
  facet normal 1 0 0
    outer loop
      vertex -82.5 7.35406 85.3537
      vertex -82.5 12 73.1872
      vertex -82.5 12 82.8128
    endloop
  endfacet
  facet normal 1 0 0
    outer loop
      vertex -82.5 7.35406 85.3537
      vertex -82.5 7.35406 70.6463
      vertex -82.5 12 73.1872
    endloop
  endfacet
  facet normal 1 0 0
    outer loop
      vertex -82.5 6.59769 86.0393
      vertex -82.5 7.35406 85.3537
      vertex -82.5 7.3539 85.3539
    endloop
  endfacet
  facet normal 1 0 0
    outer loop
      vertex -82.5 7.35406 85.3537
      vertex -82.5 6.59769 86.0393
      vertex -82.5 7.35406 70.6463
    endloop
  endfacet
  facet normal 1 0 0
    outer loop
      vertex -82.5 6.59769 69.9607
      vertex -82.5 7.35406 70.6463
      vertex -82.5 6.59769 86.0393
    endloop
  endfacet
  facet normal 1 0 0
    outer loop
      vertex -82.5 7.35406 70.6463
      vertex -82.5 6.59769 69.9607
      vertex -82.5 7.3539 70.6461
    endloop
  endfacet
  facet normal 1 0 0
    outer loop
      vertex -82.5 5.77792 86.6473
      vertex -82.5 6.59769 69.9607
      vertex -82.5 6.59769 86.0393
    endloop
  endfacet
  facet normal 1 0 0
    outer loop
      vertex -82.5 5.77792 86.6473
      vertex -82.5 5.77792 69.3527
      vertex -82.5 6.59769 69.9607
    endloop
  endfacet
  facet normal 1 0 0
    outer loop
      vertex -82.5 4.90251 87.172
      vertex -82.5 5.77792 69.3527
      vertex -82.5 5.77792 86.6473
    endloop
  endfacet
  facet normal 1 0 0
    outer loop
      vertex -82.5 4.90251 87.172
      vertex -82.5 4.90251 68.828
      vertex -82.5 5.77792 69.3527
    endloop
  endfacet
  facet normal 1 0 0
    outer loop
      vertex -82.5 3.9799 87.6083
      vertex -82.5 4.90251 68.828
      vertex -82.5 4.90251 87.172
    endloop
  endfacet
  facet normal 1 0 0
    outer loop
      vertex -82.5 3.9799 87.6083
      vertex -82.5 3.9799 68.3917
      vertex -82.5 4.90251 68.828
    endloop
  endfacet
  facet normal 1 0 0
    outer loop
      vertex -82.5 3.01895 87.9522
      vertex -82.5 3.9799 68.3917
      vertex -82.5 3.9799 87.6083
    endloop
  endfacet
  facet normal 1 0 0
    outer loop
      vertex -82.5 3.01895 87.9522
      vertex -82.5 3.01895 68.0478
      vertex -82.5 3.9799 68.3917
    endloop
  endfacet
  facet normal 1 0 0
    outer loop
      vertex -82.5 2.02893 88.2002
      vertex -82.5 3.01895 68.0478
      vertex -82.5 3.01895 87.9522
    endloop
  endfacet
  facet normal 1 0 0
    outer loop
      vertex -82.5 2.02893 88.2002
      vertex -82.5 2.02893 67.7998
      vertex -82.5 3.01895 68.0478
    endloop
  endfacet
  facet normal 1 0 0
    outer loop
      vertex -82.5 1.01936 88.3499
      vertex -82.5 2.02893 67.7998
      vertex -82.5 2.02893 88.2002
    endloop
  endfacet
  facet normal 1 0 0
    outer loop
      vertex -82.5 1.01936 88.3499
      vertex -82.5 1.01936 67.6501
      vertex -82.5 2.02893 67.7998
    endloop
  endfacet
  facet normal 1 0 0
    outer loop
      vertex -82.5 0 88.4
      vertex -82.5 1.01936 67.6501
      vertex -82.5 1.01936 88.3499
    endloop
  endfacet
  facet normal 1 0 0
    outer loop
      vertex -82.5 0 88.4
      vertex -82.5 0 67.6
      vertex -82.5 1.01936 67.6501
    endloop
  endfacet
  facet normal 1 -0 0
    outer loop
      vertex -82.5 -1.01936 88.3499
      vertex -82.5 0 67.6
      vertex -82.5 0 88.4
    endloop
  endfacet
  facet normal 1 0 0
    outer loop
      vertex -82.5 -1.01936 88.3499
      vertex -82.5 -1.01936 67.6501
      vertex -82.5 0 67.6
    endloop
  endfacet
  facet normal 1 -0 0
    outer loop
      vertex -82.5 -2.02893 88.2002
      vertex -82.5 -1.01936 67.6501
      vertex -82.5 -1.01936 88.3499
    endloop
  endfacet
  facet normal 1 0 0
    outer loop
      vertex -82.5 -2.02893 88.2002
      vertex -82.5 -2.02893 67.7998
      vertex -82.5 -1.01936 67.6501
    endloop
  endfacet
  facet normal 1 -0 0
    outer loop
      vertex -82.5 -3.01895 87.9522
      vertex -82.5 -2.02893 67.7998
      vertex -82.5 -2.02893 88.2002
    endloop
  endfacet
  facet normal 1 0 0
    outer loop
      vertex -82.5 -3.01895 87.9522
      vertex -82.5 -3.01895 68.0478
      vertex -82.5 -2.02893 67.7998
    endloop
  endfacet
  facet normal 1 -0 0
    outer loop
      vertex -82.5 -3.9799 87.6083
      vertex -82.5 -3.01895 68.0478
      vertex -82.5 -3.01895 87.9522
    endloop
  endfacet
  facet normal 1 0 0
    outer loop
      vertex -82.5 -3.9799 87.6083
      vertex -82.5 -3.9799 68.3917
      vertex -82.5 -3.01895 68.0478
    endloop
  endfacet
  facet normal 1 -0 0
    outer loop
      vertex -82.5 -4.90251 87.172
      vertex -82.5 -3.9799 68.3917
      vertex -82.5 -3.9799 87.6083
    endloop
  endfacet
  facet normal 1 0 0
    outer loop
      vertex -82.5 -4.90251 87.172
      vertex -82.5 -4.90251 68.828
      vertex -82.5 -3.9799 68.3917
    endloop
  endfacet
  facet normal 1 -0 0
    outer loop
      vertex -82.5 -5.77792 86.6473
      vertex -82.5 -4.90251 68.828
      vertex -82.5 -4.90251 87.172
    endloop
  endfacet
  facet normal 1 0 0
    outer loop
      vertex -82.5 -5.77792 86.6473
      vertex -82.5 -5.77792 69.3527
      vertex -82.5 -4.90251 68.828
    endloop
  endfacet
  facet normal 1 -0 0
    outer loop
      vertex -82.5 -6.59769 86.0393
      vertex -82.5 -5.77792 69.3527
      vertex -82.5 -5.77792 86.6473
    endloop
  endfacet
  facet normal 1 0 0
    outer loop
      vertex -82.5 -6.59769 86.0393
      vertex -82.5 -6.59769 69.9607
      vertex -82.5 -5.77792 69.3527
    endloop
  endfacet
  facet normal 1 -0 0
    outer loop
      vertex -82.5 -7.3539 85.3539
      vertex -82.5 -6.59769 69.9607
      vertex -82.5 -6.59769 86.0393
    endloop
  endfacet
  facet normal 1 0 0
    outer loop
      vertex -82.5 -7.3539 85.3539
      vertex -82.5 -7.3539 70.6461
      vertex -82.5 -6.59769 69.9607
    endloop
  endfacet
  facet normal 1 -0 0
    outer loop
      vertex -82.5 -8.03931 84.5977
      vertex -82.5 -7.3539 70.6461
      vertex -82.5 -7.3539 85.3539
    endloop
  endfacet
  facet normal 1 0 0
    outer loop
      vertex -82.5 -8.03931 84.5977
      vertex -82.5 -8.03931 71.4023
      vertex -82.5 -7.3539 70.6461
    endloop
  endfacet
  facet normal 1 -0 0
    outer loop
      vertex -82.5 -8.64728 83.7779
      vertex -82.5 -8.03931 71.4023
      vertex -82.5 -8.03931 84.5977
    endloop
  endfacet
  facet normal 1 0 0
    outer loop
      vertex -82.5 -8.64728 83.7779
      vertex -82.5 -8.64728 72.2221
      vertex -82.5 -8.03931 71.4023
    endloop
  endfacet
  facet normal 1 -0 0
    outer loop
      vertex -82.5 -9.17197 82.9025
      vertex -82.5 -8.64728 72.2221
      vertex -82.5 -8.64728 83.7779
    endloop
  endfacet
  facet normal 1 0 0
    outer loop
      vertex -82.5 -9.17197 82.9025
      vertex -82.5 -9.17197 73.0975
      vertex -82.5 -8.64728 72.2221
    endloop
  endfacet
  facet normal 1 -0 0
    outer loop
      vertex -82.5 -9.60834 81.9799
      vertex -82.5 -9.17197 73.0975
      vertex -82.5 -9.17197 82.9025
    endloop
  endfacet
  facet normal 1 0 0
    outer loop
      vertex -82.5 -9.60834 81.9799
      vertex -82.5 -9.60834 74.0201
      vertex -82.5 -9.17197 73.0975
    endloop
  endfacet
  facet normal 1 -0 0
    outer loop
      vertex -82.5 -9.95218 81.019
      vertex -82.5 -9.60834 74.0201
      vertex -82.5 -9.60834 81.9799
    endloop
  endfacet
  facet normal 1 0 0
    outer loop
      vertex -82.5 -9.95218 81.019
      vertex -82.5 -9.95218 74.981
      vertex -82.5 -9.60834 74.0201
    endloop
  endfacet
  facet normal 1 -0 0
    outer loop
      vertex -82.5 -10.2002 80.0289
      vertex -82.5 -9.95218 74.981
      vertex -82.5 -9.95218 81.019
    endloop
  endfacet
  facet normal 1 0 0
    outer loop
      vertex -82.5 -10.2002 80.0289
      vertex -82.5 -10.2002 75.9711
      vertex -82.5 -9.95218 74.981
    endloop
  endfacet
  facet normal 1 -0 0
    outer loop
      vertex -82.5 -10.3499 79.0194
      vertex -82.5 -10.2002 75.9711
      vertex -82.5 -10.2002 80.0289
    endloop
  endfacet
  facet normal 1 0 0
    outer loop
      vertex -82.5 -10.3499 79.0194
      vertex -82.5 -10.3499 76.9806
      vertex -82.5 -10.2002 75.9711
    endloop
  endfacet
  facet normal 1 0 -0
    outer loop
      vertex -82.5 -10.3499 76.9806
      vertex -82.5 -10.3499 79.0194
      vertex -82.5 -10.4 78
    endloop
  endfacet
  facet normal -1.05176e-06 0.989171 0.146765
    outer loop
      vertex -82.5 -10.2002 75.9711
      vertex -6.41199 -10.3499 76.9806
      vertex -6.37509 -10.313 76.7319
    endloop
  endfacet
  facet normal -1.09106e-06 0.989171 0.146769
    outer loop
      vertex -82.5 -10.2002 75.9711
      vertex -6.37509 -10.313 76.7319
      vertex -6.22011 -10.2212 76.1132
    endloop
  endfacet
  facet normal -0 0.989256 0.146195
    outer loop
      vertex -82.5 -10.2002 75.9711
      vertex -6.22011 -10.2212 76.1132
      vertex -6.16927 -10.2002 75.9711
    endloop
  endfacet
  facet normal 0 0.989183 0.146687
    outer loop
      vertex -6.41199 -10.3499 76.9806
      vertex -82.5 -10.2002 75.9711
      vertex -82.5 -10.3499 76.9806
    endloop
  endfacet
  facet normal 0 0.989183 0.146687
    outer loop
      vertex 57 -10.2002 75.9711
      vertex 6.41199 -10.3499 76.9806
      vertex 57 -10.3499 76.9806
    endloop
  endfacet
  facet normal 1.58036e-06 0.989171 0.146765
    outer loop
      vertex 6.41199 -10.3499 76.9806
      vertex 57 -10.2002 75.9711
      vertex 6.37509 -10.313 76.7319
    endloop
  endfacet
  facet normal 1.63857e-06 0.989171 0.146768
    outer loop
      vertex 6.37509 -10.313 76.7319
      vertex 57 -10.2002 75.9711
      vertex 6.22011 -10.2212 76.1132
    endloop
  endfacet
  facet normal 0 0.989256 0.146195
    outer loop
      vertex 6.22011 -10.2212 76.1132
      vertex 57 -10.2002 75.9711
      vertex 6.16927 -10.2002 75.9711
    endloop
  endfacet
  facet normal -1.2503e-06 0.970006 0.243083
    outer loop
      vertex -82.5 -9.95218 74.981
      vertex -6.16927 -10.2002 75.9711
      vertex -6.0052 -10.0853 75.5126
    endloop
  endfacet
  facet normal -0 0.970048 0.242913
    outer loop
      vertex -82.5 -9.95218 74.981
      vertex -6.0052 -10.0853 75.5126
      vertex -5.75382 -9.95218 74.981
    endloop
  endfacet
  facet normal 0 0.970028 0.242992
    outer loop
      vertex -6.16927 -10.2002 75.9711
      vertex -82.5 -9.95218 74.981
      vertex -82.5 -10.2002 75.9711
    endloop
  endfacet
  facet normal 0 0.970028 0.242992
    outer loop
      vertex 57 -9.95218 74.981
      vertex 6.16927 -10.2002 75.9711
      vertex 57 -10.2002 75.9711
    endloop
  endfacet
  facet normal 1.87319e-06 0.970006 0.243083
    outer loop
      vertex 6.16927 -10.2002 75.9711
      vertex 57 -9.95218 74.981
      vertex 6.0052 -10.0853 75.5126
    endloop
  endfacet
  facet normal 0 0.970048 0.242913
    outer loop
      vertex 6.0052 -10.0853 75.5126
      vertex 57 -9.95218 74.981
      vertex 5.75382 -9.95218 74.981
    endloop
  endfacet
  facet normal -3.06928e-06 0.941459 0.337128
    outer loop
      vertex -82.5 -9.60834 74.0201
      vertex -5.75382 -9.95218 74.981
      vertex -5.73248 -9.93603 74.9359
    endloop
  endfacet
  facet normal -1.55076e-07 0.941536 0.336912
    outer loop
      vertex -82.5 -9.60834 74.0201
      vertex -5.73248 -9.93603 74.9359
      vertex -5.40454 -9.74026 74.3888
    endloop
  endfacet
  facet normal -0 0.941546 0.336883
    outer loop
      vertex -82.5 -9.60834 74.0201
      vertex -5.40454 -9.74026 74.3888
      vertex -5.1311 -9.60834 74.0201
    endloop
  endfacet
  facet normal 0 0.941536 0.336911
    outer loop
      vertex -5.75382 -9.95218 74.981
      vertex -82.5 -9.60834 74.0201
      vertex -82.5 -9.95218 74.981
    endloop
  endfacet
  facet normal 0 0.941536 0.336911
    outer loop
      vertex 57 -9.60834 74.0201
      vertex 5.75382 -9.95218 74.981
      vertex 57 -9.95218 74.981
    endloop
  endfacet
  facet normal 4.58312e-06 0.941459 0.337128
    outer loop
      vertex 5.75382 -9.95218 74.981
      vertex 57 -9.60834 74.0201
      vertex 5.73248 -9.93603 74.9359
    endloop
  endfacet
  facet normal 2.31392e-07 0.941536 0.336912
    outer loop
      vertex 5.73248 -9.93603 74.9359
      vertex 57 -9.60834 74.0201
      vertex 5.40454 -9.74026 74.3888
    endloop
  endfacet
  facet normal 0 0.941546 0.336883
    outer loop
      vertex 5.40454 -9.74026 74.3888
      vertex 57 -9.60834 74.0201
      vertex 5.1311 -9.60834 74.0201
    endloop
  endfacet
  facet normal 2.00901e-06 0.90405 0.427428
    outer loop
      vertex -82.5 -9.17197 73.0975
      vertex -5.1311 -9.60834 74.0201
      vertex -5.02457 -9.5404 73.8764
    endloop
  endfacet
  facet normal -7.52807e-08 0.903969 0.427597
    outer loop
      vertex -82.5 -9.17197 73.0975
      vertex -5.02457 -9.5404 73.8764
      vertex -4.59619 -9.31685 73.4038
    endloop
  endfacet
  facet normal -0 0.903977 0.427581
    outer loop
      vertex -82.5 -9.17197 73.0975
      vertex -4.59619 -9.31685 73.4038
      vertex -4.25822 -9.17197 73.0975
    endloop
  endfacet
  facet normal 0 0.903984 0.427565
    outer loop
      vertex -5.1311 -9.60834 74.0201
      vertex -82.5 -9.17197 73.0975
      vertex -82.5 -9.60834 74.0201
    endloop
  endfacet
  facet normal 0 0.903984 0.427565
    outer loop
      vertex 57 -9.17197 73.0975
      vertex 5.1311 -9.60834 74.0201
      vertex 57 -9.60834 74.0201
    endloop
  endfacet
  facet normal -2.98383e-06 0.904049 0.427428
    outer loop
      vertex 5.1311 -9.60834 74.0201
      vertex 57 -9.17197 73.0975
      vertex 5.02457 -9.5404 73.8764
    endloop
  endfacet
  facet normal 1.1172e-07 0.903969 0.427597
    outer loop
      vertex 5.02457 -9.5404 73.8764
      vertex 57 -9.17197 73.0975
      vertex 4.59619 -9.31685 73.4038
    endloop
  endfacet
  facet normal 0 0.903977 0.427581
    outer loop
      vertex 4.59619 -9.31685 73.4038
      vertex 57 -9.17197 73.0975
      vertex 4.25822 -9.17197 73.0975
    endloop
  endfacet
  facet normal 1.80808e-06 0.857802 0.513981
    outer loop
      vertex -82.5 -8.64728 72.2221
      vertex -4.25822 -9.17197 73.0975
      vertex -4.12355 -9.09881 72.9754
    endloop
  endfacet
  facet normal -5.77129e-07 0.857692 0.514163
    outer loop
      vertex -82.5 -8.64728 72.2221
      vertex -4.12355 -9.09881 72.9754
      vertex -3.61121 -8.87107 72.5955
    endloop
  endfacet
  facet normal 2.50491e-07 0.85777 0.514034
    outer loop
      vertex -82.5 -8.64728 72.2221
      vertex -3.61121 -8.87107 72.5955
      vertex -3.06407 -8.67451 72.2675
    endloop
  endfacet
  facet normal -0 0.857576 0.514357
    outer loop
      vertex -82.5 -8.64728 72.2221
      vertex -3.06407 -8.67451 72.2675
      vertex -2.96799 -8.64728 72.2221
    endloop
  endfacet
  facet normal 0 0.857731 0.514099
    outer loop
      vertex -4.25822 -9.17197 73.0975
      vertex -82.5 -8.64728 72.2221
      vertex -82.5 -9.17197 73.0975
    endloop
  endfacet
  facet normal 0 0.857731 0.514099
    outer loop
      vertex 57 -8.64728 72.2221
      vertex 4.25822 -9.17197 73.0975
      vertex 57 -9.17197 73.0975
    endloop
  endfacet
  facet normal -2.66654e-06 0.857801 0.513981
    outer loop
      vertex 4.25822 -9.17197 73.0975
      vertex 57 -8.64728 72.2221
      vertex 4.12355 -9.09881 72.9754
    endloop
  endfacet
  facet normal 8.50206e-07 0.857693 0.514163
    outer loop
      vertex 4.12355 -9.09881 72.9754
      vertex 57 -8.64728 72.2221
      vertex 3.61121 -8.87107 72.5955
    endloop
  endfacet
  facet normal -3.68753e-07 0.857769 0.514035
    outer loop
      vertex 3.61121 -8.87107 72.5955
      vertex 57 -8.64728 72.2221
      vertex 3.06407 -8.67451 72.2675
    endloop
  endfacet
  facet normal 0 0.857576 0.514357
    outer loop
      vertex 3.06407 -8.67451 72.2675
      vertex 57 -8.64728 72.2221
      vertex 2.96799 -8.64728 72.2221
    endloop
  endfacet
  facet normal 0 0.803224 0.595677
    outer loop
      vertex 57 -8.03931 71.4023
      vertex 2.96799 -8.64728 72.2221
      vertex 57 -8.64728 72.2221
    endloop
  endfacet
  facet normal -3.86111e-07 0.803236 0.595661
    outer loop
      vertex 2.96799 -8.64728 72.2221
      vertex 57 -8.03931 71.4023
      vertex 2.48744 -8.47872 71.9948
    endloop
  endfacet
  facet normal 6.23224e-07 0.803192 0.595721
    outer loop
      vertex 2.48744 -8.47872 71.9948
      vertex 57 -8.03931 71.4023
      vertex 1.88684 -8.31933 71.7799
    endloop
  endfacet
  facet normal -1.60719e-07 0.803246 0.595647
    outer loop
      vertex 1.88684 -8.31933 71.7799
      vertex 57 -8.03931 71.4023
      vertex 1.26808 -8.20439 71.6249
    endloop
  endfacet
  facet normal -1.23254e-07 0.803242 0.595653
    outer loop
      vertex 1.26808 -8.20439 71.6249
      vertex 57 -8.03931 71.4023
      vertex 0.6371 -8.13498 71.5313
    endloop
  endfacet
  facet normal 3.95402e-07 0.803134 0.595799
    outer loop
      vertex 0.6371 -8.13498 71.5313
      vertex 57 -8.03931 71.4023
      vertex 0 -8.11176 71.5
    endloop
  endfacet
  facet normal 2.64954e-07 0.803236 0.595661
    outer loop
      vertex -82.5 -8.03931 71.4023
      vertex -2.96799 -8.64728 72.2221
      vertex -2.48744 -8.47872 71.9948
    endloop
  endfacet
  facet normal -4.2863e-07 0.803191 0.595721
    outer loop
      vertex -82.5 -8.03931 71.4023
      vertex -2.48744 -8.47872 71.9948
      vertex -1.88684 -8.31933 71.7799
    endloop
  endfacet
  facet normal 1.10813e-07 0.803247 0.595647
    outer loop
      vertex -82.5 -8.03931 71.4023
      vertex -1.88684 -8.31933 71.7799
      vertex -1.26808 -8.20439 71.6249
    endloop
  endfacet
  facet normal 8.52641e-08 0.803242 0.595653
    outer loop
      vertex -82.5 -8.03931 71.4023
      vertex -1.26808 -8.20439 71.6249
      vertex -0.6371 -8.13498 71.5313
    endloop
  endfacet
  facet normal -2.76063e-07 0.803132 0.595801
    outer loop
      vertex -82.5 -8.03931 71.4023
      vertex -0.6371 -8.13498 71.5313
      vertex 0 -8.11176 71.5
    endloop
  endfacet
  facet normal 0 0.803224 0.595677
    outer loop
      vertex -2.96799 -8.64728 72.2221
      vertex -82.5 -8.03931 71.4023
      vertex -82.5 -8.64728 72.2221
    endloop
  endfacet
  facet normal -0 0.803244 0.59565
    outer loop
      vertex -82.5 -8.03931 71.4023
      vertex 0 -8.11176 71.5
      vertex 57 -8.03931 71.4023
    endloop
  endfacet
  facet normal 0 0.740936 0.671575
    outer loop
      vertex 57 -7.3539 70.6461
      vertex -82.5 -8.03931 71.4023
      vertex 57 -8.03931 71.4023
    endloop
  endfacet
  facet normal 0 0.740936 0.671575
    outer loop
      vertex -82.5 -8.03931 71.4023
      vertex 57 -7.3539 70.6461
      vertex -82.5 -7.3539 70.6461
    endloop
  endfacet
  facet normal -0 0.671565 0.740946
    outer loop
      vertex -82.5 -6.59769 69.9607
      vertex 57 -7.3539 70.6461
      vertex 57 -6.59769 69.9607
    endloop
  endfacet
  facet normal 0 0.671565 0.740946
    outer loop
      vertex 57 -7.3539 70.6461
      vertex -82.5 -6.59769 69.9607
      vertex -82.5 -7.3539 70.6461
    endloop
  endfacet
  facet normal -0 0.59571 0.8032
    outer loop
      vertex -82.5 -5.77792 69.3527
      vertex 57 -6.59769 69.9607
      vertex 57 -5.77792 69.3527
    endloop
  endfacet
  facet normal 0 0.59571 0.8032
    outer loop
      vertex 57 -6.59769 69.9607
      vertex -82.5 -5.77792 69.3527
      vertex -82.5 -6.59769 69.9607
    endloop
  endfacet
  facet normal -0 0.514102 0.857729
    outer loop
      vertex -82.5 -4.90251 68.828
      vertex 57 -5.77792 69.3527
      vertex 57 -4.90251 68.828
    endloop
  endfacet
  facet normal 0 0.514102 0.857729
    outer loop
      vertex 57 -5.77792 69.3527
      vertex -82.5 -4.90251 68.828
      vertex -82.5 -5.77792 69.3527
    endloop
  endfacet
  facet normal -0 0.427505 0.904013
    outer loop
      vertex -82.5 -3.9799 68.3917
      vertex 57 -4.90251 68.828
      vertex 57 -3.9799 68.3917
    endloop
  endfacet
  facet normal 0 0.427505 0.904013
    outer loop
      vertex 57 -4.90251 68.828
      vertex -82.5 -3.9799 68.3917
      vertex -82.5 -4.90251 68.828
    endloop
  endfacet
  facet normal -0 0.336948 0.941523
    outer loop
      vertex -82.5 -3.01895 68.0478
      vertex 57 -3.9799 68.3917
      vertex 57 -3.01895 68.0478
    endloop
  endfacet
  facet normal 0 0.336948 0.941523
    outer loop
      vertex 57 -3.9799 68.3917
      vertex -82.5 -3.01895 68.0478
      vertex -82.5 -3.9799 68.3917
    endloop
  endfacet
  facet normal -0 0.242992 0.970028
    outer loop
      vertex -82.5 -2.02893 67.7998
      vertex 57 -3.01895 68.0478
      vertex 57 -2.02893 67.7998
    endloop
  endfacet
  facet normal 0 0.242992 0.970028
    outer loop
      vertex 57 -3.01895 68.0478
      vertex -82.5 -2.02893 67.7998
      vertex -82.5 -3.01895 68.0478
    endloop
  endfacet
  facet normal -0 0.146677 0.989184
    outer loop
      vertex -82.5 -1.01936 67.6501
      vertex 57 -2.02893 67.7998
      vertex 57 -1.01936 67.6501
    endloop
  endfacet
  facet normal 0 0.146677 0.989184
    outer loop
      vertex 57 -2.02893 67.7998
      vertex -82.5 -1.01936 67.6501
      vertex -82.5 -2.02893 67.7998
    endloop
  endfacet
  facet normal -0 0.0490892 0.998794
    outer loop
      vertex -82.5 0 67.6
      vertex 57 -1.01936 67.6501
      vertex 57 0 67.6
    endloop
  endfacet
  facet normal 0 0.0490892 0.998794
    outer loop
      vertex 57 -1.01936 67.6501
      vertex -82.5 0 67.6
      vertex -82.5 -1.01936 67.6501
    endloop
  endfacet
  facet normal 0 -0.0490892 0.998794
    outer loop
      vertex -82.5 1.01936 67.6501
      vertex 57 0 67.6
      vertex 57 1.01936 67.6501
    endloop
  endfacet
  facet normal 0 -0.0490892 0.998794
    outer loop
      vertex 57 0 67.6
      vertex -82.5 1.01936 67.6501
      vertex -82.5 0 67.6
    endloop
  endfacet
  facet normal 0 -0.146677 0.989184
    outer loop
      vertex -82.5 2.02893 67.7998
      vertex 57 1.01936 67.6501
      vertex 57 2.02893 67.7998
    endloop
  endfacet
  facet normal 0 -0.146677 0.989184
    outer loop
      vertex 57 1.01936 67.6501
      vertex -82.5 2.02893 67.7998
      vertex -82.5 1.01936 67.6501
    endloop
  endfacet
  facet normal 0 -0.242992 0.970028
    outer loop
      vertex -82.5 3.01895 68.0478
      vertex 57 2.02893 67.7998
      vertex 57 3.01895 68.0478
    endloop
  endfacet
  facet normal 0 -0.242992 0.970028
    outer loop
      vertex 57 2.02893 67.7998
      vertex -82.5 3.01895 68.0478
      vertex -82.5 2.02893 67.7998
    endloop
  endfacet
  facet normal 0 -0.336948 0.941523
    outer loop
      vertex -82.5 3.9799 68.3917
      vertex 57 3.01895 68.0478
      vertex 57 3.9799 68.3917
    endloop
  endfacet
  facet normal 0 -0.336948 0.941523
    outer loop
      vertex 57 3.01895 68.0478
      vertex -82.5 3.9799 68.3917
      vertex -82.5 3.01895 68.0478
    endloop
  endfacet
  facet normal 0 -0.427505 0.904013
    outer loop
      vertex -82.5 4.90251 68.828
      vertex 57 3.9799 68.3917
      vertex 57 4.90251 68.828
    endloop
  endfacet
  facet normal 0 -0.427505 0.904013
    outer loop
      vertex 57 3.9799 68.3917
      vertex -82.5 4.90251 68.828
      vertex -82.5 3.9799 68.3917
    endloop
  endfacet
  facet normal 0 -0.514102 0.857729
    outer loop
      vertex -82.5 5.77792 69.3527
      vertex 57 4.90251 68.828
      vertex 57 5.77792 69.3527
    endloop
  endfacet
  facet normal 0 -0.514102 0.857729
    outer loop
      vertex 57 4.90251 68.828
      vertex -82.5 5.77792 69.3527
      vertex -82.5 4.90251 68.828
    endloop
  endfacet
  facet normal 0 -0.59571 0.8032
    outer loop
      vertex -82.5 6.59769 69.9607
      vertex 57 5.77792 69.3527
      vertex 57 6.59769 69.9607
    endloop
  endfacet
  facet normal 0 -0.59571 0.8032
    outer loop
      vertex 57 5.77792 69.3527
      vertex -82.5 6.59769 69.9607
      vertex -82.5 5.77792 69.3527
    endloop
  endfacet
  facet normal 0 -0.671565 0.740946
    outer loop
      vertex -82.5 7.3539 70.6461
      vertex 57 6.59769 69.9607
      vertex 57 7.3539 70.6461
    endloop
  endfacet
  facet normal 0 -0.671565 0.740946
    outer loop
      vertex 57 6.59769 69.9607
      vertex -82.5 7.3539 70.6461
      vertex -82.5 6.59769 69.9607
    endloop
  endfacet
  facet normal 0 -0.780869 0.624695
    outer loop
      vertex -82.5 7.3539 70.6461
      vertex 57 7.35406 70.6463
      vertex -82.5 7.35406 70.6463
    endloop
  endfacet
  facet normal 0 -0.780869 0.624695
    outer loop
      vertex 57 7.35406 70.6463
      vertex -82.5 7.3539 70.6461
      vertex 57 7.3539 70.6461
    endloop
  endfacet
  facet normal 0 -0.479834 0.877359
    outer loop
      vertex -82.5 12 73.1872
      vertex 57 7.35406 70.6463
      vertex 57 12 73.1872
    endloop
  endfacet
  facet normal 0 -0.479834 0.877359
    outer loop
      vertex 57 7.35406 70.6463
      vertex -82.5 12 73.1872
      vertex -82.5 7.35406 70.6463
    endloop
  endfacet
  facet normal 0 -0.479834 -0.877359
    outer loop
      vertex -82.5 7.35406 85.3537
      vertex 57 12 82.8128
      vertex 57 7.35406 85.3537
    endloop
  endfacet
  facet normal -0 -0.479834 -0.877359
    outer loop
      vertex 57 12 82.8128
      vertex -82.5 7.35406 85.3537
      vertex -82.5 12 82.8128
    endloop
  endfacet
  facet normal 0 -0.780869 -0.624695
    outer loop
      vertex -82.5 7.35406 85.3537
      vertex 57 7.3539 85.3539
      vertex -82.5 7.3539 85.3539
    endloop
  endfacet
  facet normal 0 -0.780869 -0.624695
    outer loop
      vertex 57 7.3539 85.3539
      vertex -82.5 7.35406 85.3537
      vertex 57 7.35406 85.3537
    endloop
  endfacet
  facet normal 0 -0.671565 -0.740946
    outer loop
      vertex -82.5 6.59769 86.0393
      vertex 57 7.3539 85.3539
      vertex 57 6.59769 86.0393
    endloop
  endfacet
  facet normal -0 -0.671565 -0.740946
    outer loop
      vertex 57 7.3539 85.3539
      vertex -82.5 6.59769 86.0393
      vertex -82.5 7.3539 85.3539
    endloop
  endfacet
  facet normal 0 -0.59571 -0.8032
    outer loop
      vertex -82.5 5.77792 86.6473
      vertex 57 6.59769 86.0393
      vertex 57 5.77792 86.6473
    endloop
  endfacet
  facet normal -0 -0.59571 -0.8032
    outer loop
      vertex 57 6.59769 86.0393
      vertex -82.5 5.77792 86.6473
      vertex -82.5 6.59769 86.0393
    endloop
  endfacet
  facet normal 0 -0.514102 -0.857729
    outer loop
      vertex -82.5 4.90251 87.172
      vertex 57 5.77792 86.6473
      vertex 57 4.90251 87.172
    endloop
  endfacet
  facet normal -0 -0.514102 -0.857729
    outer loop
      vertex 57 5.77792 86.6473
      vertex -82.5 4.90251 87.172
      vertex -82.5 5.77792 86.6473
    endloop
  endfacet
  facet normal 0 -0.427505 -0.904013
    outer loop
      vertex -82.5 3.9799 87.6083
      vertex 57 4.90251 87.172
      vertex 57 3.9799 87.6083
    endloop
  endfacet
  facet normal -0 -0.427505 -0.904013
    outer loop
      vertex 57 4.90251 87.172
      vertex -82.5 3.9799 87.6083
      vertex -82.5 4.90251 87.172
    endloop
  endfacet
  facet normal 0 -0.336948 -0.941523
    outer loop
      vertex -82.5 3.01895 87.9522
      vertex 57 3.9799 87.6083
      vertex 57 3.01895 87.9522
    endloop
  endfacet
  facet normal -0 -0.336948 -0.941523
    outer loop
      vertex 57 3.9799 87.6083
      vertex -82.5 3.01895 87.9522
      vertex -82.5 3.9799 87.6083
    endloop
  endfacet
  facet normal 0 -0.242992 -0.970028
    outer loop
      vertex -82.5 2.02893 88.2002
      vertex 57 3.01895 87.9522
      vertex 57 2.02893 88.2002
    endloop
  endfacet
  facet normal -0 -0.242992 -0.970028
    outer loop
      vertex 57 3.01895 87.9522
      vertex -82.5 2.02893 88.2002
      vertex -82.5 3.01895 87.9522
    endloop
  endfacet
  facet normal 0 -0.146677 -0.989184
    outer loop
      vertex -82.5 1.01936 88.3499
      vertex 57 2.02893 88.2002
      vertex 57 1.01936 88.3499
    endloop
  endfacet
  facet normal -0 -0.146677 -0.989184
    outer loop
      vertex 57 2.02893 88.2002
      vertex -82.5 1.01936 88.3499
      vertex -82.5 2.02893 88.2002
    endloop
  endfacet
  facet normal 0 -0.0490892 -0.998794
    outer loop
      vertex 1.42197 0 88.4
      vertex 57 1.01936 88.3499
      vertex 57 0 88.4
    endloop
  endfacet
  facet normal 0 -0.0490892 -0.998794
    outer loop
      vertex -1.42197 0 88.4
      vertex 57 1.01936 88.3499
      vertex 1.42197 0 88.4
    endloop
  endfacet
  facet normal 0 -0.0490892 -0.998794
    outer loop
      vertex -82.5 1.01936 88.3499
      vertex -1.42197 0 88.4
      vertex -82.5 0 88.4
    endloop
  endfacet
  facet normal 0 -0.0490892 -0.998794
    outer loop
      vertex -1.42197 0 88.4
      vertex -82.5 1.01936 88.3499
      vertex 57 1.01936 88.3499
    endloop
  endfacet
  facet normal 0 0.0490892 -0.998794
    outer loop
      vertex -82.5 0 88.4
      vertex -1.44936 -1.01936 88.3499
      vertex -82.5 -1.01936 88.3499
    endloop
  endfacet
  facet normal 0 0.0490892 -0.998794
    outer loop
      vertex -1.44936 -1.01936 88.3499
      vertex -82.5 0 88.4
      vertex -1.42197 0 88.4
    endloop
  endfacet
  facet normal 0 0.0490892 -0.998794
    outer loop
      vertex 1.44936 -1.01936 88.3499
      vertex 57 0 88.4
      vertex 57 -1.01936 88.3499
    endloop
  endfacet
  facet normal 0 0.0490892 -0.998794
    outer loop
      vertex 57 0 88.4
      vertex 1.44936 -1.01936 88.3499
      vertex 1.42197 0 88.4
    endloop
  endfacet
  facet normal 0 0.146677 -0.989184
    outer loop
      vertex -82.5 -1.01936 88.3499
      vertex -1.53126 -2.02893 88.2002
      vertex -82.5 -2.02893 88.2002
    endloop
  endfacet
  facet normal 0 0.146677 -0.989184
    outer loop
      vertex -1.53126 -2.02893 88.2002
      vertex -82.5 -1.01936 88.3499
      vertex -1.44936 -1.01936 88.3499
    endloop
  endfacet
  facet normal 0 0.146677 -0.989184
    outer loop
      vertex 1.53126 -2.02893 88.2002
      vertex 57 -1.01936 88.3499
      vertex 57 -2.02893 88.2002
    endloop
  endfacet
  facet normal 0 0.146677 -0.989184
    outer loop
      vertex 57 -1.01936 88.3499
      vertex 1.53126 -2.02893 88.2002
      vertex 1.44936 -1.01936 88.3499
    endloop
  endfacet
  facet normal 0 0.242992 -0.970028
    outer loop
      vertex -82.5 -2.02893 88.2002
      vertex -1.66688 -3.01895 87.9522
      vertex -82.5 -3.01895 87.9522
    endloop
  endfacet
  facet normal 0 0.242992 -0.970028
    outer loop
      vertex -1.66688 -3.01895 87.9522
      vertex -82.5 -2.02893 88.2002
      vertex -1.53126 -2.02893 88.2002
    endloop
  endfacet
  facet normal 0 0.242992 -0.970028
    outer loop
      vertex 1.66688 -3.01895 87.9522
      vertex 57 -2.02893 88.2002
      vertex 57 -3.01895 87.9522
    endloop
  endfacet
  facet normal 0 0.242992 -0.970028
    outer loop
      vertex 57 -2.02893 88.2002
      vertex 1.66688 -3.01895 87.9522
      vertex 1.53126 -2.02893 88.2002
    endloop
  endfacet
  facet normal 0 0.336948 -0.941523
    outer loop
      vertex -82.5 -3.01895 87.9522
      vertex -1.85493 -3.9799 87.6083
      vertex -82.5 -3.9799 87.6083
    endloop
  endfacet
  facet normal 0 0.336948 -0.941523
    outer loop
      vertex -1.85493 -3.9799 87.6083
      vertex -82.5 -3.01895 87.9522
      vertex -1.66688 -3.01895 87.9522
    endloop
  endfacet
  facet normal 0 0.336948 -0.941523
    outer loop
      vertex 1.85493 -3.9799 87.6083
      vertex 57 -3.01895 87.9522
      vertex 57 -3.9799 87.6083
    endloop
  endfacet
  facet normal 0 0.336948 -0.941523
    outer loop
      vertex 57 -3.01895 87.9522
      vertex 1.85493 -3.9799 87.6083
      vertex 1.66688 -3.01895 87.9522
    endloop
  endfacet
  facet normal 0 0.427505 -0.904013
    outer loop
      vertex -82.5 -3.9799 87.6083
      vertex -2.09359 -4.90251 87.172
      vertex -82.5 -4.90251 87.172
    endloop
  endfacet
  facet normal 0 0.427505 -0.904013
    outer loop
      vertex -2.09359 -4.90251 87.172
      vertex -82.5 -3.9799 87.6083
      vertex -1.85493 -3.9799 87.6083
    endloop
  endfacet
  facet normal 0 0.427505 -0.904013
    outer loop
      vertex 2.09359 -4.90251 87.172
      vertex 57 -3.9799 87.6083
      vertex 57 -4.90251 87.172
    endloop
  endfacet
  facet normal 0 0.427505 -0.904013
    outer loop
      vertex 57 -3.9799 87.6083
      vertex 2.09359 -4.90251 87.172
      vertex 1.85493 -3.9799 87.6083
    endloop
  endfacet
  facet normal 0 0.514102 -0.857729
    outer loop
      vertex -82.5 -4.90251 87.172
      vertex -2.38054 -5.77792 86.6473
      vertex -82.5 -5.77792 86.6473
    endloop
  endfacet
  facet normal 0 0.514102 -0.857729
    outer loop
      vertex -2.38054 -5.77792 86.6473
      vertex -82.5 -4.90251 87.172
      vertex -2.09359 -4.90251 87.172
    endloop
  endfacet
  facet normal 0 0.514102 -0.857729
    outer loop
      vertex 2.38054 -5.77792 86.6473
      vertex 57 -4.90251 87.172
      vertex 57 -5.77792 86.6473
    endloop
  endfacet
  facet normal 0 0.514102 -0.857729
    outer loop
      vertex 57 -4.90251 87.172
      vertex 2.38054 -5.77792 86.6473
      vertex 2.09359 -4.90251 87.172
    endloop
  endfacet
  facet normal 0 0.59571 -0.8032
    outer loop
      vertex -82.5 -5.77792 86.6473
      vertex -2.71305 -6.59769 86.0393
      vertex -82.5 -6.59769 86.0393
    endloop
  endfacet
  facet normal 0 0.59571 -0.8032
    outer loop
      vertex -2.71305 -6.59769 86.0393
      vertex -82.5 -5.77792 86.6473
      vertex -2.38054 -5.77792 86.6473
    endloop
  endfacet
  facet normal 0 0.59571 -0.8032
    outer loop
      vertex 2.71305 -6.59769 86.0393
      vertex 57 -5.77792 86.6473
      vertex 57 -6.59769 86.0393
    endloop
  endfacet
  facet normal 0 0.59571 -0.8032
    outer loop
      vertex 57 -5.77792 86.6473
      vertex 2.71305 -6.59769 86.0393
      vertex 2.38054 -5.77792 86.6473
    endloop
  endfacet
  facet normal 0 0.671565 -0.740946
    outer loop
      vertex -82.5 -6.59769 86.0393
      vertex -3.08791 -7.3539 85.3539
      vertex -82.5 -7.3539 85.3539
    endloop
  endfacet
  facet normal 0 0.671565 -0.740946
    outer loop
      vertex -3.08791 -7.3539 85.3539
      vertex -82.5 -6.59769 86.0393
      vertex -2.71305 -6.59769 86.0393
    endloop
  endfacet
  facet normal 0 0.671565 -0.740946
    outer loop
      vertex 3.08791 -7.3539 85.3539
      vertex 57 -6.59769 86.0393
      vertex 57 -7.3539 85.3539
    endloop
  endfacet
  facet normal 0 0.671565 -0.740946
    outer loop
      vertex 57 -6.59769 86.0393
      vertex 3.08791 -7.3539 85.3539
      vertex 2.71305 -6.59769 86.0393
    endloop
  endfacet
  facet normal 0 0.740936 -0.671575
    outer loop
      vertex -3.50148 -8.03931 84.5977
      vertex -82.5 -7.3539 85.3539
      vertex -3.08791 -7.3539 85.3539
    endloop
  endfacet
  facet normal 0 0.740936 -0.671575
    outer loop
      vertex -82.5 -7.3539 85.3539
      vertex -3.50148 -8.03931 84.5977
      vertex -82.5 -8.03931 84.5977
    endloop
  endfacet
  facet normal 0 0.740936 -0.671575
    outer loop
      vertex 3.50148 -8.03931 84.5977
      vertex 57 -7.3539 85.3539
      vertex 57 -8.03931 84.5977
    endloop
  endfacet
  facet normal 0 0.740936 -0.671575
    outer loop
      vertex 57 -7.3539 85.3539
      vertex 3.50148 -8.03931 84.5977
      vertex 3.08791 -7.3539 85.3539
    endloop
  endfacet
  facet normal 0 0.803224 -0.595677
    outer loop
      vertex -3.94982 -8.64728 83.7779
      vertex -82.5 -8.03931 84.5977
      vertex -3.50148 -8.03931 84.5977
    endloop
  endfacet
  facet normal 0 0.803224 -0.595677
    outer loop
      vertex -82.5 -8.03931 84.5977
      vertex -3.94982 -8.64728 83.7779
      vertex -82.5 -8.64728 83.7779
    endloop
  endfacet
  facet normal 0 0.803224 -0.595677
    outer loop
      vertex 3.94982 -8.64728 83.7779
      vertex 57 -8.03931 84.5977
      vertex 57 -8.64728 83.7779
    endloop
  endfacet
  facet normal 0 0.803224 -0.595677
    outer loop
      vertex 57 -8.03931 84.5977
      vertex 3.94982 -8.64728 83.7779
      vertex 3.50148 -8.03931 84.5977
    endloop
  endfacet
  facet normal 0 0.857731 -0.514099
    outer loop
      vertex -4.42859 -9.17197 82.9025
      vertex -82.5 -8.64728 83.7779
      vertex -3.94982 -8.64728 83.7779
    endloop
  endfacet
  facet normal 0 0.857731 -0.514099
    outer loop
      vertex -82.5 -8.64728 83.7779
      vertex -4.42859 -9.17197 82.9025
      vertex -82.5 -9.17197 82.9025
    endloop
  endfacet
  facet normal 0 0.857731 -0.514099
    outer loop
      vertex 4.42859 -9.17197 82.9025
      vertex 57 -8.64728 83.7779
      vertex 57 -9.17197 82.9025
    endloop
  endfacet
  facet normal 0 0.857731 -0.514099
    outer loop
      vertex 57 -8.64728 83.7779
      vertex 4.42859 -9.17197 82.9025
      vertex 3.94982 -8.64728 83.7779
    endloop
  endfacet
  facet normal -0.000225217 0.904039 -0.42745
    outer loop
      vertex -5.02457 -9.5404 82.1236
      vertex -4.42859 -9.17197 82.9025
      vertex -4.59605 -9.31679 82.5963
    endloop
  endfacet
  facet normal 0 0.903972 -0.427591
    outer loop
      vertex -4.42859 -9.17197 82.9025
      vertex -5.02457 -9.5404 82.1236
      vertex -82.5 -9.17197 82.9025
    endloop
  endfacet
  facet normal 2.00901e-06 0.90405 -0.427428
    outer loop
      vertex -5.1311 -9.60834 81.9799
      vertex -82.5 -9.17197 82.9025
      vertex -5.02457 -9.5404 82.1236
    endloop
  endfacet
  facet normal 0 0.903984 -0.427565
    outer loop
      vertex -82.5 -9.17197 82.9025
      vertex -5.1311 -9.60834 81.9799
      vertex -82.5 -9.60834 81.9799
    endloop
  endfacet
  facet normal 0 0.903972 -0.427591
    outer loop
      vertex 5.02457 -9.5404 82.1236
      vertex 4.42859 -9.17197 82.9025
      vertex 57 -9.17197 82.9025
    endloop
  endfacet
  facet normal 0.000225217 0.904039 -0.42745
    outer loop
      vertex 4.42859 -9.17197 82.9025
      vertex 5.02457 -9.5404 82.1236
      vertex 4.59605 -9.31679 82.5963
    endloop
  endfacet
  facet normal 0 0.903984 -0.427565
    outer loop
      vertex 5.1311 -9.60834 81.9799
      vertex 57 -9.17197 82.9025
      vertex 57 -9.60834 81.9799
    endloop
  endfacet
  facet normal -2.98383e-06 0.904049 -0.427428
    outer loop
      vertex 57 -9.17197 82.9025
      vertex 5.1311 -9.60834 81.9799
      vertex 5.02457 -9.5404 82.1236
    endloop
  endfacet
  facet normal 0 0.941546 -0.336883
    outer loop
      vertex -5.40454 -9.74026 81.6112
      vertex -82.5 -9.60834 81.9799
      vertex -5.1311 -9.60834 81.9799
    endloop
  endfacet
  facet normal -1.55076e-07 0.941536 -0.336912
    outer loop
      vertex -5.73248 -9.93603 81.0641
      vertex -82.5 -9.60834 81.9799
      vertex -5.40454 -9.74026 81.6112
    endloop
  endfacet
  facet normal -3.06928e-06 0.941459 -0.337128
    outer loop
      vertex -5.75382 -9.95218 81.019
      vertex -82.5 -9.60834 81.9799
      vertex -5.73248 -9.93603 81.0641
    endloop
  endfacet
  facet normal 0 0.941536 -0.336911
    outer loop
      vertex -82.5 -9.60834 81.9799
      vertex -5.75382 -9.95218 81.019
      vertex -82.5 -9.95218 81.019
    endloop
  endfacet
  facet normal 0 0.941546 -0.336883
    outer loop
      vertex 57 -9.60834 81.9799
      vertex 5.40454 -9.74026 81.6112
      vertex 5.1311 -9.60834 81.9799
    endloop
  endfacet
  facet normal 2.31392e-07 0.941536 -0.336912
    outer loop
      vertex 57 -9.60834 81.9799
      vertex 5.73248 -9.93603 81.0641
      vertex 5.40454 -9.74026 81.6112
    endloop
  endfacet
  facet normal 0 0.941536 -0.336911
    outer loop
      vertex 5.75382 -9.95218 81.019
      vertex 57 -9.60834 81.9799
      vertex 57 -9.95218 81.019
    endloop
  endfacet
  facet normal 4.58312e-06 0.941459 -0.337128
    outer loop
      vertex 57 -9.60834 81.9799
      vertex 5.75382 -9.95218 81.019
      vertex 5.73248 -9.93603 81.0641
    endloop
  endfacet
  facet normal 0 0.970048 -0.242913
    outer loop
      vertex -6.0052 -10.0853 80.4874
      vertex -82.5 -9.95218 81.019
      vertex -5.75382 -9.95218 81.019
    endloop
  endfacet
  facet normal -1.2503e-06 0.970006 -0.243083
    outer loop
      vertex -6.16927 -10.2002 80.0289
      vertex -82.5 -9.95218 81.019
      vertex -6.0052 -10.0853 80.4874
    endloop
  endfacet
  facet normal 0 0.970028 -0.242992
    outer loop
      vertex -82.5 -9.95218 81.019
      vertex -6.16927 -10.2002 80.0289
      vertex -82.5 -10.2002 80.0289
    endloop
  endfacet
  facet normal 0 0.970048 -0.242913
    outer loop
      vertex 57 -9.95218 81.019
      vertex 6.0052 -10.0853 80.4874
      vertex 5.75382 -9.95218 81.019
    endloop
  endfacet
  facet normal 0 0.970028 -0.242992
    outer loop
      vertex 6.16927 -10.2002 80.0289
      vertex 57 -9.95218 81.019
      vertex 57 -10.2002 80.0289
    endloop
  endfacet
  facet normal 1.87319e-06 0.970006 -0.243083
    outer loop
      vertex 57 -9.95218 81.019
      vertex 6.16927 -10.2002 80.0289
      vertex 6.0052 -10.0853 80.4874
    endloop
  endfacet
  facet normal 0 0.989256 -0.146195
    outer loop
      vertex -6.22011 -10.2212 79.8868
      vertex -82.5 -10.2002 80.0289
      vertex -6.16927 -10.2002 80.0289
    endloop
  endfacet
  facet normal -1.09106e-06 0.989171 -0.146769
    outer loop
      vertex -6.37509 -10.313 79.2681
      vertex -82.5 -10.2002 80.0289
      vertex -6.22011 -10.2212 79.8868
    endloop
  endfacet
  facet normal -1.05176e-06 0.989171 -0.146765
    outer loop
      vertex -6.41199 -10.3499 79.0194
      vertex -82.5 -10.2002 80.0289
      vertex -6.37509 -10.313 79.2681
    endloop
  endfacet
  facet normal 0 0.989183 -0.146687
    outer loop
      vertex -82.5 -10.2002 80.0289
      vertex -6.41199 -10.3499 79.0194
      vertex -82.5 -10.3499 79.0194
    endloop
  endfacet
  facet normal 0 0.989256 -0.146195
    outer loop
      vertex 57 -10.2002 80.0289
      vertex 6.22011 -10.2212 79.8868
      vertex 6.16927 -10.2002 80.0289
    endloop
  endfacet
  facet normal 1.63857e-06 0.989171 -0.146768
    outer loop
      vertex 57 -10.2002 80.0289
      vertex 6.37509 -10.313 79.2681
      vertex 6.22011 -10.2212 79.8868
    endloop
  endfacet
  facet normal 0 0.989183 -0.146687
    outer loop
      vertex 6.41199 -10.3499 79.0194
      vertex 57 -10.2002 80.0289
      vertex 57 -10.3499 79.0194
    endloop
  endfacet
  facet normal 1.58036e-06 0.989171 -0.146765
    outer loop
      vertex 57 -10.2002 80.0289
      vertex 6.41199 -10.3499 79.0194
      vertex 6.37509 -10.313 79.2681
    endloop
  endfacet
  facet normal 0 0.998793 -0.0491167
    outer loop
      vertex -6.46869 -10.3687 78.6371
      vertex -82.5 -10.3499 79.0194
      vertex -6.41199 -10.3499 79.0194
    endloop
  endfacet
  facet normal 2.36859e-07 0.998795 -0.0490697
    outer loop
      vertex -6.5 -10.4 78
      vertex -82.5 -10.3499 79.0194
      vertex -6.46869 -10.3687 78.6371
    endloop
  endfacet
  facet normal 0 0.998794 -0.0490873
    outer loop
      vertex -82.5 -10.3499 79.0194
      vertex -6.5 -10.4 78
      vertex -82.5 -10.4 78
    endloop
  endfacet
  facet normal 0 0.998793 -0.0491167
    outer loop
      vertex 57 -10.3499 79.0194
      vertex 6.46869 -10.3687 78.6371
      vertex 6.41199 -10.3499 79.0194
    endloop
  endfacet
  facet normal 0 0.998794 -0.0490873
    outer loop
      vertex 6.5 -10.4 78
      vertex 57 -10.3499 79.0194
      vertex 57 -10.4 78
    endloop
  endfacet
  facet normal -3.56342e-07 0.998795 -0.0490697
    outer loop
      vertex 57 -10.3499 79.0194
      vertex 6.5 -10.4 78
      vertex 6.46869 -10.3687 78.6371
    endloop
  endfacet
  facet normal 2.36859e-07 0.998795 0.0490697
    outer loop
      vertex -82.5 -10.3499 76.9806
      vertex -6.5 -10.4 78
      vertex -6.46869 -10.3687 77.3629
    endloop
  endfacet
  facet normal -0 0.998793 0.0491167
    outer loop
      vertex -82.5 -10.3499 76.9806
      vertex -6.46869 -10.3687 77.3629
      vertex -6.41199 -10.3499 76.9806
    endloop
  endfacet
  facet normal 0 0.998794 0.0490873
    outer loop
      vertex -6.5 -10.4 78
      vertex -82.5 -10.3499 76.9806
      vertex -82.5 -10.4 78
    endloop
  endfacet
  facet normal 0 0.998794 0.0490873
    outer loop
      vertex 57 -10.3499 76.9806
      vertex 6.5 -10.4 78
      vertex 57 -10.4 78
    endloop
  endfacet
  facet normal -3.56342e-07 0.998795 0.0490697
    outer loop
      vertex 6.5 -10.4 78
      vertex 57 -10.3499 76.9806
      vertex 6.46869 -10.3687 77.3629
    endloop
  endfacet
  facet normal 0 0.998793 0.0491167
    outer loop
      vertex 6.46869 -10.3687 77.3629
      vertex 57 -10.3499 76.9806
      vertex 6.41199 -10.3499 76.9806
    endloop
  endfacet
  facet normal 1 -0 0
    outer loop
      vertex 57 7.35406 85.3537
      vertex 57 12 85.0005
      vertex 57 8.76833 86.7679
    endloop
  endfacet
  facet normal 1 0 0
    outer loop
      vertex 57 7.3539 85.3539
      vertex 57 8.76833 86.7679
      vertex 57 8.76811 86.7681
    endloop
  endfacet
  facet normal 1 0 0
    outer loop
      vertex 57 7.3539 85.3539
      vertex 57 8.76811 86.7681
      vertex 57 7.86647 87.5853
    endloop
  endfacet
  facet normal 1 0 0
    outer loop
      vertex 57 12 85.0005
      vertex 57 7.35406 85.3537
      vertex 57 12 82.8128
    endloop
  endfacet
  facet normal 1 0 0
    outer loop
      vertex 57 8.76833 86.7679
      vertex 57 7.3539 85.3539
      vertex 57 7.35406 85.3537
    endloop
  endfacet
  facet normal 1 0 0
    outer loop
      vertex 57 6.59769 86.0393
      vertex 57 7.86647 87.5853
      vertex 57 6.88907 88.3102
    endloop
  endfacet
  facet normal 1 0 0
    outer loop
      vertex 57 7.86647 87.5853
      vertex 57 6.59769 86.0393
      vertex 57 7.3539 85.3539
    endloop
  endfacet
  facet normal 1 0 0
    outer loop
      vertex 57 5.77792 86.6473
      vertex 57 6.88907 88.3102
      vertex 57 5.84531 88.9358
    endloop
  endfacet
  facet normal 1 0 0
    outer loop
      vertex 57 6.88907 88.3102
      vertex 57 5.77792 86.6473
      vertex 57 6.59769 86.0393
    endloop
  endfacet
  facet normal 1 0 0
    outer loop
      vertex 57 5.84531 88.9358
      vertex 57 4.90251 87.172
      vertex 57 5.77792 86.6473
    endloop
  endfacet
  facet normal 1 0 0
    outer loop
      vertex 57 4.74527 89.4561
      vertex 57 4.90251 87.172
      vertex 57 5.84531 88.9358
    endloop
  endfacet
  facet normal 1 0 0
    outer loop
      vertex 57 4.74527 89.4561
      vertex 57 3.9799 87.6083
      vertex 57 4.90251 87.172
    endloop
  endfacet
  facet normal 1 0 0
    outer loop
      vertex 57 3.59952 89.8661
      vertex 57 3.9799 87.6083
      vertex 57 4.74527 89.4561
    endloop
  endfacet
  facet normal 1 0 0
    outer loop
      vertex 57 3.59952 89.8661
      vertex 57 3.01895 87.9522
      vertex 57 3.9799 87.6083
    endloop
  endfacet
  facet normal 1 0 0
    outer loop
      vertex 57 2.41911 90.1617
      vertex 57 3.01895 87.9522
      vertex 57 3.59952 89.8661
    endloop
  endfacet
  facet normal 1 0 0
    outer loop
      vertex 57 2.41911 90.1617
      vertex 57 2.02893 88.2002
      vertex 57 3.01895 87.9522
    endloop
  endfacet
  facet normal 1 0 0
    outer loop
      vertex 57 1.21541 90.3403
      vertex 57 2.02893 88.2002
      vertex 57 2.41911 90.1617
    endloop
  endfacet
  facet normal 1 0 0
    outer loop
      vertex 57 1.21541 90.3403
      vertex 57 1.01936 88.3499
      vertex 57 2.02893 88.2002
    endloop
  endfacet
  facet normal 1 0 0
    outer loop
      vertex 57 0 90.4
      vertex 57 1.01936 88.3499
      vertex 57 1.21541 90.3403
    endloop
  endfacet
  facet normal 1 0 0
    outer loop
      vertex 57 0 90.4
      vertex 57 0 88.4
      vertex 57 1.01936 88.3499
    endloop
  endfacet
  facet normal 1 0 0
    outer loop
      vertex 57 0 90.4
      vertex 57 -1.01936 88.3499
      vertex 57 0 88.4
    endloop
  endfacet
  facet normal 1 -0 0
    outer loop
      vertex 57 -1.21541 90.3403
      vertex 57 -1.01936 88.3499
      vertex 57 0 90.4
    endloop
  endfacet
  facet normal 1 0 0
    outer loop
      vertex 57 -1.21541 90.3403
      vertex 57 -2.02893 88.2002
      vertex 57 -1.01936 88.3499
    endloop
  endfacet
  facet normal 1 -0 0
    outer loop
      vertex 57 -2.41911 90.1617
      vertex 57 -2.02893 88.2002
      vertex 57 -1.21541 90.3403
    endloop
  endfacet
  facet normal 1 0 0
    outer loop
      vertex 57 -2.41911 90.1617
      vertex 57 -3.01895 87.9522
      vertex 57 -2.02893 88.2002
    endloop
  endfacet
  facet normal 1 -0 0
    outer loop
      vertex 57 -3.59952 89.8661
      vertex 57 -3.01895 87.9522
      vertex 57 -2.41911 90.1617
    endloop
  endfacet
  facet normal 1 0 0
    outer loop
      vertex 57 -3.59952 89.8661
      vertex 57 -3.9799 87.6083
      vertex 57 -3.01895 87.9522
    endloop
  endfacet
  facet normal 1 -0 0
    outer loop
      vertex 57 -4.74527 89.4561
      vertex 57 -3.9799 87.6083
      vertex 57 -3.59952 89.8661
    endloop
  endfacet
  facet normal 1 0 0
    outer loop
      vertex 57 -4.74527 89.4561
      vertex 57 -4.90251 87.172
      vertex 57 -3.9799 87.6083
    endloop
  endfacet
  facet normal 1 -0 0
    outer loop
      vertex 57 -5.84531 88.9358
      vertex 57 -4.90251 87.172
      vertex 57 -4.74527 89.4561
    endloop
  endfacet
  facet normal 1 0 0
    outer loop
      vertex 57 -4.90251 87.172
      vertex 57 -5.84531 88.9358
      vertex 57 -5.77792 86.6473
    endloop
  endfacet
  facet normal 1 -0 0
    outer loop
      vertex 57 -6.88907 88.3102
      vertex 57 -5.77792 86.6473
      vertex 57 -5.84531 88.9358
    endloop
  endfacet
  facet normal 1 0 0
    outer loop
      vertex 57 -5.77792 86.6473
      vertex 57 -6.88907 88.3102
      vertex 57 -6.59769 86.0393
    endloop
  endfacet
  facet normal 1 -0 0
    outer loop
      vertex 57 -7.86647 87.5853
      vertex 57 -6.59769 86.0393
      vertex 57 -6.88907 88.3102
    endloop
  endfacet
  facet normal 1 0 0
    outer loop
      vertex 57 -6.59769 86.0393
      vertex 57 -7.86647 87.5853
      vertex 57 -7.3539 85.3539
    endloop
  endfacet
  facet normal 1 -0 0
    outer loop
      vertex 57 -8.76811 86.7681
      vertex 57 -7.3539 85.3539
      vertex 57 -7.86647 87.5853
    endloop
  endfacet
  facet normal 1 0 0
    outer loop
      vertex 57 -7.3539 85.3539
      vertex 57 -8.76811 86.7681
      vertex 57 -8.03931 84.5977
    endloop
  endfacet
  facet normal 1 -0 0
    outer loop
      vertex 57 -9.58533 85.8665
      vertex 57 -8.03931 84.5977
      vertex 57 -8.76811 86.7681
    endloop
  endfacet
  facet normal 1 0 0
    outer loop
      vertex 57 -8.03931 84.5977
      vertex 57 -9.58533 85.8665
      vertex 57 -8.64728 83.7779
    endloop
  endfacet
  facet normal 1 -0 0
    outer loop
      vertex 57 -10.3102 84.8891
      vertex 57 -8.64728 83.7779
      vertex 57 -9.58533 85.8665
    endloop
  endfacet
  facet normal 1 0 0
    outer loop
      vertex 57 -8.64728 83.7779
      vertex 57 -10.3102 84.8891
      vertex 57 -9.17197 82.9025
    endloop
  endfacet
  facet normal 1 -0 0
    outer loop
      vertex 57 -10.9358 83.8453
      vertex 57 -9.17197 82.9025
      vertex 57 -10.3102 84.8891
    endloop
  endfacet
  facet normal 1 0 0
    outer loop
      vertex 57 -9.17197 82.9025
      vertex 57 -10.9358 83.8453
      vertex 57 -9.60834 81.9799
    endloop
  endfacet
  facet normal 1 -0 0
    outer loop
      vertex 57 -11.4561 82.7453
      vertex 57 -9.60834 81.9799
      vertex 57 -10.9358 83.8453
    endloop
  endfacet
  facet normal 1 0 0
    outer loop
      vertex 57 -9.60834 81.9799
      vertex 57 -11.4561 82.7453
      vertex 57 -9.95218 81.019
    endloop
  endfacet
  facet normal 1 -0 0
    outer loop
      vertex 57 -11.8661 81.5995
      vertex 57 -9.95218 81.019
      vertex 57 -11.4561 82.7453
    endloop
  endfacet
  facet normal 1 -0 0
    outer loop
      vertex 57 -12 81.0648
      vertex 57 -9.95218 81.019
      vertex 57 -11.8661 81.5995
    endloop
  endfacet
  facet normal 1 0 0
    outer loop
      vertex 57 7.35406 70.6463
      vertex 57 12 70.9995
      vertex 57 12 73.1872
    endloop
  endfacet
  facet normal 1 0 0
    outer loop
      vertex 57 12 70.9995
      vertex 57 7.35406 70.6463
      vertex 57 8.76833 69.2321
    endloop
  endfacet
  facet normal 1 -0 0
    outer loop
      vertex 57 7.3539 70.6461
      vertex 57 8.76833 69.2321
      vertex 57 7.35406 70.6463
    endloop
  endfacet
  facet normal 1 0 0
    outer loop
      vertex 57 8.76833 69.2321
      vertex 57 7.3539 70.6461
      vertex 57 8.76811 69.2319
    endloop
  endfacet
  facet normal 1 0 0
    outer loop
      vertex 57 8.76811 69.2319
      vertex 57 7.3539 70.6461
      vertex 57 7.86647 68.4147
    endloop
  endfacet
  facet normal 1 -0 0
    outer loop
      vertex 57 6.59769 69.9607
      vertex 57 7.86647 68.4147
      vertex 57 7.3539 70.6461
    endloop
  endfacet
  facet normal 1 0 0
    outer loop
      vertex 57 7.86647 68.4147
      vertex 57 6.59769 69.9607
      vertex 57 6.88907 67.6898
    endloop
  endfacet
  facet normal 1 -0 0
    outer loop
      vertex 57 5.77792 69.3527
      vertex 57 6.88907 67.6898
      vertex 57 6.59769 69.9607
    endloop
  endfacet
  facet normal 1 0 0
    outer loop
      vertex 57 6.88907 67.6898
      vertex 57 5.77792 69.3527
      vertex 57 5.84531 67.0642
    endloop
  endfacet
  facet normal 1 -0 0
    outer loop
      vertex 57 4.90251 68.828
      vertex 57 5.84531 67.0642
      vertex 57 5.77792 69.3527
    endloop
  endfacet
  facet normal 1 0 0
    outer loop
      vertex 57 4.90251 68.828
      vertex 57 4.74527 66.5439
      vertex 57 5.84531 67.0642
    endloop
  endfacet
  facet normal 1 -0 0
    outer loop
      vertex 57 3.9799 68.3917
      vertex 57 4.74527 66.5439
      vertex 57 4.90251 68.828
    endloop
  endfacet
  facet normal 1 0 0
    outer loop
      vertex 57 3.9799 68.3917
      vertex 57 3.59952 66.1339
      vertex 57 4.74527 66.5439
    endloop
  endfacet
  facet normal 1 -0 0
    outer loop
      vertex 57 3.01895 68.0478
      vertex 57 3.59952 66.1339
      vertex 57 3.9799 68.3917
    endloop
  endfacet
  facet normal 1 0 0
    outer loop
      vertex 57 3.01895 68.0478
      vertex 57 2.41911 65.8383
      vertex 57 3.59952 66.1339
    endloop
  endfacet
  facet normal 1 -0 0
    outer loop
      vertex 57 2.02893 67.7998
      vertex 57 2.41911 65.8383
      vertex 57 3.01895 68.0478
    endloop
  endfacet
  facet normal 1 0 0
    outer loop
      vertex 57 2.02893 67.7998
      vertex 57 1.21541 65.6597
      vertex 57 2.41911 65.8383
    endloop
  endfacet
  facet normal 1 -0 0
    outer loop
      vertex 57 1.01936 67.6501
      vertex 57 1.21541 65.6597
      vertex 57 2.02893 67.7998
    endloop
  endfacet
  facet normal 1 -0 0
    outer loop
      vertex 57 0 67.6
      vertex 57 1.21541 65.6597
      vertex 57 1.01936 67.6501
    endloop
  endfacet
  facet normal 1 0 0
    outer loop
      vertex 57 0 67.6
      vertex 57 0 65.6
      vertex 57 1.21541 65.6597
    endloop
  endfacet
  facet normal 1 0 0
    outer loop
      vertex 57 -1.01936 67.6501
      vertex 57 0 65.6
      vertex 57 0 67.6
    endloop
  endfacet
  facet normal 1 0 0
    outer loop
      vertex 57 -1.01936 67.6501
      vertex 57 -1.21541 65.6597
      vertex 57 0 65.6
    endloop
  endfacet
  facet normal 1 0 0
    outer loop
      vertex 57 -2.02893 67.7998
      vertex 57 -1.21541 65.6597
      vertex 57 -1.01936 67.6501
    endloop
  endfacet
  facet normal 1 0 0
    outer loop
      vertex 57 -2.02893 67.7998
      vertex 57 -2.41911 65.8383
      vertex 57 -1.21541 65.6597
    endloop
  endfacet
  facet normal 1 0 0
    outer loop
      vertex 57 -3.01895 68.0478
      vertex 57 -2.41911 65.8383
      vertex 57 -2.02893 67.7998
    endloop
  endfacet
  facet normal 1 0 0
    outer loop
      vertex 57 -3.01895 68.0478
      vertex 57 -3.59952 66.1339
      vertex 57 -2.41911 65.8383
    endloop
  endfacet
  facet normal 1 0 0
    outer loop
      vertex 57 -3.9799 68.3917
      vertex 57 -3.59952 66.1339
      vertex 57 -3.01895 68.0478
    endloop
  endfacet
  facet normal 1 0 0
    outer loop
      vertex 57 -3.9799 68.3917
      vertex 57 -4.74527 66.5439
      vertex 57 -3.59952 66.1339
    endloop
  endfacet
  facet normal 1 0 0
    outer loop
      vertex 57 -4.90251 68.828
      vertex 57 -4.74527 66.5439
      vertex 57 -3.9799 68.3917
    endloop
  endfacet
  facet normal 1 0 0
    outer loop
      vertex 57 -5.84531 67.0642
      vertex 57 -4.90251 68.828
      vertex 57 -5.77792 69.3527
    endloop
  endfacet
  facet normal 1 0 0
    outer loop
      vertex 57 -4.90251 68.828
      vertex 57 -5.84531 67.0642
      vertex 57 -4.74527 66.5439
    endloop
  endfacet
  facet normal 1 0 0
    outer loop
      vertex 57 -6.88907 67.6898
      vertex 57 -5.77792 69.3527
      vertex 57 -6.59769 69.9607
    endloop
  endfacet
  facet normal 1 0 0
    outer loop
      vertex 57 -5.77792 69.3527
      vertex 57 -6.88907 67.6898
      vertex 57 -5.84531 67.0642
    endloop
  endfacet
  facet normal 1 0 0
    outer loop
      vertex 57 -7.86647 68.4147
      vertex 57 -6.59769 69.9607
      vertex 57 -7.3539 70.6461
    endloop
  endfacet
  facet normal 1 0 0
    outer loop
      vertex 57 -6.59769 69.9607
      vertex 57 -7.86647 68.4147
      vertex 57 -6.88907 67.6898
    endloop
  endfacet
  facet normal 1 0 0
    outer loop
      vertex 57 -8.76811 69.2319
      vertex 57 -7.3539 70.6461
      vertex 57 -8.03931 71.4023
    endloop
  endfacet
  facet normal 1 0 0
    outer loop
      vertex 57 -9.58533 70.1335
      vertex 57 -8.03931 71.4023
      vertex 57 -8.64728 72.2221
    endloop
  endfacet
  facet normal 1 0 0
    outer loop
      vertex 57 -7.3539 70.6461
      vertex 57 -8.76811 69.2319
      vertex 57 -7.86647 68.4147
    endloop
  endfacet
  facet normal 1 0 0
    outer loop
      vertex 57 -10.3102 71.1109
      vertex 57 -8.64728 72.2221
      vertex 57 -9.17197 73.0975
    endloop
  endfacet
  facet normal 1 0 0
    outer loop
      vertex 57 -8.03931 71.4023
      vertex 57 -9.58533 70.1335
      vertex 57 -8.76811 69.2319
    endloop
  endfacet
  facet normal 1 0 0
    outer loop
      vertex 57 -10.9358 72.1547
      vertex 57 -9.17197 73.0975
      vertex 57 -9.60834 74.0201
    endloop
  endfacet
  facet normal 1 0 0
    outer loop
      vertex 57 -11.4561 73.2547
      vertex 57 -9.60834 74.0201
      vertex 57 -9.95218 74.981
    endloop
  endfacet
  facet normal 1 0 0
    outer loop
      vertex 57 -12 74.9352
      vertex 57 -9.95218 74.981
      vertex 57 -10.2002 75.9711
    endloop
  endfacet
  facet normal 1 0 0
    outer loop
      vertex 57 -8.64728 72.2221
      vertex 57 -10.3102 71.1109
      vertex 57 -9.58533 70.1335
    endloop
  endfacet
  facet normal 1 0 0
    outer loop
      vertex 57 -12 74.9352
      vertex 57 -10.2002 75.9711
      vertex 57 -10.3499 76.9806
    endloop
  endfacet
  facet normal 1 0 0
    outer loop
      vertex 57 -12 74.9352
      vertex 57 -10.3499 76.9806
      vertex 57 -10.4 78
    endloop
  endfacet
  facet normal 1 0 0
    outer loop
      vertex 57 -9.95218 81.019
      vertex 57 -12 81.0648
      vertex 57 -10.2002 80.0289
    endloop
  endfacet
  facet normal 1 0 0
    outer loop
      vertex 57 -9.17197 73.0975
      vertex 57 -10.9358 72.1547
      vertex 57 -10.3102 71.1109
    endloop
  endfacet
  facet normal 1 0 0
    outer loop
      vertex 57 -10.2002 80.0289
      vertex 57 -12 81.0648
      vertex 57 -10.3499 79.0194
    endloop
  endfacet
  facet normal 1 0 0
    outer loop
      vertex 57 -12 74.9352
      vertex 57 -10.4 78
      vertex 57 -12 81.0648
    endloop
  endfacet
  facet normal 1 0 0
    outer loop
      vertex 57 -10.3499 79.0194
      vertex 57 -12 81.0648
      vertex 57 -10.4 78
    endloop
  endfacet
  facet normal 1 0 0
    outer loop
      vertex 57 -9.60834 74.0201
      vertex 57 -11.4561 73.2547
      vertex 57 -10.9358 72.1547
    endloop
  endfacet
  facet normal 1 0 0
    outer loop
      vertex 57 -9.95218 74.981
      vertex 57 -12 74.9352
      vertex 57 -11.8661 74.4005
    endloop
  endfacet
  facet normal 1 0 0
    outer loop
      vertex 57 -9.95218 74.981
      vertex 57 -11.8661 74.4005
      vertex 57 -11.4561 73.2547
    endloop
  endfacet
  facet normal 0 0.970046 0.24292
    outer loop
      vertex 86 -11.8661 74.4005
      vertex 57 -12 74.9352
      vertex 86 -12 74.9352
    endloop
  endfacet
  facet normal 0 0.970046 0.24292
    outer loop
      vertex 57 -12 74.9352
      vertex 86 -11.8661 74.4005
      vertex 57 -11.8661 74.4005
    endloop
  endfacet
  facet normal 0 0.941537 0.336909
    outer loop
      vertex 86 -11.4561 73.2547
      vertex 57 -11.8661 74.4005
      vertex 86 -11.8661 74.4005
    endloop
  endfacet
  facet normal 0 0.941537 0.336909
    outer loop
      vertex 57 -11.8661 74.4005
      vertex 86 -11.4561 73.2547
      vertex 57 -11.4561 73.2547
    endloop
  endfacet
  facet normal 0 0.903977 0.427581
    outer loop
      vertex 86 -10.9358 72.1547
      vertex 57 -11.4561 73.2547
      vertex 86 -11.4561 73.2547
    endloop
  endfacet
  facet normal 0 0.903977 0.427581
    outer loop
      vertex 57 -11.4561 73.2547
      vertex 86 -10.9358 72.1547
      vertex 57 -10.9358 72.1547
    endloop
  endfacet
  facet normal 0 0.857739 0.514085
    outer loop
      vertex 86 -10.3102 71.1109
      vertex 57 -10.9358 72.1547
      vertex 86 -10.9358 72.1547
    endloop
  endfacet
  facet normal 0 0.857739 0.514085
    outer loop
      vertex 57 -10.9358 72.1547
      vertex 86 -10.3102 71.1109
      vertex 57 -10.3102 71.1109
    endloop
  endfacet
  facet normal 0 0.803215 0.595689
    outer loop
      vertex 86 -9.58533 70.1335
      vertex 57 -10.3102 71.1109
      vertex 86 -10.3102 71.1109
    endloop
  endfacet
  facet normal 0 0.803215 0.595689
    outer loop
      vertex 57 -10.3102 71.1109
      vertex 86 -9.58533 70.1335
      vertex 57 -9.58533 70.1335
    endloop
  endfacet
  facet normal 0 0.740928 0.671585
    outer loop
      vertex 86 -8.76811 69.2319
      vertex 57 -9.58533 70.1335
      vertex 86 -9.58533 70.1335
    endloop
  endfacet
  facet normal 0 0.740928 0.671585
    outer loop
      vertex 57 -9.58533 70.1335
      vertex 86 -8.76811 69.2319
      vertex 57 -8.76811 69.2319
    endloop
  endfacet
  facet normal -0 0.671559 0.740951
    outer loop
      vertex 57 -7.86647 68.4147
      vertex 86 -8.76811 69.2319
      vertex 86 -7.86647 68.4147
    endloop
  endfacet
  facet normal 0 0.671559 0.740951
    outer loop
      vertex 86 -8.76811 69.2319
      vertex 57 -7.86647 68.4147
      vertex 57 -8.76811 69.2319
    endloop
  endfacet
  facet normal -0 0.595705 0.803203
    outer loop
      vertex 57 -6.88907 67.6898
      vertex 86 -7.86647 68.4147
      vertex 86 -6.88907 67.6898
    endloop
  endfacet
  facet normal 0 0.595705 0.803203
    outer loop
      vertex 86 -7.86647 68.4147
      vertex 57 -6.88907 67.6898
      vertex 57 -7.86647 68.4147
    endloop
  endfacet
  facet normal -0 0.514099 0.857731
    outer loop
      vertex 57 -5.84531 67.0642
      vertex 86 -6.88907 67.6898
      vertex 86 -5.84531 67.0642
    endloop
  endfacet
  facet normal 0 0.514099 0.857731
    outer loop
      vertex 86 -6.88907 67.6898
      vertex 57 -5.84531 67.0642
      vertex 57 -6.88907 67.6898
    endloop
  endfacet
  facet normal -0 0.427568 0.903983
    outer loop
      vertex 57 -4.74527 66.5439
      vertex 86 -5.84531 67.0642
      vertex 86 -4.74527 66.5439
    endloop
  endfacet
  facet normal 0 0.427568 0.903983
    outer loop
      vertex 86 -5.84531 67.0642
      vertex 57 -4.74527 66.5439
      vertex 57 -5.84531 67.0642
    endloop
  endfacet
  facet normal -0 0.336922 0.941533
    outer loop
      vertex 57 -3.59952 66.1339
      vertex 86 -4.74527 66.5439
      vertex 86 -3.59952 66.1339
    endloop
  endfacet
  facet normal 0 0.336922 0.941533
    outer loop
      vertex 86 -4.74527 66.5439
      vertex 57 -3.59952 66.1339
      vertex 57 -4.74527 66.5439
    endloop
  endfacet
  facet normal -0 0.24292 0.970046
    outer loop
      vertex 57 -2.41911 65.8383
      vertex 86 -3.59952 66.1339
      vertex 86 -2.41911 65.8383
    endloop
  endfacet
  facet normal 0 0.24292 0.970046
    outer loop
      vertex 86 -3.59952 66.1339
      vertex 57 -2.41911 65.8383
      vertex 57 -3.59952 66.1339
    endloop
  endfacet
  facet normal -0 0.146769 0.989171
    outer loop
      vertex 57 -1.21541 65.6597
      vertex 86 -2.41911 65.8383
      vertex 86 -1.21541 65.6597
    endloop
  endfacet
  facet normal 0 0.146769 0.989171
    outer loop
      vertex 86 -2.41911 65.8383
      vertex 57 -1.21541 65.6597
      vertex 57 -2.41911 65.8383
    endloop
  endfacet
  facet normal -0 0.0490601 0.998796
    outer loop
      vertex 57 0 65.6
      vertex 86 -1.21541 65.6597
      vertex 86 0 65.6
    endloop
  endfacet
  facet normal 0 0.0490601 0.998796
    outer loop
      vertex 86 -1.21541 65.6597
      vertex 57 0 65.6
      vertex 57 -1.21541 65.6597
    endloop
  endfacet
  facet normal 0 -0.0490601 0.998796
    outer loop
      vertex 57 1.21541 65.6597
      vertex 86 0 65.6
      vertex 86 1.21541 65.6597
    endloop
  endfacet
  facet normal 0 -0.0490601 0.998796
    outer loop
      vertex 86 0 65.6
      vertex 57 1.21541 65.6597
      vertex 57 0 65.6
    endloop
  endfacet
  facet normal 0 -0.146769 0.989171
    outer loop
      vertex 57 2.41911 65.8383
      vertex 86 1.21541 65.6597
      vertex 86 2.41911 65.8383
    endloop
  endfacet
  facet normal 0 -0.146769 0.989171
    outer loop
      vertex 86 1.21541 65.6597
      vertex 57 2.41911 65.8383
      vertex 57 1.21541 65.6597
    endloop
  endfacet
  facet normal 0 -0.24292 0.970046
    outer loop
      vertex 57 3.59952 66.1339
      vertex 86 2.41911 65.8383
      vertex 86 3.59952 66.1339
    endloop
  endfacet
  facet normal 0 -0.24292 0.970046
    outer loop
      vertex 86 2.41911 65.8383
      vertex 57 3.59952 66.1339
      vertex 57 2.41911 65.8383
    endloop
  endfacet
  facet normal 0 -0.336922 0.941533
    outer loop
      vertex 57 4.74527 66.5439
      vertex 86 3.59952 66.1339
      vertex 86 4.74527 66.5439
    endloop
  endfacet
  facet normal 0 -0.336922 0.941533
    outer loop
      vertex 86 3.59952 66.1339
      vertex 57 4.74527 66.5439
      vertex 57 3.59952 66.1339
    endloop
  endfacet
  facet normal 0 -0.427568 0.903983
    outer loop
      vertex 57 5.84531 67.0642
      vertex 86 4.74527 66.5439
      vertex 86 5.84531 67.0642
    endloop
  endfacet
  facet normal 0 -0.427568 0.903983
    outer loop
      vertex 86 4.74527 66.5439
      vertex 57 5.84531 67.0642
      vertex 57 4.74527 66.5439
    endloop
  endfacet
  facet normal 0 -0.514099 0.857731
    outer loop
      vertex 57 6.88907 67.6898
      vertex 86 5.84531 67.0642
      vertex 86 6.88907 67.6898
    endloop
  endfacet
  facet normal 0 -0.514099 0.857731
    outer loop
      vertex 86 5.84531 67.0642
      vertex 57 6.88907 67.6898
      vertex 57 5.84531 67.0642
    endloop
  endfacet
  facet normal 0 -0.595705 0.803203
    outer loop
      vertex 57 7.86647 68.4147
      vertex 86 6.88907 67.6898
      vertex 86 7.86647 68.4147
    endloop
  endfacet
  facet normal 0 -0.595705 0.803203
    outer loop
      vertex 86 6.88907 67.6898
      vertex 57 7.86647 68.4147
      vertex 57 6.88907 67.6898
    endloop
  endfacet
  facet normal 0 -0.671559 0.740951
    outer loop
      vertex 57 8.76811 69.2319
      vertex 86 7.86647 68.4147
      vertex 86 8.76811 69.2319
    endloop
  endfacet
  facet normal 0 -0.671559 0.740951
    outer loop
      vertex 86 7.86647 68.4147
      vertex 57 8.76811 69.2319
      vertex 57 7.86647 68.4147
    endloop
  endfacet
  facet normal 0 -0.672673 0.73994
    outer loop
      vertex 57 8.76811 69.2319
      vertex 86 8.76833 69.2321
      vertex 57 8.76833 69.2321
    endloop
  endfacet
  facet normal 0 -0.672673 0.73994
    outer loop
      vertex 86 8.76833 69.2321
      vertex 57 8.76811 69.2319
      vertex 86 8.76811 69.2319
    endloop
  endfacet
  facet normal 0 -0.479829 0.877362
    outer loop
      vertex 57 12 70.9995
      vertex 86 8.76833 69.2321
      vertex 86 12 70.9995
    endloop
  endfacet
  facet normal 0 -0.479829 0.877362
    outer loop
      vertex 86 8.76833 69.2321
      vertex 57 12 70.9995
      vertex 57 8.76833 69.2321
    endloop
  endfacet
  facet normal 0 -0.479829 -0.877362
    outer loop
      vertex 57 8.76833 86.7679
      vertex 86 12 85.0005
      vertex 86 8.76833 86.7679
    endloop
  endfacet
  facet normal -0 -0.479829 -0.877362
    outer loop
      vertex 86 12 85.0005
      vertex 57 8.76833 86.7679
      vertex 57 12 85.0005
    endloop
  endfacet
  facet normal 0 -0.672673 -0.73994
    outer loop
      vertex 57 8.76833 86.7679
      vertex 86 8.76811 86.7681
      vertex 57 8.76811 86.7681
    endloop
  endfacet
  facet normal 0 -0.672673 -0.73994
    outer loop
      vertex 86 8.76811 86.7681
      vertex 57 8.76833 86.7679
      vertex 86 8.76833 86.7679
    endloop
  endfacet
  facet normal 0 -0.671559 -0.740951
    outer loop
      vertex 57 7.86647 87.5853
      vertex 86 8.76811 86.7681
      vertex 86 7.86647 87.5853
    endloop
  endfacet
  facet normal -0 -0.671559 -0.740951
    outer loop
      vertex 86 8.76811 86.7681
      vertex 57 7.86647 87.5853
      vertex 57 8.76811 86.7681
    endloop
  endfacet
  facet normal 0 -0.595705 -0.803203
    outer loop
      vertex 57 6.88907 88.3102
      vertex 86 7.86647 87.5853
      vertex 86 6.88907 88.3102
    endloop
  endfacet
  facet normal -0 -0.595705 -0.803203
    outer loop
      vertex 86 7.86647 87.5853
      vertex 57 6.88907 88.3102
      vertex 57 7.86647 87.5853
    endloop
  endfacet
  facet normal 0 -0.514099 -0.857731
    outer loop
      vertex 57 5.84531 88.9358
      vertex 86 6.88907 88.3102
      vertex 86 5.84531 88.9358
    endloop
  endfacet
  facet normal -0 -0.514099 -0.857731
    outer loop
      vertex 86 6.88907 88.3102
      vertex 57 5.84531 88.9358
      vertex 57 6.88907 88.3102
    endloop
  endfacet
  facet normal 0 -0.427568 -0.903983
    outer loop
      vertex 57 4.74527 89.4561
      vertex 86 5.84531 88.9358
      vertex 86 4.74527 89.4561
    endloop
  endfacet
  facet normal -0 -0.427568 -0.903983
    outer loop
      vertex 86 5.84531 88.9358
      vertex 57 4.74527 89.4561
      vertex 57 5.84531 88.9358
    endloop
  endfacet
  facet normal 0 -0.336922 -0.941533
    outer loop
      vertex 57 3.59952 89.8661
      vertex 86 4.74527 89.4561
      vertex 86 3.59952 89.8661
    endloop
  endfacet
  facet normal -0 -0.336922 -0.941533
    outer loop
      vertex 86 4.74527 89.4561
      vertex 57 3.59952 89.8661
      vertex 57 4.74527 89.4561
    endloop
  endfacet
  facet normal 0 -0.24292 -0.970046
    outer loop
      vertex 57 2.41911 90.1617
      vertex 86 3.59952 89.8661
      vertex 86 2.41911 90.1617
    endloop
  endfacet
  facet normal -0 -0.24292 -0.970046
    outer loop
      vertex 86 3.59952 89.8661
      vertex 57 2.41911 90.1617
      vertex 57 3.59952 89.8661
    endloop
  endfacet
  facet normal 0 -0.146769 -0.989171
    outer loop
      vertex 57 1.21541 90.3403
      vertex 86 2.41911 90.1617
      vertex 86 1.21541 90.3403
    endloop
  endfacet
  facet normal -0 -0.146769 -0.989171
    outer loop
      vertex 86 2.41911 90.1617
      vertex 57 1.21541 90.3403
      vertex 57 2.41911 90.1617
    endloop
  endfacet
  facet normal 0 -0.0490601 -0.998796
    outer loop
      vertex 57 0 90.4
      vertex 86 1.21541 90.3403
      vertex 86 0 90.4
    endloop
  endfacet
  facet normal -0 -0.0490601 -0.998796
    outer loop
      vertex 86 1.21541 90.3403
      vertex 57 0 90.4
      vertex 57 1.21541 90.3403
    endloop
  endfacet
  facet normal 0 0.0490601 -0.998796
    outer loop
      vertex 57 -1.21541 90.3403
      vertex 86 0 90.4
      vertex 86 -1.21541 90.3403
    endloop
  endfacet
  facet normal 0 0.0490601 -0.998796
    outer loop
      vertex 86 0 90.4
      vertex 57 -1.21541 90.3403
      vertex 57 0 90.4
    endloop
  endfacet
  facet normal 0 0.146769 -0.989171
    outer loop
      vertex 57 -2.41911 90.1617
      vertex 86 -1.21541 90.3403
      vertex 86 -2.41911 90.1617
    endloop
  endfacet
  facet normal 0 0.146769 -0.989171
    outer loop
      vertex 86 -1.21541 90.3403
      vertex 57 -2.41911 90.1617
      vertex 57 -1.21541 90.3403
    endloop
  endfacet
  facet normal 0 0.24292 -0.970046
    outer loop
      vertex 57 -3.59952 89.8661
      vertex 86 -2.41911 90.1617
      vertex 86 -3.59952 89.8661
    endloop
  endfacet
  facet normal 0 0.24292 -0.970046
    outer loop
      vertex 86 -2.41911 90.1617
      vertex 57 -3.59952 89.8661
      vertex 57 -2.41911 90.1617
    endloop
  endfacet
  facet normal 0 0.336922 -0.941533
    outer loop
      vertex 57 -4.74527 89.4561
      vertex 86 -3.59952 89.8661
      vertex 86 -4.74527 89.4561
    endloop
  endfacet
  facet normal 0 0.336922 -0.941533
    outer loop
      vertex 86 -3.59952 89.8661
      vertex 57 -4.74527 89.4561
      vertex 57 -3.59952 89.8661
    endloop
  endfacet
  facet normal 0 0.427568 -0.903983
    outer loop
      vertex 57 -5.84531 88.9358
      vertex 86 -4.74527 89.4561
      vertex 86 -5.84531 88.9358
    endloop
  endfacet
  facet normal 0 0.427568 -0.903983
    outer loop
      vertex 86 -4.74527 89.4561
      vertex 57 -5.84531 88.9358
      vertex 57 -4.74527 89.4561
    endloop
  endfacet
  facet normal 0 0.514099 -0.857731
    outer loop
      vertex 57 -6.88907 88.3102
      vertex 86 -5.84531 88.9358
      vertex 86 -6.88907 88.3102
    endloop
  endfacet
  facet normal 0 0.514099 -0.857731
    outer loop
      vertex 86 -5.84531 88.9358
      vertex 57 -6.88907 88.3102
      vertex 57 -5.84531 88.9358
    endloop
  endfacet
  facet normal 0 0.595705 -0.803203
    outer loop
      vertex 57 -7.86647 87.5853
      vertex 86 -6.88907 88.3102
      vertex 86 -7.86647 87.5853
    endloop
  endfacet
  facet normal 0 0.595705 -0.803203
    outer loop
      vertex 86 -6.88907 88.3102
      vertex 57 -7.86647 87.5853
      vertex 57 -6.88907 88.3102
    endloop
  endfacet
  facet normal 0 0.671559 -0.740951
    outer loop
      vertex 57 -8.76811 86.7681
      vertex 86 -7.86647 87.5853
      vertex 86 -8.76811 86.7681
    endloop
  endfacet
  facet normal 0 0.671559 -0.740951
    outer loop
      vertex 86 -7.86647 87.5853
      vertex 57 -8.76811 86.7681
      vertex 57 -7.86647 87.5853
    endloop
  endfacet
  facet normal 0 0.740928 -0.671585
    outer loop
      vertex 86 -9.58533 85.8665
      vertex 57 -8.76811 86.7681
      vertex 86 -8.76811 86.7681
    endloop
  endfacet
  facet normal 0 0.740928 -0.671585
    outer loop
      vertex 57 -8.76811 86.7681
      vertex 86 -9.58533 85.8665
      vertex 57 -9.58533 85.8665
    endloop
  endfacet
  facet normal 0 0.803215 -0.595689
    outer loop
      vertex 86 -10.3102 84.8891
      vertex 57 -9.58533 85.8665
      vertex 86 -9.58533 85.8665
    endloop
  endfacet
  facet normal 0 0.803215 -0.595689
    outer loop
      vertex 57 -9.58533 85.8665
      vertex 86 -10.3102 84.8891
      vertex 57 -10.3102 84.8891
    endloop
  endfacet
  facet normal 0 0.857739 -0.514085
    outer loop
      vertex 86 -10.9358 83.8453
      vertex 57 -10.3102 84.8891
      vertex 86 -10.3102 84.8891
    endloop
  endfacet
  facet normal 0 0.857739 -0.514085
    outer loop
      vertex 57 -10.3102 84.8891
      vertex 86 -10.9358 83.8453
      vertex 57 -10.9358 83.8453
    endloop
  endfacet
  facet normal 0 0.903977 -0.427581
    outer loop
      vertex 86 -11.4561 82.7453
      vertex 57 -10.9358 83.8453
      vertex 86 -10.9358 83.8453
    endloop
  endfacet
  facet normal 0 0.903977 -0.427581
    outer loop
      vertex 57 -10.9358 83.8453
      vertex 86 -11.4561 82.7453
      vertex 57 -11.4561 82.7453
    endloop
  endfacet
  facet normal 0 0.941537 -0.336909
    outer loop
      vertex 86 -11.8661 81.5995
      vertex 57 -11.4561 82.7453
      vertex 86 -11.4561 82.7453
    endloop
  endfacet
  facet normal 0 0.941537 -0.336909
    outer loop
      vertex 57 -11.4561 82.7453
      vertex 86 -11.8661 81.5995
      vertex 57 -11.8661 81.5995
    endloop
  endfacet
  facet normal 0 0.970046 -0.24292
    outer loop
      vertex 86 -12 81.0648
      vertex 57 -11.8661 81.5995
      vertex 86 -11.8661 81.5995
    endloop
  endfacet
  facet normal 0 0.970046 -0.24292
    outer loop
      vertex 57 -11.8661 81.5995
      vertex 86 -12 81.0648
      vertex 57 -12 81.0648
    endloop
  endfacet
  facet normal 0 -1 -0
    outer loop
      vertex 0 0 91
      vertex -1.42197 0 88.4
      vertex 1.42197 0 88.4
    endloop
  endfacet
  facet normal -0.146735 0 0.989176
    outer loop
      vertex 0.6371 -12 71.5313
      vertex 1.26808 -8.20439 71.6249
      vertex 0.6371 -8.13498 71.5313
    endloop
  endfacet
  facet normal -0.146735 0 0.989176
    outer loop
      vertex 1.26808 -8.20439 71.6249
      vertex 0.6371 -12 71.5313
      vertex 1.26808 -12 71.6249
    endloop
  endfacet
  facet normal -0.242993 0 0.970028
    outer loop
      vertex 1.26808 -12 71.6249
      vertex 1.88684 -8.31933 71.7799
      vertex 1.26808 -8.20439 71.6249
    endloop
  endfacet
  facet normal -0.242993 0 0.970028
    outer loop
      vertex 1.88684 -8.31933 71.7799
      vertex 1.26808 -12 71.6249
      vertex 1.88684 -12 71.7799
    endloop
  endfacet
  facet normal -0.336892 0 0.941543
    outer loop
      vertex 1.88684 -12 71.7799
      vertex 2.48744 -8.47872 71.9948
      vertex 1.88684 -8.31933 71.7799
    endloop
  endfacet
  facet normal -0.336892 0 0.941543
    outer loop
      vertex 2.48744 -8.47872 71.9948
      vertex 1.88684 -12 71.7799
      vertex 2.48744 -12 71.9948
    endloop
  endfacet
  facet normal -0.427242 -5.93759e-05 0.904137
    outer loop
      vertex 2.48744 -12 71.9948
      vertex 3.06407 -8.67451 72.2675
      vertex 2.96799 -8.64728 72.2221
    endloop
  endfacet
  facet normal -0.427581 0 0.903977
    outer loop
      vertex 2.48744 -12 71.9948
      vertex 2.96799 -8.64728 72.2221
      vertex 2.48744 -8.47872 71.9948
    endloop
  endfacet
  facet normal -0.427522 0 0.904005
    outer loop
      vertex 3.06407 -8.67451 72.2675
      vertex 2.48744 -12 71.9948
      vertex 3.06407 -12 72.2675
    endloop
  endfacet
  facet normal -0.514168 0 0.857689
    outer loop
      vertex 3.06407 -12 72.2675
      vertex 3.61121 -8.87107 72.5955
      vertex 3.06407 -8.67451 72.2675
    endloop
  endfacet
  facet normal -0.514168 0 0.857689
    outer loop
      vertex 3.61121 -8.87107 72.5955
      vertex 3.06407 -12 72.2675
      vertex 3.61121 -12 72.5955
    endloop
  endfacet
  facet normal -0.595621 0 0.803265
    outer loop
      vertex 3.61121 -12 72.5955
      vertex 4.12355 -9.09881 72.9754
      vertex 3.61121 -8.87107 72.5955
    endloop
  endfacet
  facet normal -0.595621 0 0.803265
    outer loop
      vertex 4.12355 -9.09881 72.9754
      vertex 3.61121 -12 72.5955
      vertex 4.12355 -12 72.9754
    endloop
  endfacet
  facet normal -0.67154 -1.26997e-05 0.740968
    outer loop
      vertex 4.12355 -12 72.9754
      vertex 4.59619 -9.31685 73.4038
      vertex 4.25822 -9.17197 73.0975
    endloop
  endfacet
  facet normal -0.671686 0 0.740836
    outer loop
      vertex 4.12355 -12 72.9754
      vertex 4.25822 -9.17197 73.0975
      vertex 4.12355 -9.09881 72.9754
    endloop
  endfacet
  facet normal -0.67158 0 0.740932
    outer loop
      vertex 4.59619 -9.31685 73.4038
      vertex 4.12355 -12 72.9754
      vertex 4.59619 -12 73.4038
    endloop
  endfacet
  facet normal -0.74092 0 0.671594
    outer loop
      vertex 4.59619 -12 73.4038
      vertex 5.02457 -9.5404 73.8764
      vertex 4.59619 -9.31685 73.4038
    endloop
  endfacet
  facet normal -0.74092 0 0.671594
    outer loop
      vertex 5.02457 -9.5404 73.8764
      vertex 4.59619 -12 73.4038
      vertex 5.02457 -12 73.8764
    endloop
  endfacet
  facet normal -0.803328 0 0.595536
    outer loop
      vertex 5.02457 -12 73.8764
      vertex 5.1311 -9.60834 74.0201
      vertex 5.02457 -9.5404 73.8764
    endloop
  endfacet
  facet normal -0.803217 -1.4015e-05 0.595687
    outer loop
      vertex 5.02457 -12 73.8764
      vertex 5.40454 -9.74026 74.3888
      vertex 5.1311 -9.60834 74.0201
    endloop
  endfacet
  facet normal -0.803246 0 0.595647
    outer loop
      vertex 5.40454 -9.74026 74.3888
      vertex 5.02457 -12 73.8764
      vertex 5.40454 -12 74.3888
    endloop
  endfacet
  facet normal -0.857714 0 0.514127
    outer loop
      vertex 5.40454 -12 74.3888
      vertex 5.73248 -9.93603 74.9359
      vertex 5.40454 -9.74026 74.3888
    endloop
  endfacet
  facet normal -0.857714 0 0.514127
    outer loop
      vertex 5.73248 -9.93603 74.9359
      vertex 5.40454 -12 74.3888
      vertex 5.73248 -12 74.9359
    endloop
  endfacet
  facet normal -0.903917 0 0.427707
    outer loop
      vertex 5.73248 -12 74.9359
      vertex 5.75382 -9.95218 74.981
      vertex 5.73248 -9.93603 74.9359
    endloop
  endfacet
  facet normal -0.90402 5.86865e-06 0.427489
    outer loop
      vertex 5.73248 -12 74.9359
      vertex 6.0052 -10.0853 75.5126
      vertex 5.75382 -9.95218 74.981
    endloop
  endfacet
  facet normal -0.904013 0 0.427505
    outer loop
      vertex 6.0052 -10.0853 75.5126
      vertex 5.73248 -12 74.9359
      vertex 6.0052 -12 75.5126
    endloop
  endfacet
  facet normal -0.941534 0 0.336919
    outer loop
      vertex 6.0052 -12 75.5126
      vertex 6.16927 -10.2002 75.9711
      vertex 6.0052 -10.0853 75.5126
    endloop
  endfacet
  facet normal -0.941538 3.66438e-06 0.336906
    outer loop
      vertex 6.22011 -12 76.1132
      vertex 6.16927 -10.2002 75.9711
      vertex 6.0052 -12 75.5126
    endloop
  endfacet
  facet normal -0.941553 0 0.336865
    outer loop
      vertex 6.16927 -10.2002 75.9711
      vertex 6.22011 -12 76.1132
      vertex 6.22011 -10.2212 76.1132
    endloop
  endfacet
  facet normal -0.97003 0 0.242986
    outer loop
      vertex 6.22011 -12 76.1132
      vertex 6.37509 -10.313 76.7319
      vertex 6.22011 -10.2212 76.1132
    endloop
  endfacet
  facet normal -0.97003 0 0.242986
    outer loop
      vertex 6.37509 -10.313 76.7319
      vertex 6.22011 -12 76.1132
      vertex 6.37509 -12 76.7319
    endloop
  endfacet
  facet normal -0.989171 0 0.146765
    outer loop
      vertex 6.37509 -12 76.7319
      vertex 6.41199 -10.3499 76.9806
      vertex 6.37509 -10.313 76.7319
    endloop
  endfacet
  facet normal -0.989177 5.30113e-06 0.14673
    outer loop
      vertex 6.46869 -12 77.3629
      vertex 6.41199 -10.3499 76.9806
      vertex 6.37509 -12 76.7319
    endloop
  endfacet
  facet normal -0.98918 0 0.146708
    outer loop
      vertex 6.41199 -10.3499 76.9806
      vertex 6.46869 -12 77.3629
      vertex 6.46869 -10.3687 77.3629
    endloop
  endfacet
  facet normal -0.998795 0 0.0490853
    outer loop
      vertex 6.46869 -12 77.3629
      vertex 6.5 -10.4 78
      vertex 6.46869 -10.3687 77.3629
    endloop
  endfacet
  facet normal -0.998795 0 0.0490853
    outer loop
      vertex 6.5 -10.4 78
      vertex 6.46869 -12 77.3629
      vertex 6.5 -12 78
    endloop
  endfacet
  facet normal -0.998795 0 -0.0490853
    outer loop
      vertex 6.46869 -12 78.6371
      vertex 6.5 -10.4 78
      vertex 6.5 -12 78
    endloop
  endfacet
  facet normal -0.998795 0 -0.0490853
    outer loop
      vertex 6.5 -10.4 78
      vertex 6.46869 -12 78.6371
      vertex 6.46869 -10.3687 78.6371
    endloop
  endfacet
  facet normal -0.98918 0 -0.146708
    outer loop
      vertex 6.46869 -12 78.6371
      vertex 6.41199 -10.3499 79.0194
      vertex 6.46869 -10.3687 78.6371
    endloop
  endfacet
  facet normal -0.989177 5.30113e-06 -0.14673
    outer loop
      vertex 6.37509 -12 79.2681
      vertex 6.41199 -10.3499 79.0194
      vertex 6.46869 -12 78.6371
    endloop
  endfacet
  facet normal -0.989171 0 -0.146765
    outer loop
      vertex 6.41199 -10.3499 79.0194
      vertex 6.37509 -12 79.2681
      vertex 6.37509 -10.313 79.2681
    endloop
  endfacet
  facet normal -0.97003 0 -0.242986
    outer loop
      vertex 6.22011 -12 79.8868
      vertex 6.37509 -10.313 79.2681
      vertex 6.37509 -12 79.2681
    endloop
  endfacet
  facet normal -0.97003 0 -0.242986
    outer loop
      vertex 6.37509 -10.313 79.2681
      vertex 6.22011 -12 79.8868
      vertex 6.22011 -10.2212 79.8868
    endloop
  endfacet
  facet normal -0.941553 0 -0.336865
    outer loop
      vertex 6.22011 -12 79.8868
      vertex 6.16927 -10.2002 80.0289
      vertex 6.22011 -10.2212 79.8868
    endloop
  endfacet
  facet normal -0.941538 3.66438e-06 -0.336906
    outer loop
      vertex 6.0052 -12 80.4874
      vertex 6.16927 -10.2002 80.0289
      vertex 6.22011 -12 79.8868
    endloop
  endfacet
  facet normal -0.941534 0 -0.336919
    outer loop
      vertex 6.16927 -10.2002 80.0289
      vertex 6.0052 -12 80.4874
      vertex 6.0052 -10.0853 80.4874
    endloop
  endfacet
  facet normal -0.904013 0 -0.427505
    outer loop
      vertex 5.73248 -12 81.0641
      vertex 6.0052 -10.0853 80.4874
      vertex 6.0052 -12 80.4874
    endloop
  endfacet
  facet normal -0.90402 5.86865e-06 -0.427489
    outer loop
      vertex 6.0052 -10.0853 80.4874
      vertex 5.73248 -12 81.0641
      vertex 5.75382 -9.95218 81.019
    endloop
  endfacet
  facet normal -0.903917 0 -0.427707
    outer loop
      vertex 5.75382 -9.95218 81.019
      vertex 5.73248 -12 81.0641
      vertex 5.73248 -9.93603 81.0641
    endloop
  endfacet
  facet normal -0.857714 0 -0.514127
    outer loop
      vertex 5.40454 -12 81.6112
      vertex 5.73248 -9.93603 81.0641
      vertex 5.73248 -12 81.0641
    endloop
  endfacet
  facet normal -0.857714 0 -0.514127
    outer loop
      vertex 5.73248 -9.93603 81.0641
      vertex 5.40454 -12 81.6112
      vertex 5.40454 -9.74026 81.6112
    endloop
  endfacet
  facet normal -0.803246 0 -0.595647
    outer loop
      vertex 5.02457 -12 82.1236
      vertex 5.40454 -9.74026 81.6112
      vertex 5.40454 -12 81.6112
    endloop
  endfacet
  facet normal -0.803217 -1.4015e-05 -0.595687
    outer loop
      vertex 5.40454 -9.74026 81.6112
      vertex 5.02457 -12 82.1236
      vertex 5.1311 -9.60834 81.9799
    endloop
  endfacet
  facet normal -0.803328 0 -0.595536
    outer loop
      vertex 5.1311 -9.60834 81.9799
      vertex 5.02457 -12 82.1236
      vertex 5.02457 -9.5404 82.1236
    endloop
  endfacet
  facet normal -0.740881 0 -0.671636
    outer loop
      vertex 4.59605 -12 82.5963
      vertex 5.02457 -9.5404 82.1236
      vertex 5.02457 -12 82.1236
    endloop
  endfacet
  facet normal -0.740881 0 -0.671636
    outer loop
      vertex 5.02457 -9.5404 82.1236
      vertex 4.59605 -12 82.5963
      vertex 4.59605 -9.31679 82.5963
    endloop
  endfacet
  facet normal -0.877358 8.83768e-06 -0.479837
    outer loop
      vertex 1.44936 -1.01936 88.3499
      vertex 0 0 91
      vertex 1.42197 0 88.4
    endloop
  endfacet
  facet normal -0.877363 -2.57339e-05 -0.479827
    outer loop
      vertex 1.53126 -2.02893 88.2002
      vertex 0 0 91
      vertex 1.44936 -1.01936 88.3499
    endloop
  endfacet
  facet normal -0.87735 1.68626e-05 -0.479851
    outer loop
      vertex 1.66688 -3.01895 87.9522
      vertex 0 0 91
      vertex 1.53126 -2.02893 88.2002
    endloop
  endfacet
  facet normal -0.877338 4.69824e-05 -0.479874
    outer loop
      vertex 1.85493 -3.9799 87.6083
      vertex 0 0 91
      vertex 1.66688 -3.01895 87.9522
    endloop
  endfacet
  facet normal -0.87734 -2.08023e-05 -0.479869
    outer loop
      vertex 0 -12 91
      vertex 1.85493 -3.9799 87.6083
      vertex 2.09359 -4.90251 87.172
    endloop
  endfacet
  facet normal -0.877362 7.69747e-06 -0.479828
    outer loop
      vertex 0 -12 91
      vertex 2.09359 -4.90251 87.172
      vertex 2.38054 -5.77792 86.6473
    endloop
  endfacet
  facet normal -0.877362 6.21127e-06 -0.47983
    outer loop
      vertex 0 -12 91
      vertex 2.38054 -5.77792 86.6473
      vertex 2.71305 -6.59769 86.0393
    endloop
  endfacet
  facet normal -0.877363 0 -0.479828
    outer loop
      vertex 4.59605 -12 82.5963
      vertex 4.42859 -9.17197 82.9025
      vertex 4.59605 -9.31679 82.5963
    endloop
  endfacet
  facet normal -0.877356 1.85325e-06 -0.479841
    outer loop
      vertex 4.59605 -12 82.5963
      vertex 3.94982 -8.64728 83.7779
      vertex 4.42859 -9.17197 82.9025
    endloop
  endfacet
  facet normal -0.877369 -8.9933e-06 -0.479817
    outer loop
      vertex 4.59605 -12 82.5963
      vertex 3.50148 -8.03931 84.5977
      vertex 3.94982 -8.64728 83.7779
    endloop
  endfacet
  facet normal -0.877359 2.54529e-06 -0.479835
    outer loop
      vertex 0 -12 91
      vertex 3.50148 -8.03931 84.5977
      vertex 4.59605 -12 82.5963
    endloop
  endfacet
  facet normal -0.877359 2.37245e-06 -0.479835
    outer loop
      vertex 3.50148 -8.03931 84.5977
      vertex 0 -12 91
      vertex 3.08791 -7.3539 85.3539
    endloop
  endfacet
  facet normal -0.877356 -5.12379e-06 -0.479839
    outer loop
      vertex 3.08791 -7.3539 85.3539
      vertex 0 -12 91
      vertex 2.71305 -6.59769 86.0393
    endloop
  endfacet
  facet normal -0.877361 0 -0.479831
    outer loop
      vertex 1.85493 -3.9799 87.6083
      vertex 0 -12 91
      vertex 0 0 91
    endloop
  endfacet
  facet normal 0.877358 8.83768e-06 -0.479837
    outer loop
      vertex 0 0 91
      vertex -1.44936 -1.01936 88.3499
      vertex -1.42197 0 88.4
    endloop
  endfacet
  facet normal 0.877363 -2.57339e-05 -0.479827
    outer loop
      vertex 0 0 91
      vertex -1.53126 -2.02893 88.2002
      vertex -1.44936 -1.01936 88.3499
    endloop
  endfacet
  facet normal 0.87735 1.68626e-05 -0.479851
    outer loop
      vertex 0 0 91
      vertex -1.66688 -3.01895 87.9522
      vertex -1.53126 -2.02893 88.2002
    endloop
  endfacet
  facet normal 0.877338 4.69824e-05 -0.479874
    outer loop
      vertex 0 0 91
      vertex -1.85493 -3.9799 87.6083
      vertex -1.66688 -3.01895 87.9522
    endloop
  endfacet
  facet normal 0.877361 0 -0.479831
    outer loop
      vertex 0 -12 91
      vertex -1.85493 -3.9799 87.6083
      vertex 0 0 91
    endloop
  endfacet
  facet normal 0.87734 -2.08023e-05 -0.479869
    outer loop
      vertex -1.85493 -3.9799 87.6083
      vertex 0 -12 91
      vertex -2.09359 -4.90251 87.172
    endloop
  endfacet
  facet normal 0.877362 7.69747e-06 -0.479828
    outer loop
      vertex -2.09359 -4.90251 87.172
      vertex 0 -12 91
      vertex -2.38054 -5.77792 86.6473
    endloop
  endfacet
  facet normal 0.877362 6.21127e-06 -0.47983
    outer loop
      vertex -2.38054 -5.77792 86.6473
      vertex 0 -12 91
      vertex -2.71305 -6.59769 86.0393
    endloop
  endfacet
  facet normal 0.877356 -5.12379e-06 -0.479839
    outer loop
      vertex 0 -12 91
      vertex -3.08791 -7.3539 85.3539
      vertex -2.71305 -6.59769 86.0393
    endloop
  endfacet
  facet normal 0.877359 2.37245e-06 -0.479835
    outer loop
      vertex 0 -12 91
      vertex -3.50148 -8.03931 84.5977
      vertex -3.08791 -7.3539 85.3539
    endloop
  endfacet
  facet normal 0.877359 2.54529e-06 -0.479835
    outer loop
      vertex -4.59605 -12 82.5963
      vertex -3.50148 -8.03931 84.5977
      vertex 0 -12 91
    endloop
  endfacet
  facet normal 0.877369 -8.9933e-06 -0.479817
    outer loop
      vertex -3.50148 -8.03931 84.5977
      vertex -4.59605 -12 82.5963
      vertex -3.94982 -8.64728 83.7779
    endloop
  endfacet
  facet normal 0.877356 1.85325e-06 -0.479841
    outer loop
      vertex -3.94982 -8.64728 83.7779
      vertex -4.59605 -12 82.5963
      vertex -4.42859 -9.17197 82.9025
    endloop
  endfacet
  facet normal 0.877363 0 -0.479828
    outer loop
      vertex -4.42859 -9.17197 82.9025
      vertex -4.59605 -12 82.5963
      vertex -4.59605 -9.31679 82.5963
    endloop
  endfacet
  facet normal 0.740881 0 -0.671636
    outer loop
      vertex -4.59605 -12 82.5963
      vertex -5.02457 -9.5404 82.1236
      vertex -4.59605 -9.31679 82.5963
    endloop
  endfacet
  facet normal 0.740881 0 -0.671636
    outer loop
      vertex -5.02457 -9.5404 82.1236
      vertex -4.59605 -12 82.5963
      vertex -5.02457 -12 82.1236
    endloop
  endfacet
  facet normal 0.803328 0 -0.595536
    outer loop
      vertex -5.02457 -12 82.1236
      vertex -5.1311 -9.60834 81.9799
      vertex -5.02457 -9.5404 82.1236
    endloop
  endfacet
  facet normal 0.803217 -1.4015e-05 -0.595687
    outer loop
      vertex -5.02457 -12 82.1236
      vertex -5.40454 -9.74026 81.6112
      vertex -5.1311 -9.60834 81.9799
    endloop
  endfacet
  facet normal 0.803246 0 -0.595647
    outer loop
      vertex -5.40454 -9.74026 81.6112
      vertex -5.02457 -12 82.1236
      vertex -5.40454 -12 81.6112
    endloop
  endfacet
  facet normal 0.857714 0 -0.514127
    outer loop
      vertex -5.40454 -12 81.6112
      vertex -5.73248 -9.93603 81.0641
      vertex -5.40454 -9.74026 81.6112
    endloop
  endfacet
  facet normal 0.857714 0 -0.514127
    outer loop
      vertex -5.73248 -9.93603 81.0641
      vertex -5.40454 -12 81.6112
      vertex -5.73248 -12 81.0641
    endloop
  endfacet
  facet normal 0.903917 0 -0.427707
    outer loop
      vertex -5.73248 -12 81.0641
      vertex -5.75382 -9.95218 81.019
      vertex -5.73248 -9.93603 81.0641
    endloop
  endfacet
  facet normal 0.90402 5.86865e-06 -0.427489
    outer loop
      vertex -5.73248 -12 81.0641
      vertex -6.0052 -10.0853 80.4874
      vertex -5.75382 -9.95218 81.019
    endloop
  endfacet
  facet normal 0.904013 0 -0.427505
    outer loop
      vertex -6.0052 -10.0853 80.4874
      vertex -5.73248 -12 81.0641
      vertex -6.0052 -12 80.4874
    endloop
  endfacet
  facet normal 0.941534 0 -0.336919
    outer loop
      vertex -6.0052 -12 80.4874
      vertex -6.16927 -10.2002 80.0289
      vertex -6.0052 -10.0853 80.4874
    endloop
  endfacet
  facet normal 0.941538 3.66438e-06 -0.336906
    outer loop
      vertex -6.22011 -12 79.8868
      vertex -6.16927 -10.2002 80.0289
      vertex -6.0052 -12 80.4874
    endloop
  endfacet
  facet normal 0.941553 0 -0.336865
    outer loop
      vertex -6.16927 -10.2002 80.0289
      vertex -6.22011 -12 79.8868
      vertex -6.22011 -10.2212 79.8868
    endloop
  endfacet
  facet normal 0.97003 0 -0.242986
    outer loop
      vertex -6.22011 -12 79.8868
      vertex -6.37509 -10.313 79.2681
      vertex -6.22011 -10.2212 79.8868
    endloop
  endfacet
  facet normal 0.97003 0 -0.242986
    outer loop
      vertex -6.37509 -10.313 79.2681
      vertex -6.22011 -12 79.8868
      vertex -6.37509 -12 79.2681
    endloop
  endfacet
  facet normal 0.989171 0 -0.146765
    outer loop
      vertex -6.37509 -12 79.2681
      vertex -6.41199 -10.3499 79.0194
      vertex -6.37509 -10.313 79.2681
    endloop
  endfacet
  facet normal 0.989177 5.30113e-06 -0.14673
    outer loop
      vertex -6.46869 -12 78.6371
      vertex -6.41199 -10.3499 79.0194
      vertex -6.37509 -12 79.2681
    endloop
  endfacet
  facet normal 0.98918 0 -0.146708
    outer loop
      vertex -6.41199 -10.3499 79.0194
      vertex -6.46869 -12 78.6371
      vertex -6.46869 -10.3687 78.6371
    endloop
  endfacet
  facet normal 0.998795 0 -0.0490853
    outer loop
      vertex -6.46869 -12 78.6371
      vertex -6.5 -10.4 78
      vertex -6.46869 -10.3687 78.6371
    endloop
  endfacet
  facet normal 0.998795 0 -0.0490853
    outer loop
      vertex -6.5 -10.4 78
      vertex -6.46869 -12 78.6371
      vertex -6.5 -12 78
    endloop
  endfacet
  facet normal 0.998795 0 0.0490853
    outer loop
      vertex -6.46869 -12 77.3629
      vertex -6.5 -10.4 78
      vertex -6.5 -12 78
    endloop
  endfacet
  facet normal 0.998795 0 0.0490853
    outer loop
      vertex -6.5 -10.4 78
      vertex -6.46869 -12 77.3629
      vertex -6.46869 -10.3687 77.3629
    endloop
  endfacet
  facet normal 0.98918 -0 0.146708
    outer loop
      vertex -6.46869 -12 77.3629
      vertex -6.41199 -10.3499 76.9806
      vertex -6.46869 -10.3687 77.3629
    endloop
  endfacet
  facet normal 0.989177 5.30113e-06 0.14673
    outer loop
      vertex -6.37509 -12 76.7319
      vertex -6.41199 -10.3499 76.9806
      vertex -6.46869 -12 77.3629
    endloop
  endfacet
  facet normal 0.989171 0 0.146765
    outer loop
      vertex -6.41199 -10.3499 76.9806
      vertex -6.37509 -12 76.7319
      vertex -6.37509 -10.313 76.7319
    endloop
  endfacet
  facet normal 0.97003 0 0.242986
    outer loop
      vertex -6.22011 -12 76.1132
      vertex -6.37509 -10.313 76.7319
      vertex -6.37509 -12 76.7319
    endloop
  endfacet
  facet normal 0.97003 0 0.242986
    outer loop
      vertex -6.37509 -10.313 76.7319
      vertex -6.22011 -12 76.1132
      vertex -6.22011 -10.2212 76.1132
    endloop
  endfacet
  facet normal 0.941553 -0 0.336865
    outer loop
      vertex -6.22011 -12 76.1132
      vertex -6.16927 -10.2002 75.9711
      vertex -6.22011 -10.2212 76.1132
    endloop
  endfacet
  facet normal 0.941538 3.66438e-06 0.336906
    outer loop
      vertex -6.0052 -12 75.5126
      vertex -6.16927 -10.2002 75.9711
      vertex -6.22011 -12 76.1132
    endloop
  endfacet
  facet normal 0.941534 0 0.336919
    outer loop
      vertex -6.16927 -10.2002 75.9711
      vertex -6.0052 -12 75.5126
      vertex -6.0052 -10.0853 75.5126
    endloop
  endfacet
  facet normal 0.904013 0 0.427505
    outer loop
      vertex -5.73248 -12 74.9359
      vertex -6.0052 -10.0853 75.5126
      vertex -6.0052 -12 75.5126
    endloop
  endfacet
  facet normal 0.90402 5.86865e-06 0.427489
    outer loop
      vertex -6.0052 -10.0853 75.5126
      vertex -5.73248 -12 74.9359
      vertex -5.75382 -9.95218 74.981
    endloop
  endfacet
  facet normal 0.903917 0 0.427707
    outer loop
      vertex -5.75382 -9.95218 74.981
      vertex -5.73248 -12 74.9359
      vertex -5.73248 -9.93603 74.9359
    endloop
  endfacet
  facet normal 0.857714 0 0.514127
    outer loop
      vertex -5.40454 -12 74.3888
      vertex -5.73248 -9.93603 74.9359
      vertex -5.73248 -12 74.9359
    endloop
  endfacet
  facet normal 0.857714 0 0.514127
    outer loop
      vertex -5.73248 -9.93603 74.9359
      vertex -5.40454 -12 74.3888
      vertex -5.40454 -9.74026 74.3888
    endloop
  endfacet
  facet normal 0.803246 0 0.595647
    outer loop
      vertex -5.02457 -12 73.8764
      vertex -5.40454 -9.74026 74.3888
      vertex -5.40454 -12 74.3888
    endloop
  endfacet
  facet normal 0.803217 -1.4015e-05 0.595687
    outer loop
      vertex -5.40454 -9.74026 74.3888
      vertex -5.02457 -12 73.8764
      vertex -5.1311 -9.60834 74.0201
    endloop
  endfacet
  facet normal 0.803328 0 0.595536
    outer loop
      vertex -5.1311 -9.60834 74.0201
      vertex -5.02457 -12 73.8764
      vertex -5.02457 -9.5404 73.8764
    endloop
  endfacet
  facet normal 0.74092 0 0.671594
    outer loop
      vertex -4.59619 -12 73.4038
      vertex -5.02457 -9.5404 73.8764
      vertex -5.02457 -12 73.8764
    endloop
  endfacet
  facet normal 0.74092 0 0.671594
    outer loop
      vertex -5.02457 -9.5404 73.8764
      vertex -4.59619 -12 73.4038
      vertex -4.59619 -9.31685 73.4038
    endloop
  endfacet
  facet normal 0.671686 0 0.740836
    outer loop
      vertex -4.25822 -9.17197 73.0975
      vertex -4.12355 -12 72.9754
      vertex -4.12355 -9.09881 72.9754
    endloop
  endfacet
  facet normal 0.67154 -1.26997e-05 0.740968
    outer loop
      vertex -4.59619 -9.31685 73.4038
      vertex -4.12355 -12 72.9754
      vertex -4.25822 -9.17197 73.0975
    endloop
  endfacet
  facet normal 0.67158 0 0.740932
    outer loop
      vertex -4.12355 -12 72.9754
      vertex -4.59619 -9.31685 73.4038
      vertex -4.59619 -12 73.4038
    endloop
  endfacet
  facet normal 0.595621 0 0.803265
    outer loop
      vertex -4.12355 -9.09881 72.9754
      vertex -3.61121 -12 72.5955
      vertex -3.61121 -8.87107 72.5955
    endloop
  endfacet
  facet normal 0.595621 0 0.803265
    outer loop
      vertex -3.61121 -12 72.5955
      vertex -4.12355 -9.09881 72.9754
      vertex -4.12355 -12 72.9754
    endloop
  endfacet
  facet normal 0.514168 0 0.857689
    outer loop
      vertex -3.61121 -8.87107 72.5955
      vertex -3.06407 -12 72.2675
      vertex -3.06407 -8.67451 72.2675
    endloop
  endfacet
  facet normal 0.514168 0 0.857689
    outer loop
      vertex -3.06407 -12 72.2675
      vertex -3.61121 -8.87107 72.5955
      vertex -3.61121 -12 72.5955
    endloop
  endfacet
  facet normal 0.427581 0 0.903977
    outer loop
      vertex -2.96799 -8.64728 72.2221
      vertex -2.48744 -12 71.9948
      vertex -2.48744 -8.47872 71.9948
    endloop
  endfacet
  facet normal 0.427242 -5.93759e-05 0.904137
    outer loop
      vertex -3.06407 -8.67451 72.2675
      vertex -2.48744 -12 71.9948
      vertex -2.96799 -8.64728 72.2221
    endloop
  endfacet
  facet normal 0.427522 0 0.904005
    outer loop
      vertex -2.48744 -12 71.9948
      vertex -3.06407 -8.67451 72.2675
      vertex -3.06407 -12 72.2675
    endloop
  endfacet
  facet normal 0.336892 0 0.941543
    outer loop
      vertex -2.48744 -8.47872 71.9948
      vertex -1.88684 -12 71.7799
      vertex -1.88684 -8.31933 71.7799
    endloop
  endfacet
  facet normal 0.336892 0 0.941543
    outer loop
      vertex -1.88684 -12 71.7799
      vertex -2.48744 -8.47872 71.9948
      vertex -2.48744 -12 71.9948
    endloop
  endfacet
  facet normal 0.242993 0 0.970028
    outer loop
      vertex -1.88684 -8.31933 71.7799
      vertex -1.26808 -12 71.6249
      vertex -1.26808 -8.20439 71.6249
    endloop
  endfacet
  facet normal 0.242993 0 0.970028
    outer loop
      vertex -1.26808 -12 71.6249
      vertex -1.88684 -8.31933 71.7799
      vertex -1.88684 -12 71.7799
    endloop
  endfacet
  facet normal 0.146735 0 0.989176
    outer loop
      vertex -1.26808 -8.20439 71.6249
      vertex -0.6371 -12 71.5313
      vertex -0.6371 -8.13498 71.5313
    endloop
  endfacet
  facet normal 0.146735 0 0.989176
    outer loop
      vertex -0.6371 -12 71.5313
      vertex -1.26808 -8.20439 71.6249
      vertex -1.26808 -12 71.6249
    endloop
  endfacet
  facet normal 0.0490697 0 0.998795
    outer loop
      vertex -0.6371 -8.13498 71.5313
      vertex 0 -12 71.5
      vertex 0 -8.11176 71.5
    endloop
  endfacet
  facet normal 0.0490697 0 0.998795
    outer loop
      vertex 0 -12 71.5
      vertex -0.6371 -8.13498 71.5313
      vertex -0.6371 -12 71.5313
    endloop
  endfacet
  facet normal -0.0490697 0 0.998795
    outer loop
      vertex 0 -12 71.5
      vertex 0.6371 -8.13498 71.5313
      vertex 0 -8.11176 71.5
    endloop
  endfacet
  facet normal -0.0490697 0 0.998795
    outer loop
      vertex 0.6371 -8.13498 71.5313
      vertex 0 -12 71.5
      vertex 0.6371 -12 71.5313
    endloop
  endfacet
  facet normal 1 0 0
    outer loop
      vertex -82.5 7.35406 118.354
      vertex -82.5 12 106.187
      vertex -82.5 12 115.813
    endloop
  endfacet
  facet normal 1 0 0
    outer loop
      vertex -82.5 7.35406 118.354
      vertex -82.5 7.35406 103.646
      vertex -82.5 12 106.187
    endloop
  endfacet
  facet normal -1 0 0
    outer loop
      vertex -82.5 6.59769 119.039
      vertex -82.5 7.35406 118.354
      vertex -82.5 7.3539 118.354
    endloop
  endfacet
  facet normal 1 0 0
    outer loop
      vertex -82.5 7.35406 118.354
      vertex -82.5 6.59769 119.039
      vertex -82.5 7.35406 103.646
    endloop
  endfacet
  facet normal 1 0 0
    outer loop
      vertex -82.5 6.59769 102.961
      vertex -82.5 7.35406 103.646
      vertex -82.5 6.59769 119.039
    endloop
  endfacet
  facet normal -1 -0 0
    outer loop
      vertex -82.5 7.35406 103.646
      vertex -82.5 6.59769 102.961
      vertex -82.5 7.3539 103.646
    endloop
  endfacet
  facet normal 1 0 0
    outer loop
      vertex -82.5 5.77792 119.647
      vertex -82.5 6.59769 102.961
      vertex -82.5 6.59769 119.039
    endloop
  endfacet
  facet normal 1 0 0
    outer loop
      vertex -82.5 5.77792 119.647
      vertex -82.5 5.77792 102.353
      vertex -82.5 6.59769 102.961
    endloop
  endfacet
  facet normal 1 0 0
    outer loop
      vertex -82.5 4.90251 120.172
      vertex -82.5 5.77792 102.353
      vertex -82.5 5.77792 119.647
    endloop
  endfacet
  facet normal 1 0 0
    outer loop
      vertex -82.5 4.90251 120.172
      vertex -82.5 4.90251 101.828
      vertex -82.5 5.77792 102.353
    endloop
  endfacet
  facet normal 1 0 0
    outer loop
      vertex -82.5 3.9799 120.608
      vertex -82.5 4.90251 101.828
      vertex -82.5 4.90251 120.172
    endloop
  endfacet
  facet normal 1 0 0
    outer loop
      vertex -82.5 3.9799 120.608
      vertex -82.5 3.9799 101.392
      vertex -82.5 4.90251 101.828
    endloop
  endfacet
  facet normal 1 0 0
    outer loop
      vertex -82.5 3.01895 120.952
      vertex -82.5 3.9799 101.392
      vertex -82.5 3.9799 120.608
    endloop
  endfacet
  facet normal 1 0 0
    outer loop
      vertex -82.5 3.01895 120.952
      vertex -82.5 3.01895 101.048
      vertex -82.5 3.9799 101.392
    endloop
  endfacet
  facet normal 1 0 0
    outer loop
      vertex -82.5 2.02893 121.2
      vertex -82.5 3.01895 101.048
      vertex -82.5 3.01895 120.952
    endloop
  endfacet
  facet normal 1 0 0
    outer loop
      vertex -82.5 2.02893 121.2
      vertex -82.5 2.02893 100.8
      vertex -82.5 3.01895 101.048
    endloop
  endfacet
  facet normal 1 0 0
    outer loop
      vertex -82.5 1.01936 121.35
      vertex -82.5 2.02893 100.8
      vertex -82.5 2.02893 121.2
    endloop
  endfacet
  facet normal 1 0 0
    outer loop
      vertex -82.5 1.01936 121.35
      vertex -82.5 1.01936 100.65
      vertex -82.5 2.02893 100.8
    endloop
  endfacet
  facet normal 1 0 0
    outer loop
      vertex -82.5 0 121.4
      vertex -82.5 1.01936 100.65
      vertex -82.5 1.01936 121.35
    endloop
  endfacet
  facet normal 1 0 0
    outer loop
      vertex -82.5 0 121.4
      vertex -82.5 0 100.6
      vertex -82.5 1.01936 100.65
    endloop
  endfacet
  facet normal 1 -0 0
    outer loop
      vertex -82.5 -1.01936 121.35
      vertex -82.5 0 100.6
      vertex -82.5 0 121.4
    endloop
  endfacet
  facet normal 1 0 0
    outer loop
      vertex -82.5 -1.01936 121.35
      vertex -82.5 -1.01936 100.65
      vertex -82.5 0 100.6
    endloop
  endfacet
  facet normal 1 -0 0
    outer loop
      vertex -82.5 -2.02893 121.2
      vertex -82.5 -1.01936 100.65
      vertex -82.5 -1.01936 121.35
    endloop
  endfacet
  facet normal 1 0 0
    outer loop
      vertex -82.5 -2.02893 121.2
      vertex -82.5 -2.02893 100.8
      vertex -82.5 -1.01936 100.65
    endloop
  endfacet
  facet normal 1 -0 0
    outer loop
      vertex -82.5 -3.01895 120.952
      vertex -82.5 -2.02893 100.8
      vertex -82.5 -2.02893 121.2
    endloop
  endfacet
  facet normal 1 0 0
    outer loop
      vertex -82.5 -3.01895 120.952
      vertex -82.5 -3.01895 101.048
      vertex -82.5 -2.02893 100.8
    endloop
  endfacet
  facet normal 1 -0 0
    outer loop
      vertex -82.5 -3.9799 120.608
      vertex -82.5 -3.01895 101.048
      vertex -82.5 -3.01895 120.952
    endloop
  endfacet
  facet normal 1 0 0
    outer loop
      vertex -82.5 -3.9799 120.608
      vertex -82.5 -3.9799 101.392
      vertex -82.5 -3.01895 101.048
    endloop
  endfacet
  facet normal 1 -0 0
    outer loop
      vertex -82.5 -4.90251 120.172
      vertex -82.5 -3.9799 101.392
      vertex -82.5 -3.9799 120.608
    endloop
  endfacet
  facet normal 1 0 0
    outer loop
      vertex -82.5 -4.90251 120.172
      vertex -82.5 -4.90251 101.828
      vertex -82.5 -3.9799 101.392
    endloop
  endfacet
  facet normal 1 -0 0
    outer loop
      vertex -82.5 -5.77792 119.647
      vertex -82.5 -4.90251 101.828
      vertex -82.5 -4.90251 120.172
    endloop
  endfacet
  facet normal 1 0 0
    outer loop
      vertex -82.5 -5.77792 119.647
      vertex -82.5 -5.77792 102.353
      vertex -82.5 -4.90251 101.828
    endloop
  endfacet
  facet normal 1 -0 0
    outer loop
      vertex -82.5 -6.59769 119.039
      vertex -82.5 -5.77792 102.353
      vertex -82.5 -5.77792 119.647
    endloop
  endfacet
  facet normal 1 0 0
    outer loop
      vertex -82.5 -6.59769 119.039
      vertex -82.5 -6.59769 102.961
      vertex -82.5 -5.77792 102.353
    endloop
  endfacet
  facet normal 1 -0 0
    outer loop
      vertex -82.5 -7.3539 118.354
      vertex -82.5 -6.59769 102.961
      vertex -82.5 -6.59769 119.039
    endloop
  endfacet
  facet normal 1 0 0
    outer loop
      vertex -82.5 -7.3539 118.354
      vertex -82.5 -7.3539 103.646
      vertex -82.5 -6.59769 102.961
    endloop
  endfacet
  facet normal 1 -0 0
    outer loop
      vertex -82.5 -8.03931 117.598
      vertex -82.5 -7.3539 103.646
      vertex -82.5 -7.3539 118.354
    endloop
  endfacet
  facet normal 1 0 0
    outer loop
      vertex -82.5 -8.03931 117.598
      vertex -82.5 -8.03931 104.402
      vertex -82.5 -7.3539 103.646
    endloop
  endfacet
  facet normal 1 -0 0
    outer loop
      vertex -82.5 -8.64728 116.778
      vertex -82.5 -8.03931 104.402
      vertex -82.5 -8.03931 117.598
    endloop
  endfacet
  facet normal 1 0 0
    outer loop
      vertex -82.5 -8.64728 116.778
      vertex -82.5 -8.64728 105.222
      vertex -82.5 -8.03931 104.402
    endloop
  endfacet
  facet normal 1 -0 0
    outer loop
      vertex -82.5 -9.17197 115.903
      vertex -82.5 -8.64728 105.222
      vertex -82.5 -8.64728 116.778
    endloop
  endfacet
  facet normal 1 0 0
    outer loop
      vertex -82.5 -9.17197 115.903
      vertex -82.5 -9.17197 106.097
      vertex -82.5 -8.64728 105.222
    endloop
  endfacet
  facet normal 1 -0 0
    outer loop
      vertex -82.5 -9.60834 114.98
      vertex -82.5 -9.17197 106.097
      vertex -82.5 -9.17197 115.903
    endloop
  endfacet
  facet normal 1 0 0
    outer loop
      vertex -82.5 -9.60834 114.98
      vertex -82.5 -9.60834 107.02
      vertex -82.5 -9.17197 106.097
    endloop
  endfacet
  facet normal 1 -0 0
    outer loop
      vertex -82.5 -9.95218 114.019
      vertex -82.5 -9.60834 107.02
      vertex -82.5 -9.60834 114.98
    endloop
  endfacet
  facet normal 1 0 0
    outer loop
      vertex -82.5 -9.95218 114.019
      vertex -82.5 -9.95218 107.981
      vertex -82.5 -9.60834 107.02
    endloop
  endfacet
  facet normal 1 -0 0
    outer loop
      vertex -82.5 -10.2002 113.029
      vertex -82.5 -9.95218 107.981
      vertex -82.5 -9.95218 114.019
    endloop
  endfacet
  facet normal 1 0 0
    outer loop
      vertex -82.5 -10.2002 113.029
      vertex -82.5 -10.2002 108.971
      vertex -82.5 -9.95218 107.981
    endloop
  endfacet
  facet normal 1 -0 0
    outer loop
      vertex -82.5 -10.3499 112.019
      vertex -82.5 -10.2002 108.971
      vertex -82.5 -10.2002 113.029
    endloop
  endfacet
  facet normal 1 0 0
    outer loop
      vertex -82.5 -10.3499 112.019
      vertex -82.5 -10.3499 109.981
      vertex -82.5 -10.2002 108.971
    endloop
  endfacet
  facet normal 1 0 -0
    outer loop
      vertex -82.5 -10.3499 109.981
      vertex -82.5 -10.3499 112.019
      vertex -82.5 -10.4 111
    endloop
  endfacet
  facet normal 3.28287e-07 0.989197 0.146592
    outer loop
      vertex -82.5 -10.2002 108.971
      vertex -6.41199 -10.3499 109.981
      vertex -6.37509 -10.313 109.732
    endloop
  endfacet
  facet normal -7.66397e-07 0.989181 0.146699
    outer loop
      vertex -82.5 -10.2002 108.971
      vertex -6.37509 -10.313 109.732
      vertex -6.22011 -10.2212 109.113
    endloop
  endfacet
  facet normal -0 0.989241 0.146296
    outer loop
      vertex -82.5 -10.2002 108.971
      vertex -6.22011 -10.2212 109.113
      vertex -6.16927 -10.2002 108.971
    endloop
  endfacet
  facet normal 0 0.989193 0.146616
    outer loop
      vertex -6.41199 -10.3499 109.981
      vertex -82.5 -10.2002 108.971
      vertex -82.5 -10.3499 109.981
    endloop
  endfacet
  facet normal 0 0.989193 0.146616
    outer loop
      vertex 57 -10.2002 108.971
      vertex 6.41199 -10.3499 109.981
      vertex 57 -10.3499 109.981
    endloop
  endfacet
  facet normal -4.9328e-07 0.989197 0.146592
    outer loop
      vertex 6.41199 -10.3499 109.981
      vertex 57 -10.2002 108.971
      vertex 6.37509 -10.313 109.732
    endloop
  endfacet
  facet normal 1.15099e-06 0.989181 0.146699
    outer loop
      vertex 6.37509 -10.313 109.732
      vertex 57 -10.2002 108.971
      vertex 6.22011 -10.2212 109.113
    endloop
  endfacet
  facet normal 0 0.989241 0.146296
    outer loop
      vertex 6.22011 -10.2212 109.113
      vertex 57 -10.2002 108.971
      vertex 6.16927 -10.2002 108.971
    endloop
  endfacet
  facet normal -4.35898e-06 0.969943 0.243331
    outer loop
      vertex -82.5 -9.95218 107.981
      vertex -6.16927 -10.2002 108.971
      vertex -6.0052 -10.0853 108.513
    endloop
  endfacet
  facet normal -0 0.970091 0.242742
    outer loop
      vertex -82.5 -9.95218 107.981
      vertex -6.0052 -10.0853 108.513
      vertex -5.75382 -9.95218 107.981
    endloop
  endfacet
  facet normal 0 0.970022 0.243015
    outer loop
      vertex -6.16927 -10.2002 108.971
      vertex -82.5 -9.95218 107.981
      vertex -82.5 -10.2002 108.971
    endloop
  endfacet
  facet normal 0 0.970022 0.243015
    outer loop
      vertex 57 -9.95218 107.981
      vertex 6.16927 -10.2002 108.971
      vertex 57 -10.2002 108.971
    endloop
  endfacet
  facet normal 6.53058e-06 0.969943 0.243331
    outer loop
      vertex 6.16927 -10.2002 108.971
      vertex 57 -9.95218 107.981
      vertex 6.0052 -10.0853 108.513
    endloop
  endfacet
  facet normal 0 0.970091 0.242742
    outer loop
      vertex 6.0052 -10.0853 108.513
      vertex 57 -9.95218 107.981
      vertex 5.75382 -9.95218 107.981
    endloop
  endfacet
  facet normal -1.28284e-05 0.941222 0.337788
    outer loop
      vertex -82.5 -9.60834 107.02
      vertex -5.75382 -9.95218 107.981
      vertex -5.73248 -9.93603 107.936
    endloop
  endfacet
  facet normal -1.75626e-06 0.941517 0.336966
    outer loop
      vertex -82.5 -9.60834 107.02
      vertex -5.73248 -9.93603 107.936
      vertex -5.40454 -9.74026 107.389
    endloop
  endfacet
  facet normal -0 0.941633 0.33664
    outer loop
      vertex -82.5 -9.60834 107.02
      vertex -5.40454 -9.74026 107.389
      vertex -5.1311 -9.60834 107.02
    endloop
  endfacet
  facet normal 0 0.941548 0.33688
    outer loop
      vertex -5.75382 -9.95218 107.981
      vertex -82.5 -9.60834 107.02
      vertex -82.5 -9.95218 107.981
    endloop
  endfacet
  facet normal 0 0.941548 0.33688
    outer loop
      vertex 57 -9.60834 107.02
      vertex 5.75382 -9.95218 107.981
      vertex 57 -9.95218 107.981
    endloop
  endfacet
  facet normal 1.91555e-05 0.941223 0.337785
    outer loop
      vertex 5.75382 -9.95218 107.981
      vertex 57 -9.60834 107.02
      vertex 5.73248 -9.93603 107.936
    endloop
  endfacet
  facet normal 2.62055e-06 0.941517 0.336965
    outer loop
      vertex 5.73248 -9.93603 107.936
      vertex 57 -9.60834 107.02
      vertex 5.40454 -9.74026 107.389
    endloop
  endfacet
  facet normal 0 0.941633 0.33664
    outer loop
      vertex 5.40454 -9.74026 107.389
      vertex 57 -9.60834 107.02
      vertex 5.1311 -9.60834 107.02
    endloop
  endfacet
  facet normal 1.03527e-05 0.904391 0.426704
    outer loop
      vertex -82.5 -9.17197 106.097
      vertex -5.1311 -9.60834 107.02
      vertex -5.02457 -9.5404 106.876
    endloop
  endfacet
  facet normal -6.03673e-06 0.903761 0.428037
    outer loop
      vertex -82.5 -9.17197 106.097
      vertex -5.02457 -9.5404 106.876
      vertex -4.59619 -9.31685 106.404
    endloop
  endfacet
  facet normal -0 0.904354 0.426784
    outer loop
      vertex -82.5 -9.17197 106.097
      vertex -4.59619 -9.31685 106.404
      vertex -4.25822 -9.17197 106.097
    endloop
  endfacet
  facet normal 0 0.904056 0.427414
    outer loop
      vertex -5.1311 -9.60834 107.02
      vertex -82.5 -9.17197 106.097
      vertex -82.5 -9.60834 107.02
    endloop
  endfacet
  facet normal 0 0.904056 0.427414
    outer loop
      vertex 57 -9.17197 106.097
      vertex 5.1311 -9.60834 107.02
      vertex 57 -9.60834 107.02
    endloop
  endfacet
  facet normal -1.53762e-05 0.90439 0.426707
    outer loop
      vertex 5.1311 -9.60834 107.02
      vertex 57 -9.17197 106.097
      vertex 5.02457 -9.5404 106.876
    endloop
  endfacet
  facet normal 8.95871e-06 0.903762 0.428034
    outer loop
      vertex 5.02457 -9.5404 106.876
      vertex 57 -9.17197 106.097
      vertex 4.59619 -9.31685 106.404
    endloop
  endfacet
  facet normal 0 0.904354 0.426784
    outer loop
      vertex 4.59619 -9.31685 106.404
      vertex 57 -9.17197 106.097
      vertex 4.25822 -9.17197 106.097
    endloop
  endfacet
  facet normal -2.50274e-07 0.857617 0.514289
    outer loop
      vertex -82.5 -8.64728 105.222
      vertex -4.25822 -9.17197 106.097
      vertex -4.12355 -9.09881 105.975
    endloop
  endfacet
  facet normal 2.64926e-06 0.85775 0.514067
    outer loop
      vertex -82.5 -8.64728 105.222
      vertex -4.12355 -9.09881 105.975
      vertex -3.61121 -8.87107 105.595
    endloop
  endfacet
  facet normal -4.53416e-06 0.85708 0.515184
    outer loop
      vertex -82.5 -8.64728 105.222
      vertex -3.61121 -8.87107 105.595
      vertex -3.06407 -8.67451 105.268
    endloop
  endfacet
  facet normal -0 0.860531 0.509397
    outer loop
      vertex -82.5 -8.64728 105.222
      vertex -3.06407 -8.67451 105.268
      vertex -2.96799 -8.64728 105.222
    endloop
  endfacet
  facet normal 0 0.857627 0.514272
    outer loop
      vertex -4.25822 -9.17197 106.097
      vertex -82.5 -8.64728 105.222
      vertex -82.5 -9.17197 106.097
    endloop
  endfacet
  facet normal 0 0.857627 0.514272
    outer loop
      vertex 57 -8.64728 105.222
      vertex 4.25822 -9.17197 106.097
      vertex 57 -9.17197 106.097
    endloop
  endfacet
  facet normal 3.69102e-07 0.857617 0.514289
    outer loop
      vertex 4.25822 -9.17197 106.097
      vertex 57 -8.64728 105.222
      vertex 4.12355 -9.09881 105.975
    endloop
  endfacet
  facet normal -3.90281e-06 0.857749 0.514068
    outer loop
      vertex 4.12355 -9.09881 105.975
      vertex 57 -8.64728 105.222
      vertex 3.61121 -8.87107 105.595
    endloop
  endfacet
  facet normal 6.67479e-06 0.857081 0.515181
    outer loop
      vertex 3.61121 -8.87107 105.595
      vertex 57 -8.64728 105.222
      vertex 3.06407 -8.67451 105.268
    endloop
  endfacet
  facet normal 0 0.860531 0.509397
    outer loop
      vertex 3.06407 -8.67451 105.268
      vertex 57 -8.64728 105.222
      vertex 2.96799 -8.64728 105.222
    endloop
  endfacet
  facet normal 0 0.803294 0.595583
    outer loop
      vertex 57 -8.03931 104.402
      vertex 2.96799 -8.64728 105.222
      vertex 57 -8.64728 105.222
    endloop
  endfacet
  facet normal 1.33192e-05 0.802873 0.59615
    outer loop
      vertex 2.96799 -8.64728 105.222
      vertex 57 -8.03931 104.402
      vertex 2.48744 -8.47872 104.995
    endloop
  endfacet
  facet normal 3.00141e-06 0.803327 0.595538
    outer loop
      vertex 2.48744 -8.47872 104.995
      vertex 57 -8.03931 104.402
      vertex 1.88684 -8.31933 104.78
    endloop
  endfacet
  facet normal 4.04719e-06 0.803255 0.595636
    outer loop
      vertex 1.88684 -8.31933 104.78
      vertex 57 -8.03931 104.402
      vertex 1.26808 -8.20439 104.625
    endloop
  endfacet
  facet normal -5.84541e-06 0.804437 0.594039
    outer loop
      vertex 1.26808 -8.20439 104.625
      vertex 57 -8.03931 104.402
      vertex 0.6371 -8.13498 104.531
    endloop
  endfacet
  facet normal 1.29563e-05 0.800499 0.599334
    outer loop
      vertex 0.6371 -8.13498 104.531
      vertex 57 -8.03931 104.402
      vertex 0 -8.11176 104.5
    endloop
  endfacet
  facet normal -9.13986e-06 0.802869 0.596155
    outer loop
      vertex -82.5 -8.03931 104.402
      vertex -2.96799 -8.64728 105.222
      vertex -2.48744 -8.47872 104.995
    endloop
  endfacet
  facet normal -2.06426e-06 0.803326 0.595539
    outer loop
      vertex -82.5 -8.03931 104.402
      vertex -2.48744 -8.47872 104.995
      vertex -1.88684 -8.31933 104.78
    endloop
  endfacet
  facet normal -2.79048e-06 0.803252 0.595639
    outer loop
      vertex -82.5 -8.03931 104.402
      vertex -1.88684 -8.31933 104.78
      vertex -1.26808 -8.20439 104.625
    endloop
  endfacet
  facet normal 4.04367e-06 0.804442 0.594031
    outer loop
      vertex -82.5 -8.03931 104.402
      vertex -1.26808 -8.20439 104.625
      vertex -0.6371 -8.13498 104.531
    endloop
  endfacet
  facet normal -9.04665e-06 0.800461 0.599385
    outer loop
      vertex -82.5 -8.03931 104.402
      vertex -0.6371 -8.13498 104.531
      vertex 0 -8.11176 104.5
    endloop
  endfacet
  facet normal 0 0.803294 0.595583
    outer loop
      vertex -2.96799 -8.64728 105.222
      vertex -82.5 -8.03931 104.402
      vertex -82.5 -8.64728 105.222
    endloop
  endfacet
  facet normal -0 0.804116 0.594472
    outer loop
      vertex -82.5 -8.03931 104.402
      vertex 0 -8.11176 104.5
      vertex 57 -8.03931 104.402
    endloop
  endfacet
  facet normal 0 0.740848 0.671673
    outer loop
      vertex 57 -7.3539 103.646
      vertex -82.5 -8.03931 104.402
      vertex 57 -8.03931 104.402
    endloop
  endfacet
  facet normal 0 0.740848 0.671673
    outer loop
      vertex -82.5 -8.03931 104.402
      vertex 57 -7.3539 103.646
      vertex -82.5 -7.3539 103.646
    endloop
  endfacet
  facet normal -0 0.67135 0.741141
    outer loop
      vertex -82.5 -6.59769 102.961
      vertex 57 -7.3539 103.646
      vertex 57 -6.59769 102.961
    endloop
  endfacet
  facet normal 0 0.67135 0.741141
    outer loop
      vertex 57 -7.3539 103.646
      vertex -82.5 -6.59769 102.961
      vertex -82.5 -7.3539 103.646
    endloop
  endfacet
  facet normal -0 0.59571 0.8032
    outer loop
      vertex -82.5 -5.77792 102.353
      vertex 57 -6.59769 102.961
      vertex 57 -5.77792 102.353
    endloop
  endfacet
  facet normal 0 0.59571 0.8032
    outer loop
      vertex 57 -6.59769 102.961
      vertex -82.5 -5.77792 102.353
      vertex -82.5 -6.59769 102.961
    endloop
  endfacet
  facet normal -0 0.514319 0.857599
    outer loop
      vertex -82.5 -4.90251 101.828
      vertex 57 -5.77792 102.353
      vertex 57 -4.90251 101.828
    endloop
  endfacet
  facet normal 0 0.514319 0.857599
    outer loop
      vertex 57 -5.77792 102.353
      vertex -82.5 -4.90251 101.828
      vertex -82.5 -5.77792 102.353
    endloop
  endfacet
  facet normal -0 0.427265 0.904126
    outer loop
      vertex -82.5 -3.9799 101.392
      vertex 57 -4.90251 101.828
      vertex 57 -3.9799 101.392
    endloop
  endfacet
  facet normal 0 0.427265 0.904126
    outer loop
      vertex 57 -4.90251 101.828
      vertex -82.5 -3.9799 101.392
      vertex -82.5 -4.90251 101.828
    endloop
  endfacet
  facet normal -0 0.337035 0.941492
    outer loop
      vertex -82.5 -3.01895 101.048
      vertex 57 -3.9799 101.392
      vertex 57 -3.01895 101.048
    endloop
  endfacet
  facet normal 0 0.337035 0.941492
    outer loop
      vertex 57 -3.9799 101.392
      vertex -82.5 -3.01895 101.048
      vertex -82.5 -3.9799 101.392
    endloop
  endfacet
  facet normal -0 0.242992 0.970028
    outer loop
      vertex -82.5 -2.02893 100.8
      vertex 57 -3.01895 101.048
      vertex 57 -2.02893 100.8
    endloop
  endfacet
  facet normal 0 0.242992 0.970028
    outer loop
      vertex 57 -3.01895 101.048
      vertex -82.5 -2.02893 100.8
      vertex -82.5 -3.01895 101.048
    endloop
  endfacet
  facet normal -0 0.146965 0.989142
    outer loop
      vertex -82.5 -1.01936 100.65
      vertex 57 -2.02893 100.8
      vertex 57 -1.01936 100.65
    endloop
  endfacet
  facet normal 0 0.146965 0.989142
    outer loop
      vertex 57 -2.02893 100.8
      vertex -82.5 -1.01936 100.65
      vertex -82.5 -2.02893 100.8
    endloop
  endfacet
  facet normal -0 0.0489915 0.998799
    outer loop
      vertex -82.5 0 100.6
      vertex 57 -1.01936 100.65
      vertex 57 0 100.6
    endloop
  endfacet
  facet normal 0 0.0489915 0.998799
    outer loop
      vertex 57 -1.01936 100.65
      vertex -82.5 0 100.6
      vertex -82.5 -1.01936 100.65
    endloop
  endfacet
  facet normal 0 -0.0489915 0.998799
    outer loop
      vertex -82.5 1.01936 100.65
      vertex 57 0 100.6
      vertex 57 1.01936 100.65
    endloop
  endfacet
  facet normal 0 -0.0489915 0.998799
    outer loop
      vertex 57 0 100.6
      vertex -82.5 1.01936 100.65
      vertex -82.5 0 100.6
    endloop
  endfacet
  facet normal 0 -0.146965 0.989142
    outer loop
      vertex -82.5 2.02893 100.8
      vertex 57 1.01936 100.65
      vertex 57 2.02893 100.8
    endloop
  endfacet
  facet normal 0 -0.146965 0.989142
    outer loop
      vertex 57 1.01936 100.65
      vertex -82.5 2.02893 100.8
      vertex -82.5 1.01936 100.65
    endloop
  endfacet
  facet normal 0 -0.242992 0.970028
    outer loop
      vertex -82.5 3.01895 101.048
      vertex 57 2.02893 100.8
      vertex 57 3.01895 101.048
    endloop
  endfacet
  facet normal 0 -0.242992 0.970028
    outer loop
      vertex 57 2.02893 100.8
      vertex -82.5 3.01895 101.048
      vertex -82.5 2.02893 100.8
    endloop
  endfacet
  facet normal 0 -0.337035 0.941492
    outer loop
      vertex -82.5 3.9799 101.392
      vertex 57 3.01895 101.048
      vertex 57 3.9799 101.392
    endloop
  endfacet
  facet normal 0 -0.337035 0.941492
    outer loop
      vertex 57 3.01895 101.048
      vertex -82.5 3.9799 101.392
      vertex -82.5 3.01895 101.048
    endloop
  endfacet
  facet normal 0 -0.427265 0.904126
    outer loop
      vertex -82.5 4.90251 101.828
      vertex 57 3.9799 101.392
      vertex 57 4.90251 101.828
    endloop
  endfacet
  facet normal 0 -0.427265 0.904126
    outer loop
      vertex 57 3.9799 101.392
      vertex -82.5 4.90251 101.828
      vertex -82.5 3.9799 101.392
    endloop
  endfacet
  facet normal 0 -0.514319 0.857599
    outer loop
      vertex -82.5 5.77792 102.353
      vertex 57 4.90251 101.828
      vertex 57 5.77792 102.353
    endloop
  endfacet
  facet normal 0 -0.514319 0.857599
    outer loop
      vertex 57 4.90251 101.828
      vertex -82.5 5.77792 102.353
      vertex -82.5 4.90251 101.828
    endloop
  endfacet
  facet normal 0 -0.59571 0.8032
    outer loop
      vertex -82.5 6.59769 102.961
      vertex 57 5.77792 102.353
      vertex 57 6.59769 102.961
    endloop
  endfacet
  facet normal 0 -0.59571 0.8032
    outer loop
      vertex 57 5.77792 102.353
      vertex -82.5 6.59769 102.961
      vertex -82.5 5.77792 102.353
    endloop
  endfacet
  facet normal 0 -0.67135 0.741141
    outer loop
      vertex -82.5 7.3539 103.646
      vertex 57 6.59769 102.961
      vertex 57 7.3539 103.646
    endloop
  endfacet
  facet normal 0 -0.67135 0.741141
    outer loop
      vertex 57 6.59769 102.961
      vertex -82.5 7.3539 103.646
      vertex -82.5 6.59769 102.961
    endloop
  endfacet
  facet normal 0 0 1
    outer loop
      vertex -82.5 7.3539 103.646
      vertex 57 7.35406 103.646
      vertex -82.5 7.35406 103.646
    endloop
  endfacet
  facet normal 0 0 1
    outer loop
      vertex 57 7.35406 103.646
      vertex -82.5 7.3539 103.646
      vertex 57 7.3539 103.646
    endloop
  endfacet
  facet normal 0 -0.479849 0.877351
    outer loop
      vertex -82.5 12 106.187
      vertex 57 7.35406 103.646
      vertex 57 12 106.187
    endloop
  endfacet
  facet normal 0 -0.479849 0.877351
    outer loop
      vertex 57 7.35406 103.646
      vertex -82.5 12 106.187
      vertex -82.5 7.35406 103.646
    endloop
  endfacet
  facet normal 0 -0.479849 -0.877351
    outer loop
      vertex -82.5 7.35406 118.354
      vertex 57 12 115.813
      vertex 57 7.35406 118.354
    endloop
  endfacet
  facet normal -0 -0.479849 -0.877351
    outer loop
      vertex 57 12 115.813
      vertex -82.5 7.35406 118.354
      vertex -82.5 12 115.813
    endloop
  endfacet
  facet normal 0 0 -1
    outer loop
      vertex -82.5 7.35406 118.354
      vertex 57 7.3539 118.354
      vertex -82.5 7.3539 118.354
    endloop
  endfacet
  facet normal 0 0 -1
    outer loop
      vertex 57 7.3539 118.354
      vertex -82.5 7.35406 118.354
      vertex 57 7.35406 118.354
    endloop
  endfacet
  facet normal 0 -0.67135 -0.741141
    outer loop
      vertex -82.5 6.59769 119.039
      vertex 57 7.3539 118.354
      vertex 57 6.59769 119.039
    endloop
  endfacet
  facet normal -0 -0.67135 -0.741141
    outer loop
      vertex 57 7.3539 118.354
      vertex -82.5 6.59769 119.039
      vertex -82.5 7.3539 118.354
    endloop
  endfacet
  facet normal 0 -0.59571 -0.8032
    outer loop
      vertex -82.5 5.77792 119.647
      vertex 57 6.59769 119.039
      vertex 57 5.77792 119.647
    endloop
  endfacet
  facet normal -0 -0.59571 -0.8032
    outer loop
      vertex 57 6.59769 119.039
      vertex -82.5 5.77792 119.647
      vertex -82.5 6.59769 119.039
    endloop
  endfacet
  facet normal 0 -0.514319 -0.857599
    outer loop
      vertex -82.5 4.90251 120.172
      vertex 57 5.77792 119.647
      vertex 57 4.90251 120.172
    endloop
  endfacet
  facet normal -0 -0.514319 -0.857599
    outer loop
      vertex 57 5.77792 119.647
      vertex -82.5 4.90251 120.172
      vertex -82.5 5.77792 119.647
    endloop
  endfacet
  facet normal 0 -0.427265 -0.904126
    outer loop
      vertex -82.5 3.9799 120.608
      vertex 57 4.90251 120.172
      vertex 57 3.9799 120.608
    endloop
  endfacet
  facet normal -0 -0.427265 -0.904126
    outer loop
      vertex 57 4.90251 120.172
      vertex -82.5 3.9799 120.608
      vertex -82.5 4.90251 120.172
    endloop
  endfacet
  facet normal 0 -0.337035 -0.941492
    outer loop
      vertex -82.5 3.01895 120.952
      vertex 57 3.9799 120.608
      vertex 57 3.01895 120.952
    endloop
  endfacet
  facet normal -0 -0.337035 -0.941492
    outer loop
      vertex 57 3.9799 120.608
      vertex -82.5 3.01895 120.952
      vertex -82.5 3.9799 120.608
    endloop
  endfacet
  facet normal 0 -0.242992 -0.970028
    outer loop
      vertex -82.5 2.02893 121.2
      vertex 57 3.01895 120.952
      vertex 57 2.02893 121.2
    endloop
  endfacet
  facet normal -0 -0.242992 -0.970028
    outer loop
      vertex 57 3.01895 120.952
      vertex -82.5 2.02893 121.2
      vertex -82.5 3.01895 120.952
    endloop
  endfacet
  facet normal 0 -0.146965 -0.989142
    outer loop
      vertex -82.5 1.01936 121.35
      vertex 57 2.02893 121.2
      vertex 57 1.01936 121.35
    endloop
  endfacet
  facet normal -0 -0.146965 -0.989142
    outer loop
      vertex 57 2.02893 121.2
      vertex -82.5 1.01936 121.35
      vertex -82.5 2.02893 121.2
    endloop
  endfacet
  facet normal 0 -0.0489915 -0.998799
    outer loop
      vertex 1.42197 0 121.4
      vertex 57 1.01936 121.35
      vertex 57 0 121.4
    endloop
  endfacet
  facet normal 0 -0.0489915 -0.998799
    outer loop
      vertex -1.42197 0 121.4
      vertex 57 1.01936 121.35
      vertex 1.42197 0 121.4
    endloop
  endfacet
  facet normal 0 -0.0489915 -0.998799
    outer loop
      vertex -82.5 1.01936 121.35
      vertex -1.42197 0 121.4
      vertex -82.5 0 121.4
    endloop
  endfacet
  facet normal 0 -0.0489915 -0.998799
    outer loop
      vertex -1.42197 0 121.4
      vertex -82.5 1.01936 121.35
      vertex 57 1.01936 121.35
    endloop
  endfacet
  facet normal 0 0.0489915 -0.998799
    outer loop
      vertex -82.5 0 121.4
      vertex -1.44936 -1.01936 121.35
      vertex -82.5 -1.01936 121.35
    endloop
  endfacet
  facet normal 0 0.0489915 -0.998799
    outer loop
      vertex -1.44936 -1.01936 121.35
      vertex -82.5 0 121.4
      vertex -1.42197 0 121.4
    endloop
  endfacet
  facet normal 0 0.0489915 -0.998799
    outer loop
      vertex 1.44936 -1.01936 121.35
      vertex 57 0 121.4
      vertex 57 -1.01936 121.35
    endloop
  endfacet
  facet normal 0 0.0489915 -0.998799
    outer loop
      vertex 57 0 121.4
      vertex 1.44936 -1.01936 121.35
      vertex 1.42197 0 121.4
    endloop
  endfacet
  facet normal 0 0.146965 -0.989142
    outer loop
      vertex -82.5 -1.01936 121.35
      vertex -1.53126 -2.02893 121.2
      vertex -82.5 -2.02893 121.2
    endloop
  endfacet
  facet normal 0 0.146965 -0.989142
    outer loop
      vertex -1.53126 -2.02893 121.2
      vertex -82.5 -1.01936 121.35
      vertex -1.44936 -1.01936 121.35
    endloop
  endfacet
  facet normal 0 0.146965 -0.989142
    outer loop
      vertex 1.53126 -2.02893 121.2
      vertex 57 -1.01936 121.35
      vertex 57 -2.02893 121.2
    endloop
  endfacet
  facet normal 0 0.146965 -0.989142
    outer loop
      vertex 57 -1.01936 121.35
      vertex 1.53126 -2.02893 121.2
      vertex 1.44936 -1.01936 121.35
    endloop
  endfacet
  facet normal 0 0.242992 -0.970028
    outer loop
      vertex -82.5 -2.02893 121.2
      vertex -1.66688 -3.01895 120.952
      vertex -82.5 -3.01895 120.952
    endloop
  endfacet
  facet normal 0 0.242992 -0.970028
    outer loop
      vertex -1.66688 -3.01895 120.952
      vertex -82.5 -2.02893 121.2
      vertex -1.53126 -2.02893 121.2
    endloop
  endfacet
  facet normal 0 0.242992 -0.970028
    outer loop
      vertex 1.66688 -3.01895 120.952
      vertex 57 -2.02893 121.2
      vertex 57 -3.01895 120.952
    endloop
  endfacet
  facet normal 0 0.242992 -0.970028
    outer loop
      vertex 57 -2.02893 121.2
      vertex 1.66688 -3.01895 120.952
      vertex 1.53126 -2.02893 121.2
    endloop
  endfacet
  facet normal 0 0.337035 -0.941492
    outer loop
      vertex -82.5 -3.01895 120.952
      vertex -1.85493 -3.9799 120.608
      vertex -82.5 -3.9799 120.608
    endloop
  endfacet
  facet normal 0 0.337035 -0.941492
    outer loop
      vertex -1.85493 -3.9799 120.608
      vertex -82.5 -3.01895 120.952
      vertex -1.66688 -3.01895 120.952
    endloop
  endfacet
  facet normal 0 0.337035 -0.941492
    outer loop
      vertex 1.85493 -3.9799 120.608
      vertex 57 -3.01895 120.952
      vertex 57 -3.9799 120.608
    endloop
  endfacet
  facet normal 0 0.337035 -0.941492
    outer loop
      vertex 57 -3.01895 120.952
      vertex 1.85493 -3.9799 120.608
      vertex 1.66688 -3.01895 120.952
    endloop
  endfacet
  facet normal 0 0.427265 -0.904126
    outer loop
      vertex -82.5 -3.9799 120.608
      vertex -2.09359 -4.90251 120.172
      vertex -82.5 -4.90251 120.172
    endloop
  endfacet
  facet normal 0 0.427265 -0.904126
    outer loop
      vertex -2.09359 -4.90251 120.172
      vertex -82.5 -3.9799 120.608
      vertex -1.85493 -3.9799 120.608
    endloop
  endfacet
  facet normal 0 0.427265 -0.904126
    outer loop
      vertex 2.09359 -4.90251 120.172
      vertex 57 -3.9799 120.608
      vertex 57 -4.90251 120.172
    endloop
  endfacet
  facet normal 0 0.427265 -0.904126
    outer loop
      vertex 57 -3.9799 120.608
      vertex 2.09359 -4.90251 120.172
      vertex 1.85493 -3.9799 120.608
    endloop
  endfacet
  facet normal 0 0.514319 -0.857599
    outer loop
      vertex -82.5 -4.90251 120.172
      vertex -2.38054 -5.77792 119.647
      vertex -82.5 -5.77792 119.647
    endloop
  endfacet
  facet normal 0 0.514319 -0.857599
    outer loop
      vertex -2.38054 -5.77792 119.647
      vertex -82.5 -4.90251 120.172
      vertex -2.09359 -4.90251 120.172
    endloop
  endfacet
  facet normal 0 0.514319 -0.857599
    outer loop
      vertex 2.38054 -5.77792 119.647
      vertex 57 -4.90251 120.172
      vertex 57 -5.77792 119.647
    endloop
  endfacet
  facet normal 0 0.514319 -0.857599
    outer loop
      vertex 57 -4.90251 120.172
      vertex 2.38054 -5.77792 119.647
      vertex 2.09359 -4.90251 120.172
    endloop
  endfacet
  facet normal 0 0.59571 -0.8032
    outer loop
      vertex -82.5 -5.77792 119.647
      vertex -2.71305 -6.59769 119.039
      vertex -82.5 -6.59769 119.039
    endloop
  endfacet
  facet normal 0 0.59571 -0.8032
    outer loop
      vertex -2.71305 -6.59769 119.039
      vertex -82.5 -5.77792 119.647
      vertex -2.38054 -5.77792 119.647
    endloop
  endfacet
  facet normal 0 0.59571 -0.8032
    outer loop
      vertex 2.71305 -6.59769 119.039
      vertex 57 -5.77792 119.647
      vertex 57 -6.59769 119.039
    endloop
  endfacet
  facet normal 0 0.59571 -0.8032
    outer loop
      vertex 57 -5.77792 119.647
      vertex 2.71305 -6.59769 119.039
      vertex 2.38054 -5.77792 119.647
    endloop
  endfacet
  facet normal 0 0.67135 -0.741141
    outer loop
      vertex -82.5 -6.59769 119.039
      vertex -3.08791 -7.3539 118.354
      vertex -82.5 -7.3539 118.354
    endloop
  endfacet
  facet normal 0 0.67135 -0.741141
    outer loop
      vertex -3.08791 -7.3539 118.354
      vertex -82.5 -6.59769 119.039
      vertex -2.71305 -6.59769 119.039
    endloop
  endfacet
  facet normal 0 0.67135 -0.741141
    outer loop
      vertex 3.08791 -7.3539 118.354
      vertex 57 -6.59769 119.039
      vertex 57 -7.3539 118.354
    endloop
  endfacet
  facet normal 0 0.67135 -0.741141
    outer loop
      vertex 57 -6.59769 119.039
      vertex 3.08791 -7.3539 118.354
      vertex 2.71305 -6.59769 119.039
    endloop
  endfacet
  facet normal 0 0.740848 -0.671673
    outer loop
      vertex -3.50148 -8.03931 117.598
      vertex -82.5 -7.3539 118.354
      vertex -3.08791 -7.3539 118.354
    endloop
  endfacet
  facet normal 0 0.740848 -0.671673
    outer loop
      vertex -82.5 -7.3539 118.354
      vertex -3.50148 -8.03931 117.598
      vertex -82.5 -8.03931 117.598
    endloop
  endfacet
  facet normal 0 0.740848 -0.671673
    outer loop
      vertex 3.50148 -8.03931 117.598
      vertex 57 -7.3539 118.354
      vertex 57 -8.03931 117.598
    endloop
  endfacet
  facet normal 0 0.740848 -0.671673
    outer loop
      vertex 57 -7.3539 118.354
      vertex 3.50148 -8.03931 117.598
      vertex 3.08791 -7.3539 118.354
    endloop
  endfacet
  facet normal 0 0.803294 -0.595583
    outer loop
      vertex -3.94982 -8.64728 116.778
      vertex -82.5 -8.03931 117.598
      vertex -3.50148 -8.03931 117.598
    endloop
  endfacet
  facet normal 0 0.803294 -0.595583
    outer loop
      vertex -82.5 -8.03931 117.598
      vertex -3.94982 -8.64728 116.778
      vertex -82.5 -8.64728 116.778
    endloop
  endfacet
  facet normal 0 0.803294 -0.595583
    outer loop
      vertex 3.94982 -8.64728 116.778
      vertex 57 -8.03931 117.598
      vertex 57 -8.64728 116.778
    endloop
  endfacet
  facet normal 0 0.803294 -0.595583
    outer loop
      vertex 57 -8.03931 117.598
      vertex 3.94982 -8.64728 116.778
      vertex 3.50148 -8.03931 117.598
    endloop
  endfacet
  facet normal 0 0.857627 -0.514272
    outer loop
      vertex -4.42859 -9.17197 115.903
      vertex -82.5 -8.64728 116.778
      vertex -3.94982 -8.64728 116.778
    endloop
  endfacet
  facet normal 0 0.857627 -0.514272
    outer loop
      vertex -82.5 -8.64728 116.778
      vertex -4.42859 -9.17197 115.903
      vertex -82.5 -9.17197 115.903
    endloop
  endfacet
  facet normal 0 0.857627 -0.514272
    outer loop
      vertex 4.42859 -9.17197 115.903
      vertex 57 -8.64728 116.778
      vertex 57 -9.17197 115.903
    endloop
  endfacet
  facet normal 0 0.857627 -0.514272
    outer loop
      vertex 57 -8.64728 116.778
      vertex 4.42859 -9.17197 115.903
      vertex 3.94982 -8.64728 116.778
    endloop
  endfacet
  facet normal -0.00505596 0.905472 -0.424377
    outer loop
      vertex -5.02457 -9.5404 115.124
      vertex -4.42859 -9.17197 115.903
      vertex -4.59605 -9.31679 115.596
    endloop
  endfacet
  facet normal 0 0.903994 -0.427546
    outer loop
      vertex -4.42859 -9.17197 115.903
      vertex -5.02457 -9.5404 115.124
      vertex -82.5 -9.17197 115.903
    endloop
  endfacet
  facet normal 1.03527e-05 0.904391 -0.426704
    outer loop
      vertex -5.1311 -9.60834 114.98
      vertex -82.5 -9.17197 115.903
      vertex -5.02457 -9.5404 115.124
    endloop
  endfacet
  facet normal 0 0.904056 -0.427414
    outer loop
      vertex -82.5 -9.17197 115.903
      vertex -5.1311 -9.60834 114.98
      vertex -82.5 -9.60834 114.98
    endloop
  endfacet
  facet normal 0 0.903994 -0.427546
    outer loop
      vertex 5.02457 -9.5404 115.124
      vertex 4.42859 -9.17197 115.903
      vertex 57 -9.17197 115.903
    endloop
  endfacet
  facet normal 0.00505596 0.905472 -0.424377
    outer loop
      vertex 4.42859 -9.17197 115.903
      vertex 5.02457 -9.5404 115.124
      vertex 4.59605 -9.31679 115.596
    endloop
  endfacet
  facet normal 0 0.904056 -0.427414
    outer loop
      vertex 5.1311 -9.60834 114.98
      vertex 57 -9.17197 115.903
      vertex 57 -9.60834 114.98
    endloop
  endfacet
  facet normal -1.53762e-05 0.90439 -0.426707
    outer loop
      vertex 57 -9.17197 115.903
      vertex 5.1311 -9.60834 114.98
      vertex 5.02457 -9.5404 115.124
    endloop
  endfacet
  facet normal 0 0.941633 -0.33664
    outer loop
      vertex -5.40454 -9.74026 114.611
      vertex -82.5 -9.60834 114.98
      vertex -5.1311 -9.60834 114.98
    endloop
  endfacet
  facet normal -1.75626e-06 0.941517 -0.336966
    outer loop
      vertex -5.73248 -9.93603 114.064
      vertex -82.5 -9.60834 114.98
      vertex -5.40454 -9.74026 114.611
    endloop
  endfacet
  facet normal -1.28284e-05 0.941222 -0.337788
    outer loop
      vertex -5.75382 -9.95218 114.019
      vertex -82.5 -9.60834 114.98
      vertex -5.73248 -9.93603 114.064
    endloop
  endfacet
  facet normal 0 0.941548 -0.33688
    outer loop
      vertex -82.5 -9.60834 114.98
      vertex -5.75382 -9.95218 114.019
      vertex -82.5 -9.95218 114.019
    endloop
  endfacet
  facet normal 0 0.941633 -0.33664
    outer loop
      vertex 57 -9.60834 114.98
      vertex 5.40454 -9.74026 114.611
      vertex 5.1311 -9.60834 114.98
    endloop
  endfacet
  facet normal 2.62055e-06 0.941517 -0.336965
    outer loop
      vertex 57 -9.60834 114.98
      vertex 5.73248 -9.93603 114.064
      vertex 5.40454 -9.74026 114.611
    endloop
  endfacet
  facet normal 0 0.941548 -0.33688
    outer loop
      vertex 5.75382 -9.95218 114.019
      vertex 57 -9.60834 114.98
      vertex 57 -9.95218 114.019
    endloop
  endfacet
  facet normal 1.91555e-05 0.941223 -0.337785
    outer loop
      vertex 57 -9.60834 114.98
      vertex 5.75382 -9.95218 114.019
      vertex 5.73248 -9.93603 114.064
    endloop
  endfacet
  facet normal 0 0.970091 -0.242742
    outer loop
      vertex -6.0052 -10.0853 113.487
      vertex -82.5 -9.95218 114.019
      vertex -5.75382 -9.95218 114.019
    endloop
  endfacet
  facet normal -4.35898e-06 0.969943 -0.243331
    outer loop
      vertex -6.16927 -10.2002 113.029
      vertex -82.5 -9.95218 114.019
      vertex -6.0052 -10.0853 113.487
    endloop
  endfacet
  facet normal 0 0.970022 -0.243015
    outer loop
      vertex -82.5 -9.95218 114.019
      vertex -6.16927 -10.2002 113.029
      vertex -82.5 -10.2002 113.029
    endloop
  endfacet
  facet normal 0 0.970091 -0.242742
    outer loop
      vertex 57 -9.95218 114.019
      vertex 6.0052 -10.0853 113.487
      vertex 5.75382 -9.95218 114.019
    endloop
  endfacet
  facet normal 0 0.970022 -0.243015
    outer loop
      vertex 6.16927 -10.2002 113.029
      vertex 57 -9.95218 114.019
      vertex 57 -10.2002 113.029
    endloop
  endfacet
  facet normal 6.53058e-06 0.969943 -0.243331
    outer loop
      vertex 57 -9.95218 114.019
      vertex 6.16927 -10.2002 113.029
      vertex 6.0052 -10.0853 113.487
    endloop
  endfacet
  facet normal 0 0.989241 -0.146296
    outer loop
      vertex -6.22011 -10.2212 112.887
      vertex -82.5 -10.2002 113.029
      vertex -6.16927 -10.2002 113.029
    endloop
  endfacet
  facet normal -7.66397e-07 0.989181 -0.146699
    outer loop
      vertex -6.37509 -10.313 112.268
      vertex -82.5 -10.2002 113.029
      vertex -6.22011 -10.2212 112.887
    endloop
  endfacet
  facet normal 3.28287e-07 0.989197 -0.146592
    outer loop
      vertex -6.41199 -10.3499 112.019
      vertex -82.5 -10.2002 113.029
      vertex -6.37509 -10.313 112.268
    endloop
  endfacet
  facet normal 0 0.989193 -0.146616
    outer loop
      vertex -82.5 -10.2002 113.029
      vertex -6.41199 -10.3499 112.019
      vertex -82.5 -10.3499 112.019
    endloop
  endfacet
  facet normal 0 0.989241 -0.146296
    outer loop
      vertex 57 -10.2002 113.029
      vertex 6.22011 -10.2212 112.887
      vertex 6.16927 -10.2002 113.029
    endloop
  endfacet
  facet normal 1.15099e-06 0.989181 -0.146699
    outer loop
      vertex 57 -10.2002 113.029
      vertex 6.37509 -10.313 112.268
      vertex 6.22011 -10.2212 112.887
    endloop
  endfacet
  facet normal 0 0.989193 -0.146616
    outer loop
      vertex 6.41199 -10.3499 112.019
      vertex 57 -10.2002 113.029
      vertex 57 -10.3499 112.019
    endloop
  endfacet
  facet normal -4.9328e-07 0.989197 -0.146592
    outer loop
      vertex 57 -10.2002 113.029
      vertex 6.41199 -10.3499 112.019
      vertex 6.37509 -10.313 112.268
    endloop
  endfacet
  facet normal 0 0.998791 -0.0491552
    outer loop
      vertex -6.46869 -10.3687 111.637
      vertex -82.5 -10.3499 112.019
      vertex -6.41199 -10.3499 112.019
    endloop
  endfacet
  facet normal 3.91734e-07 0.998795 -0.0490774
    outer loop
      vertex -6.5 -10.4 111
      vertex -82.5 -10.3499 112.019
      vertex -6.46869 -10.3687 111.637
    endloop
  endfacet
  facet normal 0 0.998794 -0.0491065
    outer loop
      vertex -82.5 -10.3499 112.019
      vertex -6.5 -10.4 111
      vertex -82.5 -10.4 111
    endloop
  endfacet
  facet normal 0 0.998791 -0.0491552
    outer loop
      vertex 57 -10.3499 112.019
      vertex 6.46869 -10.3687 111.637
      vertex 6.41199 -10.3499 112.019
    endloop
  endfacet
  facet normal 0 0.998794 -0.0491065
    outer loop
      vertex 6.5 -10.4 111
      vertex 57 -10.3499 112.019
      vertex 57 -10.4 111
    endloop
  endfacet
  facet normal -5.89344e-07 0.998795 -0.0490774
    outer loop
      vertex 57 -10.3499 112.019
      vertex 6.5 -10.4 111
      vertex 6.46869 -10.3687 111.637
    endloop
  endfacet
  facet normal 3.91734e-07 0.998795 0.0490774
    outer loop
      vertex -82.5 -10.3499 109.981
      vertex -6.5 -10.4 111
      vertex -6.46869 -10.3687 110.363
    endloop
  endfacet
  facet normal -0 0.998791 0.0491552
    outer loop
      vertex -82.5 -10.3499 109.981
      vertex -6.46869 -10.3687 110.363
      vertex -6.41199 -10.3499 109.981
    endloop
  endfacet
  facet normal 0 0.998794 0.0491065
    outer loop
      vertex -6.5 -10.4 111
      vertex -82.5 -10.3499 109.981
      vertex -82.5 -10.4 111
    endloop
  endfacet
  facet normal 0 0.998794 0.0491065
    outer loop
      vertex 57 -10.3499 109.981
      vertex 6.5 -10.4 111
      vertex 57 -10.4 111
    endloop
  endfacet
  facet normal -5.89344e-07 0.998795 0.0490774
    outer loop
      vertex 6.5 -10.4 111
      vertex 57 -10.3499 109.981
      vertex 6.46869 -10.3687 110.363
    endloop
  endfacet
  facet normal 0 0.998791 0.0491552
    outer loop
      vertex 6.46869 -10.3687 110.363
      vertex 57 -10.3499 109.981
      vertex 6.41199 -10.3499 109.981
    endloop
  endfacet
  facet normal 1 -0 0
    outer loop
      vertex 57 7.35406 118.354
      vertex 57 12 118
      vertex 57 8.76833 119.768
    endloop
  endfacet
  facet normal 1 0 0
    outer loop
      vertex 57 7.3539 118.354
      vertex 57 8.76833 119.768
      vertex 57 8.76811 119.768
    endloop
  endfacet
  facet normal 1 0 0
    outer loop
      vertex 57 7.3539 118.354
      vertex 57 8.76811 119.768
      vertex 57 7.86647 120.585
    endloop
  endfacet
  facet normal 1 0 0
    outer loop
      vertex 57 12 118
      vertex 57 7.35406 118.354
      vertex 57 12 115.813
    endloop
  endfacet
  facet normal 1 0 0
    outer loop
      vertex 57 8.76833 119.768
      vertex 57 7.3539 118.354
      vertex 57 7.35406 118.354
    endloop
  endfacet
  facet normal 1 0 0
    outer loop
      vertex 57 6.59769 119.039
      vertex 57 7.86647 120.585
      vertex 57 6.88907 121.31
    endloop
  endfacet
  facet normal 1 0 0
    outer loop
      vertex 57 7.86647 120.585
      vertex 57 6.59769 119.039
      vertex 57 7.3539 118.354
    endloop
  endfacet
  facet normal 1 0 0
    outer loop
      vertex 57 5.77792 119.647
      vertex 57 6.88907 121.31
      vertex 57 5.84531 121.936
    endloop
  endfacet
  facet normal 1 0 0
    outer loop
      vertex 57 6.88907 121.31
      vertex 57 5.77792 119.647
      vertex 57 6.59769 119.039
    endloop
  endfacet
  facet normal 1 0 0
    outer loop
      vertex 57 5.84531 121.936
      vertex 57 4.90251 120.172
      vertex 57 5.77792 119.647
    endloop
  endfacet
  facet normal 1 0 0
    outer loop
      vertex 57 4.74527 122.456
      vertex 57 4.90251 120.172
      vertex 57 5.84531 121.936
    endloop
  endfacet
  facet normal 1 0 0
    outer loop
      vertex 57 4.74527 122.456
      vertex 57 3.9799 120.608
      vertex 57 4.90251 120.172
    endloop
  endfacet
  facet normal 1 0 0
    outer loop
      vertex 57 3.59952 122.866
      vertex 57 3.9799 120.608
      vertex 57 4.74527 122.456
    endloop
  endfacet
  facet normal 1 0 0
    outer loop
      vertex 57 3.59952 122.866
      vertex 57 3.01895 120.952
      vertex 57 3.9799 120.608
    endloop
  endfacet
  facet normal 1 0 0
    outer loop
      vertex 57 2.41911 123.162
      vertex 57 3.01895 120.952
      vertex 57 3.59952 122.866
    endloop
  endfacet
  facet normal 1 0 0
    outer loop
      vertex 57 2.41911 123.162
      vertex 57 2.02893 121.2
      vertex 57 3.01895 120.952
    endloop
  endfacet
  facet normal 1 0 0
    outer loop
      vertex 57 1.21541 123.34
      vertex 57 2.02893 121.2
      vertex 57 2.41911 123.162
    endloop
  endfacet
  facet normal 1 0 0
    outer loop
      vertex 57 1.21541 123.34
      vertex 57 1.01936 121.35
      vertex 57 2.02893 121.2
    endloop
  endfacet
  facet normal 1 0 0
    outer loop
      vertex 57 0 123.4
      vertex 57 1.01936 121.35
      vertex 57 1.21541 123.34
    endloop
  endfacet
  facet normal 1 0 0
    outer loop
      vertex 57 0 123.4
      vertex 57 0 121.4
      vertex 57 1.01936 121.35
    endloop
  endfacet
  facet normal 1 0 0
    outer loop
      vertex 57 0 123.4
      vertex 57 -1.01936 121.35
      vertex 57 0 121.4
    endloop
  endfacet
  facet normal 1 -0 0
    outer loop
      vertex 57 -1.21541 123.34
      vertex 57 -1.01936 121.35
      vertex 57 0 123.4
    endloop
  endfacet
  facet normal 1 0 0
    outer loop
      vertex 57 -1.21541 123.34
      vertex 57 -2.02893 121.2
      vertex 57 -1.01936 121.35
    endloop
  endfacet
  facet normal 1 -0 0
    outer loop
      vertex 57 -2.41911 123.162
      vertex 57 -2.02893 121.2
      vertex 57 -1.21541 123.34
    endloop
  endfacet
  facet normal 1 0 0
    outer loop
      vertex 57 -2.41911 123.162
      vertex 57 -3.01895 120.952
      vertex 57 -2.02893 121.2
    endloop
  endfacet
  facet normal 1 -0 0
    outer loop
      vertex 57 -3.59952 122.866
      vertex 57 -3.01895 120.952
      vertex 57 -2.41911 123.162
    endloop
  endfacet
  facet normal 1 0 0
    outer loop
      vertex 57 -3.59952 122.866
      vertex 57 -3.9799 120.608
      vertex 57 -3.01895 120.952
    endloop
  endfacet
  facet normal 1 -0 0
    outer loop
      vertex 57 -4.74527 122.456
      vertex 57 -3.9799 120.608
      vertex 57 -3.59952 122.866
    endloop
  endfacet
  facet normal 1 0 0
    outer loop
      vertex 57 -4.74527 122.456
      vertex 57 -4.90251 120.172
      vertex 57 -3.9799 120.608
    endloop
  endfacet
  facet normal 1 -0 0
    outer loop
      vertex 57 -5.84531 121.936
      vertex 57 -4.90251 120.172
      vertex 57 -4.74527 122.456
    endloop
  endfacet
  facet normal 1 0 0
    outer loop
      vertex 57 -4.90251 120.172
      vertex 57 -5.84531 121.936
      vertex 57 -5.77792 119.647
    endloop
  endfacet
  facet normal 1 -0 0
    outer loop
      vertex 57 -6.88907 121.31
      vertex 57 -5.77792 119.647
      vertex 57 -5.84531 121.936
    endloop
  endfacet
  facet normal 1 0 0
    outer loop
      vertex 57 -5.77792 119.647
      vertex 57 -6.88907 121.31
      vertex 57 -6.59769 119.039
    endloop
  endfacet
  facet normal 1 -0 0
    outer loop
      vertex 57 -7.86647 120.585
      vertex 57 -6.59769 119.039
      vertex 57 -6.88907 121.31
    endloop
  endfacet
  facet normal 1 0 0
    outer loop
      vertex 57 -6.59769 119.039
      vertex 57 -7.86647 120.585
      vertex 57 -7.3539 118.354
    endloop
  endfacet
  facet normal 1 -0 0
    outer loop
      vertex 57 -8.76811 119.768
      vertex 57 -7.3539 118.354
      vertex 57 -7.86647 120.585
    endloop
  endfacet
  facet normal 1 0 0
    outer loop
      vertex 57 -7.3539 118.354
      vertex 57 -8.76811 119.768
      vertex 57 -8.03931 117.598
    endloop
  endfacet
  facet normal 1 -0 0
    outer loop
      vertex 57 -9.58533 118.866
      vertex 57 -8.03931 117.598
      vertex 57 -8.76811 119.768
    endloop
  endfacet
  facet normal 1 0 0
    outer loop
      vertex 57 -8.03931 117.598
      vertex 57 -9.58533 118.866
      vertex 57 -8.64728 116.778
    endloop
  endfacet
  facet normal 1 -0 0
    outer loop
      vertex 57 -10.3102 117.889
      vertex 57 -8.64728 116.778
      vertex 57 -9.58533 118.866
    endloop
  endfacet
  facet normal 1 0 0
    outer loop
      vertex 57 -8.64728 116.778
      vertex 57 -10.3102 117.889
      vertex 57 -9.17197 115.903
    endloop
  endfacet
  facet normal 1 -0 0
    outer loop
      vertex 57 -10.9358 116.845
      vertex 57 -9.17197 115.903
      vertex 57 -10.3102 117.889
    endloop
  endfacet
  facet normal 1 0 0
    outer loop
      vertex 57 -9.17197 115.903
      vertex 57 -10.9358 116.845
      vertex 57 -9.60834 114.98
    endloop
  endfacet
  facet normal 1 -0 0
    outer loop
      vertex 57 -11.4561 115.745
      vertex 57 -9.60834 114.98
      vertex 57 -10.9358 116.845
    endloop
  endfacet
  facet normal 1 0 0
    outer loop
      vertex 57 -9.60834 114.98
      vertex 57 -11.4561 115.745
      vertex 57 -9.95218 114.019
    endloop
  endfacet
  facet normal 1 -0 0
    outer loop
      vertex 57 -11.8661 114.6
      vertex 57 -9.95218 114.019
      vertex 57 -11.4561 115.745
    endloop
  endfacet
  facet normal 1 -0 0
    outer loop
      vertex 57 -12 114.065
      vertex 57 -9.95218 114.019
      vertex 57 -11.8661 114.6
    endloop
  endfacet
  facet normal 1 0 0
    outer loop
      vertex 57 7.35406 103.646
      vertex 57 12 104
      vertex 57 12 106.187
    endloop
  endfacet
  facet normal 1 0 0
    outer loop
      vertex 57 12 104
      vertex 57 7.35406 103.646
      vertex 57 8.76833 102.232
    endloop
  endfacet
  facet normal 1 -0 0
    outer loop
      vertex 57 7.3539 103.646
      vertex 57 8.76833 102.232
      vertex 57 7.35406 103.646
    endloop
  endfacet
  facet normal 1 0 0
    outer loop
      vertex 57 8.76833 102.232
      vertex 57 7.3539 103.646
      vertex 57 8.76811 102.232
    endloop
  endfacet
  facet normal 1 0 0
    outer loop
      vertex 57 8.76811 102.232
      vertex 57 7.3539 103.646
      vertex 57 7.86647 101.415
    endloop
  endfacet
  facet normal 1 -0 0
    outer loop
      vertex 57 6.59769 102.961
      vertex 57 7.86647 101.415
      vertex 57 7.3539 103.646
    endloop
  endfacet
  facet normal 1 0 0
    outer loop
      vertex 57 7.86647 101.415
      vertex 57 6.59769 102.961
      vertex 57 6.88907 100.69
    endloop
  endfacet
  facet normal 1 -0 0
    outer loop
      vertex 57 5.77792 102.353
      vertex 57 6.88907 100.69
      vertex 57 6.59769 102.961
    endloop
  endfacet
  facet normal 1 0 0
    outer loop
      vertex 57 6.88907 100.69
      vertex 57 5.77792 102.353
      vertex 57 5.84531 100.064
    endloop
  endfacet
  facet normal 1 -0 0
    outer loop
      vertex 57 4.90251 101.828
      vertex 57 5.84531 100.064
      vertex 57 5.77792 102.353
    endloop
  endfacet
  facet normal 1 0 0
    outer loop
      vertex 57 4.90251 101.828
      vertex 57 4.74527 99.5439
      vertex 57 5.84531 100.064
    endloop
  endfacet
  facet normal 1 -0 0
    outer loop
      vertex 57 3.9799 101.392
      vertex 57 4.74527 99.5439
      vertex 57 4.90251 101.828
    endloop
  endfacet
  facet normal 1 0 0
    outer loop
      vertex 57 3.9799 101.392
      vertex 57 3.59952 99.1339
      vertex 57 4.74527 99.5439
    endloop
  endfacet
  facet normal 1 -0 0
    outer loop
      vertex 57 3.01895 101.048
      vertex 57 3.59952 99.1339
      vertex 57 3.9799 101.392
    endloop
  endfacet
  facet normal 1 0 0
    outer loop
      vertex 57 3.01895 101.048
      vertex 57 2.41911 98.8383
      vertex 57 3.59952 99.1339
    endloop
  endfacet
  facet normal 1 -0 0
    outer loop
      vertex 57 2.02893 100.8
      vertex 57 2.41911 98.8383
      vertex 57 3.01895 101.048
    endloop
  endfacet
  facet normal 1 0 0
    outer loop
      vertex 57 2.02893 100.8
      vertex 57 1.21541 98.6597
      vertex 57 2.41911 98.8383
    endloop
  endfacet
  facet normal 1 -0 0
    outer loop
      vertex 57 1.01936 100.65
      vertex 57 1.21541 98.6597
      vertex 57 2.02893 100.8
    endloop
  endfacet
  facet normal 1 -0 0
    outer loop
      vertex 57 0 100.6
      vertex 57 1.21541 98.6597
      vertex 57 1.01936 100.65
    endloop
  endfacet
  facet normal 1 0 0
    outer loop
      vertex 57 0 100.6
      vertex 57 0 98.6
      vertex 57 1.21541 98.6597
    endloop
  endfacet
  facet normal 1 0 0
    outer loop
      vertex 57 -1.01936 100.65
      vertex 57 0 98.6
      vertex 57 0 100.6
    endloop
  endfacet
  facet normal 1 0 0
    outer loop
      vertex 57 -1.01936 100.65
      vertex 57 -1.21541 98.6597
      vertex 57 0 98.6
    endloop
  endfacet
  facet normal 1 0 0
    outer loop
      vertex 57 -2.02893 100.8
      vertex 57 -1.21541 98.6597
      vertex 57 -1.01936 100.65
    endloop
  endfacet
  facet normal 1 0 0
    outer loop
      vertex 57 -2.02893 100.8
      vertex 57 -2.41911 98.8383
      vertex 57 -1.21541 98.6597
    endloop
  endfacet
  facet normal 1 0 0
    outer loop
      vertex 57 -3.01895 101.048
      vertex 57 -2.41911 98.8383
      vertex 57 -2.02893 100.8
    endloop
  endfacet
  facet normal 1 0 0
    outer loop
      vertex 57 -3.01895 101.048
      vertex 57 -3.59952 99.1339
      vertex 57 -2.41911 98.8383
    endloop
  endfacet
  facet normal 1 0 0
    outer loop
      vertex 57 -3.9799 101.392
      vertex 57 -3.59952 99.1339
      vertex 57 -3.01895 101.048
    endloop
  endfacet
  facet normal 1 0 0
    outer loop
      vertex 57 -3.9799 101.392
      vertex 57 -4.74527 99.5439
      vertex 57 -3.59952 99.1339
    endloop
  endfacet
  facet normal 1 0 0
    outer loop
      vertex 57 -4.90251 101.828
      vertex 57 -4.74527 99.5439
      vertex 57 -3.9799 101.392
    endloop
  endfacet
  facet normal 1 0 0
    outer loop
      vertex 57 -5.84531 100.064
      vertex 57 -4.90251 101.828
      vertex 57 -5.77792 102.353
    endloop
  endfacet
  facet normal 1 0 0
    outer loop
      vertex 57 -4.90251 101.828
      vertex 57 -5.84531 100.064
      vertex 57 -4.74527 99.5439
    endloop
  endfacet
  facet normal 1 0 0
    outer loop
      vertex 57 -6.88907 100.69
      vertex 57 -5.77792 102.353
      vertex 57 -6.59769 102.961
    endloop
  endfacet
  facet normal 1 0 0
    outer loop
      vertex 57 -5.77792 102.353
      vertex 57 -6.88907 100.69
      vertex 57 -5.84531 100.064
    endloop
  endfacet
  facet normal 1 0 0
    outer loop
      vertex 57 -7.86647 101.415
      vertex 57 -6.59769 102.961
      vertex 57 -7.3539 103.646
    endloop
  endfacet
  facet normal 1 0 0
    outer loop
      vertex 57 -6.59769 102.961
      vertex 57 -7.86647 101.415
      vertex 57 -6.88907 100.69
    endloop
  endfacet
  facet normal 1 0 0
    outer loop
      vertex 57 -8.76811 102.232
      vertex 57 -7.3539 103.646
      vertex 57 -8.03931 104.402
    endloop
  endfacet
  facet normal 1 0 0
    outer loop
      vertex 57 -9.58533 103.134
      vertex 57 -8.03931 104.402
      vertex 57 -8.64728 105.222
    endloop
  endfacet
  facet normal 1 0 0
    outer loop
      vertex 57 -7.3539 103.646
      vertex 57 -8.76811 102.232
      vertex 57 -7.86647 101.415
    endloop
  endfacet
  facet normal 1 0 0
    outer loop
      vertex 57 -10.3102 104.111
      vertex 57 -8.64728 105.222
      vertex 57 -9.17197 106.097
    endloop
  endfacet
  facet normal 1 0 0
    outer loop
      vertex 57 -8.03931 104.402
      vertex 57 -9.58533 103.134
      vertex 57 -8.76811 102.232
    endloop
  endfacet
  facet normal 1 0 0
    outer loop
      vertex 57 -10.9358 105.155
      vertex 57 -9.17197 106.097
      vertex 57 -9.60834 107.02
    endloop
  endfacet
  facet normal 1 0 0
    outer loop
      vertex 57 -11.4561 106.255
      vertex 57 -9.60834 107.02
      vertex 57 -9.95218 107.981
    endloop
  endfacet
  facet normal 1 0 0
    outer loop
      vertex 57 -12 107.935
      vertex 57 -9.95218 107.981
      vertex 57 -10.2002 108.971
    endloop
  endfacet
  facet normal 1 0 0
    outer loop
      vertex 57 -8.64728 105.222
      vertex 57 -10.3102 104.111
      vertex 57 -9.58533 103.134
    endloop
  endfacet
  facet normal 1 0 0
    outer loop
      vertex 57 -12 107.935
      vertex 57 -10.2002 108.971
      vertex 57 -10.3499 109.981
    endloop
  endfacet
  facet normal 1 0 0
    outer loop
      vertex 57 -12 107.935
      vertex 57 -10.3499 109.981
      vertex 57 -10.4 111
    endloop
  endfacet
  facet normal 1 0 0
    outer loop
      vertex 57 -9.95218 114.019
      vertex 57 -12 114.065
      vertex 57 -10.2002 113.029
    endloop
  endfacet
  facet normal 1 0 0
    outer loop
      vertex 57 -9.17197 106.097
      vertex 57 -10.9358 105.155
      vertex 57 -10.3102 104.111
    endloop
  endfacet
  facet normal 1 0 0
    outer loop
      vertex 57 -10.2002 113.029
      vertex 57 -12 114.065
      vertex 57 -10.3499 112.019
    endloop
  endfacet
  facet normal 1 0 0
    outer loop
      vertex 57 -12 107.935
      vertex 57 -10.4 111
      vertex 57 -12 114.065
    endloop
  endfacet
  facet normal 1 0 0
    outer loop
      vertex 57 -10.3499 112.019
      vertex 57 -12 114.065
      vertex 57 -10.4 111
    endloop
  endfacet
  facet normal 1 0 0
    outer loop
      vertex 57 -9.60834 107.02
      vertex 57 -11.4561 106.255
      vertex 57 -10.9358 105.155
    endloop
  endfacet
  facet normal 1 0 0
    outer loop
      vertex 57 -9.95218 107.981
      vertex 57 -12 107.935
      vertex 57 -11.8661 107.4
    endloop
  endfacet
  facet normal 1 0 0
    outer loop
      vertex 57 -9.95218 107.981
      vertex 57 -11.8661 107.4
      vertex 57 -11.4561 106.255
    endloop
  endfacet
  facet normal 0 0.970078 0.242792
    outer loop
      vertex 86 -11.8661 107.4
      vertex 57 -12 107.935
      vertex 86 -12 107.935
    endloop
  endfacet
  facet normal 0 0.970078 0.242792
    outer loop
      vertex 57 -12 107.935
      vertex 86 -11.8661 107.4
      vertex 57 -11.8661 107.4
    endloop
  endfacet
  facet normal 0 0.941463 0.337118
    outer loop
      vertex 86 -11.4561 106.255
      vertex 57 -11.8661 107.4
      vertex 86 -11.8661 107.4
    endloop
  endfacet
  facet normal 0 0.941463 0.337118
    outer loop
      vertex 57 -11.8661 107.4
      vertex 86 -11.4561 106.255
      vertex 57 -11.4561 106.255
    endloop
  endfacet
  facet normal 0 0.903977 0.427581
    outer loop
      vertex 86 -10.9358 105.155
      vertex 57 -11.4561 106.255
      vertex 86 -11.4561 106.255
    endloop
  endfacet
  facet normal 0 0.903977 0.427581
    outer loop
      vertex 57 -11.4561 106.255
      vertex 86 -10.9358 105.155
      vertex 57 -10.9358 105.155
    endloop
  endfacet
  facet normal 0 0.857783 0.514012
    outer loop
      vertex 86 -10.3102 104.111
      vertex 57 -10.9358 105.155
      vertex 86 -10.9358 105.155
    endloop
  endfacet
  facet normal 0 0.857783 0.514012
    outer loop
      vertex 57 -10.9358 105.155
      vertex 86 -10.3102 104.111
      vertex 57 -10.3102 104.111
    endloop
  endfacet
  facet normal 0 0.803098 0.595846
    outer loop
      vertex 86 -9.58533 103.134
      vertex 57 -10.3102 104.111
      vertex 86 -10.3102 104.111
    endloop
  endfacet
  facet normal 0 0.803098 0.595846
    outer loop
      vertex 57 -10.3102 104.111
      vertex 86 -9.58533 103.134
      vertex 57 -9.58533 103.134
    endloop
  endfacet
  facet normal 0 0.741076 0.671421
    outer loop
      vertex 86 -8.76811 102.232
      vertex 57 -9.58533 103.134
      vertex 86 -9.58533 103.134
    endloop
  endfacet
  facet normal 0 0.741076 0.671421
    outer loop
      vertex 57 -9.58533 103.134
      vertex 86 -8.76811 102.232
      vertex 57 -8.76811 102.232
    endloop
  endfacet
  facet normal -0 0.671469 0.741032
    outer loop
      vertex 57 -7.86647 101.415
      vertex 86 -8.76811 102.232
      vertex 86 -7.86647 101.415
    endloop
  endfacet
  facet normal 0 0.671469 0.741032
    outer loop
      vertex 86 -8.76811 102.232
      vertex 57 -7.86647 101.415
      vertex 57 -8.76811 102.232
    endloop
  endfacet
  facet normal -0 0.595758 0.803164
    outer loop
      vertex 57 -6.88907 100.69
      vertex 86 -7.86647 101.415
      vertex 86 -6.88907 100.69
    endloop
  endfacet
  facet normal 0 0.595758 0.803164
    outer loop
      vertex 86 -7.86647 101.415
      vertex 57 -6.88907 100.69
      vertex 57 -7.86647 101.415
    endloop
  endfacet
  facet normal -0 0.514341 0.857586
    outer loop
      vertex 57 -5.84531 100.064
      vertex 86 -6.88907 100.69
      vertex 86 -5.84531 100.064
    endloop
  endfacet
  facet normal 0 0.514341 0.857586
    outer loop
      vertex 86 -6.88907 100.69
      vertex 57 -5.84531 100.064
      vertex 57 -6.88907 100.69
    endloop
  endfacet
  facet normal -0 0.427434 0.904047
    outer loop
      vertex 57 -4.74527 99.5439
      vertex 86 -5.84531 100.064
      vertex 86 -4.74527 99.5439
    endloop
  endfacet
  facet normal 0 0.427434 0.904047
    outer loop
      vertex 86 -5.84531 100.064
      vertex 57 -4.74527 99.5439
      vertex 57 -5.84531 100.064
    endloop
  endfacet
  facet normal -0 0.336922 0.941533
    outer loop
      vertex 57 -3.59952 99.1339
      vertex 86 -4.74527 99.5439
      vertex 86 -3.59952 99.1339
    endloop
  endfacet
  facet normal 0 0.336922 0.941533
    outer loop
      vertex 86 -4.74527 99.5439
      vertex 57 -3.59952 99.1339
      vertex 57 -4.74527 99.5439
    endloop
  endfacet
  facet normal -0 0.24292 0.970046
    outer loop
      vertex 57 -2.41911 98.8383
      vertex 86 -3.59952 99.1339
      vertex 86 -2.41911 98.8383
    endloop
  endfacet
  facet normal 0 0.24292 0.970046
    outer loop
      vertex 86 -3.59952 99.1339
      vertex 57 -2.41911 98.8383
      vertex 57 -3.59952 99.1339
    endloop
  endfacet
  facet normal -0 0.146769 0.989171
    outer loop
      vertex 57 -1.21541 98.6597
      vertex 86 -2.41911 98.8383
      vertex 86 -1.21541 98.6597
    endloop
  endfacet
  facet normal 0 0.146769 0.989171
    outer loop
      vertex 86 -2.41911 98.8383
      vertex 57 -1.21541 98.6597
      vertex 57 -2.41911 98.8383
    endloop
  endfacet
  facet normal -0 0.0490601 0.998796
    outer loop
      vertex 57 0 98.6
      vertex 86 -1.21541 98.6597
      vertex 86 0 98.6
    endloop
  endfacet
  facet normal 0 0.0490601 0.998796
    outer loop
      vertex 86 -1.21541 98.6597
      vertex 57 0 98.6
      vertex 57 -1.21541 98.6597
    endloop
  endfacet
  facet normal 0 -0.0490601 0.998796
    outer loop
      vertex 57 1.21541 98.6597
      vertex 86 0 98.6
      vertex 86 1.21541 98.6597
    endloop
  endfacet
  facet normal 0 -0.0490601 0.998796
    outer loop
      vertex 86 0 98.6
      vertex 57 1.21541 98.6597
      vertex 57 0 98.6
    endloop
  endfacet
  facet normal 0 -0.146769 0.989171
    outer loop
      vertex 57 2.41911 98.8383
      vertex 86 1.21541 98.6597
      vertex 86 2.41911 98.8383
    endloop
  endfacet
  facet normal 0 -0.146769 0.989171
    outer loop
      vertex 86 1.21541 98.6597
      vertex 57 2.41911 98.8383
      vertex 57 1.21541 98.6597
    endloop
  endfacet
  facet normal 0 -0.24292 0.970046
    outer loop
      vertex 57 3.59952 99.1339
      vertex 86 2.41911 98.8383
      vertex 86 3.59952 99.1339
    endloop
  endfacet
  facet normal 0 -0.24292 0.970046
    outer loop
      vertex 86 2.41911 98.8383
      vertex 57 3.59952 99.1339
      vertex 57 2.41911 98.8383
    endloop
  endfacet
  facet normal 0 -0.336922 0.941533
    outer loop
      vertex 57 4.74527 99.5439
      vertex 86 3.59952 99.1339
      vertex 86 4.74527 99.5439
    endloop
  endfacet
  facet normal 0 -0.336922 0.941533
    outer loop
      vertex 86 3.59952 99.1339
      vertex 57 4.74527 99.5439
      vertex 57 3.59952 99.1339
    endloop
  endfacet
  facet normal 0 -0.427434 0.904047
    outer loop
      vertex 57 5.84531 100.064
      vertex 86 4.74527 99.5439
      vertex 86 5.84531 100.064
    endloop
  endfacet
  facet normal 0 -0.427434 0.904047
    outer loop
      vertex 86 4.74527 99.5439
      vertex 57 5.84531 100.064
      vertex 57 4.74527 99.5439
    endloop
  endfacet
  facet normal 0 -0.514341 0.857586
    outer loop
      vertex 57 6.88907 100.69
      vertex 86 5.84531 100.064
      vertex 86 6.88907 100.69
    endloop
  endfacet
  facet normal 0 -0.514341 0.857586
    outer loop
      vertex 86 5.84531 100.064
      vertex 57 6.88907 100.69
      vertex 57 5.84531 100.064
    endloop
  endfacet
  facet normal 0 -0.595758 0.803164
    outer loop
      vertex 57 7.86647 101.415
      vertex 86 6.88907 100.69
      vertex 86 7.86647 101.415
    endloop
  endfacet
  facet normal 0 -0.595758 0.803164
    outer loop
      vertex 86 6.88907 100.69
      vertex 57 7.86647 101.415
      vertex 57 6.88907 100.69
    endloop
  endfacet
  facet normal 0 -0.671469 0.741032
    outer loop
      vertex 57 8.76811 102.232
      vertex 86 7.86647 101.415
      vertex 86 8.76811 102.232
    endloop
  endfacet
  facet normal 0 -0.671469 0.741032
    outer loop
      vertex 86 7.86647 101.415
      vertex 57 8.76811 102.232
      vertex 57 7.86647 101.415
    endloop
  endfacet
  facet normal 0 0 1
    outer loop
      vertex 57 8.76811 102.232
      vertex 86 8.76833 102.232
      vertex 57 8.76833 102.232
    endloop
  endfacet
  facet normal 0 0 1
    outer loop
      vertex 86 8.76833 102.232
      vertex 57 8.76811 102.232
      vertex 86 8.76811 102.232
    endloop
  endfacet
  facet normal 0 -0.479955 0.877293
    outer loop
      vertex 57 12 104
      vertex 86 8.76833 102.232
      vertex 86 12 104
    endloop
  endfacet
  facet normal 0 -0.479955 0.877293
    outer loop
      vertex 86 8.76833 102.232
      vertex 57 12 104
      vertex 57 8.76833 102.232
    endloop
  endfacet
  facet normal 0 -0.479955 -0.877293
    outer loop
      vertex 57 8.76833 119.768
      vertex 86 12 118
      vertex 86 8.76833 119.768
    endloop
  endfacet
  facet normal -0 -0.479955 -0.877293
    outer loop
      vertex 86 12 118
      vertex 57 8.76833 119.768
      vertex 57 12 118
    endloop
  endfacet
  facet normal 0 0 -1
    outer loop
      vertex 57 8.76833 119.768
      vertex 86 8.76811 119.768
      vertex 57 8.76811 119.768
    endloop
  endfacet
  facet normal 0 0 -1
    outer loop
      vertex 86 8.76811 119.768
      vertex 57 8.76833 119.768
      vertex 86 8.76833 119.768
    endloop
  endfacet
  facet normal 0 -0.671469 -0.741032
    outer loop
      vertex 57 7.86647 120.585
      vertex 86 8.76811 119.768
      vertex 86 7.86647 120.585
    endloop
  endfacet
  facet normal -0 -0.671469 -0.741032
    outer loop
      vertex 86 8.76811 119.768
      vertex 57 7.86647 120.585
      vertex 57 8.76811 119.768
    endloop
  endfacet
  facet normal 0 -0.595758 -0.803164
    outer loop
      vertex 57 6.88907 121.31
      vertex 86 7.86647 120.585
      vertex 86 6.88907 121.31
    endloop
  endfacet
  facet normal -0 -0.595758 -0.803164
    outer loop
      vertex 86 7.86647 120.585
      vertex 57 6.88907 121.31
      vertex 57 7.86647 120.585
    endloop
  endfacet
  facet normal 0 -0.514341 -0.857586
    outer loop
      vertex 57 5.84531 121.936
      vertex 86 6.88907 121.31
      vertex 86 5.84531 121.936
    endloop
  endfacet
  facet normal -0 -0.514341 -0.857586
    outer loop
      vertex 86 6.88907 121.31
      vertex 57 5.84531 121.936
      vertex 57 6.88907 121.31
    endloop
  endfacet
  facet normal 0 -0.427367 -0.904078
    outer loop
      vertex 57 4.74527 122.456
      vertex 86 5.84531 121.936
      vertex 86 4.74527 122.456
    endloop
  endfacet
  facet normal -0 -0.427367 -0.904078
    outer loop
      vertex 86 5.84531 121.936
      vertex 57 4.74527 122.456
      vertex 57 5.84531 121.936
    endloop
  endfacet
  facet normal 0 -0.336922 -0.941533
    outer loop
      vertex 57 3.59952 122.866
      vertex 86 4.74527 122.456
      vertex 86 3.59952 122.866
    endloop
  endfacet
  facet normal -0 -0.336922 -0.941533
    outer loop
      vertex 86 4.74527 122.456
      vertex 57 3.59952 122.866
      vertex 57 4.74527 122.456
    endloop
  endfacet
  facet normal 0 -0.24323 -0.969969
    outer loop
      vertex 57 2.41911 123.162
      vertex 86 3.59952 122.866
      vertex 86 2.41911 123.162
    endloop
  endfacet
  facet normal -0 -0.24323 -0.969969
    outer loop
      vertex 86 3.59952 122.866
      vertex 57 2.41911 123.162
      vertex 57 3.59952 122.866
    endloop
  endfacet
  facet normal 0 -0.146287 -0.989242
    outer loop
      vertex 57 1.21541 123.34
      vertex 86 2.41911 123.162
      vertex 86 1.21541 123.34
    endloop
  endfacet
  facet normal -0 -0.146287 -0.989242
    outer loop
      vertex 86 2.41911 123.162
      vertex 57 1.21541 123.34
      vertex 57 2.41911 123.162
    endloop
  endfacet
  facet normal 0 -0.049306 -0.998784
    outer loop
      vertex 57 0 123.4
      vertex 86 1.21541 123.34
      vertex 86 0 123.4
    endloop
  endfacet
  facet normal -0 -0.049306 -0.998784
    outer loop
      vertex 86 1.21541 123.34
      vertex 57 0 123.4
      vertex 57 1.21541 123.34
    endloop
  endfacet
  facet normal 0 0.049306 -0.998784
    outer loop
      vertex 57 -1.21541 123.34
      vertex 86 0 123.4
      vertex 86 -1.21541 123.34
    endloop
  endfacet
  facet normal 0 0.049306 -0.998784
    outer loop
      vertex 86 0 123.4
      vertex 57 -1.21541 123.34
      vertex 57 0 123.4
    endloop
  endfacet
  facet normal 0 0.146287 -0.989242
    outer loop
      vertex 57 -2.41911 123.162
      vertex 86 -1.21541 123.34
      vertex 86 -2.41911 123.162
    endloop
  endfacet
  facet normal 0 0.146287 -0.989242
    outer loop
      vertex 86 -1.21541 123.34
      vertex 57 -2.41911 123.162
      vertex 57 -1.21541 123.34
    endloop
  endfacet
  facet normal 0 0.24323 -0.969969
    outer loop
      vertex 57 -3.59952 122.866
      vertex 86 -2.41911 123.162
      vertex 86 -3.59952 122.866
    endloop
  endfacet
  facet normal 0 0.24323 -0.969969
    outer loop
      vertex 86 -2.41911 123.162
      vertex 57 -3.59952 122.866
      vertex 57 -2.41911 123.162
    endloop
  endfacet
  facet normal 0 0.336922 -0.941533
    outer loop
      vertex 57 -4.74527 122.456
      vertex 86 -3.59952 122.866
      vertex 86 -4.74527 122.456
    endloop
  endfacet
  facet normal 0 0.336922 -0.941533
    outer loop
      vertex 86 -3.59952 122.866
      vertex 57 -4.74527 122.456
      vertex 57 -3.59952 122.866
    endloop
  endfacet
  facet normal 0 0.427367 -0.904078
    outer loop
      vertex 57 -5.84531 121.936
      vertex 86 -4.74527 122.456
      vertex 86 -5.84531 121.936
    endloop
  endfacet
  facet normal 0 0.427367 -0.904078
    outer loop
      vertex 86 -4.74527 122.456
      vertex 57 -5.84531 121.936
      vertex 57 -4.74527 122.456
    endloop
  endfacet
  facet normal 0 0.514341 -0.857586
    outer loop
      vertex 57 -6.88907 121.31
      vertex 86 -5.84531 121.936
      vertex 86 -6.88907 121.31
    endloop
  endfacet
  facet normal 0 0.514341 -0.857586
    outer loop
      vertex 86 -5.84531 121.936
      vertex 57 -6.88907 121.31
      vertex 57 -5.84531 121.936
    endloop
  endfacet
  facet normal 0 0.595758 -0.803164
    outer loop
      vertex 57 -7.86647 120.585
      vertex 86 -6.88907 121.31
      vertex 86 -7.86647 120.585
    endloop
  endfacet
  facet normal 0 0.595758 -0.803164
    outer loop
      vertex 86 -6.88907 121.31
      vertex 57 -7.86647 120.585
      vertex 57 -6.88907 121.31
    endloop
  endfacet
  facet normal 0 0.671469 -0.741032
    outer loop
      vertex 57 -8.76811 119.768
      vertex 86 -7.86647 120.585
      vertex 86 -8.76811 119.768
    endloop
  endfacet
  facet normal 0 0.671469 -0.741032
    outer loop
      vertex 86 -7.86647 120.585
      vertex 57 -8.76811 119.768
      vertex 57 -7.86647 120.585
    endloop
  endfacet
  facet normal 0 0.741076 -0.671421
    outer loop
      vertex 86 -9.58533 118.866
      vertex 57 -8.76811 119.768
      vertex 86 -8.76811 119.768
    endloop
  endfacet
  facet normal 0 0.741076 -0.671421
    outer loop
      vertex 57 -8.76811 119.768
      vertex 86 -9.58533 118.866
      vertex 57 -9.58533 118.866
    endloop
  endfacet
  facet normal 0 0.803098 -0.595846
    outer loop
      vertex 86 -10.3102 117.889
      vertex 57 -9.58533 118.866
      vertex 86 -9.58533 118.866
    endloop
  endfacet
  facet normal 0 0.803098 -0.595846
    outer loop
      vertex 57 -9.58533 118.866
      vertex 86 -10.3102 117.889
      vertex 57 -10.3102 117.889
    endloop
  endfacet
  facet normal 0 0.857783 -0.514012
    outer loop
      vertex 86 -10.9358 116.845
      vertex 57 -10.3102 117.889
      vertex 86 -10.3102 117.889
    endloop
  endfacet
  facet normal 0 0.857783 -0.514012
    outer loop
      vertex 57 -10.3102 117.889
      vertex 86 -10.9358 116.845
      vertex 57 -10.9358 116.845
    endloop
  endfacet
  facet normal 0 0.903977 -0.427581
    outer loop
      vertex 86 -11.4561 115.745
      vertex 57 -10.9358 116.845
      vertex 86 -10.9358 116.845
    endloop
  endfacet
  facet normal 0 0.903977 -0.427581
    outer loop
      vertex 57 -10.9358 116.845
      vertex 86 -11.4561 115.745
      vertex 57 -11.4561 115.745
    endloop
  endfacet
  facet normal 0 0.941463 -0.337118
    outer loop
      vertex 86 -11.8661 114.6
      vertex 57 -11.4561 115.745
      vertex 86 -11.4561 115.745
    endloop
  endfacet
  facet normal 0 0.941463 -0.337118
    outer loop
      vertex 57 -11.4561 115.745
      vertex 86 -11.8661 114.6
      vertex 57 -11.8661 114.6
    endloop
  endfacet
  facet normal 0 0.970078 -0.242792
    outer loop
      vertex 86 -12 114.065
      vertex 57 -11.8661 114.6
      vertex 86 -11.8661 114.6
    endloop
  endfacet
  facet normal 0 0.970078 -0.242792
    outer loop
      vertex 57 -11.8661 114.6
      vertex 86 -12 114.065
      vertex 57 -12 114.065
    endloop
  endfacet
  facet normal 0 -1 -0
    outer loop
      vertex 0 0 124
      vertex -1.42197 0 121.4
      vertex 1.42197 0 121.4
    endloop
  endfacet
  facet normal -0.147348 0 0.989085
    outer loop
      vertex 0.6371 -12 104.531
      vertex 1.26808 -8.20439 104.625
      vertex 0.6371 -8.13498 104.531
    endloop
  endfacet
  facet normal -0.147348 0 0.989085
    outer loop
      vertex 1.26808 -8.20439 104.625
      vertex 0.6371 -12 104.531
      vertex 1.26808 -12 104.625
    endloop
  endfacet
  facet normal -0.242993 0 0.970028
    outer loop
      vertex 1.26808 -12 104.625
      vertex 1.88684 -8.31933 104.78
      vertex 1.26808 -8.20439 104.625
    endloop
  endfacet
  facet normal -0.242993 0 0.970028
    outer loop
      vertex 1.88684 -8.31933 104.78
      vertex 1.26808 -12 104.625
      vertex 1.88684 -12 104.78
    endloop
  endfacet
  facet normal -0.337031 0 0.941493
    outer loop
      vertex 1.88684 -12 104.78
      vertex 2.48744 -8.47872 104.995
      vertex 1.88684 -8.31933 104.78
    endloop
  endfacet
  facet normal -0.337031 0 0.941493
    outer loop
      vertex 2.48744 -8.47872 104.995
      vertex 1.88684 -12 104.78
      vertex 2.48744 -12 104.995
    endloop
  endfacet
  facet normal -0.431644 0.000794205 0.902044
    outer loop
      vertex 2.48744 -12 104.995
      vertex 3.06407 -8.67451 105.268
      vertex 2.96799 -8.64728 105.222
    endloop
  endfacet
  facet normal -0.42712 0 0.904195
    outer loop
      vertex 2.48744 -12 104.995
      vertex 2.96799 -8.64728 105.222
      vertex 2.48744 -8.47872 104.995
    endloop
  endfacet
  facet normal -0.427906 0 0.903823
    outer loop
      vertex 3.06407 -8.67451 105.268
      vertex 2.48744 -12 104.995
      vertex 3.06407 -12 105.268
    endloop
  endfacet
  facet normal -0.513014 0 0.85838
    outer loop
      vertex 3.06407 -12 105.268
      vertex 3.61121 -8.87107 105.595
      vertex 3.06407 -8.67451 105.268
    endloop
  endfacet
  facet normal -0.513014 0 0.85838
    outer loop
      vertex 3.61121 -8.87107 105.595
      vertex 3.06407 -12 105.268
      vertex 3.61121 -12 105.595
    endloop
  endfacet
  facet normal -0.595722 0 0.80319
    outer loop
      vertex 3.61121 -12 105.595
      vertex 4.12355 -9.09881 105.975
      vertex 3.61121 -8.87107 105.595
    endloop
  endfacet
  facet normal -0.595722 0 0.80319
    outer loop
      vertex 4.12355 -9.09881 105.975
      vertex 3.61121 -12 105.595
      vertex 4.12355 -12 105.975
    endloop
  endfacet
  facet normal -0.672359 8.45115e-05 0.740226
    outer loop
      vertex 4.12355 -12 105.975
      vertex 4.59619 -9.31685 106.404
      vertex 4.25822 -9.17197 106.097
    endloop
  endfacet
  facet normal -0.671384 0 0.741109
    outer loop
      vertex 4.12355 -12 105.975
      vertex 4.25822 -9.17197 106.097
      vertex 4.12355 -9.09881 105.975
    endloop
  endfacet
  facet normal -0.672096 0 0.740464
    outer loop
      vertex 4.59619 -9.31685 106.404
      vertex 4.12355 -12 105.975
      vertex 4.59619 -12 106.404
    endloop
  endfacet
  facet normal -0.740495 0 0.672062
    outer loop
      vertex 4.59619 -12 106.404
      vertex 5.02457 -9.5404 106.876
      vertex 4.59619 -9.31685 106.404
    endloop
  endfacet
  facet normal -0.740495 0 0.672062
    outer loop
      vertex 5.02457 -9.5404 106.876
      vertex 4.59619 -12 106.404
      vertex 5.02457 -12 106.876
    endloop
  endfacet
  facet normal -0.803922 0 0.594735
    outer loop
      vertex 5.02457 -12 106.876
      vertex 5.1311 -9.60834 107.02
      vertex 5.02457 -9.5404 106.876
    endloop
  endfacet
  facet normal -0.803456 -5.86337e-05 0.595364
    outer loop
      vertex 5.02457 -12 106.876
      vertex 5.40454 -9.74026 107.389
      vertex 5.1311 -9.60834 107.02
    endloop
  endfacet
  facet normal -0.80358 0 0.595197
    outer loop
      vertex 5.40454 -9.74026 107.389
      vertex 5.02457 -12 106.876
      vertex 5.40454 -12 107.389
    endloop
  endfacet
  facet normal -0.857673 0 0.514196
    outer loop
      vertex 5.40454 -12 107.389
      vertex 5.73248 -9.93603 107.936
      vertex 5.40454 -9.74026 107.389
    endloop
  endfacet
  facet normal -0.857673 0 0.514196
    outer loop
      vertex 5.73248 -9.93603 107.936
      vertex 5.40454 -12 107.389
      vertex 5.73248 -12 107.936
    endloop
  endfacet
  facet normal -0.90355 0 0.428483
    outer loop
      vertex 5.73248 -12 107.936
      vertex 5.75382 -9.95218 107.981
      vertex 5.73248 -9.93603 107.936
    endloop
  endfacet
  facet normal -0.904142 3.36588e-05 0.427232
    outer loop
      vertex 5.73248 -12 107.936
      vertex 6.0052 -10.0853 108.513
      vertex 5.75382 -9.95218 107.981
    endloop
  endfacet
  facet normal -0.904099 0 0.427324
    outer loop
      vertex 6.0052 -10.0853 108.513
      vertex 5.73248 -12 107.936
      vertex 6.0052 -12 108.513
    endloop
  endfacet
  facet normal -0.941417 0 0.337245
    outer loop
      vertex 6.0052 -12 108.513
      vertex 6.16927 -10.2002 108.971
      vertex 6.0052 -10.0853 108.513
    endloop
  endfacet
  facet normal -0.941431 1.15251e-05 0.337205
    outer loop
      vertex 6.22011 -12 109.113
      vertex 6.16927 -10.2002 108.971
      vertex 6.0052 -12 108.513
    endloop
  endfacet
  facet normal -0.941478 0 0.337076
    outer loop
      vertex 6.16927 -10.2002 108.971
      vertex 6.22011 -12 109.113
      vertex 6.22011 -10.2212 109.113
    endloop
  endfacet
  facet normal -0.970058 0 0.242875
    outer loop
      vertex 6.22011 -12 109.113
      vertex 6.37509 -10.313 109.732
      vertex 6.22011 -10.2212 109.113
    endloop
  endfacet
  facet normal -0.970058 0 0.242875
    outer loop
      vertex 6.37509 -10.313 109.732
      vertex 6.22011 -12 109.113
      vertex 6.37509 -12 109.732
    endloop
  endfacet
  facet normal -0.989197 0 0.146592
    outer loop
      vertex 6.37509 -12 109.732
      vertex 6.41199 -10.3499 109.981
      vertex 6.37509 -10.313 109.732
    endloop
  endfacet
  facet normal -0.989177 -2.13755e-05 0.14673
    outer loop
      vertex 6.46869 -12 110.363
      vertex 6.41199 -10.3499 109.981
      vertex 6.37509 -12 109.732
    endloop
  endfacet
  facet normal -0.989163 0 0.146821
    outer loop
      vertex 6.41199 -10.3499 109.981
      vertex 6.46869 -12 110.363
      vertex 6.46869 -10.3687 110.363
    endloop
  endfacet
  facet normal -0.998794 0 0.049093
    outer loop
      vertex 6.46869 -12 110.363
      vertex 6.5 -10.4 111
      vertex 6.46869 -10.3687 110.363
    endloop
  endfacet
  facet normal -0.998794 0 0.049093
    outer loop
      vertex 6.5 -10.4 111
      vertex 6.46869 -12 110.363
      vertex 6.5 -12 111
    endloop
  endfacet
  facet normal -0.998794 0 -0.049093
    outer loop
      vertex 6.46869 -12 111.637
      vertex 6.5 -10.4 111
      vertex 6.5 -12 111
    endloop
  endfacet
  facet normal -0.998794 0 -0.049093
    outer loop
      vertex 6.5 -10.4 111
      vertex 6.46869 -12 111.637
      vertex 6.46869 -10.3687 111.637
    endloop
  endfacet
  facet normal -0.989163 0 -0.146821
    outer loop
      vertex 6.46869 -12 111.637
      vertex 6.41199 -10.3499 112.019
      vertex 6.46869 -10.3687 111.637
    endloop
  endfacet
  facet normal -0.989177 -2.13755e-05 -0.14673
    outer loop
      vertex 6.37509 -12 112.268
      vertex 6.41199 -10.3499 112.019
      vertex 6.46869 -12 111.637
    endloop
  endfacet
  facet normal -0.989197 0 -0.146592
    outer loop
      vertex 6.41199 -10.3499 112.019
      vertex 6.37509 -12 112.268
      vertex 6.37509 -10.313 112.268
    endloop
  endfacet
  facet normal -0.970058 0 -0.242875
    outer loop
      vertex 6.22011 -12 112.887
      vertex 6.37509 -10.313 112.268
      vertex 6.37509 -12 112.268
    endloop
  endfacet
  facet normal -0.970058 0 -0.242875
    outer loop
      vertex 6.37509 -10.313 112.268
      vertex 6.22011 -12 112.887
      vertex 6.22011 -10.2212 112.887
    endloop
  endfacet
  facet normal -0.941478 0 -0.337076
    outer loop
      vertex 6.22011 -12 112.887
      vertex 6.16927 -10.2002 113.029
      vertex 6.22011 -10.2212 112.887
    endloop
  endfacet
  facet normal -0.941431 1.15251e-05 -0.337205
    outer loop
      vertex 6.0052 -12 113.487
      vertex 6.16927 -10.2002 113.029
      vertex 6.22011 -12 112.887
    endloop
  endfacet
  facet normal -0.941417 0 -0.337245
    outer loop
      vertex 6.16927 -10.2002 113.029
      vertex 6.0052 -12 113.487
      vertex 6.0052 -10.0853 113.487
    endloop
  endfacet
  facet normal -0.904099 0 -0.427324
    outer loop
      vertex 5.73248 -12 114.064
      vertex 6.0052 -10.0853 113.487
      vertex 6.0052 -12 113.487
    endloop
  endfacet
  facet normal -0.904142 3.36588e-05 -0.427232
    outer loop
      vertex 6.0052 -10.0853 113.487
      vertex 5.73248 -12 114.064
      vertex 5.75382 -9.95218 114.019
    endloop
  endfacet
  facet normal -0.90355 0 -0.428483
    outer loop
      vertex 5.75382 -9.95218 114.019
      vertex 5.73248 -12 114.064
      vertex 5.73248 -9.93603 114.064
    endloop
  endfacet
  facet normal -0.857673 0 -0.514196
    outer loop
      vertex 5.40454 -12 114.611
      vertex 5.73248 -9.93603 114.064
      vertex 5.73248 -12 114.064
    endloop
  endfacet
  facet normal -0.857673 0 -0.514196
    outer loop
      vertex 5.73248 -9.93603 114.064
      vertex 5.40454 -12 114.611
      vertex 5.40454 -9.74026 114.611
    endloop
  endfacet
  facet normal -0.80358 0 -0.595197
    outer loop
      vertex 5.02457 -12 115.124
      vertex 5.40454 -9.74026 114.611
      vertex 5.40454 -12 114.611
    endloop
  endfacet
  facet normal -0.803456 -5.86337e-05 -0.595364
    outer loop
      vertex 5.40454 -9.74026 114.611
      vertex 5.02457 -12 115.124
      vertex 5.1311 -9.60834 114.98
    endloop
  endfacet
  facet normal -0.803922 0 -0.594735
    outer loop
      vertex 5.1311 -9.60834 114.98
      vertex 5.02457 -12 115.124
      vertex 5.02457 -9.5404 115.124
    endloop
  endfacet
  facet normal -0.740386 0 -0.672182
    outer loop
      vertex 4.59605 -12 115.596
      vertex 5.02457 -9.5404 115.124
      vertex 5.02457 -12 115.124
    endloop
  endfacet
  facet normal -0.740386 0 -0.672182
    outer loop
      vertex 5.02457 -9.5404 115.124
      vertex 4.59605 -12 115.596
      vertex 4.59605 -9.31679 115.596
    endloop
  endfacet
  facet normal -0.877358 -3.82347e-05 -0.479837
    outer loop
      vertex 1.44936 -1.01936 121.35
      vertex 0 0 124
      vertex 1.42197 0 121.4
    endloop
  endfacet
  facet normal -0.877331 0.000128341 -0.479886
    outer loop
      vertex 1.53126 -2.02893 121.2
      vertex 0 0 124
      vertex 1.44936 -1.01936 121.35
    endloop
  endfacet
  facet normal -0.877368 6.37275e-06 -0.479818
    outer loop
      vertex 1.66688 -3.01895 120.952
      vertex 0 0 124
      vertex 1.53126 -2.02893 121.2
    endloop
  endfacet
  facet normal -0.877326 0.000106887 -0.479895
    outer loop
      vertex 1.85493 -3.9799 120.608
      vertex 0 0 124
      vertex 1.66688 -3.01895 120.952
    endloop
  endfacet
  facet normal -0.877275 -0.000103961 -0.479988
    outer loop
      vertex 0 -12 124
      vertex 1.85493 -3.9799 120.608
      vertex 2.09359 -4.90251 120.172
    endloop
  endfacet
  facet normal -0.877423 8.55634e-05 -0.479717
    outer loop
      vertex 0 -12 124
      vertex 2.09359 -4.90251 120.172
      vertex 2.38054 -5.77792 119.647
    endloop
  endfacet
  facet normal -0.877368 -5.69399e-06 -0.479818
    outer loop
      vertex 0 -12 124
      vertex 2.38054 -5.77792 119.647
      vertex 2.71305 -6.59769 119.039
    endloop
  endfacet
  facet normal -0.877889 0 -0.478864
    outer loop
      vertex 4.59605 -12 115.596
      vertex 4.42859 -9.17197 115.903
      vertex 4.59605 -9.31679 115.596
    endloop
  endfacet
  facet normal -0.87722 0.000172487 -0.480088
    outer loop
      vertex 4.59605 -12 115.596
      vertex 3.94982 -8.64728 116.778
      vertex 4.42859 -9.17197 115.903
    endloop
  endfacet
  facet normal -0.877411 1.26517e-05 -0.479739
    outer loop
      vertex 4.59605 -12 115.596
      vertex 3.50148 -8.03931 117.598
      vertex 3.94982 -8.64728 116.778
    endloop
  endfacet
  facet normal -0.877366 6.65773e-05 -0.479821
    outer loop
      vertex 0 -12 124
      vertex 3.50148 -8.03931 117.598
      vertex 4.59605 -12 115.596
    endloop
  endfacet
  facet normal -0.877332 -6.61076e-05 -0.479885
    outer loop
      vertex 3.50148 -8.03931 117.598
      vertex 0 -12 124
      vertex 3.08791 -7.3539 118.354
    endloop
  endfacet
  facet normal -0.877304 -0.000146122 -0.479935
    outer loop
      vertex 3.08791 -7.3539 118.354
      vertex 0 -12 124
      vertex 2.71305 -6.59769 119.039
    endloop
  endfacet
  facet normal -0.877379 0 -0.479798
    outer loop
      vertex 1.85493 -3.9799 120.608
      vertex 0 -12 124
      vertex 0 0 124
    endloop
  endfacet
  facet normal 0.877358 -3.82347e-05 -0.479837
    outer loop
      vertex 0 0 124
      vertex -1.44936 -1.01936 121.35
      vertex -1.42197 0 121.4
    endloop
  endfacet
  facet normal 0.877331 0.000128341 -0.479886
    outer loop
      vertex 0 0 124
      vertex -1.53126 -2.02893 121.2
      vertex -1.44936 -1.01936 121.35
    endloop
  endfacet
  facet normal 0.877368 6.37275e-06 -0.479818
    outer loop
      vertex 0 0 124
      vertex -1.66688 -3.01895 120.952
      vertex -1.53126 -2.02893 121.2
    endloop
  endfacet
  facet normal 0.877326 0.000106887 -0.479895
    outer loop
      vertex 0 0 124
      vertex -1.85493 -3.9799 120.608
      vertex -1.66688 -3.01895 120.952
    endloop
  endfacet
  facet normal 0.877379 0 -0.479798
    outer loop
      vertex 0 -12 124
      vertex -1.85493 -3.9799 120.608
      vertex 0 0 124
    endloop
  endfacet
  facet normal 0.877275 -0.000103961 -0.479988
    outer loop
      vertex -1.85493 -3.9799 120.608
      vertex 0 -12 124
      vertex -2.09359 -4.90251 120.172
    endloop
  endfacet
  facet normal 0.877423 8.55634e-05 -0.479717
    outer loop
      vertex -2.09359 -4.90251 120.172
      vertex 0 -12 124
      vertex -2.38054 -5.77792 119.647
    endloop
  endfacet
  facet normal 0.877368 -5.69399e-06 -0.479818
    outer loop
      vertex -2.38054 -5.77792 119.647
      vertex 0 -12 124
      vertex -2.71305 -6.59769 119.039
    endloop
  endfacet
  facet normal 0.877304 -0.000146122 -0.479935
    outer loop
      vertex 0 -12 124
      vertex -3.08791 -7.3539 118.354
      vertex -2.71305 -6.59769 119.039
    endloop
  endfacet
  facet normal 0.877332 -6.61076e-05 -0.479885
    outer loop
      vertex 0 -12 124
      vertex -3.50148 -8.03931 117.598
      vertex -3.08791 -7.3539 118.354
    endloop
  endfacet
  facet normal 0.877366 6.65773e-05 -0.479821
    outer loop
      vertex -4.59605 -12 115.596
      vertex -3.50148 -8.03931 117.598
      vertex 0 -12 124
    endloop
  endfacet
  facet normal 0.877411 1.26517e-05 -0.479739
    outer loop
      vertex -3.50148 -8.03931 117.598
      vertex -4.59605 -12 115.596
      vertex -3.94982 -8.64728 116.778
    endloop
  endfacet
  facet normal 0.87722 0.000172487 -0.480088
    outer loop
      vertex -3.94982 -8.64728 116.778
      vertex -4.59605 -12 115.596
      vertex -4.42859 -9.17197 115.903
    endloop
  endfacet
  facet normal 0.877889 0 -0.478864
    outer loop
      vertex -4.42859 -9.17197 115.903
      vertex -4.59605 -12 115.596
      vertex -4.59605 -9.31679 115.596
    endloop
  endfacet
  facet normal 0.740386 0 -0.672182
    outer loop
      vertex -4.59605 -12 115.596
      vertex -5.02457 -9.5404 115.124
      vertex -4.59605 -9.31679 115.596
    endloop
  endfacet
  facet normal 0.740386 0 -0.672182
    outer loop
      vertex -5.02457 -9.5404 115.124
      vertex -4.59605 -12 115.596
      vertex -5.02457 -12 115.124
    endloop
  endfacet
  facet normal 0.803922 0 -0.594735
    outer loop
      vertex -5.02457 -12 115.124
      vertex -5.1311 -9.60834 114.98
      vertex -5.02457 -9.5404 115.124
    endloop
  endfacet
  facet normal 0.803456 -5.86337e-05 -0.595364
    outer loop
      vertex -5.02457 -12 115.124
      vertex -5.40454 -9.74026 114.611
      vertex -5.1311 -9.60834 114.98
    endloop
  endfacet
  facet normal 0.80358 0 -0.595197
    outer loop
      vertex -5.40454 -9.74026 114.611
      vertex -5.02457 -12 115.124
      vertex -5.40454 -12 114.611
    endloop
  endfacet
  facet normal 0.857673 0 -0.514196
    outer loop
      vertex -5.40454 -12 114.611
      vertex -5.73248 -9.93603 114.064
      vertex -5.40454 -9.74026 114.611
    endloop
  endfacet
  facet normal 0.857673 0 -0.514196
    outer loop
      vertex -5.73248 -9.93603 114.064
      vertex -5.40454 -12 114.611
      vertex -5.73248 -12 114.064
    endloop
  endfacet
  facet normal 0.90355 0 -0.428483
    outer loop
      vertex -5.73248 -12 114.064
      vertex -5.75382 -9.95218 114.019
      vertex -5.73248 -9.93603 114.064
    endloop
  endfacet
  facet normal 0.904142 3.36588e-05 -0.427232
    outer loop
      vertex -5.73248 -12 114.064
      vertex -6.0052 -10.0853 113.487
      vertex -5.75382 -9.95218 114.019
    endloop
  endfacet
  facet normal 0.904099 0 -0.427324
    outer loop
      vertex -6.0052 -10.0853 113.487
      vertex -5.73248 -12 114.064
      vertex -6.0052 -12 113.487
    endloop
  endfacet
  facet normal 0.941417 0 -0.337245
    outer loop
      vertex -6.0052 -12 113.487
      vertex -6.16927 -10.2002 113.029
      vertex -6.0052 -10.0853 113.487
    endloop
  endfacet
  facet normal 0.941431 1.15251e-05 -0.337205
    outer loop
      vertex -6.22011 -12 112.887
      vertex -6.16927 -10.2002 113.029
      vertex -6.0052 -12 113.487
    endloop
  endfacet
  facet normal 0.941478 0 -0.337076
    outer loop
      vertex -6.16927 -10.2002 113.029
      vertex -6.22011 -12 112.887
      vertex -6.22011 -10.2212 112.887
    endloop
  endfacet
  facet normal 0.970058 0 -0.242875
    outer loop
      vertex -6.22011 -12 112.887
      vertex -6.37509 -10.313 112.268
      vertex -6.22011 -10.2212 112.887
    endloop
  endfacet
  facet normal 0.970058 0 -0.242875
    outer loop
      vertex -6.37509 -10.313 112.268
      vertex -6.22011 -12 112.887
      vertex -6.37509 -12 112.268
    endloop
  endfacet
  facet normal 0.989197 0 -0.146592
    outer loop
      vertex -6.37509 -12 112.268
      vertex -6.41199 -10.3499 112.019
      vertex -6.37509 -10.313 112.268
    endloop
  endfacet
  facet normal 0.989177 -2.13755e-05 -0.14673
    outer loop
      vertex -6.46869 -12 111.637
      vertex -6.41199 -10.3499 112.019
      vertex -6.37509 -12 112.268
    endloop
  endfacet
  facet normal 0.989163 0 -0.146821
    outer loop
      vertex -6.41199 -10.3499 112.019
      vertex -6.46869 -12 111.637
      vertex -6.46869 -10.3687 111.637
    endloop
  endfacet
  facet normal 0.998794 0 -0.049093
    outer loop
      vertex -6.46869 -12 111.637
      vertex -6.5 -10.4 111
      vertex -6.46869 -10.3687 111.637
    endloop
  endfacet
  facet normal 0.998794 0 -0.049093
    outer loop
      vertex -6.5 -10.4 111
      vertex -6.46869 -12 111.637
      vertex -6.5 -12 111
    endloop
  endfacet
  facet normal 0.998794 0 0.049093
    outer loop
      vertex -6.46869 -12 110.363
      vertex -6.5 -10.4 111
      vertex -6.5 -12 111
    endloop
  endfacet
  facet normal 0.998794 0 0.049093
    outer loop
      vertex -6.5 -10.4 111
      vertex -6.46869 -12 110.363
      vertex -6.46869 -10.3687 110.363
    endloop
  endfacet
  facet normal 0.989163 -0 0.146821
    outer loop
      vertex -6.46869 -12 110.363
      vertex -6.41199 -10.3499 109.981
      vertex -6.46869 -10.3687 110.363
    endloop
  endfacet
  facet normal 0.989177 -2.13755e-05 0.14673
    outer loop
      vertex -6.37509 -12 109.732
      vertex -6.41199 -10.3499 109.981
      vertex -6.46869 -12 110.363
    endloop
  endfacet
  facet normal 0.989197 0 0.146592
    outer loop
      vertex -6.41199 -10.3499 109.981
      vertex -6.37509 -12 109.732
      vertex -6.37509 -10.313 109.732
    endloop
  endfacet
  facet normal 0.970058 0 0.242875
    outer loop
      vertex -6.22011 -12 109.113
      vertex -6.37509 -10.313 109.732
      vertex -6.37509 -12 109.732
    endloop
  endfacet
  facet normal 0.970058 0 0.242875
    outer loop
      vertex -6.37509 -10.313 109.732
      vertex -6.22011 -12 109.113
      vertex -6.22011 -10.2212 109.113
    endloop
  endfacet
  facet normal 0.941478 -0 0.337076
    outer loop
      vertex -6.22011 -12 109.113
      vertex -6.16927 -10.2002 108.971
      vertex -6.22011 -10.2212 109.113
    endloop
  endfacet
  facet normal 0.941431 1.15251e-05 0.337205
    outer loop
      vertex -6.0052 -12 108.513
      vertex -6.16927 -10.2002 108.971
      vertex -6.22011 -12 109.113
    endloop
  endfacet
  facet normal 0.941417 0 0.337245
    outer loop
      vertex -6.16927 -10.2002 108.971
      vertex -6.0052 -12 108.513
      vertex -6.0052 -10.0853 108.513
    endloop
  endfacet
  facet normal 0.904099 0 0.427324
    outer loop
      vertex -5.73248 -12 107.936
      vertex -6.0052 -10.0853 108.513
      vertex -6.0052 -12 108.513
    endloop
  endfacet
  facet normal 0.904142 3.36588e-05 0.427232
    outer loop
      vertex -6.0052 -10.0853 108.513
      vertex -5.73248 -12 107.936
      vertex -5.75382 -9.95218 107.981
    endloop
  endfacet
  facet normal 0.90355 0 0.428483
    outer loop
      vertex -5.75382 -9.95218 107.981
      vertex -5.73248 -12 107.936
      vertex -5.73248 -9.93603 107.936
    endloop
  endfacet
  facet normal 0.857673 0 0.514196
    outer loop
      vertex -5.40454 -12 107.389
      vertex -5.73248 -9.93603 107.936
      vertex -5.73248 -12 107.936
    endloop
  endfacet
  facet normal 0.857673 0 0.514196
    outer loop
      vertex -5.73248 -9.93603 107.936
      vertex -5.40454 -12 107.389
      vertex -5.40454 -9.74026 107.389
    endloop
  endfacet
  facet normal 0.80358 0 0.595197
    outer loop
      vertex -5.02457 -12 106.876
      vertex -5.40454 -9.74026 107.389
      vertex -5.40454 -12 107.389
    endloop
  endfacet
  facet normal 0.803456 -5.86337e-05 0.595364
    outer loop
      vertex -5.40454 -9.74026 107.389
      vertex -5.02457 -12 106.876
      vertex -5.1311 -9.60834 107.02
    endloop
  endfacet
  facet normal 0.803922 0 0.594735
    outer loop
      vertex -5.1311 -9.60834 107.02
      vertex -5.02457 -12 106.876
      vertex -5.02457 -9.5404 106.876
    endloop
  endfacet
  facet normal 0.740495 0 0.672062
    outer loop
      vertex -4.59619 -12 106.404
      vertex -5.02457 -9.5404 106.876
      vertex -5.02457 -12 106.876
    endloop
  endfacet
  facet normal 0.740495 0 0.672062
    outer loop
      vertex -5.02457 -9.5404 106.876
      vertex -4.59619 -12 106.404
      vertex -4.59619 -9.31685 106.404
    endloop
  endfacet
  facet normal 0.671384 0 0.741109
    outer loop
      vertex -4.25822 -9.17197 106.097
      vertex -4.12355 -12 105.975
      vertex -4.12355 -9.09881 105.975
    endloop
  endfacet
  facet normal 0.672359 8.45115e-05 0.740226
    outer loop
      vertex -4.59619 -9.31685 106.404
      vertex -4.12355 -12 105.975
      vertex -4.25822 -9.17197 106.097
    endloop
  endfacet
  facet normal 0.672096 0 0.740464
    outer loop
      vertex -4.12355 -12 105.975
      vertex -4.59619 -9.31685 106.404
      vertex -4.59619 -12 106.404
    endloop
  endfacet
  facet normal 0.595722 0 0.80319
    outer loop
      vertex -4.12355 -9.09881 105.975
      vertex -3.61121 -12 105.595
      vertex -3.61121 -8.87107 105.595
    endloop
  endfacet
  facet normal 0.595722 0 0.80319
    outer loop
      vertex -3.61121 -12 105.595
      vertex -4.12355 -9.09881 105.975
      vertex -4.12355 -12 105.975
    endloop
  endfacet
  facet normal 0.513014 0 0.85838
    outer loop
      vertex -3.61121 -8.87107 105.595
      vertex -3.06407 -12 105.268
      vertex -3.06407 -8.67451 105.268
    endloop
  endfacet
  facet normal 0.513014 0 0.85838
    outer loop
      vertex -3.06407 -12 105.268
      vertex -3.61121 -8.87107 105.595
      vertex -3.61121 -12 105.595
    endloop
  endfacet
  facet normal 0.42712 0 0.904195
    outer loop
      vertex -2.96799 -8.64728 105.222
      vertex -2.48744 -12 104.995
      vertex -2.48744 -8.47872 104.995
    endloop
  endfacet
  facet normal 0.431644 0.000794205 0.902044
    outer loop
      vertex -3.06407 -8.67451 105.268
      vertex -2.48744 -12 104.995
      vertex -2.96799 -8.64728 105.222
    endloop
  endfacet
  facet normal 0.427906 0 0.903823
    outer loop
      vertex -2.48744 -12 104.995
      vertex -3.06407 -8.67451 105.268
      vertex -3.06407 -12 105.268
    endloop
  endfacet
  facet normal 0.337031 0 0.941493
    outer loop
      vertex -2.48744 -8.47872 104.995
      vertex -1.88684 -12 104.78
      vertex -1.88684 -8.31933 104.78
    endloop
  endfacet
  facet normal 0.337031 0 0.941493
    outer loop
      vertex -1.88684 -12 104.78
      vertex -2.48744 -8.47872 104.995
      vertex -2.48744 -12 104.995
    endloop
  endfacet
  facet normal 0.242993 0 0.970028
    outer loop
      vertex -1.88684 -8.31933 104.78
      vertex -1.26808 -12 104.625
      vertex -1.26808 -8.20439 104.625
    endloop
  endfacet
  facet normal 0.242993 0 0.970028
    outer loop
      vertex -1.26808 -12 104.625
      vertex -1.88684 -8.31933 104.78
      vertex -1.88684 -12 104.78
    endloop
  endfacet
  facet normal 0.147348 0 0.989085
    outer loop
      vertex -1.26808 -8.20439 104.625
      vertex -0.6371 -12 104.531
      vertex -0.6371 -8.13498 104.531
    endloop
  endfacet
  facet normal 0.147348 0 0.989085
    outer loop
      vertex -0.6371 -12 104.531
      vertex -1.26808 -8.20439 104.625
      vertex -1.26808 -12 104.625
    endloop
  endfacet
  facet normal 0.0486005 0 0.998818
    outer loop
      vertex -0.6371 -8.13498 104.531
      vertex 0 -12 104.5
      vertex 0 -8.11176 104.5
    endloop
  endfacet
  facet normal 0.0486005 0 0.998818
    outer loop
      vertex 0 -12 104.5
      vertex -0.6371 -8.13498 104.531
      vertex -0.6371 -12 104.531
    endloop
  endfacet
  facet normal -0.0486005 0 0.998818
    outer loop
      vertex 0 -12 104.5
      vertex 0.6371 -8.13498 104.531
      vertex 0 -8.11176 104.5
    endloop
  endfacet
  facet normal -0.0486005 0 0.998818
    outer loop
      vertex 0.6371 -8.13498 104.531
      vertex 0 -12 104.5
      vertex 0.6371 -12 104.531
    endloop
  endfacet
endsolid OpenSCAD_Model
