solid OpenSCAD_Model
  facet normal 1 0 0
    outer loop
      vertex 86 30.8728 86.36
      vertex 86 30.7388 71.5596
      vertex 86 30.8728 71.0248
    endloop
  endfacet
  facet normal 1 0 0
    outer loop
      vertex 86 30.8728 86.36
      vertex 86 30.3289 72.7053
      vertex 86 30.7388 71.5596
    endloop
  endfacet
  facet normal 1 0 0
    outer loop
      vertex 86 30.8728 86.36
      vertex 86 29.8086 73.8054
      vertex 86 30.3289 72.7053
    endloop
  endfacet
  facet normal 1 0 0
    outer loop
      vertex 86 30.8728 86.36
      vertex 86 29.183 74.8491
      vertex 86 29.8086 73.8054
    endloop
  endfacet
  facet normal 1 0 0
    outer loop
      vertex 86 30.8728 86.36
      vertex 86 28.4581 75.8265
      vertex 86 29.183 74.8491
    endloop
  endfacet
  facet normal 1 0 0
    outer loop
      vertex 86 26.7392 77.5454
      vertex 86 30.8728 86.36
      vertex 86 27.9112 86.36
    endloop
  endfacet
  facet normal 1 0 0
    outer loop
      vertex 86 30.8728 86.36
      vertex 86 27.6409 76.7282
      vertex 86 28.4581 75.8265
    endloop
  endfacet
  facet normal 1 0 0
    outer loop
      vertex 86 30.8728 86.36
      vertex 86 26.7392 77.5454
      vertex 86 27.6409 76.7282
    endloop
  endfacet
  facet normal 1 0 0
    outer loop
      vertex 86 27.9112 86.36
      vertex 86 25.7618 78.2703
      vertex 86 26.7392 77.5454
    endloop
  endfacet
  facet normal 1 0 0
    outer loop
      vertex 86 27.9112 86.36
      vertex 86 24.7181 78.8959
      vertex 86 25.7618 78.2703
    endloop
  endfacet
  facet normal 1 0 0
    outer loop
      vertex 86 27.9112 86.36
      vertex 86 23.618 79.4161
      vertex 86 24.7181 78.8959
    endloop
  endfacet
  facet normal 1 0 -0
    outer loop
      vertex 86 23.618 79.4161
      vertex 86 27.9112 86.36
      vertex 86 23.3034 79.5287
    endloop
  endfacet
  facet normal 1 0 0
    outer loop
      vertex 86 -2.69139 18.7873
      vertex 86 -6.53247 13.2154
      vertex 86 -6.47276 12
    endloop
  endfacet
  facet normal 1 0 0
    outer loop
      vertex 86 -5.07551 18.3131
      vertex 86 -6.71102 14.4191
      vertex 86 -6.53247 13.2154
    endloop
  endfacet
  facet normal 1 0 0
    outer loop
      vertex 86 -5.07551 18.3131
      vertex 86 -7.0067 15.5995
      vertex 86 -6.71102 14.4191
    endloop
  endfacet
  facet normal 1 0 0
    outer loop
      vertex 86 -6.29092 18.2533
      vertex 86 -7.41665 16.7453
      vertex 86 -7.0067 15.5995
    endloop
  endfacet
  facet normal 1 0 0
    outer loop
      vertex 86 -7.50633 18.3131
      vertex 86 -7.41665 16.7453
      vertex 86 -6.29092 18.2533
    endloop
  endfacet
  facet normal 1 0 0
    outer loop
      vertex 86 -7.50633 18.3131
      vertex 86 -7.93694 17.8453
      vertex 86 -7.41665 16.7453
    endloop
  endfacet
  facet normal 1 0 -0
    outer loop
      vertex 86 -7.93694 17.8453
      vertex 86 -7.50633 18.3131
      vertex 86 -8.28666 18.4288
    endloop
  endfacet
  facet normal 1 0 0
    outer loop
      vertex 86 9.89045 37.4406
      vertex 86 6.04937 31.8688
      vertex 86 6.10908 30.6533
    endloop
  endfacet
  facet normal 1 0 0
    outer loop
      vertex 86 7.50633 36.9664
      vertex 86 5.87082 33.0725
      vertex 86 6.04937 31.8688
    endloop
  endfacet
  facet normal 1 0 0
    outer loop
      vertex 86 7.50633 36.9664
      vertex 86 5.57514 34.2529
      vertex 86 5.87082 33.0725
    endloop
  endfacet
  facet normal 1 0 0
    outer loop
      vertex 86 6.29092 36.9067
      vertex 86 5.16519 35.3986
      vertex 86 5.57514 34.2529
    endloop
  endfacet
  facet normal 1 0 0
    outer loop
      vertex 86 5.07551 36.9664
      vertex 86 5.16519 35.3986
      vertex 86 6.29092 36.9067
    endloop
  endfacet
  facet normal 1 0 0
    outer loop
      vertex 86 5.07551 36.9664
      vertex 86 4.6449 36.4987
      vertex 86 5.16519 35.3986
    endloop
  endfacet
  facet normal 1 0 -0
    outer loop
      vertex 86 4.6449 36.4987
      vertex 86 5.07551 36.9664
      vertex 86 4.29517 37.0821
    endloop
  endfacet
  facet normal 1 0 0
    outer loop
      vertex 86 22.4723 56.094
      vertex 86 18.6312 50.5221
      vertex 86 18.6909 49.3067
    endloop
  endfacet
  facet normal 1 0 0
    outer loop
      vertex 86 20.0882 55.6197
      vertex 86 18.4527 51.7258
      vertex 86 18.6312 50.5221
    endloop
  endfacet
  facet normal 1 0 0
    outer loop
      vertex 86 20.0882 55.6197
      vertex 86 18.157 52.9062
      vertex 86 18.4527 51.7258
    endloop
  endfacet
  facet normal 1 0 0
    outer loop
      vertex 86 18.8728 55.56
      vertex 86 17.747 54.052
      vertex 86 18.157 52.9062
    endloop
  endfacet
  facet normal 1 0 0
    outer loop
      vertex 86 17.6573 55.6197
      vertex 86 17.747 54.052
      vertex 86 18.8728 55.56
    endloop
  endfacet
  facet normal 1 0 0
    outer loop
      vertex 86 17.6573 55.6197
      vertex 86 17.2267 55.152
      vertex 86 17.747 54.052
    endloop
  endfacet
  facet normal 1 0 -0
    outer loop
      vertex 86 17.2267 55.152
      vertex 86 17.6573 55.6197
      vertex 86 16.877 55.7355
    endloop
  endfacet
  facet normal 1 -0 0
    outer loop
      vertex 86 30.7388 64.3605
      vertex 86 30.8728 0
      vertex 86 30.8728 64.8952
    endloop
  endfacet
  facet normal 1 -0 0
    outer loop
      vertex 86 30.3289 63.2148
      vertex 86 30.8728 0
      vertex 86 30.7388 64.3605
    endloop
  endfacet
  facet normal 1 -0 0
    outer loop
      vertex 86 29.8086 62.1147
      vertex 86 30.8728 0
      vertex 86 30.3289 63.2148
    endloop
  endfacet
  facet normal 1 -0 0
    outer loop
      vertex 86 29.183 61.071
      vertex 86 30.8728 0
      vertex 86 29.8086 62.1147
    endloop
  endfacet
  facet normal 1 -0 0
    outer loop
      vertex 86 28.4581 60.0936
      vertex 86 30.8728 0
      vertex 86 29.183 61.071
    endloop
  endfacet
  facet normal 1 -0 0
    outer loop
      vertex 86 27.6409 59.1919
      vertex 86 30.8728 0
      vertex 86 28.4581 60.0936
    endloop
  endfacet
  facet normal 1 0 0
    outer loop
      vertex 86 17.747 44.5614
      vertex 86 27.6409 59.1919
      vertex 86 26.7392 58.3747
    endloop
  endfacet
  facet normal 1 0 0
    outer loop
      vertex 86 18.157 45.7072
      vertex 86 26.7392 58.3747
      vertex 86 25.7618 57.6498
    endloop
  endfacet
  facet normal 1 0 0
    outer loop
      vertex 86 18.4527 46.8876
      vertex 86 25.7618 57.6498
      vertex 86 24.7181 57.0242
    endloop
  endfacet
  facet normal 1 0 0
    outer loop
      vertex 86 18.6312 48.0913
      vertex 86 24.7181 57.0242
      vertex 86 23.618 56.5039
    endloop
  endfacet
  facet normal 1 0 0
    outer loop
      vertex 86 18.6909 49.3067
      vertex 86 23.618 56.5039
      vertex 86 22.4723 56.094
    endloop
  endfacet
  facet normal 1 0 0
    outer loop
      vertex 86 18.6312 50.5221
      vertex 86 22.4723 56.094
      vertex 86 21.2919 55.7983
    endloop
  endfacet
  facet normal 1 0 0
    outer loop
      vertex 86 18.6312 50.5221
      vertex 86 21.2919 55.7983
      vertex 86 20.0882 55.6197
    endloop
  endfacet
  facet normal 1 0 0
    outer loop
      vertex 86 18.157 52.9062
      vertex 86 20.0882 55.6197
      vertex 86 18.8728 55.56
    endloop
  endfacet
  facet normal 1 0 0
    outer loop
      vertex 86 23.618 56.5039
      vertex 86 18.6909 49.3067
      vertex 86 18.6312 48.0913
    endloop
  endfacet
  facet normal 1 0 0
    outer loop
      vertex 86 24.7181 57.0242
      vertex 86 18.6312 48.0913
      vertex 86 18.4527 46.8876
    endloop
  endfacet
  facet normal 1 0 0
    outer loop
      vertex 86 25.7618 57.6498
      vertex 86 18.4527 46.8876
      vertex 86 18.157 45.7072
    endloop
  endfacet
  facet normal 1 0 0
    outer loop
      vertex 86 26.7392 58.3747
      vertex 86 18.157 45.7072
      vertex 86 17.747 44.5614
    endloop
  endfacet
  facet normal 1 0 0
    outer loop
      vertex 86 27.6409 59.1919
      vertex 86 17.747 44.5614
      vertex 86 30.8728 0
    endloop
  endfacet
  facet normal 1 -0 0
    outer loop
      vertex 86 17.2267 43.4614
      vertex 86 30.8728 0
      vertex 86 17.747 44.5614
    endloop
  endfacet
  facet normal 1 -0 0
    outer loop
      vertex 86 16.6011 42.4176
      vertex 86 30.8728 0
      vertex 86 17.2267 43.4614
    endloop
  endfacet
  facet normal 1 -0 0
    outer loop
      vertex 86 15.8762 41.4402
      vertex 86 30.8728 0
      vertex 86 16.6011 42.4176
    endloop
  endfacet
  facet normal 1 -0 0
    outer loop
      vertex 86 15.059 40.5386
      vertex 86 30.8728 0
      vertex 86 15.8762 41.4402
    endloop
  endfacet
  facet normal 1 -0 0
    outer loop
      vertex 86 14.1574 39.7214
      vertex 86 30.8728 0
      vertex 86 15.059 40.5386
    endloop
  endfacet
  facet normal 1 0 0
    outer loop
      vertex 86 5.57514 27.0538
      vertex 86 14.1574 39.7214
      vertex 86 13.18 38.9965
    endloop
  endfacet
  facet normal 1 0 0
    outer loop
      vertex 86 5.87082 28.2342
      vertex 86 13.18 38.9965
      vertex 86 12.1362 38.3709
    endloop
  endfacet
  facet normal 1 0 0
    outer loop
      vertex 86 6.04937 29.4379
      vertex 86 12.1362 38.3709
      vertex 86 11.0362 37.8506
    endloop
  endfacet
  facet normal 1 0 0
    outer loop
      vertex 86 6.10908 30.6533
      vertex 86 11.0362 37.8506
      vertex 86 9.89045 37.4406
    endloop
  endfacet
  facet normal 1 0 0
    outer loop
      vertex 86 6.04937 31.8688
      vertex 86 9.89045 37.4406
      vertex 86 8.71004 37.145
    endloop
  endfacet
  facet normal 1 0 0
    outer loop
      vertex 86 6.04937 31.8688
      vertex 86 8.71004 37.145
      vertex 86 7.50633 36.9664
    endloop
  endfacet
  facet normal 1 0 0
    outer loop
      vertex 86 5.57514 34.2529
      vertex 86 7.50633 36.9664
      vertex 86 6.29092 36.9067
    endloop
  endfacet
  facet normal 1 0 0
    outer loop
      vertex 86 11.0362 37.8506
      vertex 86 6.10908 30.6533
      vertex 86 6.04937 29.4379
    endloop
  endfacet
  facet normal 1 0 0
    outer loop
      vertex 86 12.1362 38.3709
      vertex 86 6.04937 29.4379
      vertex 86 5.87082 28.2342
    endloop
  endfacet
  facet normal 1 0 0
    outer loop
      vertex 86 13.18 38.9965
      vertex 86 5.87082 28.2342
      vertex 86 5.57514 27.0538
    endloop
  endfacet
  facet normal 1 0 0
    outer loop
      vertex 86 14.1574 39.7214
      vertex 86 5.57514 27.0538
      vertex 86 30.8728 0
    endloop
  endfacet
  facet normal 1 -0 0
    outer loop
      vertex 86 5.16519 25.9081
      vertex 86 30.8728 0
      vertex 86 5.57514 27.0538
    endloop
  endfacet
  facet normal 1 -0 0
    outer loop
      vertex 86 4.6449 24.808
      vertex 86 30.8728 0
      vertex 86 5.16519 25.9081
    endloop
  endfacet
  facet normal 1 -0 0
    outer loop
      vertex 86 4.0193 23.7643
      vertex 86 30.8728 0
      vertex 86 4.6449 24.808
    endloop
  endfacet
  facet normal 1 -0 0
    outer loop
      vertex 86 3.29441 22.7869
      vertex 86 30.8728 0
      vertex 86 4.0193 23.7643
    endloop
  endfacet
  facet normal 1 -0 0
    outer loop
      vertex 86 2.4772 21.8852
      vertex 86 30.8728 0
      vertex 86 3.29441 22.7869
    endloop
  endfacet
  facet normal 1 -0 0
    outer loop
      vertex 86 1.57556 21.068
      vertex 86 30.8728 0
      vertex 86 2.4772 21.8852
    endloop
  endfacet
  facet normal 1 -0 0
    outer loop
      vertex 86 0.59815 20.3431
      vertex 86 30.8728 0
      vertex 86 1.57556 21.068
    endloop
  endfacet
  facet normal 1 0 0
    outer loop
      vertex 86 -6.71102 9.58088
      vertex 86 0.59815 20.3431
      vertex 86 -0.445601 19.7175
    endloop
  endfacet
  facet normal 1 0 0
    outer loop
      vertex 86 -6.53247 10.7846
      vertex 86 -0.445601 19.7175
      vertex 86 -1.54564 19.1972
    endloop
  endfacet
  facet normal 1 0 0
    outer loop
      vertex 86 -6.47276 12
      vertex 86 -1.54564 19.1972
      vertex 86 -2.69139 18.7873
    endloop
  endfacet
  facet normal 1 0 0
    outer loop
      vertex 86 -6.53247 13.2154
      vertex 86 -2.69139 18.7873
      vertex 86 -3.8718 18.4916
    endloop
  endfacet
  facet normal 1 0 0
    outer loop
      vertex 86 -6.53247 13.2154
      vertex 86 -3.8718 18.4916
      vertex 86 -5.07551 18.3131
    endloop
  endfacet
  facet normal 1 0 0
    outer loop
      vertex 86 -7.0067 15.5995
      vertex 86 -5.07551 18.3131
      vertex 86 -6.29092 18.2533
    endloop
  endfacet
  facet normal 1 0 0
    outer loop
      vertex 86 -1.54564 19.1972
      vertex 86 -6.47276 12
      vertex 86 -6.53247 10.7846
    endloop
  endfacet
  facet normal 1 0 0
    outer loop
      vertex 86 -0.445601 19.7175
      vertex 86 -6.53247 10.7846
      vertex 86 -6.71102 9.58088
    endloop
  endfacet
  facet normal 1 0 0
    outer loop
      vertex 86 0.59815 20.3431
      vertex 86 -6.71102 9.58088
      vertex 86 30.8728 0
    endloop
  endfacet
  facet normal 1 -0 0
    outer loop
      vertex 86 -7.0067 8.40047
      vertex 86 30.8728 0
      vertex 86 -6.71102 9.58088
    endloop
  endfacet
  facet normal 1 -0 0
    outer loop
      vertex 86 -7.41665 7.25472
      vertex 86 30.8728 0
      vertex 86 -7.0067 8.40047
    endloop
  endfacet
  facet normal 1 -0 0
    outer loop
      vertex 86 -7.93694 6.15468
      vertex 86 30.8728 0
      vertex 86 -7.41665 7.25472
    endloop
  endfacet
  facet normal 1 -0 0
    outer loop
      vertex 86 -8.56254 5.11093
      vertex 86 30.8728 0
      vertex 86 -7.93694 6.15468
    endloop
  endfacet
  facet normal 1 -0 0
    outer loop
      vertex 86 -9.28743 4.13352
      vertex 86 30.8728 0
      vertex 86 -8.56254 5.11093
    endloop
  endfacet
  facet normal 1 -0 0
    outer loop
      vertex 86 -10.1046 3.23188
      vertex 86 30.8728 0
      vertex 86 -9.28743 4.13352
    endloop
  endfacet
  facet normal 1 -0 0
    outer loop
      vertex 86 -11.0063 2.41467
      vertex 86 30.8728 0
      vertex 86 -10.1046 3.23188
    endloop
  endfacet
  facet normal 1 -0 0
    outer loop
      vertex 86 -11.9837 1.68978
      vertex 86 30.8728 0
      vertex 86 -11.0063 2.41467
    endloop
  endfacet
  facet normal 1 -0 0
    outer loop
      vertex 86 -13.0274 1.06418
      vertex 86 30.8728 0
      vertex 86 -11.9837 1.68978
    endloop
  endfacet
  facet normal 1 -0 0
    outer loop
      vertex 86 -14.1275 0.543893
      vertex 86 30.8728 0
      vertex 86 -13.0274 1.06418
    endloop
  endfacet
  facet normal 1 -0 0
    outer loop
      vertex 86 -15.2732 0.13394
      vertex 86 30.8728 0
      vertex 86 -14.1275 0.543893
    endloop
  endfacet
  facet normal 1 0 0
    outer loop
      vertex 86 30.8728 0
      vertex 86 -15.2732 0.13394
      vertex 86 -15.8079 0
    endloop
  endfacet
  facet normal 1 0 0
    outer loop
      vertex 86 -28.3159 3
      vertex 86 -27.6409 3.23188
      vertex 86 -27.9382 3.55992
    endloop
  endfacet
  facet normal 1 -0 0
    outer loop
      vertex 86 -28.3159 3
      vertex 86 -26.7392 2.41467
      vertex 86 -27.6409 3.23188
    endloop
  endfacet
  facet normal 1 0 0
    outer loop
      vertex 86 -30.8728 0
      vertex 86 -26.7392 2.41467
      vertex 86 -28.3159 3
    endloop
  endfacet
  facet normal 1 0 0
    outer loop
      vertex 86 -26.7392 2.41467
      vertex 86 -30.8728 0
      vertex 86 -25.7618 1.68978
    endloop
  endfacet
  facet normal 1 0 0
    outer loop
      vertex 86 -30.8728 0
      vertex 86 -28.3159 3
      vertex 86 -30.8728 3
    endloop
  endfacet
  facet normal 1 0 0
    outer loop
      vertex 86 -25.7618 1.68978
      vertex 86 -30.8728 0
      vertex 86 -24.7181 1.06418
    endloop
  endfacet
  facet normal 1 0 0
    outer loop
      vertex 86 -24.7181 1.06418
      vertex 86 -30.8728 0
      vertex 86 -23.618 0.543893
    endloop
  endfacet
  facet normal 1 0 0
    outer loop
      vertex 86 -22.4723 0.13394
      vertex 86 -30.8728 0
      vertex 86 -21.9376 0
    endloop
  endfacet
  facet normal 1 0 0
    outer loop
      vertex 86 -23.618 0.543893
      vertex 86 -30.8728 0
      vertex 86 -22.4723 0.13394
    endloop
  endfacet
  facet normal -0 0 1
    outer loop
      vertex -86 30.8728 86.36
      vertex 86 27.9112 86.36
      vertex 86 30.8728 86.36
    endloop
  endfacet
  facet normal 0 0 1
    outer loop
      vertex 86 27.9112 86.36
      vertex -86 30.8728 86.36
      vertex -86 27.9112 86.36
    endloop
  endfacet
  facet normal 0 0 -1
    outer loop
      vertex 86 -30.8728 0
      vertex 57 -21.9376 0
      vertex 86 -21.9376 0
    endloop
  endfacet
  facet normal -0 0 -1
    outer loop
      vertex 57 -21.9376 0
      vertex -86 -30.8728 0
      vertex 57 -15.8079 0
    endloop
  endfacet
  facet normal 0 0 -1
    outer loop
      vertex -86 -30.8728 0
      vertex 57 -21.9376 0
      vertex 86 -30.8728 0
    endloop
  endfacet
  facet normal 0 0 -1
    outer loop
      vertex 57 -15.8079 0
      vertex 86 30.8728 0
      vertex 86 -15.8079 0
    endloop
  endfacet
  facet normal 0 0 -1
    outer loop
      vertex -86 30.8728 0
      vertex 57 -15.8079 0
      vertex -86 -30.8728 0
    endloop
  endfacet
  facet normal 0 0 -1
    outer loop
      vertex 57 -15.8079 0
      vertex -86 30.8728 0
      vertex 86 30.8728 0
    endloop
  endfacet
  facet normal -1 0 0
    outer loop
      vertex -86 29.2227 66.9407
      vertex -86 30.8728 86.36
      vertex -86 30.8728 0
    endloop
  endfacet
  facet normal -1 0 0
    outer loop
      vertex -86 30.8728 86.36
      vertex -86 29.2227 66.9407
      vertex -86 29.2728 67.96
    endloop
  endfacet
  facet normal -1 0 0
    outer loop
      vertex -86 30.8728 0
      vertex -86 29.0729 65.9311
      vertex -86 29.2227 66.9407
    endloop
  endfacet
  facet normal -1 0 0
    outer loop
      vertex -86 30.8728 0
      vertex -86 28.8249 64.9411
      vertex -86 29.0729 65.9311
    endloop
  endfacet
  facet normal -1 0 0
    outer loop
      vertex -86 30.8728 0
      vertex -86 28.4811 63.9801
      vertex -86 28.8249 64.9411
    endloop
  endfacet
  facet normal -1 0 0
    outer loop
      vertex -86 30.8728 0
      vertex -86 28.0447 63.0575
      vertex -86 28.4811 63.9801
    endloop
  endfacet
  facet normal -1 0 0
    outer loop
      vertex -86 30.8728 0
      vertex -86 27.52 62.1821
      vertex -86 28.0447 63.0575
    endloop
  endfacet
  facet normal -1 0 0
    outer loop
      vertex -86 30.8728 0
      vertex -86 26.9121 61.3623
      vertex -86 27.52 62.1821
    endloop
  endfacet
  facet normal -1 0 0
    outer loop
      vertex -86 30.8728 0
      vertex -86 26.2267 60.6061
      vertex -86 26.9121 61.3623
    endloop
  endfacet
  facet normal -1 0 0
    outer loop
      vertex -86 15.8993 45.3268
      vertex -86 26.2267 60.6061
      vertex -86 30.8728 0
    endloop
  endfacet
  facet normal -1 0 0
    outer loop
      vertex -86 26.2267 60.6061
      vertex -86 15.8993 45.3268
      vertex -86 25.4705 59.9207
    endloop
  endfacet
  facet normal -1 0 -0
    outer loop
      vertex -86 16.2431 46.2877
      vertex -86 25.4705 59.9207
      vertex -86 15.8993 45.3268
    endloop
  endfacet
  facet normal -1 0 -0
    outer loop
      vertex -86 16.4911 47.2778
      vertex -86 24.6507 59.3128
      vertex -86 16.2431 46.2877
    endloop
  endfacet
  facet normal -1 0 0
    outer loop
      vertex -86 24.6507 59.3128
      vertex -86 16.4911 47.2778
      vertex -86 23.7753 58.7881
    endloop
  endfacet
  facet normal -1 0 -0
    outer loop
      vertex -86 16.6408 48.2873
      vertex -86 23.7753 58.7881
      vertex -86 16.4911 47.2778
    endloop
  endfacet
  facet normal -1 0 0
    outer loop
      vertex -86 23.7753 58.7881
      vertex -86 16.6408 48.2873
      vertex -86 22.8527 58.3517
    endloop
  endfacet
  facet normal -1 0 0
    outer loop
      vertex -86 22.8527 58.3517
      vertex -86 16.6909 49.3067
      vertex -86 21.8917 58.0079
    endloop
  endfacet
  facet normal -1 0 0
    outer loop
      vertex -86 21.8917 58.0079
      vertex -86 16.6408 50.3261
      vertex -86 20.9017 57.7599
    endloop
  endfacet
  facet normal -1 0 0
    outer loop
      vertex -86 16.4911 51.3356
      vertex -86 20.9017 57.7599
      vertex -86 16.6408 50.3261
    endloop
  endfacet
  facet normal -1 0 0
    outer loop
      vertex -86 16.2431 52.3257
      vertex -86 19.8921 57.6101
      vertex -86 16.4911 51.3356
    endloop
  endfacet
  facet normal -1 0 0
    outer loop
      vertex -86 20.9017 57.7599
      vertex -86 16.4911 51.3356
      vertex -86 19.8921 57.6101
    endloop
  endfacet
  facet normal -1 0 0
    outer loop
      vertex -86 16.6408 50.3261
      vertex -86 21.8917 58.0079
      vertex -86 16.6909 49.3067
    endloop
  endfacet
  facet normal -1 0 -0
    outer loop
      vertex -86 16.6909 49.3067
      vertex -86 22.8527 58.3517
      vertex -86 16.6408 48.2873
    endloop
  endfacet
  facet normal -1 0 0
    outer loop
      vertex -86 25.4705 59.9207
      vertex -86 16.2431 46.2877
      vertex -86 24.6507 59.3128
    endloop
  endfacet
  facet normal -1 0 0
    outer loop
      vertex -86 30.8728 0
      vertex -86 15.4629 44.4042
      vertex -86 15.8993 45.3268
    endloop
  endfacet
  facet normal -1 0 0
    outer loop
      vertex -86 30.8728 0
      vertex -86 14.9382 43.5288
      vertex -86 15.4629 44.4042
    endloop
  endfacet
  facet normal -1 0 0
    outer loop
      vertex -86 30.8728 0
      vertex -86 14.3302 42.709
      vertex -86 14.9382 43.5288
    endloop
  endfacet
  facet normal -1 0 0
    outer loop
      vertex -86 30.8728 0
      vertex -86 13.6448 41.9528
      vertex -86 14.3302 42.709
    endloop
  endfacet
  facet normal -1 0 0
    outer loop
      vertex -86 30.8728 0
      vertex -86 12.8886 41.2674
      vertex -86 13.6448 41.9528
    endloop
  endfacet
  facet normal -1 0 0
    outer loop
      vertex -86 30.8728 0
      vertex -86 12.0689 40.6594
      vertex -86 12.8886 41.2674
    endloop
  endfacet
  facet normal -1 0 0
    outer loop
      vertex -86 3.90925 28.6244
      vertex -86 12.0689 40.6594
      vertex -86 30.8728 0
    endloop
  endfacet
  facet normal -1 0 0
    outer loop
      vertex -86 12.0689 40.6594
      vertex -86 3.90925 28.6244
      vertex -86 11.1934 40.1347
    endloop
  endfacet
  facet normal -1 0 -0
    outer loop
      vertex -86 4.059 29.634
      vertex -86 11.1934 40.1347
      vertex -86 3.90925 28.6244
    endloop
  endfacet
  facet normal -1 0 0
    outer loop
      vertex -86 11.1934 40.1347
      vertex -86 4.059 29.634
      vertex -86 10.2708 39.6983
    endloop
  endfacet
  facet normal -1 0 -0
    outer loop
      vertex -86 4.10908 30.6533
      vertex -86 10.2708 39.6983
      vertex -86 4.059 29.634
    endloop
  endfacet
  facet normal -1 0 0
    outer loop
      vertex -86 4.059 31.6727
      vertex -86 9.30988 39.3545
      vertex -86 4.10908 30.6533
    endloop
  endfacet
  facet normal -1 0 0
    outer loop
      vertex -86 9.30988 39.3545
      vertex -86 4.059 31.6727
      vertex -86 8.31986 39.1065
    endloop
  endfacet
  facet normal -1 0 0
    outer loop
      vertex -86 8.31986 39.1065
      vertex -86 3.90925 32.6823
      vertex -86 7.3103 38.9568
    endloop
  endfacet
  facet normal -1 0 0
    outer loop
      vertex -86 3.66126 33.6723
      vertex -86 7.3103 38.9568
      vertex -86 3.90925 32.6823
    endloop
  endfacet
  facet normal -1 0 0
    outer loop
      vertex -86 3.90925 32.6823
      vertex -86 8.31986 39.1065
      vertex -86 4.059 31.6727
    endloop
  endfacet
  facet normal -1 0 0
    outer loop
      vertex -86 10.2708 39.6983
      vertex -86 4.10908 30.6533
      vertex -86 9.30988 39.3545
    endloop
  endfacet
  facet normal -1 0 0
    outer loop
      vertex -86 30.8728 0
      vertex -86 3.66126 27.6344
      vertex -86 3.90925 28.6244
    endloop
  endfacet
  facet normal -1 0 0
    outer loop
      vertex -86 30.8728 0
      vertex -86 3.31743 26.6734
      vertex -86 3.66126 27.6344
    endloop
  endfacet
  facet normal -1 0 0
    outer loop
      vertex -86 30.8728 0
      vertex -86 2.88106 25.7508
      vertex -86 3.31743 26.6734
    endloop
  endfacet
  facet normal -1 0 0
    outer loop
      vertex -86 30.8728 0
      vertex -86 2.35636 24.8754
      vertex -86 2.88106 25.7508
    endloop
  endfacet
  facet normal -1 0 0
    outer loop
      vertex -86 30.8728 0
      vertex -86 1.74839 24.0557
      vertex -86 2.35636 24.8754
    endloop
  endfacet
  facet normal -1 0 0
    outer loop
      vertex -86 30.8728 0
      vertex -86 1.06299 23.2994
      vertex -86 1.74839 24.0557
    endloop
  endfacet
  facet normal -1 0 0
    outer loop
      vertex -86 30.8728 0
      vertex -86 0.306769 22.614
      vertex -86 1.06299 23.2994
    endloop
  endfacet
  facet normal -1 0 0
    outer loop
      vertex -86 30.8728 0
      vertex -86 -0.512989 22.0061
      vertex -86 0.306769 22.614
    endloop
  endfacet
  facet normal -1 0 0
    outer loop
      vertex -86 -8.67259 9.97106
      vertex -86 -0.512989 22.0061
      vertex -86 30.8728 0
    endloop
  endfacet
  facet normal -1 0 0
    outer loop
      vertex -86 -0.512989 22.0061
      vertex -86 -8.67259 9.97106
      vertex -86 -1.38839 21.4814
    endloop
  endfacet
  facet normal -1 0 -0
    outer loop
      vertex -86 -8.52284 10.9806
      vertex -86 -1.38839 21.4814
      vertex -86 -8.67259 9.97106
    endloop
  endfacet
  facet normal -1 0 0
    outer loop
      vertex -86 -1.38839 21.4814
      vertex -86 -8.52284 10.9806
      vertex -86 -2.31101 21.045
    endloop
  endfacet
  facet normal -1 0 0
    outer loop
      vertex -86 -2.31101 21.045
      vertex -86 -8.47276 12
      vertex -86 -3.27196 20.7012
    endloop
  endfacet
  facet normal -1 0 0
    outer loop
      vertex -86 -8.52284 13.0194
      vertex -86 -3.27196 20.7012
      vertex -86 -8.47276 12
    endloop
  endfacet
  facet normal -1 0 0
    outer loop
      vertex -86 -8.67259 14.0289
      vertex -86 -4.26198 20.4532
      vertex -86 -8.52284 13.0194
    endloop
  endfacet
  facet normal -1 0 0
    outer loop
      vertex -86 -4.26198 20.4532
      vertex -86 -8.67259 14.0289
      vertex -86 -5.27154 20.3034
    endloop
  endfacet
  facet normal -1 0 0
    outer loop
      vertex -86 -8.92058 15.019
      vertex -86 -5.27154 20.3034
      vertex -86 -8.67259 14.0289
    endloop
  endfacet
  facet normal -1 0 0
    outer loop
      vertex -86 -3.27196 20.7012
      vertex -86 -8.52284 13.0194
      vertex -86 -4.26198 20.4532
    endloop
  endfacet
  facet normal -1 0 -0
    outer loop
      vertex -86 -8.47276 12
      vertex -86 -2.31101 21.045
      vertex -86 -8.52284 10.9806
    endloop
  endfacet
  facet normal -1 0 0
    outer loop
      vertex -86 30.8728 0
      vertex -86 -8.92058 8.98104
      vertex -86 -8.67259 9.97106
    endloop
  endfacet
  facet normal -1 0 0
    outer loop
      vertex -86 30.8728 0
      vertex -86 -9.26441 8.02009
      vertex -86 -8.92058 8.98104
    endloop
  endfacet
  facet normal -1 0 0
    outer loop
      vertex -86 30.8728 0
      vertex -86 -9.70078 7.09747
      vertex -86 -9.26441 8.02009
    endloop
  endfacet
  facet normal -1 0 0
    outer loop
      vertex -86 30.8728 0
      vertex -86 -10.2255 6.22207
      vertex -86 -9.70078 7.09747
    endloop
  endfacet
  facet normal -1 0 0
    outer loop
      vertex -86 30.8728 0
      vertex -86 -10.8335 5.40231
      vertex -86 -10.2255 6.22207
    endloop
  endfacet
  facet normal -1 0 0
    outer loop
      vertex -86 30.8728 0
      vertex -86 -11.5188 4.64609
      vertex -86 -10.8335 5.40231
    endloop
  endfacet
  facet normal -1 0 0
    outer loop
      vertex -86 30.8728 0
      vertex -86 -12.2751 3.96069
      vertex -86 -11.5188 4.64609
    endloop
  endfacet
  facet normal -1 0 0
    outer loop
      vertex -86 30.8728 0
      vertex -86 -13.0948 3.35272
      vertex -86 -12.2751 3.96069
    endloop
  endfacet
  facet normal -1 0 0
    outer loop
      vertex -86 30.8728 0
      vertex -86 -13.9702 2.82802
      vertex -86 -13.0948 3.35272
    endloop
  endfacet
  facet normal -1 0 0
    outer loop
      vertex -86 30.8728 0
      vertex -86 -14.8929 2.39165
      vertex -86 -13.9702 2.82802
    endloop
  endfacet
  facet normal -1 0 0
    outer loop
      vertex -86 30.8728 0
      vertex -86 -15.8538 2.04782
      vertex -86 -14.8929 2.39165
    endloop
  endfacet
  facet normal -1 0 0
    outer loop
      vertex -86 30.8728 0
      vertex -86 -16.8438 1.79983
      vertex -86 -15.8538 2.04782
    endloop
  endfacet
  facet normal -1 0 0
    outer loop
      vertex -86 30.8728 0
      vertex -86 -17.8534 1.65008
      vertex -86 -16.8438 1.79983
    endloop
  endfacet
  facet normal -1 0 0
    outer loop
      vertex -86 -30.8728 0
      vertex -86 -17.8534 1.65008
      vertex -86 30.8728 0
    endloop
  endfacet
  facet normal -1 -0 0
    outer loop
      vertex -86 -26.2267 4.64609
      vertex -86 -28.3159 3
      vertex -86 -26.7879 5.26532
    endloop
  endfacet
  facet normal -1 -0 0
    outer loop
      vertex -86 -25.4705 3.96069
      vertex -86 -28.3159 3
      vertex -86 -26.2267 4.64609
    endloop
  endfacet
  facet normal -1 -0 0
    outer loop
      vertex -86 -24.6507 3.35272
      vertex -86 -28.3159 3
      vertex -86 -25.4705 3.96069
    endloop
  endfacet
  facet normal -1 0 0
    outer loop
      vertex -86 -23.7753 2.82802
      vertex -86 -28.3159 3
      vertex -86 -24.6507 3.35272
    endloop
  endfacet
  facet normal -1 0 0
    outer loop
      vertex -86 -30.8728 0
      vertex -86 -23.7753 2.82802
      vertex -86 -22.8527 2.39165
    endloop
  endfacet
  facet normal -1 0 0
    outer loop
      vertex -86 -30.8728 0
      vertex -86 -22.8527 2.39165
      vertex -86 -21.8917 2.04782
    endloop
  endfacet
  facet normal -1 0 0
    outer loop
      vertex -86 -30.8728 0
      vertex -86 -21.8917 2.04782
      vertex -86 -20.9017 1.79983
    endloop
  endfacet
  facet normal -1 0 0
    outer loop
      vertex -86 -17.8534 1.65008
      vertex -86 -30.8728 0
      vertex -86 -18.8728 1.6
    endloop
  endfacet
  facet normal -1 0 0
    outer loop
      vertex -86 -30.8728 0
      vertex -86 -19.8921 1.65008
      vertex -86 -18.8728 1.6
    endloop
  endfacet
  facet normal -1 0 0
    outer loop
      vertex -86 -30.8728 0
      vertex -86 -20.9017 1.79983
      vertex -86 -19.8921 1.65008
    endloop
  endfacet
  facet normal -1 -0 0
    outer loop
      vertex -86 -23.7753 2.82802
      vertex -86 -30.8728 0
      vertex -86 -28.3159 3
    endloop
  endfacet
  facet normal -1 -0 0
    outer loop
      vertex -86 -28.3159 3
      vertex -86 -30.8728 0
      vertex -86 -30.8728 3
    endloop
  endfacet
  facet normal -1 0 0
    outer loop
      vertex -86 29.2227 68.9794
      vertex -86 30.8728 86.36
      vertex -86 29.2728 67.96
    endloop
  endfacet
  facet normal -1 0 0
    outer loop
      vertex -86 29.0729 69.989
      vertex -86 30.8728 86.36
      vertex -86 29.2227 68.9794
    endloop
  endfacet
  facet normal -1 0 0
    outer loop
      vertex -86 28.8249 70.979
      vertex -86 30.8728 86.36
      vertex -86 29.0729 69.989
    endloop
  endfacet
  facet normal -1 0 0
    outer loop
      vertex -86 28.4811 71.9399
      vertex -86 30.8728 86.36
      vertex -86 28.8249 70.979
    endloop
  endfacet
  facet normal -1 0 0
    outer loop
      vertex -86 28.0447 72.8626
      vertex -86 30.8728 86.36
      vertex -86 28.4811 71.9399
    endloop
  endfacet
  facet normal -1 0 0
    outer loop
      vertex -86 27.52 73.738
      vertex -86 30.8728 86.36
      vertex -86 28.0447 72.8626
    endloop
  endfacet
  facet normal -1 0 0
    outer loop
      vertex -86 26.9121 74.5577
      vertex -86 30.8728 86.36
      vertex -86 27.52 73.738
    endloop
  endfacet
  facet normal -1 0 0
    outer loop
      vertex -86 26.2267 75.3139
      vertex -86 30.8728 86.36
      vertex -86 26.9121 74.5577
    endloop
  endfacet
  facet normal -1 0 0
    outer loop
      vertex -86 25.4705 75.9993
      vertex -86 30.8728 86.36
      vertex -86 26.2267 75.3139
    endloop
  endfacet
  facet normal -1 -0 0
    outer loop
      vertex -86 30.8728 86.36
      vertex -86 25.4705 75.9993
      vertex -86 27.9112 86.36
    endloop
  endfacet
  facet normal -1 0 0
    outer loop
      vertex -86 24.6507 76.6073
      vertex -86 27.9112 86.36
      vertex -86 25.4705 75.9993
    endloop
  endfacet
  facet normal -1 0 0
    outer loop
      vertex -86 23.7753 77.132
      vertex -86 27.9112 86.36
      vertex -86 24.6507 76.6073
    endloop
  endfacet
  facet normal -1 0 0
    outer loop
      vertex -86 22.8527 77.5684
      vertex -86 27.9112 86.36
      vertex -86 23.7753 77.132
    endloop
  endfacet
  facet normal -1 0 0
    outer loop
      vertex -86 27.9112 86.36
      vertex -86 22.8527 77.5684
      vertex -86 22.1506 77.8196
    endloop
  endfacet
  facet normal -1 0 0
    outer loop
      vertex -86 19.8921 57.6101
      vertex -86 16.2431 52.3257
      vertex -86 18.8728 57.56
    endloop
  endfacet
  facet normal -1 0 0
    outer loop
      vertex -86 15.8993 53.2866
      vertex -86 18.8728 57.56
      vertex -86 16.2431 52.3257
    endloop
  endfacet
  facet normal -1 -0 0
    outer loop
      vertex -86 18.8728 57.56
      vertex -86 15.8993 53.2866
      vertex -86 17.8534 57.6101
    endloop
  endfacet
  facet normal -1 0 0
    outer loop
      vertex -86 15.4629 54.2092
      vertex -86 17.8534 57.6101
      vertex -86 15.8993 53.2866
    endloop
  endfacet
  facet normal -1 -0 0
    outer loop
      vertex -86 17.8534 57.6101
      vertex -86 15.4629 54.2092
      vertex -86 16.8438 57.7599
    endloop
  endfacet
  facet normal -1 0 0
    outer loop
      vertex -86 14.9382 55.0846
      vertex -86 16.8438 57.7599
      vertex -86 15.4629 54.2092
    endloop
  endfacet
  facet normal -1 -0 0
    outer loop
      vertex -86 16.8438 57.7599
      vertex -86 14.9382 55.0846
      vertex -86 15.8538 58.0079
    endloop
  endfacet
  facet normal -1 0 0
    outer loop
      vertex -86 14.3302 55.9044
      vertex -86 15.8538 58.0079
      vertex -86 14.9382 55.0846
    endloop
  endfacet
  facet normal -1 -0 0
    outer loop
      vertex -86 15.8538 58.0079
      vertex -86 14.3302 55.9044
      vertex -86 14.8929 58.3517
    endloop
  endfacet
  facet normal -1 0 0
    outer loop
      vertex -86 13.6448 56.6606
      vertex -86 14.8929 58.3517
      vertex -86 14.3302 55.9044
    endloop
  endfacet
  facet normal -1 -0 0
    outer loop
      vertex -86 14.8929 58.3517
      vertex -86 13.6448 56.6606
      vertex -86 13.9702 58.7881
    endloop
  endfacet
  facet normal -1 0 0
    outer loop
      vertex -86 12.8886 57.346
      vertex -86 13.9702 58.7881
      vertex -86 13.6448 56.6606
    endloop
  endfacet
  facet normal -1 -0 0
    outer loop
      vertex -86 13.9702 58.7881
      vertex -86 12.8886 57.346
      vertex -86 13.0948 59.3128
    endloop
  endfacet
  facet normal -1 0 0
    outer loop
      vertex -86 12.0689 57.954
      vertex -86 13.0948 59.3128
      vertex -86 12.8886 57.346
    endloop
  endfacet
  facet normal -1 -0 0
    outer loop
      vertex -86 13.0948 59.3128
      vertex -86 12.0689 57.954
      vertex -86 12.2751 59.9207
    endloop
  endfacet
  facet normal -1 0 0
    outer loop
      vertex -86 11.1934 58.4787
      vertex -86 12.2751 59.9207
      vertex -86 12.0689 57.954
    endloop
  endfacet
  facet normal -1 -0 0
    outer loop
      vertex -86 12.2751 59.9207
      vertex -86 11.1934 58.4787
      vertex -86 11.5188 60.6061
    endloop
  endfacet
  facet normal -1 0 0
    outer loop
      vertex -86 10.2708 58.915
      vertex -86 11.5188 60.6061
      vertex -86 11.1934 58.4787
    endloop
  endfacet
  facet normal -1 -0 0
    outer loop
      vertex -86 11.5188 60.6061
      vertex -86 10.2708 58.915
      vertex -86 10.9576 61.2253
    endloop
  endfacet
  facet normal -1 0 0
    outer loop
      vertex -86 10.9576 61.2253
      vertex -86 10.2708 58.915
      vertex -86 9.56874 59.1663
    endloop
  endfacet
  facet normal -1 0 0
    outer loop
      vertex -86 7.3103 38.9568
      vertex -86 3.66126 33.6723
      vertex -86 6.29092 38.9067
    endloop
  endfacet
  facet normal -1 0 0
    outer loop
      vertex -86 3.31743 34.6333
      vertex -86 6.29092 38.9067
      vertex -86 3.66126 33.6723
    endloop
  endfacet
  facet normal -1 -0 0
    outer loop
      vertex -86 6.29092 38.9067
      vertex -86 3.31743 34.6333
      vertex -86 5.27154 38.9568
    endloop
  endfacet
  facet normal -1 0 0
    outer loop
      vertex -86 2.88106 35.5559
      vertex -86 5.27154 38.9568
      vertex -86 3.31743 34.6333
    endloop
  endfacet
  facet normal -1 -0 0
    outer loop
      vertex -86 5.27154 38.9568
      vertex -86 2.88106 35.5559
      vertex -86 4.26198 39.1065
    endloop
  endfacet
  facet normal -1 0 0
    outer loop
      vertex -86 2.35636 36.4313
      vertex -86 4.26198 39.1065
      vertex -86 2.88106 35.5559
    endloop
  endfacet
  facet normal -1 -0 0
    outer loop
      vertex -86 4.26198 39.1065
      vertex -86 2.35636 36.4313
      vertex -86 3.27196 39.3545
    endloop
  endfacet
  facet normal -1 0 0
    outer loop
      vertex -86 1.74839 37.251
      vertex -86 3.27196 39.3545
      vertex -86 2.35636 36.4313
    endloop
  endfacet
  facet normal -1 -0 0
    outer loop
      vertex -86 3.27196 39.3545
      vertex -86 1.74839 37.251
      vertex -86 2.31101 39.6983
    endloop
  endfacet
  facet normal -1 0 0
    outer loop
      vertex -86 1.06299 38.0073
      vertex -86 2.31101 39.6983
      vertex -86 1.74839 37.251
    endloop
  endfacet
  facet normal -1 -0 0
    outer loop
      vertex -86 2.31101 39.6983
      vertex -86 1.06299 38.0073
      vertex -86 1.38839 40.1347
    endloop
  endfacet
  facet normal -1 0 0
    outer loop
      vertex -86 0.306769 38.6927
      vertex -86 1.38839 40.1347
      vertex -86 1.06299 38.0073
    endloop
  endfacet
  facet normal -1 -0 0
    outer loop
      vertex -86 1.38839 40.1347
      vertex -86 0.306769 38.6927
      vertex -86 0.512989 40.6594
    endloop
  endfacet
  facet normal -1 0 0
    outer loop
      vertex -86 -0.512989 39.3006
      vertex -86 0.512989 40.6594
      vertex -86 0.306769 38.6927
    endloop
  endfacet
  facet normal -1 -0 0
    outer loop
      vertex -86 0.512989 40.6594
      vertex -86 -0.512989 39.3006
      vertex -86 -0.306769 41.2674
    endloop
  endfacet
  facet normal -1 0 0
    outer loop
      vertex -86 -1.38839 39.8253
      vertex -86 -0.306769 41.2674
      vertex -86 -0.512989 39.3006
    endloop
  endfacet
  facet normal -1 -0 0
    outer loop
      vertex -86 -0.306769 41.2674
      vertex -86 -1.38839 39.8253
      vertex -86 -1.06299 41.9528
    endloop
  endfacet
  facet normal -1 0 0
    outer loop
      vertex -86 -2.31101 40.2617
      vertex -86 -1.06299 41.9528
      vertex -86 -1.38839 39.8253
    endloop
  endfacet
  facet normal -1 -0 0
    outer loop
      vertex -86 -1.06299 41.9528
      vertex -86 -2.31101 40.2617
      vertex -86 -1.62422 42.572
    endloop
  endfacet
  facet normal -1 0 0
    outer loop
      vertex -86 -1.62422 42.572
      vertex -86 -2.31101 40.2617
      vertex -86 -3.01311 40.5129
    endloop
  endfacet
  facet normal -1 0 0
    outer loop
      vertex -86 -5.27154 20.3034
      vertex -86 -8.92058 15.019
      vertex -86 -6.29092 20.2533
    endloop
  endfacet
  facet normal -1 0 0
    outer loop
      vertex -86 -9.26441 15.9799
      vertex -86 -6.29092 20.2533
      vertex -86 -8.92058 15.019
    endloop
  endfacet
  facet normal -1 -0 0
    outer loop
      vertex -86 -6.29092 20.2533
      vertex -86 -9.26441 15.9799
      vertex -86 -7.3103 20.3034
    endloop
  endfacet
  facet normal -1 0 0
    outer loop
      vertex -86 -9.70078 16.9025
      vertex -86 -7.3103 20.3034
      vertex -86 -9.26441 15.9799
    endloop
  endfacet
  facet normal -1 -0 0
    outer loop
      vertex -86 -7.3103 20.3034
      vertex -86 -9.70078 16.9025
      vertex -86 -8.31986 20.4532
    endloop
  endfacet
  facet normal -1 0 0
    outer loop
      vertex -86 -10.2255 17.7779
      vertex -86 -8.31986 20.4532
      vertex -86 -9.70078 16.9025
    endloop
  endfacet
  facet normal -1 -0 0
    outer loop
      vertex -86 -8.31986 20.4532
      vertex -86 -10.2255 17.7779
      vertex -86 -9.30988 20.7012
    endloop
  endfacet
  facet normal -1 0 0
    outer loop
      vertex -86 -10.8335 18.5977
      vertex -86 -9.30988 20.7012
      vertex -86 -10.2255 17.7779
    endloop
  endfacet
  facet normal -1 -0 0
    outer loop
      vertex -86 -9.30988 20.7012
      vertex -86 -10.8335 18.5977
      vertex -86 -10.2708 21.045
    endloop
  endfacet
  facet normal -1 0 0
    outer loop
      vertex -86 -11.5188 19.3539
      vertex -86 -10.2708 21.045
      vertex -86 -10.8335 18.5977
    endloop
  endfacet
  facet normal -1 -0 0
    outer loop
      vertex -86 -10.2708 21.045
      vertex -86 -11.5188 19.3539
      vertex -86 -11.1934 21.4814
    endloop
  endfacet
  facet normal -1 0 0
    outer loop
      vertex -86 -12.2751 20.0393
      vertex -86 -11.1934 21.4814
      vertex -86 -11.5188 19.3539
    endloop
  endfacet
  facet normal -1 -0 0
    outer loop
      vertex -86 -11.1934 21.4814
      vertex -86 -12.2751 20.0393
      vertex -86 -12.0689 22.0061
    endloop
  endfacet
  facet normal -1 0 0
    outer loop
      vertex -86 -13.0948 20.6473
      vertex -86 -12.0689 22.0061
      vertex -86 -12.2751 20.0393
    endloop
  endfacet
  facet normal -1 -0 0
    outer loop
      vertex -86 -12.0689 22.0061
      vertex -86 -13.0948 20.6473
      vertex -86 -12.8886 22.614
    endloop
  endfacet
  facet normal -1 0 0
    outer loop
      vertex -86 -13.9702 21.172
      vertex -86 -12.8886 22.614
      vertex -86 -13.0948 20.6473
    endloop
  endfacet
  facet normal -1 -0 0
    outer loop
      vertex -86 -12.8886 22.614
      vertex -86 -13.9702 21.172
      vertex -86 -13.6448 23.2994
    endloop
  endfacet
  facet normal -1 0 0
    outer loop
      vertex -86 -14.8929 21.6083
      vertex -86 -13.6448 23.2994
      vertex -86 -13.9702 21.172
    endloop
  endfacet
  facet normal -1 -0 0
    outer loop
      vertex -86 -13.6448 23.2994
      vertex -86 -14.8929 21.6083
      vertex -86 -14.2061 23.9187
    endloop
  endfacet
  facet normal -1 0 0
    outer loop
      vertex -86 -14.2061 23.9187
      vertex -86 -14.8929 21.6083
      vertex -86 -15.5949 21.8596
    endloop
  endfacet
  facet normal 0 1 0
    outer loop
      vertex 86 30.8728 64.8952
      vertex 86 30.8728 0
      vertex 57 30.8728 64.8952
    endloop
  endfacet
  facet normal 0 1 0
    outer loop
      vertex 57 30.8728 71.0248
      vertex 86 30.8728 86.36
      vertex 86 30.8728 71.0248
    endloop
  endfacet
  facet normal 0 1 0
    outer loop
      vertex 86 30.8728 86.36
      vertex 57 30.8728 71.0248
      vertex -86 30.8728 86.36
    endloop
  endfacet
  facet normal 0 1 -0
    outer loop
      vertex 57 30.8728 64.8952
      vertex -86 30.8728 86.36
      vertex 57 30.8728 71.0248
    endloop
  endfacet
  facet normal 0 1 0
    outer loop
      vertex -86 30.8728 0
      vertex 57 30.8728 64.8952
      vertex 86 30.8728 0
    endloop
  endfacet
  facet normal 0 1 0
    outer loop
      vertex 57 30.8728 64.8952
      vertex -86 30.8728 0
      vertex -86 30.8728 86.36
    endloop
  endfacet
  facet normal 0 -0.829036 0.559195
    outer loop
      vertex -86 27.9112 86.36
      vertex 57 23.3034 79.5287
      vertex 86 27.9112 86.36
    endloop
  endfacet
  facet normal -4.63911e-08 -0.829036 0.559195
    outer loop
      vertex -86 22.1506 77.8196
      vertex 57 23.3034 79.5287
      vertex -86 27.9112 86.36
    endloop
  endfacet
  facet normal 0 -0.829038 0.559192
    outer loop
      vertex 57 23.3034 79.5287
      vertex -86 22.1506 77.8196
      vertex 57 22.1506 77.8196
    endloop
  endfacet
  facet normal 0 -0.829036 0.559195
    outer loop
      vertex 86 27.9112 86.36
      vertex 57 23.3034 79.5287
      vertex 86 23.3034 79.5287
    endloop
  endfacet
  facet normal 0 -0.829039 0.559191
    outer loop
      vertex -86 -26.7879 5.26532
      vertex 57 -27.9382 3.55992
      vertex 57 -26.7879 5.26532
    endloop
  endfacet
  facet normal 1.37184e-07 -0.829034 0.559199
    outer loop
      vertex -86 -28.3159 3
      vertex 57 -27.9382 3.55992
      vertex -86 -26.7879 5.26532
    endloop
  endfacet
  facet normal 0 -0.829018 0.559223
    outer loop
      vertex 86 -28.3159 3
      vertex 57 -27.9382 3.55992
      vertex -86 -28.3159 3
    endloop
  endfacet
  facet normal 0 -0.829018 0.559223
    outer loop
      vertex 57 -27.9382 3.55992
      vertex 86 -28.3159 3
      vertex 86 -27.9382 3.55992
    endloop
  endfacet
  facet normal 0 -0.829053 0.559171
    outer loop
      vertex -86 -15.5949 21.8596
      vertex 57 -14.2061 23.9187
      vertex -86 -14.2061 23.9187
    endloop
  endfacet
  facet normal 0 -0.829053 0.559171
    outer loop
      vertex 57 -14.2061 23.9187
      vertex -86 -15.5949 21.8596
      vertex 57 -15.5949 21.8596
    endloop
  endfacet
  facet normal 0 -0.829036 0.559196
    outer loop
      vertex -86 -3.01311 40.5129
      vertex 57 -1.62422 42.572
      vertex -86 -1.62422 42.572
    endloop
  endfacet
  facet normal 0 -0.829036 0.559196
    outer loop
      vertex 57 -1.62422 42.572
      vertex -86 -3.01311 40.5129
      vertex 57 -3.01311 40.5129
    endloop
  endfacet
  facet normal 0 -0.829029 0.559206
    outer loop
      vertex -86 9.56874 59.1663
      vertex 57 10.9576 61.2253
      vertex -86 10.9576 61.2253
    endloop
  endfacet
  facet normal 0 -0.829029 0.559206
    outer loop
      vertex 57 10.9576 61.2253
      vertex -86 9.56874 59.1663
      vertex 57 9.56874 59.1663
    endloop
  endfacet
  facet normal -0 0 1
    outer loop
      vertex -86 -28.3159 3
      vertex 86 -30.8728 3
      vertex 86 -28.3159 3
    endloop
  endfacet
  facet normal 0 0 1
    outer loop
      vertex 86 -30.8728 3
      vertex -86 -28.3159 3
      vertex -86 -30.8728 3
    endloop
  endfacet
  facet normal 0 -1 0
    outer loop
      vertex -86 -30.8728 0
      vertex 86 -30.8728 3
      vertex -86 -30.8728 3
    endloop
  endfacet
  facet normal 0 -1 -0
    outer loop
      vertex 86 -30.8728 3
      vertex -86 -30.8728 0
      vertex 86 -30.8728 0
    endloop
  endfacet
  facet normal 0 -0.242987 0.970029
    outer loop
      vertex -86 -15.8538 2.04782
      vertex 57 -16.8438 1.79983
      vertex 57 -15.8538 2.04782
    endloop
  endfacet
  facet normal 0 -0.242987 0.970029
    outer loop
      vertex 57 -16.8438 1.79983
      vertex -86 -15.8538 2.04782
      vertex -86 -16.8438 1.79983
    endloop
  endfacet
  facet normal 0 -0.903988 0.427558
    outer loop
      vertex -86 -9.70078 7.09747
      vertex 57 -9.26441 8.02009
      vertex -86 -9.26441 8.02009
    endloop
  endfacet
  facet normal 0 -0.903988 0.427558
    outer loop
      vertex 57 -9.26441 8.02009
      vertex -86 -9.70078 7.09747
      vertex 57 -9.70078 7.09747
    endloop
  endfacet
  facet normal 0 -0.970035 -0.242964
    outer loop
      vertex -86 -8.67259 14.0289
      vertex 57 -8.92058 15.019
      vertex -86 -8.92058 15.019
    endloop
  endfacet
  facet normal 0 -0.970035 -0.242964
    outer loop
      vertex 57 -8.92058 15.019
      vertex -86 -8.67259 14.0289
      vertex 57 -8.67259 14.0289
    endloop
  endfacet
  facet normal 0 -0.970031 0.242983
    outer loop
      vertex -86 -8.92058 8.98104
      vertex 57 -8.67259 9.97106
      vertex -86 -8.67259 9.97106
    endloop
  endfacet
  facet normal 0 -0.970031 0.242983
    outer loop
      vertex 57 -8.67259 9.97106
      vertex -86 -8.92058 8.98104
      vertex 57 -8.92058 8.98104
    endloop
  endfacet
  facet normal -0 0.0490726 0.998795
    outer loop
      vertex -86 -18.8728 1.6
      vertex 57 -19.8921 1.65008
      vertex 57 -18.8728 1.6
    endloop
  endfacet
  facet normal 0 0.0490726 0.998795
    outer loop
      vertex 57 -19.8921 1.65008
      vertex -86 -18.8728 1.6
      vertex -86 -19.8921 1.65008
    endloop
  endfacet
  facet normal 0 -0.998795 -0.0490678
    outer loop
      vertex -86 -8.47276 12
      vertex 57 -8.52284 13.0194
      vertex -86 -8.52284 13.0194
    endloop
  endfacet
  facet normal 0 -0.998795 -0.0490678
    outer loop
      vertex 57 -8.52284 13.0194
      vertex -86 -8.47276 12
      vertex 57 -8.47276 12
    endloop
  endfacet
  facet normal 0 -0.0490678 0.998795
    outer loop
      vertex -86 -17.8534 1.65008
      vertex 57 -18.8728 1.6
      vertex 57 -17.8534 1.65008
    endloop
  endfacet
  facet normal 0 -0.0490678 0.998795
    outer loop
      vertex 57 -18.8728 1.6
      vertex -86 -17.8534 1.65008
      vertex -86 -18.8728 1.6
    endloop
  endfacet
  facet normal 0 -0.427471 -0.904029
    outer loop
      vertex -86 -14.8929 21.6083
      vertex 57 -13.9702 21.172
      vertex 57 -14.8929 21.6083
    endloop
  endfacet
  facet normal -0 -0.427471 -0.904029
    outer loop
      vertex 57 -13.9702 21.172
      vertex -86 -14.8929 21.6083
      vertex -86 -13.9702 21.172
    endloop
  endfacet
  facet normal 0 -0.857718 -0.514121
    outer loop
      vertex -86 -9.70078 16.9025
      vertex 57 -10.2255 17.7779
      vertex -86 -10.2255 17.7779
    endloop
  endfacet
  facet normal 0 -0.857718 -0.514121
    outer loop
      vertex 57 -10.2255 17.7779
      vertex -86 -9.70078 16.9025
      vertex 57 -9.70078 16.9025
    endloop
  endfacet
  facet normal 0 -0.857718 0.514121
    outer loop
      vertex -86 -10.2255 6.22207
      vertex 57 -9.70078 7.09747
      vertex -86 -9.70078 7.09747
    endloop
  endfacet
  facet normal 0 -0.857718 0.514121
    outer loop
      vertex 57 -9.70078 7.09747
      vertex -86 -10.2255 6.22207
      vertex 57 -10.2255 6.22207
    endloop
  endfacet
  facet normal -0 0.514107 0.857726
    outer loop
      vertex -86 -23.7753 2.82802
      vertex 57 -24.6507 3.35272
      vertex 57 -23.7753 2.82802
    endloop
  endfacet
  facet normal 0 0.514107 0.857726
    outer loop
      vertex 57 -24.6507 3.35272
      vertex -86 -23.7753 2.82802
      vertex -86 -24.6507 3.35272
    endloop
  endfacet
  facet normal 0 -0.595724 0.803189
    outer loop
      vertex -86 -12.2751 3.96069
      vertex 57 -13.0948 3.35272
      vertex 57 -12.2751 3.96069
    endloop
  endfacet
  facet normal 0 -0.595724 0.803189
    outer loop
      vertex 57 -13.0948 3.35272
      vertex -86 -12.2751 3.96069
      vertex -86 -13.0948 3.35272
    endloop
  endfacet
  facet normal 0 -0.740999 0.671506
    outer loop
      vertex -86 -11.5188 4.64609
      vertex 57 -10.8335 5.40231
      vertex -86 -10.8335 5.40231
    endloop
  endfacet
  facet normal 0 -0.740999 0.671506
    outer loop
      vertex 57 -10.8335 5.40231
      vertex -86 -11.5188 4.64609
      vertex 57 -11.5188 4.64609
    endloop
  endfacet
  facet normal 0 -0.427527 0.904002
    outer loop
      vertex -86 -13.9702 2.82802
      vertex 57 -14.8929 2.39165
      vertex 57 -13.9702 2.82802
    endloop
  endfacet
  facet normal 0 -0.427527 0.904002
    outer loop
      vertex 57 -14.8929 2.39165
      vertex -86 -13.9702 2.82802
      vertex -86 -14.8929 2.39165
    endloop
  endfacet
  facet normal 0 -0.94154 -0.336902
    outer loop
      vertex -86 -8.92058 15.019
      vertex 57 -9.26441 15.9799
      vertex -86 -9.26441 15.9799
    endloop
  endfacet
  facet normal 0 -0.94154 -0.336902
    outer loop
      vertex 57 -9.26441 15.9799
      vertex -86 -8.92058 15.019
      vertex 57 -8.92058 15.019
    endloop
  endfacet
  facet normal 0 -0.941545 0.336887
    outer loop
      vertex -86 -9.26441 8.02009
      vertex 57 -8.92058 8.98104
      vertex -86 -8.92058 8.98104
    endloop
  endfacet
  facet normal 0 -0.941545 0.336887
    outer loop
      vertex 57 -8.92058 8.98104
      vertex -86 -9.26441 8.02009
      vertex 57 -9.26441 8.02009
    endloop
  endfacet
  facet normal 0 -0.146721 0.989178
    outer loop
      vertex -86 -16.8438 1.79983
      vertex 57 -17.8534 1.65008
      vertex 57 -16.8438 1.79983
    endloop
  endfacet
  facet normal 0 -0.146721 0.989178
    outer loop
      vertex 57 -17.8534 1.65008
      vertex -86 -16.8438 1.79983
      vertex -86 -17.8534 1.65008
    endloop
  endfacet
  facet normal -0 0.427565 0.903984
    outer loop
      vertex -86 -22.8527 2.39165
      vertex 57 -23.7753 2.82802
      vertex 57 -22.8527 2.39165
    endloop
  endfacet
  facet normal 0 0.427565 0.903984
    outer loop
      vertex 57 -23.7753 2.82802
      vertex -86 -22.8527 2.39165
      vertex -86 -23.7753 2.82802
    endloop
  endfacet
  facet normal -0 0.242987 0.970029
    outer loop
      vertex -86 -20.9017 1.79983
      vertex 57 -21.8917 2.04782
      vertex 57 -20.9017 1.79983
    endloop
  endfacet
  facet normal 0 0.242987 0.970029
    outer loop
      vertex 57 -21.8917 2.04782
      vertex -86 -20.9017 1.79983
      vertex -86 -21.8917 2.04782
    endloop
  endfacet
  facet normal -0 0.67157 0.740941
    outer loop
      vertex -86 -25.4705 3.96069
      vertex 57 -26.2267 4.64609
      vertex 57 -25.4705 3.96069
    endloop
  endfacet
  facet normal 0 0.67157 0.740941
    outer loop
      vertex 57 -26.2267 4.64609
      vertex -86 -25.4705 3.96069
      vertex -86 -26.2267 4.64609
    endloop
  endfacet
  facet normal 0 -0.80321 -0.595696
    outer loop
      vertex -86 -10.2255 17.7779
      vertex 57 -10.8335 18.5977
      vertex -86 -10.8335 18.5977
    endloop
  endfacet
  facet normal 0 -0.80321 -0.595696
    outer loop
      vertex 57 -10.8335 18.5977
      vertex -86 -10.2255 17.7779
      vertex 57 -10.2255 17.7779
    endloop
  endfacet
  facet normal -0 0.146721 0.989178
    outer loop
      vertex -86 -19.8921 1.65008
      vertex 57 -20.9017 1.79983
      vertex 57 -19.8921 1.65008
    endloop
  endfacet
  facet normal 0 0.146721 0.989178
    outer loop
      vertex 57 -20.9017 1.79983
      vertex -86 -19.8921 1.65008
      vertex -86 -20.9017 1.79983
    endloop
  endfacet
  facet normal 0 -0.671521 0.740985
    outer loop
      vertex -86 -11.5188 4.64609
      vertex 57 -12.2751 3.96069
      vertex 57 -11.5188 4.64609
    endloop
  endfacet
  facet normal 0 -0.671521 0.740985
    outer loop
      vertex 57 -12.2751 3.96069
      vertex -86 -11.5188 4.64609
      vertex -86 -12.2751 3.96069
    endloop
  endfacet
  facet normal 0 -0.337033 -0.941493
    outer loop
      vertex -86 -15.5949 21.8596
      vertex 57 -14.8929 21.6083
      vertex 57 -15.5949 21.8596
    endloop
  endfacet
  facet normal -0 -0.337033 -0.941493
    outer loop
      vertex 57 -14.8929 21.6083
      vertex -86 -15.5949 21.8596
      vertex -86 -14.8929 21.6083
    endloop
  endfacet
  facet normal 0 -0.336902 0.94154
    outer loop
      vertex -86 -14.8929 2.39165
      vertex 57 -15.8538 2.04782
      vertex 57 -14.8929 2.39165
    endloop
  endfacet
  facet normal 0 -0.336902 0.94154
    outer loop
      vertex 57 -15.8538 2.04782
      vertex -86 -14.8929 2.39165
      vertex -86 -15.8538 2.04782
    endloop
  endfacet
  facet normal 0 -0.903984 -0.427565
    outer loop
      vertex -86 -9.26441 15.9799
      vertex 57 -9.70078 16.9025
      vertex -86 -9.70078 16.9025
    endloop
  endfacet
  facet normal 0 -0.903984 -0.427565
    outer loop
      vertex 57 -9.70078 16.9025
      vertex -86 -9.26441 15.9799
      vertex 57 -9.26441 15.9799
    endloop
  endfacet
  facet normal 0 -0.803196 0.595715
    outer loop
      vertex -86 -10.8335 5.40231
      vertex 57 -10.2255 6.22207
      vertex -86 -10.2255 6.22207
    endloop
  endfacet
  facet normal 0 -0.803196 0.595715
    outer loop
      vertex 57 -10.2255 6.22207
      vertex -86 -10.8335 5.40231
      vertex 57 -10.8335 5.40231
    endloop
  endfacet
  facet normal 0 -0.514107 0.857726
    outer loop
      vertex -86 -13.0948 3.35272
      vertex 57 -13.9702 2.82802
      vertex 57 -13.0948 3.35272
    endloop
  endfacet
  facet normal 0 -0.514107 0.857726
    outer loop
      vertex 57 -13.9702 2.82802
      vertex -86 -13.0948 3.35272
      vertex -86 -13.9702 2.82802
    endloop
  endfacet
  facet normal 0 -0.989177 0.146729
    outer loop
      vertex -86 -8.67259 9.97106
      vertex 57 -8.52284 10.9806
      vertex -86 -8.52284 10.9806
    endloop
  endfacet
  facet normal 0 -0.989177 0.146729
    outer loop
      vertex 57 -8.52284 10.9806
      vertex -86 -8.67259 9.97106
      vertex 57 -8.67259 9.97106
    endloop
  endfacet
  facet normal 0 -0.989176 -0.146735
    outer loop
      vertex -86 -8.52284 13.0194
      vertex 57 -8.67259 14.0289
      vertex -86 -8.67259 14.0289
    endloop
  endfacet
  facet normal 0 -0.989176 -0.146735
    outer loop
      vertex 57 -8.67259 14.0289
      vertex -86 -8.52284 13.0194
      vertex 57 -8.52284 13.0194
    endloop
  endfacet
  facet normal 0 -0.74099 -0.671516
    outer loop
      vertex -86 -10.8335 18.5977
      vertex 57 -11.5188 19.3539
      vertex -86 -11.5188 19.3539
    endloop
  endfacet
  facet normal 0 -0.74099 -0.671516
    outer loop
      vertex 57 -11.5188 19.3539
      vertex -86 -10.8335 18.5977
      vertex 57 -10.8335 18.5977
    endloop
  endfacet
  facet normal 0 -0.671521 -0.740985
    outer loop
      vertex -86 -12.2751 20.0393
      vertex 57 -11.5188 19.3539
      vertex 57 -12.2751 20.0393
    endloop
  endfacet
  facet normal -0 -0.671521 -0.740985
    outer loop
      vertex 57 -11.5188 19.3539
      vertex -86 -12.2751 20.0393
      vertex -86 -11.5188 19.3539
    endloop
  endfacet
  facet normal 0 -0.514107 -0.857726
    outer loop
      vertex -86 -13.9702 21.172
      vertex 57 -13.0948 20.6473
      vertex 57 -13.9702 21.172
    endloop
  endfacet
  facet normal -0 -0.514107 -0.857726
    outer loop
      vertex 57 -13.0948 20.6473
      vertex -86 -13.9702 21.172
      vertex -86 -13.0948 20.6473
    endloop
  endfacet
  facet normal 0 -0.998795 0.0490678
    outer loop
      vertex -86 -8.52284 10.9806
      vertex 57 -8.47276 12
      vertex -86 -8.47276 12
    endloop
  endfacet
  facet normal 0 -0.998795 0.0490678
    outer loop
      vertex 57 -8.47276 12
      vertex -86 -8.52284 10.9806
      vertex 57 -8.52284 10.9806
    endloop
  endfacet
  facet normal -0 0.336871 0.941551
    outer loop
      vertex -86 -21.8917 2.04782
      vertex 57 -22.8527 2.39165
      vertex 57 -21.8917 2.04782
    endloop
  endfacet
  facet normal 0 0.336871 0.941551
    outer loop
      vertex 57 -22.8527 2.39165
      vertex -86 -21.8917 2.04782
      vertex -86 -22.8527 2.39165
    endloop
  endfacet
  facet normal -0 0.595677 0.803224
    outer loop
      vertex -86 -24.6507 3.35272
      vertex 57 -25.4705 3.96069
      vertex 57 -24.6507 3.35272
    endloop
  endfacet
  facet normal 0 0.595677 0.803224
    outer loop
      vertex 57 -25.4705 3.96069
      vertex -86 -24.6507 3.35272
      vertex -86 -25.4705 3.96069
    endloop
  endfacet
  facet normal 0 -0.595743 -0.803175
    outer loop
      vertex -86 -13.0948 20.6473
      vertex 57 -12.2751 20.0393
      vertex 57 -13.0948 20.6473
    endloop
  endfacet
  facet normal -0 -0.595743 -0.803175
    outer loop
      vertex 57 -12.2751 20.0393
      vertex -86 -13.0948 20.6473
      vertex -86 -12.2751 20.0393
    endloop
  endfacet
  facet normal 0 0.740973 0.671534
    outer loop
      vertex 57 -26.2267 4.64609
      vertex -86 -26.7879 5.26532
      vertex 57 -26.7879 5.26532
    endloop
  endfacet
  facet normal 0 0.740973 0.671534
    outer loop
      vertex -86 -26.7879 5.26532
      vertex 57 -26.2267 4.64609
      vertex -86 -26.2267 4.64609
    endloop
  endfacet
  facet normal 0 -0.989177 -0.146729
    outer loop
      vertex 57 -6.53247 13.2154
      vertex 86 -6.71102 14.4191
      vertex 57 -6.71102 14.4191
    endloop
  endfacet
  facet normal 0 -0.989177 -0.146729
    outer loop
      vertex 86 -6.71102 14.4191
      vertex 57 -6.53247 13.2154
      vertex 86 -6.53247 13.2154
    endloop
  endfacet
  facet normal 0 -0.242988 0.970029
    outer loop
      vertex 57 -15.2732 0.13394
      vertex 86 -15.8079 0
      vertex 86 -15.2732 0.13394
    endloop
  endfacet
  facet normal 0 -0.242988 0.970029
    outer loop
      vertex 86 -15.8079 0
      vertex 57 -15.2732 0.13394
      vertex 57 -15.8079 0
    endloop
  endfacet
  facet normal 0 -0.94155 -0.336873
    outer loop
      vertex 57 -7.0067 15.5995
      vertex 86 -7.41665 16.7453
      vertex 57 -7.41665 16.7453
    endloop
  endfacet
  facet normal 0 -0.94155 -0.336873
    outer loop
      vertex 86 -7.41665 16.7453
      vertex 57 -7.0067 15.5995
      vertex 86 -7.0067 15.5995
    endloop
  endfacet
  facet normal -0 0.336901 0.94154
    outer loop
      vertex 57 -22.4723 0.13394
      vertex 86 -23.618 0.543893
      vertex 86 -22.4723 0.13394
    endloop
  endfacet
  facet normal 0 0.336901 0.94154
    outer loop
      vertex 86 -23.618 0.543893
      vertex 57 -22.4723 0.13394
      vertex 57 -23.618 0.543893
    endloop
  endfacet
  facet normal 0 -0.998795 -0.0490687
    outer loop
      vertex 57 -6.47276 12
      vertex 86 -6.53247 13.2154
      vertex 57 -6.53247 13.2154
    endloop
  endfacet
  facet normal 0 -0.998795 -0.0490687
    outer loop
      vertex 86 -6.53247 13.2154
      vertex 57 -6.47276 12
      vertex 86 -6.47276 12
    endloop
  endfacet
  facet normal 0 -0.97003 -0.242984
    outer loop
      vertex 57 -6.71102 14.4191
      vertex 86 -7.0067 15.5995
      vertex 57 -7.0067 15.5995
    endloop
  endfacet
  facet normal 0 -0.97003 -0.242984
    outer loop
      vertex 86 -7.0067 15.5995
      vertex 57 -6.71102 14.4191
      vertex 86 -6.71102 14.4191
    endloop
  endfacet
  facet normal 0 -0.671539 0.740969
    outer loop
      vertex 57 -10.1046 3.23188
      vertex 86 -11.0063 2.41467
      vertex 86 -10.1046 3.23188
    endloop
  endfacet
  facet normal 0 -0.671539 0.740969
    outer loop
      vertex 86 -11.0063 2.41467
      vertex 57 -10.1046 3.23188
      vertex 57 -11.0063 2.41467
    endloop
  endfacet
  facet normal 0 -0.740963 0.671546
    outer loop
      vertex 57 -10.1046 3.23188
      vertex 86 -9.28743 4.13352
      vertex 57 -9.28743 4.13352
    endloop
  endfacet
  facet normal 0 -0.740963 0.671546
    outer loop
      vertex 86 -9.28743 4.13352
      vertex 57 -10.1046 3.23188
      vertex 86 -10.1046 3.23188
    endloop
  endfacet
  facet normal 0 -0.90398 -0.427574
    outer loop
      vertex 57 -7.41665 16.7453
      vertex 86 -7.93694 17.8453
      vertex 57 -7.93694 17.8453
    endloop
  endfacet
  facet normal 0 -0.90398 -0.427574
    outer loop
      vertex 86 -7.93694 17.8453
      vertex 57 -7.41665 16.7453
      vertex 86 -7.41665 16.7453
    endloop
  endfacet
  facet normal -0 0.427541 0.903996
    outer loop
      vertex 57 -23.618 0.543893
      vertex 86 -24.7181 1.06418
      vertex 86 -23.618 0.543893
    endloop
  endfacet
  facet normal 0 0.427541 0.903996
    outer loop
      vertex 86 -24.7181 1.06418
      vertex 57 -23.618 0.543893
      vertex 57 -24.7181 1.06418
    endloop
  endfacet
  facet normal 0 -0.5957 0.803207
    outer loop
      vertex 57 -11.0063 2.41467
      vertex 86 -11.9837 1.68978
      vertex 86 -11.0063 2.41467
    endloop
  endfacet
  facet normal 0 -0.5957 0.803207
    outer loop
      vertex 86 -11.9837 1.68978
      vertex 57 -11.0063 2.41467
      vertex 57 -11.9837 1.68978
    endloop
  endfacet
  facet normal -0 0.514121 0.857718
    outer loop
      vertex 57 -24.7181 1.06418
      vertex 86 -25.7618 1.68978
      vertex 86 -24.7181 1.06418
    endloop
  endfacet
  facet normal 0 0.514121 0.857718
    outer loop
      vertex 86 -25.7618 1.68978
      vertex 57 -24.7181 1.06418
      vertex 57 -25.7618 1.68978
    endloop
  endfacet
  facet normal 0 -0.427541 0.903996
    outer loop
      vertex 57 -13.0274 1.06418
      vertex 86 -14.1275 0.543893
      vertex 86 -13.0274 1.06418
    endloop
  endfacet
  facet normal 0 -0.427541 0.903996
    outer loop
      vertex 86 -14.1275 0.543893
      vertex 57 -13.0274 1.06418
      vertex 57 -14.1275 0.543893
    endloop
  endfacet
  facet normal 0 -0.998795 0.0490687
    outer loop
      vertex 57 -6.53247 10.7846
      vertex 86 -6.47276 12
      vertex 57 -6.47276 12
    endloop
  endfacet
  facet normal 0 -0.998795 0.0490687
    outer loop
      vertex 86 -6.47276 12
      vertex 57 -6.53247 10.7846
      vertex 86 -6.53247 10.7846
    endloop
  endfacet
  facet normal 0 -0.80321 0.595696
    outer loop
      vertex 57 -9.28743 4.13352
      vertex 86 -8.56254 5.11093
      vertex 57 -8.56254 5.11093
    endloop
  endfacet
  facet normal 0 -0.80321 0.595696
    outer loop
      vertex 86 -8.56254 5.11093
      vertex 57 -9.28743 4.13352
      vertex 86 -9.28743 4.13352
    endloop
  endfacet
  facet normal 1 0 0
    outer loop
      vertex 57 6.04937 31.8688
      vertex 57 4.059 31.6727
      vertex 57 4.10908 30.6533
    endloop
  endfacet
  facet normal 1 0 0
    outer loop
      vertex 57 4.29517 37.0821
      vertex 57 3.90925 32.6823
      vertex 57 4.059 31.6727
    endloop
  endfacet
  facet normal 1 0 0
    outer loop
      vertex 57 4.29517 37.0821
      vertex 57 3.66126 33.6723
      vertex 57 3.90925 32.6823
    endloop
  endfacet
  facet normal 1 0 0
    outer loop
      vertex 57 4.29517 37.0821
      vertex 57 3.31743 34.6333
      vertex 57 3.66126 33.6723
    endloop
  endfacet
  facet normal 1 -0 0
    outer loop
      vertex 57 1.74839 37.251
      vertex 57 4.29517 37.0821
      vertex 57 3.27196 39.3545
    endloop
  endfacet
  facet normal 1 0 0
    outer loop
      vertex 57 4.29517 37.0821
      vertex 57 2.88106 35.5559
      vertex 57 3.31743 34.6333
    endloop
  endfacet
  facet normal 1 0 0
    outer loop
      vertex 57 4.29517 37.0821
      vertex 57 2.35636 36.4313
      vertex 57 2.88106 35.5559
    endloop
  endfacet
  facet normal 1 0 0
    outer loop
      vertex 57 1.74839 37.251
      vertex 57 3.27196 39.3545
      vertex 57 2.31101 39.6983
    endloop
  endfacet
  facet normal 1 0 0
    outer loop
      vertex 57 4.29517 37.0821
      vertex 57 1.74839 37.251
      vertex 57 2.35636 36.4313
    endloop
  endfacet
  facet normal 1 0 0
    outer loop
      vertex 57 1.06299 38.0073
      vertex 57 2.31101 39.6983
      vertex 57 1.38839 40.1347
    endloop
  endfacet
  facet normal 1 0 0
    outer loop
      vertex 57 2.31101 39.6983
      vertex 57 1.06299 38.0073
      vertex 57 1.74839 37.251
    endloop
  endfacet
  facet normal 1 0 0
    outer loop
      vertex 57 0.306769 38.6927
      vertex 57 1.38839 40.1347
      vertex 57 0.512989 40.6594
    endloop
  endfacet
  facet normal 1 0 0
    outer loop
      vertex 57 1.38839 40.1347
      vertex 57 0.306769 38.6927
      vertex 57 1.06299 38.0073
    endloop
  endfacet
  facet normal 1 0 0
    outer loop
      vertex 57 -0.512989 39.3006
      vertex 57 0.512989 40.6594
      vertex 57 -0.306769 41.2674
    endloop
  endfacet
  facet normal 1 0 0
    outer loop
      vertex 57 0.512989 40.6594
      vertex 57 -0.512989 39.3006
      vertex 57 0.306769 38.6927
    endloop
  endfacet
  facet normal 1 0 0
    outer loop
      vertex 57 -1.38839 39.8253
      vertex 57 -0.306769 41.2674
      vertex 57 -1.06299 41.9528
    endloop
  endfacet
  facet normal 1 0 0
    outer loop
      vertex 57 -0.306769 41.2674
      vertex 57 -1.38839 39.8253
      vertex 57 -0.512989 39.3006
    endloop
  endfacet
  facet normal 1 0 0
    outer loop
      vertex 57 -2.31101 40.2617
      vertex 57 -1.06299 41.9528
      vertex 57 -1.62422 42.572
    endloop
  endfacet
  facet normal 1 0 0
    outer loop
      vertex 57 -1.06299 41.9528
      vertex 57 -2.31101 40.2617
      vertex 57 -1.38839 39.8253
    endloop
  endfacet
  facet normal 1 0 -0
    outer loop
      vertex 57 -2.31101 40.2617
      vertex 57 -1.62422 42.572
      vertex 57 -3.01311 40.5129
    endloop
  endfacet
  facet normal 1 0 0
    outer loop
      vertex 57 18.6312 50.5221
      vertex 57 16.6408 50.3261
      vertex 57 16.6909 49.3067
    endloop
  endfacet
  facet normal 1 0 0
    outer loop
      vertex 57 16.877 55.7355
      vertex 57 16.4911 51.3356
      vertex 57 16.6408 50.3261
    endloop
  endfacet
  facet normal 1 0 0
    outer loop
      vertex 57 16.877 55.7355
      vertex 57 16.2431 52.3257
      vertex 57 16.4911 51.3356
    endloop
  endfacet
  facet normal 1 0 0
    outer loop
      vertex 57 16.877 55.7355
      vertex 57 15.8993 53.2866
      vertex 57 16.2431 52.3257
    endloop
  endfacet
  facet normal 1 -0 0
    outer loop
      vertex 57 14.3302 55.9044
      vertex 57 16.877 55.7355
      vertex 57 15.8538 58.0079
    endloop
  endfacet
  facet normal 1 0 0
    outer loop
      vertex 57 16.877 55.7355
      vertex 57 15.4629 54.2092
      vertex 57 15.8993 53.2866
    endloop
  endfacet
  facet normal 1 0 0
    outer loop
      vertex 57 16.877 55.7355
      vertex 57 14.9382 55.0846
      vertex 57 15.4629 54.2092
    endloop
  endfacet
  facet normal 1 0 0
    outer loop
      vertex 57 14.3302 55.9044
      vertex 57 15.8538 58.0079
      vertex 57 14.8929 58.3517
    endloop
  endfacet
  facet normal 1 0 0
    outer loop
      vertex 57 16.877 55.7355
      vertex 57 14.3302 55.9044
      vertex 57 14.9382 55.0846
    endloop
  endfacet
  facet normal 1 0 0
    outer loop
      vertex 57 13.6448 56.6606
      vertex 57 14.8929 58.3517
      vertex 57 13.9702 58.7881
    endloop
  endfacet
  facet normal 1 0 0
    outer loop
      vertex 57 14.8929 58.3517
      vertex 57 13.6448 56.6606
      vertex 57 14.3302 55.9044
    endloop
  endfacet
  facet normal 1 0 0
    outer loop
      vertex 57 12.8886 57.346
      vertex 57 13.9702 58.7881
      vertex 57 13.0948 59.3128
    endloop
  endfacet
  facet normal 1 0 0
    outer loop
      vertex 57 13.9702 58.7881
      vertex 57 12.8886 57.346
      vertex 57 13.6448 56.6606
    endloop
  endfacet
  facet normal 1 0 0
    outer loop
      vertex 57 12.0689 57.954
      vertex 57 13.0948 59.3128
      vertex 57 12.2751 59.9207
    endloop
  endfacet
  facet normal 1 0 0
    outer loop
      vertex 57 13.0948 59.3128
      vertex 57 12.0689 57.954
      vertex 57 12.8886 57.346
    endloop
  endfacet
  facet normal 1 0 0
    outer loop
      vertex 57 11.1934 58.4787
      vertex 57 12.2751 59.9207
      vertex 57 11.5188 60.6061
    endloop
  endfacet
  facet normal 1 0 0
    outer loop
      vertex 57 12.2751 59.9207
      vertex 57 11.1934 58.4787
      vertex 57 12.0689 57.954
    endloop
  endfacet
  facet normal 1 0 0
    outer loop
      vertex 57 10.2708 58.915
      vertex 57 11.5188 60.6061
      vertex 57 10.9576 61.2253
    endloop
  endfacet
  facet normal 1 0 0
    outer loop
      vertex 57 11.5188 60.6061
      vertex 57 10.2708 58.915
      vertex 57 11.1934 58.4787
    endloop
  endfacet
  facet normal 1 0 -0
    outer loop
      vertex 57 10.2708 58.915
      vertex 57 10.9576 61.2253
      vertex 57 9.56874 59.1663
    endloop
  endfacet
  facet normal 1 0 0
    outer loop
      vertex 57 28.8249 70.979
      vertex 57 30.8728 71.0248
      vertex 57 30.7388 71.5596
    endloop
  endfacet
  facet normal 1 0 0
    outer loop
      vertex 57 30.8728 71.0248
      vertex 57 29.2728 67.96
      vertex 57 30.8728 64.8952
    endloop
  endfacet
  facet normal 1 0 0
    outer loop
      vertex 57 28.8249 70.979
      vertex 57 30.7388 71.5596
      vertex 57 30.3289 72.7053
    endloop
  endfacet
  facet normal 1 -0 0
    outer loop
      vertex 57 29.2227 66.9407
      vertex 57 30.8728 64.8952
      vertex 57 29.2728 67.96
    endloop
  endfacet
  facet normal 1 0 0
    outer loop
      vertex 57 28.4811 71.9399
      vertex 57 30.3289 72.7053
      vertex 57 29.8086 73.8054
    endloop
  endfacet
  facet normal 1 -0 0
    outer loop
      vertex 57 29.0729 65.9311
      vertex 57 30.8728 64.8952
      vertex 57 29.2227 66.9407
    endloop
  endfacet
  facet normal 1 -0 0
    outer loop
      vertex 57 28.8249 64.9411
      vertex 57 30.8728 64.8952
      vertex 57 29.0729 65.9311
    endloop
  endfacet
  facet normal 1 0 0
    outer loop
      vertex 57 30.8728 71.0248
      vertex 57 29.2227 68.9794
      vertex 57 29.2728 67.96
    endloop
  endfacet
  facet normal 1 0 0
    outer loop
      vertex 57 28.0447 72.8626
      vertex 57 29.8086 73.8054
      vertex 57 29.183 74.8491
    endloop
  endfacet
  facet normal 1 0 0
    outer loop
      vertex 57 30.8728 71.0248
      vertex 57 29.0729 69.989
      vertex 57 29.2227 68.9794
    endloop
  endfacet
  facet normal 1 0 0
    outer loop
      vertex 57 30.8728 71.0248
      vertex 57 28.8249 70.979
      vertex 57 29.0729 69.989
    endloop
  endfacet
  facet normal 1 0 0
    outer loop
      vertex 57 30.3289 72.7053
      vertex 57 28.4811 71.9399
      vertex 57 28.8249 70.979
    endloop
  endfacet
  facet normal 1 0 0
    outer loop
      vertex 57 27.52 73.738
      vertex 57 29.183 74.8491
      vertex 57 28.4581 75.8265
    endloop
  endfacet
  facet normal 1 0 0
    outer loop
      vertex 57 29.8086 73.8054
      vertex 57 28.0447 72.8626
      vertex 57 28.4811 71.9399
    endloop
  endfacet
  facet normal 1 0 0
    outer loop
      vertex 57 26.9121 74.5577
      vertex 57 28.4581 75.8265
      vertex 57 27.6409 76.7282
    endloop
  endfacet
  facet normal 1 0 0
    outer loop
      vertex 57 29.183 74.8491
      vertex 57 27.52 73.738
      vertex 57 28.0447 72.8626
    endloop
  endfacet
  facet normal 1 0 0
    outer loop
      vertex 57 28.4581 75.8265
      vertex 57 26.9121 74.5577
      vertex 57 27.52 73.738
    endloop
  endfacet
  facet normal 1 0 0
    outer loop
      vertex 57 26.2267 75.3139
      vertex 57 27.6409 76.7282
      vertex 57 26.7392 77.5454
    endloop
  endfacet
  facet normal 1 0 0
    outer loop
      vertex 57 27.6409 76.7282
      vertex 57 26.2267 75.3139
      vertex 57 26.9121 74.5577
    endloop
  endfacet
  facet normal 1 0 0
    outer loop
      vertex 57 25.4705 75.9993
      vertex 57 26.7392 77.5454
      vertex 57 25.7618 78.2703
    endloop
  endfacet
  facet normal 1 0 0
    outer loop
      vertex 57 26.7392 77.5454
      vertex 57 25.4705 75.9993
      vertex 57 26.2267 75.3139
    endloop
  endfacet
  facet normal 1 0 0
    outer loop
      vertex 57 24.6507 76.6073
      vertex 57 25.7618 78.2703
      vertex 57 24.7181 78.8959
    endloop
  endfacet
  facet normal 1 0 0
    outer loop
      vertex 57 25.7618 78.2703
      vertex 57 24.6507 76.6073
      vertex 57 25.4705 75.9993
    endloop
  endfacet
  facet normal 1 0 0
    outer loop
      vertex 57 24.7181 78.8959
      vertex 57 23.7753 77.132
      vertex 57 24.6507 76.6073
    endloop
  endfacet
  facet normal 1 0 0
    outer loop
      vertex 57 23.618 79.4161
      vertex 57 23.7753 77.132
      vertex 57 24.7181 78.8959
    endloop
  endfacet
  facet normal 1 0 0
    outer loop
      vertex 57 22.8527 77.5684
      vertex 57 23.618 79.4161
      vertex 57 23.3034 79.5287
    endloop
  endfacet
  facet normal 1 0 0
    outer loop
      vertex 57 23.618 79.4161
      vertex 57 22.8527 77.5684
      vertex 57 23.7753 77.132
    endloop
  endfacet
  facet normal 1 0 -0
    outer loop
      vertex 57 22.8527 77.5684
      vertex 57 23.3034 79.5287
      vertex 57 22.1506 77.8196
    endloop
  endfacet
  facet normal 1 0 0
    outer loop
      vertex 57 30.8728 64.8952
      vertex 57 28.8249 64.9411
      vertex 57 30.7388 64.3605
    endloop
  endfacet
  facet normal 1 0 0
    outer loop
      vertex 57 30.7388 64.3605
      vertex 57 28.8249 64.9411
      vertex 57 30.3289 63.2148
    endloop
  endfacet
  facet normal 1 -0 0
    outer loop
      vertex 57 28.4811 63.9801
      vertex 57 30.3289 63.2148
      vertex 57 28.8249 64.9411
    endloop
  endfacet
  facet normal 1 0 0
    outer loop
      vertex 57 30.3289 63.2148
      vertex 57 28.4811 63.9801
      vertex 57 29.8086 62.1147
    endloop
  endfacet
  facet normal 1 -0 0
    outer loop
      vertex 57 28.0447 63.0575
      vertex 57 29.8086 62.1147
      vertex 57 28.4811 63.9801
    endloop
  endfacet
  facet normal 1 0 0
    outer loop
      vertex 57 29.8086 62.1147
      vertex 57 28.0447 63.0575
      vertex 57 29.183 61.071
    endloop
  endfacet
  facet normal 1 -0 0
    outer loop
      vertex 57 27.52 62.1821
      vertex 57 29.183 61.071
      vertex 57 28.0447 63.0575
    endloop
  endfacet
  facet normal 1 0 0
    outer loop
      vertex 57 29.183 61.071
      vertex 57 27.52 62.1821
      vertex 57 28.4581 60.0936
    endloop
  endfacet
  facet normal 1 -0 0
    outer loop
      vertex 57 26.9121 61.3623
      vertex 57 28.4581 60.0936
      vertex 57 27.52 62.1821
    endloop
  endfacet
  facet normal 1 0 0
    outer loop
      vertex 57 28.4581 60.0936
      vertex 57 26.9121 61.3623
      vertex 57 27.6409 59.1919
    endloop
  endfacet
  facet normal 1 -0 0
    outer loop
      vertex 57 26.2267 60.6061
      vertex 57 27.6409 59.1919
      vertex 57 26.9121 61.3623
    endloop
  endfacet
  facet normal 1 0 0
    outer loop
      vertex 57 27.6409 59.1919
      vertex 57 26.2267 60.6061
      vertex 57 26.7392 58.3747
    endloop
  endfacet
  facet normal 1 -0 0
    outer loop
      vertex 57 25.4705 59.9207
      vertex 57 26.7392 58.3747
      vertex 57 26.2267 60.6061
    endloop
  endfacet
  facet normal 1 0 0
    outer loop
      vertex 57 26.7392 58.3747
      vertex 57 25.4705 59.9207
      vertex 57 25.7618 57.6498
    endloop
  endfacet
  facet normal 1 -0 0
    outer loop
      vertex 57 24.6507 59.3128
      vertex 57 25.7618 57.6498
      vertex 57 25.4705 59.9207
    endloop
  endfacet
  facet normal 1 0 0
    outer loop
      vertex 57 25.7618 57.6498
      vertex 57 24.6507 59.3128
      vertex 57 24.7181 57.0242
    endloop
  endfacet
  facet normal 1 -0 0
    outer loop
      vertex 57 23.7753 58.7881
      vertex 57 24.7181 57.0242
      vertex 57 24.6507 59.3128
    endloop
  endfacet
  facet normal 1 0 0
    outer loop
      vertex 57 23.7753 58.7881
      vertex 57 23.618 56.5039
      vertex 57 24.7181 57.0242
    endloop
  endfacet
  facet normal 1 -0 0
    outer loop
      vertex 57 22.8527 58.3517
      vertex 57 23.618 56.5039
      vertex 57 23.7753 58.7881
    endloop
  endfacet
  facet normal 1 0 0
    outer loop
      vertex 57 22.8527 58.3517
      vertex 57 22.4723 56.094
      vertex 57 23.618 56.5039
    endloop
  endfacet
  facet normal 1 -0 0
    outer loop
      vertex 57 21.8917 58.0079
      vertex 57 22.4723 56.094
      vertex 57 22.8527 58.3517
    endloop
  endfacet
  facet normal 1 0 0
    outer loop
      vertex 57 21.8917 58.0079
      vertex 57 21.2919 55.7983
      vertex 57 22.4723 56.094
    endloop
  endfacet
  facet normal 1 -0 0
    outer loop
      vertex 57 20.9017 57.7599
      vertex 57 21.2919 55.7983
      vertex 57 21.8917 58.0079
    endloop
  endfacet
  facet normal 1 0 0
    outer loop
      vertex 57 20.9017 57.7599
      vertex 57 20.0882 55.6197
      vertex 57 21.2919 55.7983
    endloop
  endfacet
  facet normal 1 -0 0
    outer loop
      vertex 57 19.8921 57.6101
      vertex 57 20.0882 55.6197
      vertex 57 20.9017 57.7599
    endloop
  endfacet
  facet normal 1 -0 0
    outer loop
      vertex 57 18.8728 57.56
      vertex 57 20.0882 55.6197
      vertex 57 19.8921 57.6101
    endloop
  endfacet
  facet normal 1 0 0
    outer loop
      vertex 57 18.8728 57.56
      vertex 57 18.8728 55.56
      vertex 57 20.0882 55.6197
    endloop
  endfacet
  facet normal 1 0 0
    outer loop
      vertex 57 17.8534 57.6101
      vertex 57 18.8728 55.56
      vertex 57 18.8728 57.56
    endloop
  endfacet
  facet normal 1 0 0
    outer loop
      vertex 57 17.8534 57.6101
      vertex 57 17.6573 55.6197
      vertex 57 18.8728 55.56
    endloop
  endfacet
  facet normal 1 0 0
    outer loop
      vertex 57 17.8534 57.6101
      vertex 57 16.877 55.7355
      vertex 57 17.6573 55.6197
    endloop
  endfacet
  facet normal 1 0 -0
    outer loop
      vertex 57 16.877 55.7355
      vertex 57 17.8534 57.6101
      vertex 57 16.8438 57.7599
    endloop
  endfacet
  facet normal 1 0 0
    outer loop
      vertex 57 16.6909 49.3067
      vertex 57 18.6909 49.3067
      vertex 57 18.6312 50.5221
    endloop
  endfacet
  facet normal 1 0 0
    outer loop
      vertex 57 16.6408 50.3261
      vertex 57 18.6312 50.5221
      vertex 57 18.4527 51.7258
    endloop
  endfacet
  facet normal 1 0 0
    outer loop
      vertex 57 18.6909 49.3067
      vertex 57 16.6909 49.3067
      vertex 57 18.6312 48.0913
    endloop
  endfacet
  facet normal 1 0 0
    outer loop
      vertex 57 16.6408 50.3261
      vertex 57 18.4527 51.7258
      vertex 57 18.157 52.9062
    endloop
  endfacet
  facet normal 1 -0 0
    outer loop
      vertex 57 16.6408 48.2873
      vertex 57 18.6312 48.0913
      vertex 57 16.6909 49.3067
    endloop
  endfacet
  facet normal 1 0 0
    outer loop
      vertex 57 16.6408 50.3261
      vertex 57 18.157 52.9062
      vertex 57 17.747 54.052
    endloop
  endfacet
  facet normal 1 0 0
    outer loop
      vertex 57 18.6312 48.0913
      vertex 57 16.6408 48.2873
      vertex 57 18.4527 46.8876
    endloop
  endfacet
  facet normal 1 0 0
    outer loop
      vertex 57 16.6408 50.3261
      vertex 57 17.747 54.052
      vertex 57 17.2267 55.152
    endloop
  endfacet
  facet normal 1 -0 0
    outer loop
      vertex 57 16.4911 47.2778
      vertex 57 18.4527 46.8876
      vertex 57 16.6408 48.2873
    endloop
  endfacet
  facet normal 1 0 0
    outer loop
      vertex 57 16.6408 50.3261
      vertex 57 17.2267 55.152
      vertex 57 16.877 55.7355
    endloop
  endfacet
  facet normal 1 0 0
    outer loop
      vertex 57 15.8538 58.0079
      vertex 57 16.877 55.7355
      vertex 57 16.8438 57.7599
    endloop
  endfacet
  facet normal 1 0 0
    outer loop
      vertex 57 18.4527 46.8876
      vertex 57 16.4911 47.2778
      vertex 57 18.157 45.7072
    endloop
  endfacet
  facet normal 1 -0 0
    outer loop
      vertex 57 16.2431 46.2877
      vertex 57 18.157 45.7072
      vertex 57 16.4911 47.2778
    endloop
  endfacet
  facet normal 1 0 0
    outer loop
      vertex 57 18.157 45.7072
      vertex 57 16.2431 46.2877
      vertex 57 17.747 44.5614
    endloop
  endfacet
  facet normal 1 -0 0
    outer loop
      vertex 57 15.8993 45.3268
      vertex 57 17.747 44.5614
      vertex 57 16.2431 46.2877
    endloop
  endfacet
  facet normal 1 0 0
    outer loop
      vertex 57 17.747 44.5614
      vertex 57 15.8993 45.3268
      vertex 57 17.2267 43.4614
    endloop
  endfacet
  facet normal 1 -0 0
    outer loop
      vertex 57 15.4629 44.4042
      vertex 57 17.2267 43.4614
      vertex 57 15.8993 45.3268
    endloop
  endfacet
  facet normal 1 0 0
    outer loop
      vertex 57 17.2267 43.4614
      vertex 57 15.4629 44.4042
      vertex 57 16.6011 42.4176
    endloop
  endfacet
  facet normal 1 -0 0
    outer loop
      vertex 57 14.9382 43.5288
      vertex 57 16.6011 42.4176
      vertex 57 15.4629 44.4042
    endloop
  endfacet
  facet normal 1 0 0
    outer loop
      vertex 57 16.6011 42.4176
      vertex 57 14.9382 43.5288
      vertex 57 15.8762 41.4402
    endloop
  endfacet
  facet normal 1 -0 0
    outer loop
      vertex 57 14.3302 42.709
      vertex 57 15.8762 41.4402
      vertex 57 14.9382 43.5288
    endloop
  endfacet
  facet normal 1 0 0
    outer loop
      vertex 57 15.8762 41.4402
      vertex 57 14.3302 42.709
      vertex 57 15.059 40.5386
    endloop
  endfacet
  facet normal 1 -0 0
    outer loop
      vertex 57 13.6448 41.9528
      vertex 57 15.059 40.5386
      vertex 57 14.3302 42.709
    endloop
  endfacet
  facet normal 1 0 0
    outer loop
      vertex 57 15.059 40.5386
      vertex 57 13.6448 41.9528
      vertex 57 14.1574 39.7214
    endloop
  endfacet
  facet normal 1 -0 0
    outer loop
      vertex 57 12.8886 41.2674
      vertex 57 14.1574 39.7214
      vertex 57 13.6448 41.9528
    endloop
  endfacet
  facet normal 1 0 0
    outer loop
      vertex 57 14.1574 39.7214
      vertex 57 12.8886 41.2674
      vertex 57 13.18 38.9965
    endloop
  endfacet
  facet normal 1 -0 0
    outer loop
      vertex 57 12.0689 40.6594
      vertex 57 13.18 38.9965
      vertex 57 12.8886 41.2674
    endloop
  endfacet
  facet normal 1 0 0
    outer loop
      vertex 57 13.18 38.9965
      vertex 57 12.0689 40.6594
      vertex 57 12.1362 38.3709
    endloop
  endfacet
  facet normal 1 -0 0
    outer loop
      vertex 57 11.1934 40.1347
      vertex 57 12.1362 38.3709
      vertex 57 12.0689 40.6594
    endloop
  endfacet
  facet normal 1 0 0
    outer loop
      vertex 57 11.1934 40.1347
      vertex 57 11.0362 37.8506
      vertex 57 12.1362 38.3709
    endloop
  endfacet
  facet normal 1 -0 0
    outer loop
      vertex 57 10.2708 39.6983
      vertex 57 11.0362 37.8506
      vertex 57 11.1934 40.1347
    endloop
  endfacet
  facet normal 1 0 0
    outer loop
      vertex 57 10.2708 39.6983
      vertex 57 9.89045 37.4406
      vertex 57 11.0362 37.8506
    endloop
  endfacet
  facet normal 1 -0 0
    outer loop
      vertex 57 9.30988 39.3545
      vertex 57 9.89045 37.4406
      vertex 57 10.2708 39.6983
    endloop
  endfacet
  facet normal 1 0 0
    outer loop
      vertex 57 9.30988 39.3545
      vertex 57 8.71004 37.145
      vertex 57 9.89045 37.4406
    endloop
  endfacet
  facet normal 1 -0 0
    outer loop
      vertex 57 8.31986 39.1065
      vertex 57 8.71004 37.145
      vertex 57 9.30988 39.3545
    endloop
  endfacet
  facet normal 1 0 0
    outer loop
      vertex 57 8.31986 39.1065
      vertex 57 7.50633 36.9664
      vertex 57 8.71004 37.145
    endloop
  endfacet
  facet normal 1 -0 0
    outer loop
      vertex 57 7.3103 38.9568
      vertex 57 7.50633 36.9664
      vertex 57 8.31986 39.1065
    endloop
  endfacet
  facet normal 1 -0 0
    outer loop
      vertex 57 6.29092 38.9067
      vertex 57 7.50633 36.9664
      vertex 57 7.3103 38.9568
    endloop
  endfacet
  facet normal 1 0 0
    outer loop
      vertex 57 6.29092 38.9067
      vertex 57 6.29092 36.9067
      vertex 57 7.50633 36.9664
    endloop
  endfacet
  facet normal 1 0 0
    outer loop
      vertex 57 5.27154 38.9568
      vertex 57 6.29092 36.9067
      vertex 57 6.29092 38.9067
    endloop
  endfacet
  facet normal 1 0 0
    outer loop
      vertex 57 5.27154 38.9568
      vertex 57 5.07551 36.9664
      vertex 57 6.29092 36.9067
    endloop
  endfacet
  facet normal 1 0 0
    outer loop
      vertex 57 5.27154 38.9568
      vertex 57 4.29517 37.0821
      vertex 57 5.07551 36.9664
    endloop
  endfacet
  facet normal 1 0 -0
    outer loop
      vertex 57 4.29517 37.0821
      vertex 57 5.27154 38.9568
      vertex 57 4.26198 39.1065
    endloop
  endfacet
  facet normal 1 0 0
    outer loop
      vertex 57 4.10908 30.6533
      vertex 57 6.10908 30.6533
      vertex 57 6.04937 31.8688
    endloop
  endfacet
  facet normal 1 0 0
    outer loop
      vertex 57 4.059 31.6727
      vertex 57 6.04937 31.8688
      vertex 57 5.87082 33.0725
    endloop
  endfacet
  facet normal 1 0 0
    outer loop
      vertex 57 6.10908 30.6533
      vertex 57 4.10908 30.6533
      vertex 57 6.04937 29.4379
    endloop
  endfacet
  facet normal 1 0 0
    outer loop
      vertex 57 4.059 31.6727
      vertex 57 5.87082 33.0725
      vertex 57 5.57514 34.2529
    endloop
  endfacet
  facet normal 1 -0 0
    outer loop
      vertex 57 4.059 29.634
      vertex 57 6.04937 29.4379
      vertex 57 4.10908 30.6533
    endloop
  endfacet
  facet normal 1 0 0
    outer loop
      vertex 57 4.059 31.6727
      vertex 57 5.57514 34.2529
      vertex 57 5.16519 35.3986
    endloop
  endfacet
  facet normal 1 0 0
    outer loop
      vertex 57 6.04937 29.4379
      vertex 57 4.059 29.634
      vertex 57 5.87082 28.2342
    endloop
  endfacet
  facet normal 1 0 0
    outer loop
      vertex 57 4.059 31.6727
      vertex 57 5.16519 35.3986
      vertex 57 4.6449 36.4987
    endloop
  endfacet
  facet normal 1 -0 0
    outer loop
      vertex 57 3.90925 28.6244
      vertex 57 5.87082 28.2342
      vertex 57 4.059 29.634
    endloop
  endfacet
  facet normal 1 0 0
    outer loop
      vertex 57 4.059 31.6727
      vertex 57 4.6449 36.4987
      vertex 57 4.29517 37.0821
    endloop
  endfacet
  facet normal 1 0 0
    outer loop
      vertex 57 3.27196 39.3545
      vertex 57 4.29517 37.0821
      vertex 57 4.26198 39.1065
    endloop
  endfacet
  facet normal 1 0 0
    outer loop
      vertex 57 5.87082 28.2342
      vertex 57 3.90925 28.6244
      vertex 57 5.57514 27.0538
    endloop
  endfacet
  facet normal 1 -0 0
    outer loop
      vertex 57 3.66126 27.6344
      vertex 57 5.57514 27.0538
      vertex 57 3.90925 28.6244
    endloop
  endfacet
  facet normal 1 0 0
    outer loop
      vertex 57 5.57514 27.0538
      vertex 57 3.66126 27.6344
      vertex 57 5.16519 25.9081
    endloop
  endfacet
  facet normal 1 -0 0
    outer loop
      vertex 57 3.31743 26.6734
      vertex 57 5.16519 25.9081
      vertex 57 3.66126 27.6344
    endloop
  endfacet
  facet normal 1 0 0
    outer loop
      vertex 57 5.16519 25.9081
      vertex 57 3.31743 26.6734
      vertex 57 4.6449 24.808
    endloop
  endfacet
  facet normal 1 -0 0
    outer loop
      vertex 57 2.88106 25.7508
      vertex 57 4.6449 24.808
      vertex 57 3.31743 26.6734
    endloop
  endfacet
  facet normal 1 0 0
    outer loop
      vertex 57 4.6449 24.808
      vertex 57 2.88106 25.7508
      vertex 57 4.0193 23.7643
    endloop
  endfacet
  facet normal 1 -0 0
    outer loop
      vertex 57 2.35636 24.8754
      vertex 57 4.0193 23.7643
      vertex 57 2.88106 25.7508
    endloop
  endfacet
  facet normal 1 0 0
    outer loop
      vertex 57 4.0193 23.7643
      vertex 57 2.35636 24.8754
      vertex 57 3.29441 22.7869
    endloop
  endfacet
  facet normal 1 -0 0
    outer loop
      vertex 57 1.74839 24.0557
      vertex 57 3.29441 22.7869
      vertex 57 2.35636 24.8754
    endloop
  endfacet
  facet normal 1 0 0
    outer loop
      vertex 57 3.29441 22.7869
      vertex 57 1.74839 24.0557
      vertex 57 2.4772 21.8852
    endloop
  endfacet
  facet normal 1 -0 0
    outer loop
      vertex 57 1.06299 23.2994
      vertex 57 2.4772 21.8852
      vertex 57 1.74839 24.0557
    endloop
  endfacet
  facet normal 1 0 0
    outer loop
      vertex 57 2.4772 21.8852
      vertex 57 1.06299 23.2994
      vertex 57 1.57556 21.068
    endloop
  endfacet
  facet normal 1 -0 0
    outer loop
      vertex 57 0.306769 22.614
      vertex 57 1.57556 21.068
      vertex 57 1.06299 23.2994
    endloop
  endfacet
  facet normal 1 0 0
    outer loop
      vertex 57 1.57556 21.068
      vertex 57 0.306769 22.614
      vertex 57 0.59815 20.3431
    endloop
  endfacet
  facet normal 1 -0 0
    outer loop
      vertex 57 -0.512989 22.0061
      vertex 57 0.59815 20.3431
      vertex 57 0.306769 22.614
    endloop
  endfacet
  facet normal 1 0 0
    outer loop
      vertex 57 0.59815 20.3431
      vertex 57 -0.512989 22.0061
      vertex 57 -0.445601 19.7175
    endloop
  endfacet
  facet normal 1 -0 0
    outer loop
      vertex 57 -1.38839 21.4814
      vertex 57 -0.445601 19.7175
      vertex 57 -0.512989 22.0061
    endloop
  endfacet
  facet normal 1 0 0
    outer loop
      vertex 57 -1.38839 21.4814
      vertex 57 -1.54564 19.1972
      vertex 57 -0.445601 19.7175
    endloop
  endfacet
  facet normal 1 -0 0
    outer loop
      vertex 57 -2.31101 21.045
      vertex 57 -1.54564 19.1972
      vertex 57 -1.38839 21.4814
    endloop
  endfacet
  facet normal 1 0 0
    outer loop
      vertex 57 -2.31101 21.045
      vertex 57 -2.69139 18.7873
      vertex 57 -1.54564 19.1972
    endloop
  endfacet
  facet normal 1 -0 0
    outer loop
      vertex 57 -3.27196 20.7012
      vertex 57 -2.69139 18.7873
      vertex 57 -2.31101 21.045
    endloop
  endfacet
  facet normal 1 0 0
    outer loop
      vertex 57 -3.27196 20.7012
      vertex 57 -3.8718 18.4916
      vertex 57 -2.69139 18.7873
    endloop
  endfacet
  facet normal 1 -0 0
    outer loop
      vertex 57 -4.26198 20.4532
      vertex 57 -3.8718 18.4916
      vertex 57 -3.27196 20.7012
    endloop
  endfacet
  facet normal 1 0 0
    outer loop
      vertex 57 -4.26198 20.4532
      vertex 57 -5.07551 18.3131
      vertex 57 -3.8718 18.4916
    endloop
  endfacet
  facet normal 1 -0 0
    outer loop
      vertex 57 -5.27154 20.3034
      vertex 57 -5.07551 18.3131
      vertex 57 -4.26198 20.4532
    endloop
  endfacet
  facet normal 1 -0 0
    outer loop
      vertex 57 -6.29092 20.2533
      vertex 57 -5.07551 18.3131
      vertex 57 -5.27154 20.3034
    endloop
  endfacet
  facet normal 1 0 0
    outer loop
      vertex 57 -6.29092 20.2533
      vertex 57 -6.29092 18.2533
      vertex 57 -5.07551 18.3131
    endloop
  endfacet
  facet normal 1 0 0
    outer loop
      vertex 57 -7.3103 20.3034
      vertex 57 -6.29092 18.2533
      vertex 57 -6.29092 20.2533
    endloop
  endfacet
  facet normal 1 0 0
    outer loop
      vertex 57 -7.3103 20.3034
      vertex 57 -7.50633 18.3131
      vertex 57 -6.29092 18.2533
    endloop
  endfacet
  facet normal 1 0 0
    outer loop
      vertex 57 -7.3103 20.3034
      vertex 57 -8.28666 18.4288
      vertex 57 -7.50633 18.3131
    endloop
  endfacet
  facet normal 1 0 -0
    outer loop
      vertex 57 -8.28666 18.4288
      vertex 57 -7.3103 20.3034
      vertex 57 -8.31986 20.4532
    endloop
  endfacet
  facet normal 1 0 0
    outer loop
      vertex 57 -8.47276 12
      vertex 57 -6.47276 12
      vertex 57 -6.53247 13.2154
    endloop
  endfacet
  facet normal 1 0 0
    outer loop
      vertex 57 -8.52284 13.0194
      vertex 57 -6.53247 13.2154
      vertex 57 -6.71102 14.4191
    endloop
  endfacet
  facet normal 1 0 0
    outer loop
      vertex 57 -6.47276 12
      vertex 57 -8.47276 12
      vertex 57 -6.53247 10.7846
    endloop
  endfacet
  facet normal 1 0 0
    outer loop
      vertex 57 -8.67259 14.0289
      vertex 57 -6.71102 14.4191
      vertex 57 -7.0067 15.5995
    endloop
  endfacet
  facet normal 1 -0 0
    outer loop
      vertex 57 -8.52284 10.9806
      vertex 57 -6.53247 10.7846
      vertex 57 -8.47276 12
    endloop
  endfacet
  facet normal 1 0 0
    outer loop
      vertex 57 -8.92058 15.019
      vertex 57 -7.0067 15.5995
      vertex 57 -7.41665 16.7453
    endloop
  endfacet
  facet normal 1 0 0
    outer loop
      vertex 57 -6.53247 10.7846
      vertex 57 -8.52284 10.9806
      vertex 57 -6.71102 9.58088
    endloop
  endfacet
  facet normal 1 0 0
    outer loop
      vertex 57 -9.26441 15.9799
      vertex 57 -7.41665 16.7453
      vertex 57 -7.93694 17.8453
    endloop
  endfacet
  facet normal 1 -0 0
    outer loop
      vertex 57 -8.67259 9.97106
      vertex 57 -6.71102 9.58088
      vertex 57 -8.52284 10.9806
    endloop
  endfacet
  facet normal 1 0 0
    outer loop
      vertex 57 -9.70078 16.9025
      vertex 57 -7.93694 17.8453
      vertex 57 -8.28666 18.4288
    endloop
  endfacet
  facet normal 1 0 0
    outer loop
      vertex 57 -9.30988 20.7012
      vertex 57 -8.28666 18.4288
      vertex 57 -8.31986 20.4532
    endloop
  endfacet
  facet normal 1 0 0
    outer loop
      vertex 57 -6.71102 9.58088
      vertex 57 -8.67259 9.97106
      vertex 57 -7.0067 8.40047
    endloop
  endfacet
  facet normal 1 -0 0
    outer loop
      vertex 57 -8.92058 8.98104
      vertex 57 -7.0067 8.40047
      vertex 57 -8.67259 9.97106
    endloop
  endfacet
  facet normal 1 0 0
    outer loop
      vertex 57 -7.0067 8.40047
      vertex 57 -8.92058 8.98104
      vertex 57 -7.41665 7.25472
    endloop
  endfacet
  facet normal 1 -0 0
    outer loop
      vertex 57 -9.26441 8.02009
      vertex 57 -7.41665 7.25472
      vertex 57 -8.92058 8.98104
    endloop
  endfacet
  facet normal 1 0 0
    outer loop
      vertex 57 -7.41665 7.25472
      vertex 57 -9.26441 8.02009
      vertex 57 -7.93694 6.15468
    endloop
  endfacet
  facet normal 1 -0 0
    outer loop
      vertex 57 -9.70078 7.09747
      vertex 57 -7.93694 6.15468
      vertex 57 -9.26441 8.02009
    endloop
  endfacet
  facet normal 1 0 0
    outer loop
      vertex 57 -7.93694 6.15468
      vertex 57 -9.70078 7.09747
      vertex 57 -8.56254 5.11093
    endloop
  endfacet
  facet normal 1 -0 0
    outer loop
      vertex 57 -10.2255 6.22207
      vertex 57 -8.56254 5.11093
      vertex 57 -9.70078 7.09747
    endloop
  endfacet
  facet normal 1 0 0
    outer loop
      vertex 57 -8.56254 5.11093
      vertex 57 -10.2255 6.22207
      vertex 57 -9.28743 4.13352
    endloop
  endfacet
  facet normal 1 -0 0
    outer loop
      vertex 57 -10.8335 5.40231
      vertex 57 -9.28743 4.13352
      vertex 57 -10.2255 6.22207
    endloop
  endfacet
  facet normal 1 0 0
    outer loop
      vertex 57 -9.28743 4.13352
      vertex 57 -10.8335 5.40231
      vertex 57 -10.1046 3.23188
    endloop
  endfacet
  facet normal 1 -0 0
    outer loop
      vertex 57 -11.5188 4.64609
      vertex 57 -10.1046 3.23188
      vertex 57 -10.8335 5.40231
    endloop
  endfacet
  facet normal 1 0 0
    outer loop
      vertex 57 -10.1046 3.23188
      vertex 57 -11.5188 4.64609
      vertex 57 -11.0063 2.41467
    endloop
  endfacet
  facet normal 1 -0 0
    outer loop
      vertex 57 -12.2751 3.96069
      vertex 57 -11.0063 2.41467
      vertex 57 -11.5188 4.64609
    endloop
  endfacet
  facet normal 1 0 0
    outer loop
      vertex 57 -11.0063 2.41467
      vertex 57 -12.2751 3.96069
      vertex 57 -11.9837 1.68978
    endloop
  endfacet
  facet normal 1 -0 0
    outer loop
      vertex 57 -13.0948 3.35272
      vertex 57 -11.9837 1.68978
      vertex 57 -12.2751 3.96069
    endloop
  endfacet
  facet normal 1 0 0
    outer loop
      vertex 57 -11.9837 1.68978
      vertex 57 -13.0948 3.35272
      vertex 57 -13.0274 1.06418
    endloop
  endfacet
  facet normal 1 -0 0
    outer loop
      vertex 57 -13.9702 2.82802
      vertex 57 -13.0274 1.06418
      vertex 57 -13.0948 3.35272
    endloop
  endfacet
  facet normal 1 0 0
    outer loop
      vertex 57 -13.9702 2.82802
      vertex 57 -14.1275 0.543893
      vertex 57 -13.0274 1.06418
    endloop
  endfacet
  facet normal 1 -0 0
    outer loop
      vertex 57 -14.8929 2.39165
      vertex 57 -14.1275 0.543893
      vertex 57 -13.9702 2.82802
    endloop
  endfacet
  facet normal 1 0 0
    outer loop
      vertex 57 -14.8929 2.39165
      vertex 57 -15.2732 0.13394
      vertex 57 -14.1275 0.543893
    endloop
  endfacet
  facet normal 1 -0 0
    outer loop
      vertex 57 -15.8538 2.04782
      vertex 57 -15.2732 0.13394
      vertex 57 -14.8929 2.39165
    endloop
  endfacet
  facet normal 1 0 0
    outer loop
      vertex 57 -15.2732 0.13394
      vertex 57 -15.8538 2.04782
      vertex 57 -15.8079 0
    endloop
  endfacet
  facet normal 1 -0 0
    outer loop
      vertex 57 -16.8438 1.79983
      vertex 57 -15.8079 0
      vertex 57 -15.8538 2.04782
    endloop
  endfacet
  facet normal 1 -0 0
    outer loop
      vertex 57 -17.8534 1.65008
      vertex 57 -15.8079 0
      vertex 57 -16.8438 1.79983
    endloop
  endfacet
  facet normal 1 -0 0
    outer loop
      vertex 57 -18.8728 1.6
      vertex 57 -15.8079 0
      vertex 57 -17.8534 1.65008
    endloop
  endfacet
  facet normal 1 0 0
    outer loop
      vertex 57 -21.9376 0
      vertex 57 -18.8728 1.6
      vertex 57 -19.8921 1.65008
    endloop
  endfacet
  facet normal 1 0 0
    outer loop
      vertex 57 -21.9376 0
      vertex 57 -19.8921 1.65008
      vertex 57 -20.9017 1.79983
    endloop
  endfacet
  facet normal 1 0 0
    outer loop
      vertex 57 -21.9376 0
      vertex 57 -20.9017 1.79983
      vertex 57 -21.8917 2.04782
    endloop
  endfacet
  facet normal 1 0 0
    outer loop
      vertex 57 -18.8728 1.6
      vertex 57 -21.9376 0
      vertex 57 -15.8079 0
    endloop
  endfacet
  facet normal 1 0 0
    outer loop
      vertex 57 -21.8917 2.04782
      vertex 57 -22.4723 0.13394
      vertex 57 -21.9376 0
    endloop
  endfacet
  facet normal 1 0 0
    outer loop
      vertex 57 -22.8527 2.39165
      vertex 57 -22.4723 0.13394
      vertex 57 -21.8917 2.04782
    endloop
  endfacet
  facet normal 1 0 0
    outer loop
      vertex 57 -22.8527 2.39165
      vertex 57 -23.618 0.543893
      vertex 57 -22.4723 0.13394
    endloop
  endfacet
  facet normal 1 0 0
    outer loop
      vertex 57 -23.7753 2.82802
      vertex 57 -23.618 0.543893
      vertex 57 -22.8527 2.39165
    endloop
  endfacet
  facet normal 1 0 0
    outer loop
      vertex 57 -24.7181 1.06418
      vertex 57 -23.7753 2.82802
      vertex 57 -24.6507 3.35272
    endloop
  endfacet
  facet normal 1 0 0
    outer loop
      vertex 57 -23.7753 2.82802
      vertex 57 -24.7181 1.06418
      vertex 57 -23.618 0.543893
    endloop
  endfacet
  facet normal 1 0 0
    outer loop
      vertex 57 -25.7618 1.68978
      vertex 57 -24.6507 3.35272
      vertex 57 -25.4705 3.96069
    endloop
  endfacet
  facet normal 1 0 0
    outer loop
      vertex 57 -24.6507 3.35272
      vertex 57 -25.7618 1.68978
      vertex 57 -24.7181 1.06418
    endloop
  endfacet
  facet normal 1 0 0
    outer loop
      vertex 57 -26.7392 2.41467
      vertex 57 -25.4705 3.96069
      vertex 57 -26.2267 4.64609
    endloop
  endfacet
  facet normal 1 0 0
    outer loop
      vertex 57 -25.4705 3.96069
      vertex 57 -26.7392 2.41467
      vertex 57 -25.7618 1.68978
    endloop
  endfacet
  facet normal 1 0 0
    outer loop
      vertex 57 -27.9382 3.55992
      vertex 57 -26.2267 4.64609
      vertex 57 -26.7879 5.26532
    endloop
  endfacet
  facet normal 1 0 0
    outer loop
      vertex 57 -26.2267 4.64609
      vertex 57 -27.6409 3.23188
      vertex 57 -26.7392 2.41467
    endloop
  endfacet
  facet normal 1 0 0
    outer loop
      vertex 57 -26.2267 4.64609
      vertex 57 -27.9382 3.55992
      vertex 57 -27.6409 3.23188
    endloop
  endfacet
  facet normal 1 0 0
    outer loop
      vertex 57 -6.53247 13.2154
      vertex 57 -8.52284 13.0194
      vertex 57 -8.47276 12
    endloop
  endfacet
  facet normal 1 0 0
    outer loop
      vertex 57 -6.71102 14.4191
      vertex 57 -8.67259 14.0289
      vertex 57 -8.52284 13.0194
    endloop
  endfacet
  facet normal 1 0 0
    outer loop
      vertex 57 -7.0067 15.5995
      vertex 57 -8.92058 15.019
      vertex 57 -8.67259 14.0289
    endloop
  endfacet
  facet normal 1 0 0
    outer loop
      vertex 57 -7.41665 16.7453
      vertex 57 -9.26441 15.9799
      vertex 57 -8.92058 15.019
    endloop
  endfacet
  facet normal 1 -0 0
    outer loop
      vertex 57 -10.8335 18.5977
      vertex 57 -8.28666 18.4288
      vertex 57 -9.30988 20.7012
    endloop
  endfacet
  facet normal 1 0 0
    outer loop
      vertex 57 -7.93694 17.8453
      vertex 57 -9.70078 16.9025
      vertex 57 -9.26441 15.9799
    endloop
  endfacet
  facet normal 1 0 0
    outer loop
      vertex 57 -8.28666 18.4288
      vertex 57 -10.2255 17.7779
      vertex 57 -9.70078 16.9025
    endloop
  endfacet
  facet normal 1 0 0
    outer loop
      vertex 57 -10.8335 18.5977
      vertex 57 -9.30988 20.7012
      vertex 57 -10.2708 21.045
    endloop
  endfacet
  facet normal 1 0 0
    outer loop
      vertex 57 -8.28666 18.4288
      vertex 57 -10.8335 18.5977
      vertex 57 -10.2255 17.7779
    endloop
  endfacet
  facet normal 1 0 0
    outer loop
      vertex 57 -11.5188 19.3539
      vertex 57 -10.2708 21.045
      vertex 57 -11.1934 21.4814
    endloop
  endfacet
  facet normal 1 0 0
    outer loop
      vertex 57 -10.2708 21.045
      vertex 57 -11.5188 19.3539
      vertex 57 -10.8335 18.5977
    endloop
  endfacet
  facet normal 1 0 0
    outer loop
      vertex 57 -12.2751 20.0393
      vertex 57 -11.1934 21.4814
      vertex 57 -12.0689 22.0061
    endloop
  endfacet
  facet normal 1 0 0
    outer loop
      vertex 57 -11.1934 21.4814
      vertex 57 -12.2751 20.0393
      vertex 57 -11.5188 19.3539
    endloop
  endfacet
  facet normal 1 0 0
    outer loop
      vertex 57 -13.0948 20.6473
      vertex 57 -12.0689 22.0061
      vertex 57 -12.8886 22.614
    endloop
  endfacet
  facet normal 1 0 0
    outer loop
      vertex 57 -12.0689 22.0061
      vertex 57 -13.0948 20.6473
      vertex 57 -12.2751 20.0393
    endloop
  endfacet
  facet normal 1 0 0
    outer loop
      vertex 57 -13.9702 21.172
      vertex 57 -12.8886 22.614
      vertex 57 -13.6448 23.2994
    endloop
  endfacet
  facet normal 1 0 0
    outer loop
      vertex 57 -12.8886 22.614
      vertex 57 -13.9702 21.172
      vertex 57 -13.0948 20.6473
    endloop
  endfacet
  facet normal 1 0 0
    outer loop
      vertex 57 -14.8929 21.6083
      vertex 57 -13.6448 23.2994
      vertex 57 -14.2061 23.9187
    endloop
  endfacet
  facet normal 1 0 0
    outer loop
      vertex 57 -13.6448 23.2994
      vertex 57 -14.8929 21.6083
      vertex 57 -13.9702 21.172
    endloop
  endfacet
  facet normal 1 0 -0
    outer loop
      vertex 57 -14.8929 21.6083
      vertex 57 -14.2061 23.9187
      vertex 57 -15.5949 21.8596
    endloop
  endfacet
  facet normal 0 -0.903986 0.427562
    outer loop
      vertex 57 -7.93694 6.15468
      vertex 86 -7.41665 7.25472
      vertex 57 -7.41665 7.25472
    endloop
  endfacet
  facet normal 0 -0.903986 0.427562
    outer loop
      vertex 86 -7.41665 7.25472
      vertex 57 -7.93694 6.15468
      vertex 86 -7.93694 6.15468
    endloop
  endfacet
  facet normal -0 0.242988 0.970029
    outer loop
      vertex 57 -21.9376 0
      vertex 86 -22.4723 0.13394
      vertex 86 -21.9376 0
    endloop
  endfacet
  facet normal 0 0.242988 0.970029
    outer loop
      vertex 86 -22.4723 0.13394
      vertex 57 -21.9376 0
      vertex 57 -22.4723 0.13394
    endloop
  endfacet
  facet normal 0 -0.941546 0.336886
    outer loop
      vertex 57 -7.41665 7.25472
      vertex 86 -7.0067 8.40047
      vertex 57 -7.0067 8.40047
    endloop
  endfacet
  facet normal 0 -0.941546 0.336886
    outer loop
      vertex 86 -7.0067 8.40047
      vertex 57 -7.41665 7.25472
      vertex 86 -7.41665 7.25472
    endloop
  endfacet
  facet normal -0 0.5957 0.803207
    outer loop
      vertex 57 -25.7618 1.68978
      vertex 86 -26.7392 2.41467
      vertex 86 -25.7618 1.68978
    endloop
  endfacet
  facet normal 0 0.5957 0.803207
    outer loop
      vertex 86 -26.7392 2.41467
      vertex 57 -25.7618 1.68978
      vertex 57 -26.7392 2.41467
    endloop
  endfacet
  facet normal 0 -0.336901 0.94154
    outer loop
      vertex 57 -14.1275 0.543893
      vertex 86 -15.2732 0.13394
      vertex 86 -14.1275 0.543893
    endloop
  endfacet
  facet normal 0 -0.336901 0.94154
    outer loop
      vertex 86 -15.2732 0.13394
      vertex 57 -14.1275 0.543893
      vertex 57 -15.2732 0.13394
    endloop
  endfacet
  facet normal 0 -0.857728 0.514103
    outer loop
      vertex 57 -8.56254 5.11093
      vertex 86 -7.93694 6.15468
      vertex 57 -7.93694 6.15468
    endloop
  endfacet
  facet normal 0 -0.857728 0.514103
    outer loop
      vertex 86 -7.93694 6.15468
      vertex 57 -8.56254 5.11093
      vertex 86 -8.56254 5.11093
    endloop
  endfacet
  facet normal 0 -0.514121 0.857718
    outer loop
      vertex 57 -11.9837 1.68978
      vertex 86 -13.0274 1.06418
      vertex 86 -11.9837 1.68978
    endloop
  endfacet
  facet normal 0 -0.514121 0.857718
    outer loop
      vertex 86 -13.0274 1.06418
      vertex 57 -11.9837 1.68978
      vertex 57 -13.0274 1.06418
    endloop
  endfacet
  facet normal -0 0.671539 0.740969
    outer loop
      vertex 57 -26.7392 2.41467
      vertex 86 -27.6409 3.23188
      vertex 86 -26.7392 2.41467
    endloop
  endfacet
  facet normal 0 0.671539 0.740969
    outer loop
      vertex 86 -27.6409 3.23188
      vertex 57 -26.7392 2.41467
      vertex 57 -27.6409 3.23188
    endloop
  endfacet
  facet normal 0 -0.989177 0.146726
    outer loop
      vertex 57 -6.71102 9.58088
      vertex 86 -6.53247 10.7846
      vertex 57 -6.53247 10.7846
    endloop
  endfacet
  facet normal 0 -0.989177 0.146726
    outer loop
      vertex 86 -6.53247 10.7846
      vertex 57 -6.71102 9.58088
      vertex 86 -6.71102 9.58088
    endloop
  endfacet
  facet normal 0 -0.970031 0.242982
    outer loop
      vertex 57 -7.0067 8.40047
      vertex 86 -6.71102 9.58088
      vertex 57 -6.71102 9.58088
    endloop
  endfacet
  facet normal 0 -0.970031 0.242982
    outer loop
      vertex 86 -6.71102 9.58088
      vertex 57 -7.0067 8.40047
      vertex 86 -7.0067 8.40047
    endloop
  endfacet
  facet normal 0 -0.857739 -0.514085
    outer loop
      vertex 57 -7.93694 17.8453
      vertex 86 -8.28666 18.4288
      vertex 57 -8.28666 18.4288
    endloop
  endfacet
  facet normal 0 -0.857739 -0.514085
    outer loop
      vertex 86 -8.28666 18.4288
      vertex 57 -7.93694 17.8453
      vertex 86 -7.93694 17.8453
    endloop
  endfacet
  facet normal 0 0.740971 0.671536
    outer loop
      vertex 86 -27.6409 3.23188
      vertex 57 -27.9382 3.55992
      vertex 86 -27.9382 3.55992
    endloop
  endfacet
  facet normal 0 0.740971 0.671536
    outer loop
      vertex 57 -27.9382 3.55992
      vertex 86 -27.6409 3.23188
      vertex 57 -27.6409 3.23188
    endloop
  endfacet
  facet normal 0 -0.242992 0.970028
    outer loop
      vertex -86 -3.27196 20.7012
      vertex 57 -4.26198 20.4532
      vertex 57 -3.27196 20.7012
    endloop
  endfacet
  facet normal 0 -0.242992 0.970028
    outer loop
      vertex 57 -4.26198 20.4532
      vertex -86 -3.27196 20.7012
      vertex -86 -4.26198 20.4532
    endloop
  endfacet
  facet normal 0 -0.941551 0.336871
    outer loop
      vertex -86 3.31743 26.6734
      vertex 57 3.66126 27.6344
      vertex -86 3.66126 27.6344
    endloop
  endfacet
  facet normal 0 -0.941551 0.336871
    outer loop
      vertex 57 3.66126 27.6344
      vertex -86 3.31743 26.6734
      vertex 57 3.31743 26.6734
    endloop
  endfacet
  facet normal 0 -0.989178 -0.146721
    outer loop
      vertex -86 4.059 31.6727
      vertex 57 3.90925 32.6823
      vertex -86 3.90925 32.6823
    endloop
  endfacet
  facet normal 0 -0.989178 -0.146721
    outer loop
      vertex 57 3.90925 32.6823
      vertex -86 4.059 31.6727
      vertex 57 4.059 31.6727
    endloop
  endfacet
  facet normal 0 -0.803189 -0.595724
    outer loop
      vertex -86 2.35636 36.4313
      vertex 57 1.74839 37.251
      vertex -86 1.74839 37.251
    endloop
  endfacet
  facet normal 0 -0.803189 -0.595724
    outer loop
      vertex 57 1.74839 37.251
      vertex -86 2.35636 36.4313
      vertex 57 2.35636 36.4313
    endloop
  endfacet
  facet normal 0 -0.803189 0.595724
    outer loop
      vertex -86 1.74839 24.0557
      vertex 57 2.35636 24.8754
      vertex -86 2.35636 24.8754
    endloop
  endfacet
  facet normal 0 -0.803189 0.595724
    outer loop
      vertex 57 2.35636 24.8754
      vertex -86 1.74839 24.0557
      vertex 57 1.74839 24.0557
    endloop
  endfacet
  facet normal -0 0.0490883 0.998794
    outer loop
      vertex -86 -6.29092 20.2533
      vertex 57 -7.3103 20.3034
      vertex 57 -6.29092 20.2533
    endloop
  endfacet
  facet normal 0 0.0490883 0.998794
    outer loop
      vertex 57 -7.3103 20.3034
      vertex -86 -6.29092 20.2533
      vertex -86 -7.3103 20.3034
    endloop
  endfacet
  facet normal 0 -0.970029 -0.242987
    outer loop
      vertex -86 3.90925 32.6823
      vertex 57 3.66126 33.6723
      vertex -86 3.66126 33.6723
    endloop
  endfacet
  facet normal 0 -0.970029 -0.242987
    outer loop
      vertex 57 3.66126 33.6723
      vertex -86 3.90925 32.6823
      vertex 57 3.90925 32.6823
    endloop
  endfacet
  facet normal 0 -0.0490883 0.998794
    outer loop
      vertex -86 -5.27154 20.3034
      vertex 57 -6.29092 20.2533
      vertex 57 -5.27154 20.3034
    endloop
  endfacet
  facet normal 0 -0.0490883 0.998794
    outer loop
      vertex 57 -6.29092 20.2533
      vertex -86 -5.27154 20.3034
      vertex -86 -6.29092 20.2533
    endloop
  endfacet
  facet normal 0 -0.903984 0.427565
    outer loop
      vertex -86 2.88106 25.7508
      vertex 57 3.31743 26.6734
      vertex -86 3.31743 26.6734
    endloop
  endfacet
  facet normal 0 -0.903984 0.427565
    outer loop
      vertex 57 3.31743 26.6734
      vertex -86 2.88106 25.7508
      vertex 57 2.88106 25.7508
    endloop
  endfacet
  facet normal 0 -0.903984 -0.427565
    outer loop
      vertex -86 3.31743 34.6333
      vertex 57 2.88106 35.5559
      vertex -86 2.88106 35.5559
    endloop
  endfacet
  facet normal 0 -0.903984 -0.427565
    outer loop
      vertex 57 2.88106 35.5559
      vertex -86 3.31743 34.6333
      vertex 57 3.31743 34.6333
    endloop
  endfacet
  facet normal -0 0.242992 0.970028
    outer loop
      vertex -86 -8.31986 20.4532
      vertex 57 -9.30988 20.7012
      vertex 57 -8.31986 20.4532
    endloop
  endfacet
  facet normal 0 0.242992 0.970028
    outer loop
      vertex 57 -9.30988 20.7012
      vertex -86 -8.31986 20.4532
      vertex -86 -9.30988 20.7012
    endloop
  endfacet
  facet normal 0 -0.998795 0.0490726
    outer loop
      vertex -86 4.059 29.634
      vertex 57 4.10908 30.6533
      vertex -86 4.10908 30.6533
    endloop
  endfacet
  facet normal 0 -0.998795 0.0490726
    outer loop
      vertex 57 4.10908 30.6533
      vertex -86 4.059 29.634
      vertex 57 4.059 29.634
    endloop
  endfacet
  facet normal 0 -0.595653 0.803242
    outer loop
      vertex -86 0.306769 22.614
      vertex 57 -0.512989 22.0061
      vertex 57 0.306769 22.614
    endloop
  endfacet
  facet normal 0 -0.595653 0.803242
    outer loop
      vertex 57 -0.512989 22.0061
      vertex -86 0.306769 22.614
      vertex -86 -0.512989 22.0061
    endloop
  endfacet
  facet normal 0 -0.989178 0.146721
    outer loop
      vertex -86 3.90925 28.6244
      vertex 57 4.059 29.634
      vertex -86 4.059 29.634
    endloop
  endfacet
  facet normal 0 -0.989178 0.146721
    outer loop
      vertex 57 4.059 29.634
      vertex -86 3.90925 28.6244
      vertex 57 3.90925 28.6244
    endloop
  endfacet
  facet normal 0 -0.336872 -0.941551
    outer loop
      vertex -86 -3.01311 40.5129
      vertex 57 -2.31101 40.2617
      vertex 57 -3.01311 40.5129
    endloop
  endfacet
  facet normal -0 -0.336872 -0.941551
    outer loop
      vertex 57 -2.31101 40.2617
      vertex -86 -3.01311 40.5129
      vertex -86 -2.31101 40.2617
    endloop
  endfacet
  facet normal 0 -0.146774 0.98917
    outer loop
      vertex -86 -4.26198 20.4532
      vertex 57 -5.27154 20.3034
      vertex 57 -4.26198 20.4532
    endloop
  endfacet
  facet normal 0 -0.146774 0.98917
    outer loop
      vertex 57 -5.27154 20.3034
      vertex -86 -4.26198 20.4532
      vertex -86 -5.27154 20.3034
    endloop
  endfacet
  facet normal 0 -0.857726 -0.514107
    outer loop
      vertex -86 2.88106 35.5559
      vertex 57 2.35636 36.4313
      vertex -86 2.35636 36.4313
    endloop
  endfacet
  facet normal 0 -0.857726 -0.514107
    outer loop
      vertex 57 2.35636 36.4313
      vertex -86 2.88106 35.5559
      vertex 57 2.88106 35.5559
    endloop
  endfacet
  facet normal 0 -0.427582 0.903977
    outer loop
      vertex -86 -1.38839 21.4814
      vertex 57 -2.31101 21.045
      vertex 57 -1.38839 21.4814
    endloop
  endfacet
  facet normal 0 -0.427582 0.903977
    outer loop
      vertex 57 -2.31101 21.045
      vertex -86 -1.38839 21.4814
      vertex -86 -2.31101 21.045
    endloop
  endfacet
  facet normal 0 -0.740985 0.671521
    outer loop
      vertex -86 1.06299 23.2994
      vertex 57 1.74839 24.0557
      vertex -86 1.74839 24.0557
    endloop
  endfacet
  facet normal 0 -0.740985 0.671521
    outer loop
      vertex 57 1.74839 24.0557
      vertex -86 1.06299 23.2994
      vertex 57 1.06299 23.2994
    endloop
  endfacet
  facet normal -0 0.59568 0.803222
    outer loop
      vertex -86 -12.0689 22.0061
      vertex 57 -12.8886 22.614
      vertex 57 -12.0689 22.0061
    endloop
  endfacet
  facet normal 0 0.59568 0.803222
    outer loop
      vertex 57 -12.8886 22.614
      vertex -86 -12.0689 22.0061
      vertex -86 -12.8886 22.614
    endloop
  endfacet
  facet normal 0 -0.336861 0.941554
    outer loop
      vertex -86 -2.31101 21.045
      vertex 57 -3.27196 20.7012
      vertex 57 -2.31101 21.045
    endloop
  endfacet
  facet normal 0 -0.336861 0.941554
    outer loop
      vertex 57 -3.27196 20.7012
      vertex -86 -2.31101 21.045
      vertex -86 -3.27196 20.7012
    endloop
  endfacet
  facet normal -0 0.514063 0.857752
    outer loop
      vertex -86 -11.1934 21.4814
      vertex 57 -12.0689 22.0061
      vertex 57 -11.1934 21.4814
    endloop
  endfacet
  facet normal 0 0.514063 0.857752
    outer loop
      vertex 57 -12.0689 22.0061
      vertex -86 -11.1934 21.4814
      vertex -86 -12.0689 22.0061
    endloop
  endfacet
  facet normal 0 -0.857726 0.514107
    outer loop
      vertex -86 2.35636 24.8754
      vertex 57 2.88106 25.7508
      vertex -86 2.88106 25.7508
    endloop
  endfacet
  facet normal 0 -0.857726 0.514107
    outer loop
      vertex 57 2.88106 25.7508
      vertex -86 2.35636 24.8754
      vertex 57 2.35636 24.8754
    endloop
  endfacet
  facet normal -0 0.146774 0.98917
    outer loop
      vertex -86 -7.3103 20.3034
      vertex 57 -8.31986 20.4532
      vertex 57 -7.3103 20.3034
    endloop
  endfacet
  facet normal 0 0.146774 0.98917
    outer loop
      vertex 57 -8.31986 20.4532
      vertex -86 -7.3103 20.3034
      vertex -86 -8.31986 20.4532
    endloop
  endfacet
  facet normal 0 -0.595653 -0.803242
    outer loop
      vertex -86 -0.512989 39.3006
      vertex 57 0.306769 38.6927
      vertex 57 -0.512989 39.3006
    endloop
  endfacet
  facet normal -0 -0.595653 -0.803242
    outer loop
      vertex 57 0.306769 38.6927
      vertex -86 -0.512989 39.3006
      vertex -86 0.306769 38.6927
    endloop
  endfacet
  facet normal 0 -0.941551 -0.336871
    outer loop
      vertex -86 3.66126 33.6723
      vertex 57 3.31743 34.6333
      vertex -86 3.31743 34.6333
    endloop
  endfacet
  facet normal 0 -0.941551 -0.336871
    outer loop
      vertex 57 3.31743 34.6333
      vertex -86 3.66126 33.6723
      vertex 57 3.66126 33.6723
    endloop
  endfacet
  facet normal 0 -0.970029 0.242987
    outer loop
      vertex -86 3.66126 27.6344
      vertex 57 3.90925 28.6244
      vertex -86 3.90925 28.6244
    endloop
  endfacet
  facet normal 0 -0.970029 0.242987
    outer loop
      vertex 57 3.90925 28.6244
      vertex -86 3.66126 27.6344
      vertex 57 3.66126 27.6344
    endloop
  endfacet
  facet normal 0 -0.514106 0.857727
    outer loop
      vertex -86 -0.512989 22.0061
      vertex 57 -1.38839 21.4814
      vertex 57 -0.512989 22.0061
    endloop
  endfacet
  facet normal 0 -0.514106 0.857727
    outer loop
      vertex 57 -1.38839 21.4814
      vertex -86 -0.512989 22.0061
      vertex -86 -1.38839 21.4814
    endloop
  endfacet
  facet normal 0 -0.740985 -0.671521
    outer loop
      vertex -86 1.74839 37.251
      vertex 57 1.06299 38.0073
      vertex -86 1.06299 38.0073
    endloop
  endfacet
  facet normal 0 -0.740985 -0.671521
    outer loop
      vertex 57 1.06299 38.0073
      vertex -86 1.74839 37.251
      vertex 57 1.74839 37.251
    endloop
  endfacet
  facet normal 0 -0.67156 0.740951
    outer loop
      vertex -86 1.06299 23.2994
      vertex 57 0.306769 22.614
      vertex 57 1.06299 23.2994
    endloop
  endfacet
  facet normal 0 -0.67156 0.740951
    outer loop
      vertex 57 0.306769 22.614
      vertex -86 1.06299 23.2994
      vertex -86 0.306769 22.614
    endloop
  endfacet
  facet normal 0 -0.514106 -0.857727
    outer loop
      vertex -86 -1.38839 39.8253
      vertex 57 -0.512989 39.3006
      vertex 57 -1.38839 39.8253
    endloop
  endfacet
  facet normal -0 -0.514106 -0.857727
    outer loop
      vertex 57 -0.512989 39.3006
      vertex -86 -1.38839 39.8253
      vertex -86 -0.512989 39.3006
    endloop
  endfacet
  facet normal 0 -0.67156 -0.740951
    outer loop
      vertex -86 0.306769 38.6927
      vertex 57 1.06299 38.0073
      vertex 57 0.306769 38.6927
    endloop
  endfacet
  facet normal -0 -0.67156 -0.740951
    outer loop
      vertex 57 1.06299 38.0073
      vertex -86 0.306769 38.6927
      vertex -86 1.06299 38.0073
    endloop
  endfacet
  facet normal -0 0.33687 0.941551
    outer loop
      vertex -86 -9.30988 20.7012
      vertex 57 -10.2708 21.045
      vertex 57 -9.30988 20.7012
    endloop
  endfacet
  facet normal 0 0.33687 0.941551
    outer loop
      vertex 57 -10.2708 21.045
      vertex -86 -9.30988 20.7012
      vertex -86 -10.2708 21.045
    endloop
  endfacet
  facet normal 0 -0.998795 -0.0490678
    outer loop
      vertex -86 4.10908 30.6533
      vertex 57 4.059 31.6727
      vertex -86 4.059 31.6727
    endloop
  endfacet
  facet normal 0 -0.998795 -0.0490678
    outer loop
      vertex 57 4.059 31.6727
      vertex -86 4.10908 30.6533
      vertex 57 4.10908 30.6533
    endloop
  endfacet
  facet normal -0 0.427589 0.903973
    outer loop
      vertex -86 -10.2708 21.045
      vertex 57 -11.1934 21.4814
      vertex 57 -10.2708 21.045
    endloop
  endfacet
  facet normal 0 0.427589 0.903973
    outer loop
      vertex 57 -11.1934 21.4814
      vertex -86 -10.2708 21.045
      vertex -86 -11.1934 21.4814
    endloop
  endfacet
  facet normal 0 -0.427582 -0.903977
    outer loop
      vertex -86 -2.31101 40.2617
      vertex 57 -1.38839 39.8253
      vertex 57 -2.31101 40.2617
    endloop
  endfacet
  facet normal -0 -0.427582 -0.903977
    outer loop
      vertex 57 -1.38839 39.8253
      vertex -86 -2.31101 40.2617
      vertex -86 -1.38839 39.8253
    endloop
  endfacet
  facet normal -0 0.67157 0.740941
    outer loop
      vertex -86 -12.8886 22.614
      vertex 57 -13.6448 23.2994
      vertex 57 -12.8886 22.614
    endloop
  endfacet
  facet normal 0 0.67157 0.740941
    outer loop
      vertex 57 -13.6448 23.2994
      vertex -86 -12.8886 22.614
      vertex -86 -13.6448 23.2994
    endloop
  endfacet
  facet normal 0 0.740952 0.671558
    outer loop
      vertex 57 -13.6448 23.2994
      vertex -86 -14.2061 23.9187
      vertex 57 -14.2061 23.9187
    endloop
  endfacet
  facet normal 0 0.740952 0.671558
    outer loop
      vertex -86 -14.2061 23.9187
      vertex 57 -13.6448 23.2994
      vertex -86 -13.6448 23.2994
    endloop
  endfacet
  facet normal 0 -0.242998 0.970027
    outer loop
      vertex 57 -2.69139 18.7873
      vertex 86 -3.8718 18.4916
      vertex 86 -2.69139 18.7873
    endloop
  endfacet
  facet normal 0 -0.242998 0.970027
    outer loop
      vertex 86 -3.8718 18.4916
      vertex 57 -2.69139 18.7873
      vertex 57 -3.8718 18.4916
    endloop
  endfacet
  facet normal 0 -0.740969 0.671539
    outer loop
      vertex 57 2.4772 21.8852
      vertex 86 3.29441 22.7869
      vertex 57 3.29441 22.7869
    endloop
  endfacet
  facet normal 0 -0.740969 0.671539
    outer loop
      vertex 86 3.29441 22.7869
      vertex 57 2.4772 21.8852
      vertex 86 2.4772 21.8852
    endloop
  endfacet
  facet normal 0 -0.998796 -0.0490647
    outer loop
      vertex 57 6.10908 30.6533
      vertex 86 6.04937 31.8688
      vertex 57 6.04937 31.8688
    endloop
  endfacet
  facet normal 0 -0.998796 -0.0490647
    outer loop
      vertex 86 6.04937 31.8688
      vertex 57 6.10908 30.6533
      vertex 86 6.10908 30.6533
    endloop
  endfacet
  facet normal -0 0.0491421 0.998792
    outer loop
      vertex 57 -6.29092 18.2533
      vertex 86 -7.50633 18.3131
      vertex 86 -6.29092 18.2533
    endloop
  endfacet
  facet normal 0 0.0491421 0.998792
    outer loop
      vertex 86 -7.50633 18.3131
      vertex 57 -6.29092 18.2533
      vertex 57 -7.50633 18.3131
    endloop
  endfacet
  facet normal 0 -0.0491421 0.998792
    outer loop
      vertex 57 -5.07551 18.3131
      vertex 86 -6.29092 18.2533
      vertex 86 -5.07551 18.3131
    endloop
  endfacet
  facet normal 0 -0.0491421 0.998792
    outer loop
      vertex 86 -6.29092 18.2533
      vertex 57 -5.07551 18.3131
      vertex 57 -6.29092 18.2533
    endloop
  endfacet
  facet normal 0 -0.989177 -0.146729
    outer loop
      vertex 57 6.04937 31.8688
      vertex 86 5.87082 33.0725
      vertex 57 5.87082 33.0725
    endloop
  endfacet
  facet normal 0 -0.989177 -0.146729
    outer loop
      vertex 86 5.87082 33.0725
      vertex 57 6.04937 31.8688
      vertex 86 6.04937 31.8688
    endloop
  endfacet
  facet normal 0 -0.97003 -0.242984
    outer loop
      vertex 57 5.87082 33.0725
      vertex 86 5.57514 34.2529
      vertex 57 5.57514 34.2529
    endloop
  endfacet
  facet normal 0 -0.97003 -0.242984
    outer loop
      vertex 86 5.57514 34.2529
      vertex 57 5.87082 33.0725
      vertex 86 5.87082 33.0725
    endloop
  endfacet
  facet normal 0 -0.671559 0.740951
    outer loop
      vertex 57 2.4772 21.8852
      vertex 86 1.57556 21.068
      vertex 86 2.4772 21.8852
    endloop
  endfacet
  facet normal 0 -0.671559 0.740951
    outer loop
      vertex 86 1.57556 21.068
      vertex 57 2.4772 21.8852
      vertex 57 1.57556 21.068
    endloop
  endfacet
  facet normal 0 -0.595701 0.803206
    outer loop
      vertex 57 1.57556 21.068
      vertex 86 0.59815 20.3431
      vertex 86 1.57556 21.068
    endloop
  endfacet
  facet normal 0 -0.595701 0.803206
    outer loop
      vertex 86 0.59815 20.3431
      vertex 57 1.57556 21.068
      vertex 57 0.59815 20.3431
    endloop
  endfacet
  facet normal 0 -0.803207 0.5957
    outer loop
      vertex 57 3.29441 22.7869
      vertex 86 4.0193 23.7643
      vertex 57 4.0193 23.7643
    endloop
  endfacet
  facet normal 0 -0.803207 0.5957
    outer loop
      vertex 86 4.0193 23.7643
      vertex 57 3.29441 22.7869
      vertex 86 3.29441 22.7869
    endloop
  endfacet
  facet normal 0 -0.427569 0.903983
    outer loop
      vertex 57 -0.445601 19.7175
      vertex 86 -1.54564 19.1972
      vertex 86 -0.445601 19.7175
    endloop
  endfacet
  facet normal 0 -0.427569 0.903983
    outer loop
      vertex 86 -1.54564 19.1972
      vertex 57 -0.445601 19.7175
      vertex 57 -1.54564 19.1972
    endloop
  endfacet
  facet normal 0 -0.941541 0.336899
    outer loop
      vertex 57 5.16519 25.9081
      vertex 86 5.57514 27.0538
      vertex 57 5.57514 27.0538
    endloop
  endfacet
  facet normal 0 -0.941541 0.336899
    outer loop
      vertex 86 5.57514 27.0538
      vertex 57 5.16519 25.9081
      vertex 86 5.16519 25.9081
    endloop
  endfacet
  facet normal 0 -0.146687 0.989183
    outer loop
      vertex 57 -3.8718 18.4916
      vertex 86 -5.07551 18.3131
      vertex 86 -3.8718 18.4916
    endloop
  endfacet
  facet normal 0 -0.146687 0.989183
    outer loop
      vertex 86 -5.07551 18.3131
      vertex 57 -3.8718 18.4916
      vertex 57 -5.07551 18.3131
    endloop
  endfacet
  facet normal 0 -0.941541 -0.336899
    outer loop
      vertex 57 5.57514 34.2529
      vertex 86 5.16519 35.3986
      vertex 57 5.16519 35.3986
    endloop
  endfacet
  facet normal 0 -0.941541 -0.336899
    outer loop
      vertex 86 5.16519 35.3986
      vertex 57 5.57514 34.2529
      vertex 86 5.57514 34.2529
    endloop
  endfacet
  facet normal 0 -0.97003 0.242984
    outer loop
      vertex 57 5.57514 27.0538
      vertex 86 5.87082 28.2342
      vertex 57 5.87082 28.2342
    endloop
  endfacet
  facet normal 0 -0.97003 0.242984
    outer loop
      vertex 86 5.87082 28.2342
      vertex 57 5.57514 27.0538
      vertex 86 5.57514 27.0538
    endloop
  endfacet
  facet normal 0 -0.857694 -0.514161
    outer loop
      vertex 57 4.6449 36.4987
      vertex 86 4.29517 37.0821
      vertex 57 4.29517 37.0821
    endloop
  endfacet
  facet normal 0 -0.857694 -0.514161
    outer loop
      vertex 86 4.29517 37.0821
      vertex 57 4.6449 36.4987
      vertex 86 4.6449 36.4987
    endloop
  endfacet
  facet normal 0 -0.903995 -0.427543
    outer loop
      vertex 57 5.16519 35.3986
      vertex 86 4.6449 36.4987
      vertex 57 4.6449 36.4987
    endloop
  endfacet
  facet normal 0 -0.903995 -0.427543
    outer loop
      vertex 86 4.6449 36.4987
      vertex 57 5.16519 35.3986
      vertex 86 5.16519 35.3986
    endloop
  endfacet
  facet normal -0 0.146667 0.989186
    outer loop
      vertex 57 -7.50633 18.3131
      vertex 86 -8.28666 18.4288
      vertex 86 -7.50633 18.3131
    endloop
  endfacet
  facet normal 0 0.146667 0.989186
    outer loop
      vertex 86 -8.28666 18.4288
      vertex 57 -7.50633 18.3131
      vertex 57 -8.28666 18.4288
    endloop
  endfacet
  facet normal 0 -0.903995 0.427543
    outer loop
      vertex 57 4.6449 24.808
      vertex 86 5.16519 25.9081
      vertex 57 5.16519 25.9081
    endloop
  endfacet
  facet normal 0 -0.903995 0.427543
    outer loop
      vertex 86 5.16519 25.9081
      vertex 57 4.6449 24.808
      vertex 86 4.6449 24.808
    endloop
  endfacet
  facet normal 0 -0.336849 0.941559
    outer loop
      vertex 57 -1.54564 19.1972
      vertex 86 -2.69139 18.7873
      vertex 86 -1.54564 19.1972
    endloop
  endfacet
  facet normal 0 -0.336849 0.941559
    outer loop
      vertex 86 -2.69139 18.7873
      vertex 57 -1.54564 19.1972
      vertex 57 -2.69139 18.7873
    endloop
  endfacet
  facet normal 0 -0.857718 0.514121
    outer loop
      vertex 57 4.0193 23.7643
      vertex 86 4.6449 24.808
      vertex 57 4.6449 24.808
    endloop
  endfacet
  facet normal 0 -0.857718 0.514121
    outer loop
      vertex 86 4.6449 24.808
      vertex 57 4.0193 23.7643
      vertex 86 4.0193 23.7643
    endloop
  endfacet
  facet normal 0 -0.514103 0.857729
    outer loop
      vertex 57 0.59815 20.3431
      vertex 86 -0.445601 19.7175
      vertex 86 0.59815 20.3431
    endloop
  endfacet
  facet normal 0 -0.514103 0.857729
    outer loop
      vertex 86 -0.445601 19.7175
      vertex 57 0.59815 20.3431
      vertex 57 -0.445601 19.7175
    endloop
  endfacet
  facet normal 0 -0.998795 0.0490687
    outer loop
      vertex 57 6.04937 29.4379
      vertex 86 6.10908 30.6533
      vertex 57 6.10908 30.6533
    endloop
  endfacet
  facet normal 0 -0.998795 0.0490687
    outer loop
      vertex 86 6.10908 30.6533
      vertex 57 6.04937 29.4379
      vertex 86 6.04937 29.4379
    endloop
  endfacet
  facet normal 0 -0.989177 0.146729
    outer loop
      vertex 57 5.87082 28.2342
      vertex 86 6.04937 29.4379
      vertex 57 6.04937 29.4379
    endloop
  endfacet
  facet normal 0 -0.989177 0.146729
    outer loop
      vertex 86 6.04937 29.4379
      vertex 57 5.87082 28.2342
      vertex 86 5.87082 28.2342
    endloop
  endfacet
  facet normal 0 -0.242992 0.970028
    outer loop
      vertex -86 9.30988 39.3545
      vertex 57 8.31986 39.1065
      vertex 57 9.30988 39.3545
    endloop
  endfacet
  facet normal 0 -0.242992 0.970028
    outer loop
      vertex 57 8.31986 39.1065
      vertex -86 9.30988 39.3545
      vertex -86 8.31986 39.1065
    endloop
  endfacet
  facet normal 0 -0.989183 -0.146687
    outer loop
      vertex -86 16.6408 50.3261
      vertex 57 16.4911 51.3356
      vertex -86 16.4911 51.3356
    endloop
  endfacet
  facet normal 0 -0.989183 -0.146687
    outer loop
      vertex 57 16.4911 51.3356
      vertex -86 16.6408 50.3261
      vertex 57 16.6408 50.3261
    endloop
  endfacet
  facet normal -0 0.336861 0.941554
    outer loop
      vertex -86 3.27196 39.3545
      vertex 57 2.31101 39.6983
      vertex 57 3.27196 39.3545
    endloop
  endfacet
  facet normal 0 0.336861 0.941554
    outer loop
      vertex 57 2.31101 39.6983
      vertex -86 3.27196 39.3545
      vertex -86 2.31101 39.6983
    endloop
  endfacet
  facet normal 0 -0.0490883 0.998794
    outer loop
      vertex -86 7.3103 38.9568
      vertex 57 6.29092 38.9067
      vertex 57 7.3103 38.9568
    endloop
  endfacet
  facet normal 0 -0.0490883 0.998794
    outer loop
      vertex 57 6.29092 38.9067
      vertex -86 7.3103 38.9568
      vertex -86 6.29092 38.9067
    endloop
  endfacet
  facet normal 0 -0.33687 0.941551
    outer loop
      vertex -86 10.2708 39.6983
      vertex 57 9.30988 39.3545
      vertex 57 10.2708 39.6983
    endloop
  endfacet
  facet normal 0 -0.33687 0.941551
    outer loop
      vertex 57 9.30988 39.3545
      vertex -86 10.2708 39.6983
      vertex -86 9.30988 39.3545
    endloop
  endfacet
  facet normal -0 0.67156 0.740951
    outer loop
      vertex -86 -0.306769 41.2674
      vertex 57 -1.06299 41.9528
      vertex 57 -0.306769 41.2674
    endloop
  endfacet
  facet normal 0 0.67156 0.740951
    outer loop
      vertex 57 -1.06299 41.9528
      vertex -86 -0.306769 41.2674
      vertex -86 -1.06299 41.9528
    endloop
  endfacet
  facet normal -0 0.242992 0.970028
    outer loop
      vertex -86 4.26198 39.1065
      vertex 57 3.27196 39.3545
      vertex 57 4.26198 39.1065
    endloop
  endfacet
  facet normal 0 0.242992 0.970028
    outer loop
      vertex 57 3.27196 39.3545
      vertex -86 4.26198 39.1065
      vertex -86 3.27196 39.3545
    endloop
  endfacet
  facet normal -0 0.427582 0.903977
    outer loop
      vertex -86 2.31101 39.6983
      vertex 57 1.38839 40.1347
      vertex 57 2.31101 39.6983
    endloop
  endfacet
  facet normal 0 0.427582 0.903977
    outer loop
      vertex 57 1.38839 40.1347
      vertex -86 2.31101 39.6983
      vertex -86 1.38839 40.1347
    endloop
  endfacet
  facet normal 0 -0.595743 0.803175
    outer loop
      vertex -86 12.8886 41.2674
      vertex 57 12.0689 40.6594
      vertex 57 12.8886 41.2674
    endloop
  endfacet
  facet normal 0 -0.595743 0.803175
    outer loop
      vertex 57 12.0689 40.6594
      vertex -86 12.8886 41.2674
      vertex -86 12.0689 40.6594
    endloop
  endfacet
  facet normal 0 -0.80321 0.595696
    outer loop
      vertex -86 14.3302 42.709
      vertex 57 14.9382 43.5288
      vertex -86 14.9382 43.5288
    endloop
  endfacet
  facet normal 0 -0.80321 0.595696
    outer loop
      vertex 57 14.9382 43.5288
      vertex -86 14.3302 42.709
      vertex 57 14.3302 42.709
    endloop
  endfacet
  facet normal 0 -0.67157 -0.740941
    outer loop
      vertex -86 12.8886 57.346
      vertex 57 13.6448 56.6606
      vertex 57 12.8886 57.346
    endloop
  endfacet
  facet normal -0 -0.67157 -0.740941
    outer loop
      vertex 57 13.6448 56.6606
      vertex -86 12.8886 57.346
      vertex -86 13.6448 56.6606
    endloop
  endfacet
  facet normal 0 -0.337007 -0.941502
    outer loop
      vertex -86 9.56874 59.1663
      vertex 57 10.2708 58.915
      vertex 57 9.56874 59.1663
    endloop
  endfacet
  facet normal -0 -0.337007 -0.941502
    outer loop
      vertex 57 10.2708 58.915
      vertex -86 9.56874 59.1663
      vertex -86 10.2708 58.915
    endloop
  endfacet
  facet normal 0 -0.970033 -0.242974
    outer loop
      vertex -86 16.4911 51.3356
      vertex 57 16.2431 52.3257
      vertex -86 16.2431 52.3257
    endloop
  endfacet
  facet normal 0 -0.970033 -0.242974
    outer loop
      vertex 57 16.2431 52.3257
      vertex -86 16.4911 51.3356
      vertex 57 16.4911 51.3356
    endloop
  endfacet
  facet normal 0 -0.903973 0.427589
    outer loop
      vertex -86 15.4629 44.4042
      vertex 57 15.8993 45.3268
      vertex -86 15.8993 45.3268
    endloop
  endfacet
  facet normal 0 -0.903973 0.427589
    outer loop
      vertex 57 15.8993 45.3268
      vertex -86 15.4629 44.4042
      vertex 57 15.4629 44.4042
    endloop
  endfacet
  facet normal 0 -0.146679 0.989184
    outer loop
      vertex -86 8.31986 39.1065
      vertex 57 7.3103 38.9568
      vertex 57 8.31986 39.1065
    endloop
  endfacet
  facet normal 0 -0.146679 0.989184
    outer loop
      vertex 57 7.3103 38.9568
      vertex -86 8.31986 39.1065
      vertex -86 7.3103 38.9568
    endloop
  endfacet
  facet normal 0 -0.740941 0.67157
    outer loop
      vertex -86 13.6448 41.9528
      vertex 57 14.3302 42.709
      vertex -86 14.3302 42.709
    endloop
  endfacet
  facet normal 0 -0.740941 0.67157
    outer loop
      vertex 57 14.3302 42.709
      vertex -86 13.6448 41.9528
      vertex 57 13.6448 41.9528
    endloop
  endfacet
  facet normal -0 0.146679 0.989184
    outer loop
      vertex -86 5.27154 38.9568
      vertex 57 4.26198 39.1065
      vertex 57 5.27154 38.9568
    endloop
  endfacet
  facet normal 0 0.146679 0.989184
    outer loop
      vertex 57 4.26198 39.1065
      vertex -86 5.27154 38.9568
      vertex -86 4.26198 39.1065
    endloop
  endfacet
  facet normal -0 0.0490883 0.998794
    outer loop
      vertex -86 6.29092 38.9067
      vertex 57 5.27154 38.9568
      vertex 57 6.29092 38.9067
    endloop
  endfacet
  facet normal 0 0.0490883 0.998794
    outer loop
      vertex 57 5.27154 38.9568
      vertex -86 6.29092 38.9067
      vertex -86 5.27154 38.9568
    endloop
  endfacet
  facet normal 0 -0.989183 0.146687
    outer loop
      vertex -86 16.4911 47.2778
      vertex 57 16.6408 48.2873
      vertex -86 16.6408 48.2873
    endloop
  endfacet
  facet normal 0 -0.989183 0.146687
    outer loop
      vertex 57 16.6408 48.2873
      vertex -86 16.4911 47.2778
      vertex 57 16.4911 47.2778
    endloop
  endfacet
  facet normal 0 -0.427589 0.903973
    outer loop
      vertex -86 11.1934 40.1347
      vertex 57 10.2708 39.6983
      vertex 57 11.1934 40.1347
    endloop
  endfacet
  facet normal 0 -0.427589 0.903973
    outer loop
      vertex 57 10.2708 39.6983
      vertex -86 11.1934 40.1347
      vertex -86 10.2708 39.6983
    endloop
  endfacet
  facet normal 0 -0.67157 0.740941
    outer loop
      vertex -86 13.6448 41.9528
      vertex 57 12.8886 41.2674
      vertex 57 13.6448 41.9528
    endloop
  endfacet
  facet normal 0 -0.67157 0.740941
    outer loop
      vertex 57 12.8886 41.2674
      vertex -86 13.6448 41.9528
      vertex -86 12.8886 41.2674
    endloop
  endfacet
  facet normal -0 0.514106 0.857727
    outer loop
      vertex -86 1.38839 40.1347
      vertex 57 0.512989 40.6594
      vertex 57 1.38839 40.1347
    endloop
  endfacet
  facet normal 0 0.514106 0.857727
    outer loop
      vertex 57 0.512989 40.6594
      vertex -86 1.38839 40.1347
      vertex -86 0.512989 40.6594
    endloop
  endfacet
  facet normal 0 -0.857726 0.514107
    outer loop
      vertex -86 14.9382 43.5288
      vertex 57 15.4629 44.4042
      vertex -86 15.4629 44.4042
    endloop
  endfacet
  facet normal 0 -0.857726 0.514107
    outer loop
      vertex 57 15.4629 44.4042
      vertex -86 14.9382 43.5288
      vertex 57 14.9382 43.5288
    endloop
  endfacet
  facet normal 0 -0.941549 0.336876
    outer loop
      vertex -86 15.8993 45.3268
      vertex 57 16.2431 46.2877
      vertex -86 16.2431 46.2877
    endloop
  endfacet
  facet normal 0 -0.941549 0.336876
    outer loop
      vertex 57 16.2431 46.2877
      vertex -86 15.8993 45.3268
      vertex 57 15.8993 45.3268
    endloop
  endfacet
  facet normal 0 -0.998794 -0.0490873
    outer loop
      vertex -86 16.6909 49.3067
      vertex 57 16.6408 50.3261
      vertex -86 16.6408 50.3261
    endloop
  endfacet
  facet normal 0 -0.998794 -0.0490873
    outer loop
      vertex 57 16.6408 50.3261
      vertex -86 16.6909 49.3067
      vertex 57 16.6909 49.3067
    endloop
  endfacet
  facet normal 0 -0.514063 0.857752
    outer loop
      vertex -86 12.0689 40.6594
      vertex 57 11.1934 40.1347
      vertex 57 12.0689 40.6594
    endloop
  endfacet
  facet normal 0 -0.514063 0.857752
    outer loop
      vertex 57 11.1934 40.1347
      vertex -86 12.0689 40.6594
      vertex -86 11.1934 40.1347
    endloop
  endfacet
  facet normal 0 -0.80321 -0.595696
    outer loop
      vertex -86 14.9382 55.0846
      vertex 57 14.3302 55.9044
      vertex -86 14.3302 55.9044
    endloop
  endfacet
  facet normal 0 -0.80321 -0.595696
    outer loop
      vertex 57 14.3302 55.9044
      vertex -86 14.9382 55.0846
      vertex 57 14.9382 55.0846
    endloop
  endfacet
  facet normal 0 -0.740941 -0.67157
    outer loop
      vertex -86 14.3302 55.9044
      vertex 57 13.6448 56.6606
      vertex -86 13.6448 56.6606
    endloop
  endfacet
  facet normal 0 -0.740941 -0.67157
    outer loop
      vertex 57 13.6448 56.6606
      vertex -86 14.3302 55.9044
      vertex 57 14.3302 55.9044
    endloop
  endfacet
  facet normal 0 -0.941549 -0.336876
    outer loop
      vertex -86 16.2431 52.3257
      vertex 57 15.8993 53.2866
      vertex -86 15.8993 53.2866
    endloop
  endfacet
  facet normal 0 -0.941549 -0.336876
    outer loop
      vertex 57 15.8993 53.2866
      vertex -86 16.2431 52.3257
      vertex 57 16.2431 52.3257
    endloop
  endfacet
  facet normal -0 0.595716 0.803195
    outer loop
      vertex -86 0.512989 40.6594
      vertex 57 -0.306769 41.2674
      vertex 57 0.512989 40.6594
    endloop
  endfacet
  facet normal 0 0.595716 0.803195
    outer loop
      vertex 57 -0.306769 41.2674
      vertex -86 0.512989 40.6594
      vertex -86 -0.306769 41.2674
    endloop
  endfacet
  facet normal 0 -0.427509 -0.904011
    outer loop
      vertex -86 10.2708 58.915
      vertex 57 11.1934 58.4787
      vertex 57 10.2708 58.915
    endloop
  endfacet
  facet normal -0 -0.427509 -0.904011
    outer loop
      vertex 57 11.1934 58.4787
      vertex -86 10.2708 58.915
      vertex -86 11.1934 58.4787
    endloop
  endfacet
  facet normal 0 -0.903973 -0.427589
    outer loop
      vertex -86 15.8993 53.2866
      vertex 57 15.4629 54.2092
      vertex -86 15.4629 54.2092
    endloop
  endfacet
  facet normal 0 -0.903973 -0.427589
    outer loop
      vertex 57 15.4629 54.2092
      vertex -86 15.8993 53.2866
      vertex 57 15.8993 53.2866
    endloop
  endfacet
  facet normal 0 -0.595743 -0.803175
    outer loop
      vertex -86 12.0689 57.954
      vertex 57 12.8886 57.346
      vertex 57 12.0689 57.954
    endloop
  endfacet
  facet normal -0 -0.595743 -0.803175
    outer loop
      vertex 57 12.8886 57.346
      vertex -86 12.0689 57.954
      vertex -86 12.8886 57.346
    endloop
  endfacet
  facet normal 0 -0.998794 0.0490873
    outer loop
      vertex -86 16.6408 48.2873
      vertex 57 16.6909 49.3067
      vertex -86 16.6909 49.3067
    endloop
  endfacet
  facet normal 0 -0.998794 0.0490873
    outer loop
      vertex 57 16.6909 49.3067
      vertex -86 16.6408 48.2873
      vertex 57 16.6408 48.2873
    endloop
  endfacet
  facet normal 0 0.740939 0.671572
    outer loop
      vertex 57 -1.06299 41.9528
      vertex -86 -1.62422 42.572
      vertex 57 -1.62422 42.572
    endloop
  endfacet
  facet normal 0 0.740939 0.671572
    outer loop
      vertex -86 -1.62422 42.572
      vertex 57 -1.06299 41.9528
      vertex -86 -1.06299 41.9528
    endloop
  endfacet
  facet normal 0 -0.970033 0.242974
    outer loop
      vertex -86 16.2431 46.2877
      vertex 57 16.4911 47.2778
      vertex -86 16.4911 47.2778
    endloop
  endfacet
  facet normal 0 -0.970033 0.242974
    outer loop
      vertex 57 16.4911 47.2778
      vertex -86 16.2431 46.2877
      vertex 57 16.2431 46.2877
    endloop
  endfacet
  facet normal 0 -0.857726 -0.514107
    outer loop
      vertex -86 15.4629 54.2092
      vertex 57 14.9382 55.0846
      vertex -86 14.9382 55.0846
    endloop
  endfacet
  facet normal 0 -0.857726 -0.514107
    outer loop
      vertex 57 14.9382 55.0846
      vertex -86 15.4629 54.2092
      vertex 57 15.4629 54.2092
    endloop
  endfacet
  facet normal 0 -0.514063 -0.857752
    outer loop
      vertex -86 11.1934 58.4787
      vertex 57 12.0689 57.954
      vertex 57 11.1934 58.4787
    endloop
  endfacet
  facet normal -0 -0.514063 -0.857752
    outer loop
      vertex 57 12.0689 57.954
      vertex -86 11.1934 58.4787
      vertex -86 12.0689 57.954
    endloop
  endfacet
  facet normal 0 -0.989183 -0.146689
    outer loop
      vertex 57 18.6312 50.5221
      vertex 86 18.4527 51.7258
      vertex 57 18.4527 51.7258
    endloop
  endfacet
  facet normal 0 -0.989183 -0.146689
    outer loop
      vertex 86 18.4527 51.7258
      vertex 57 18.6312 50.5221
      vertex 86 18.6312 50.5221
    endloop
  endfacet
  facet normal 0 -0.24292 0.970046
    outer loop
      vertex 57 9.89045 37.4406
      vertex 86 8.71004 37.145
      vertex 86 9.89045 37.4406
    endloop
  endfacet
  facet normal 0 -0.24292 0.970046
    outer loop
      vertex 86 8.71004 37.145
      vertex 57 9.89045 37.4406
      vertex 57 8.71004 37.145
    endloop
  endfacet
  facet normal -0 0.0490601 0.998796
    outer loop
      vertex 57 6.29092 36.9067
      vertex 86 5.07551 36.9664
      vertex 86 6.29092 36.9067
    endloop
  endfacet
  facet normal 0 0.0490601 0.998796
    outer loop
      vertex 86 5.07551 36.9664
      vertex 57 6.29092 36.9067
      vertex 57 5.07551 36.9664
    endloop
  endfacet
  facet normal 0 -0.903977 0.427581
    outer loop
      vertex 57 17.2267 43.4614
      vertex 86 17.747 44.5614
      vertex 57 17.747 44.5614
    endloop
  endfacet
  facet normal 0 -0.903977 0.427581
    outer loop
      vertex 86 17.747 44.5614
      vertex 57 17.2267 43.4614
      vertex 86 17.2267 43.4614
    endloop
  endfacet
  facet normal 0 -0.0490601 0.998796
    outer loop
      vertex 57 7.50633 36.9664
      vertex 86 6.29092 36.9067
      vertex 86 7.50633 36.9664
    endloop
  endfacet
  facet normal 0 -0.0490601 0.998796
    outer loop
      vertex 86 6.29092 36.9067
      vertex 57 7.50633 36.9664
      vertex 57 6.29092 36.9067
    endloop
  endfacet
  facet normal 0 -0.970026 -0.243
    outer loop
      vertex 57 18.4527 51.7258
      vertex 86 18.157 52.9062
      vertex 57 18.157 52.9062
    endloop
  endfacet
  facet normal 0 -0.970026 -0.243
    outer loop
      vertex 86 18.157 52.9062
      vertex 57 18.4527 51.7258
      vertex 86 18.4527 51.7258
    endloop
  endfacet
  facet normal 0 -0.941537 -0.336909
    outer loop
      vertex 57 18.157 52.9062
      vertex 86 17.747 54.052
      vertex 57 17.747 54.052
    endloop
  endfacet
  facet normal 0 -0.941537 -0.336909
    outer loop
      vertex 86 17.747 54.052
      vertex 57 18.157 52.9062
      vertex 86 18.157 52.9062
    endloop
  endfacet
  facet normal 0 -0.595705 0.803203
    outer loop
      vertex 57 14.1574 39.7214
      vertex 86 13.18 38.9965
      vertex 86 14.1574 39.7214
    endloop
  endfacet
  facet normal 0 -0.595705 0.803203
    outer loop
      vertex 86 13.18 38.9965
      vertex 57 14.1574 39.7214
      vertex 57 13.18 38.9965
    endloop
  endfacet
  facet normal -0 0.146665 0.989186
    outer loop
      vertex 57 5.07551 36.9664
      vertex 86 4.29517 37.0821
      vertex 86 5.07551 36.9664
    endloop
  endfacet
  facet normal 0 0.146665 0.989186
    outer loop
      vertex 86 4.29517 37.0821
      vertex 57 5.07551 36.9664
      vertex 57 4.29517 37.0821
    endloop
  endfacet
  facet normal 0 -0.671576 0.740936
    outer loop
      vertex 57 15.059 40.5386
      vertex 86 14.1574 39.7214
      vertex 86 15.059 40.5386
    endloop
  endfacet
  facet normal 0 -0.671576 0.740936
    outer loop
      vertex 86 14.1574 39.7214
      vertex 57 15.059 40.5386
      vertex 57 14.1574 39.7214
    endloop
  endfacet
  facet normal 0 -0.427581 0.903977
    outer loop
      vertex 57 12.1362 38.3709
      vertex 86 11.0362 37.8506
      vertex 86 12.1362 38.3709
    endloop
  endfacet
  facet normal 0 -0.427581 0.903977
    outer loop
      vertex 86 11.0362 37.8506
      vertex 57 12.1362 38.3709
      vertex 57 11.0362 37.8506
    endloop
  endfacet
  facet normal 0 -0.941537 0.336909
    outer loop
      vertex 57 17.747 44.5614
      vertex 86 18.157 45.7072
      vertex 57 18.157 45.7072
    endloop
  endfacet
  facet normal 0 -0.941537 0.336909
    outer loop
      vertex 86 18.157 45.7072
      vertex 57 17.747 44.5614
      vertex 86 17.747 44.5614
    endloop
  endfacet
  facet normal 0 -0.146768 0.989171
    outer loop
      vertex 57 8.71004 37.145
      vertex 86 7.50633 36.9664
      vertex 86 8.71004 37.145
    endloop
  endfacet
  facet normal 0 -0.146768 0.989171
    outer loop
      vertex 86 7.50633 36.9664
      vertex 57 8.71004 37.145
      vertex 57 7.50633 36.9664
    endloop
  endfacet
  facet normal 0 -0.903977 -0.427581
    outer loop
      vertex 57 17.747 54.052
      vertex 86 17.2267 55.152
      vertex 57 17.2267 55.152
    endloop
  endfacet
  facet normal 0 -0.903977 -0.427581
    outer loop
      vertex 86 17.2267 55.152
      vertex 57 17.747 54.052
      vertex 86 17.747 54.052
    endloop
  endfacet
  facet normal 0 -0.998796 -0.0490605
    outer loop
      vertex 57 18.6909 49.3067
      vertex 86 18.6312 50.5221
      vertex 57 18.6312 50.5221
    endloop
  endfacet
  facet normal 0 -0.998796 -0.0490605
    outer loop
      vertex 86 18.6312 50.5221
      vertex 57 18.6909 49.3067
      vertex 86 18.6909 49.3067
    endloop
  endfacet
  facet normal 0 -0.740936 0.671576
    outer loop
      vertex 57 15.059 40.5386
      vertex 86 15.8762 41.4402
      vertex 57 15.8762 41.4402
    endloop
  endfacet
  facet normal 0 -0.740936 0.671576
    outer loop
      vertex 86 15.8762 41.4402
      vertex 57 15.059 40.5386
      vertex 86 15.059 40.5386
    endloop
  endfacet
  facet normal 0 -0.998796 0.0490605
    outer loop
      vertex 57 18.6312 48.0913
      vertex 86 18.6909 49.3067
      vertex 57 18.6909 49.3067
    endloop
  endfacet
  facet normal 0 -0.998796 0.0490605
    outer loop
      vertex 86 18.6909 49.3067
      vertex 57 18.6312 48.0913
      vertex 86 18.6312 48.0913
    endloop
  endfacet
  facet normal 0 -0.803203 0.595705
    outer loop
      vertex 57 15.8762 41.4402
      vertex 86 16.6011 42.4176
      vertex 57 16.6011 42.4176
    endloop
  endfacet
  facet normal 0 -0.803203 0.595705
    outer loop
      vertex 86 16.6011 42.4176
      vertex 57 15.8762 41.4402
      vertex 86 15.8762 41.4402
    endloop
  endfacet
  facet normal 0 -0.336922 0.941533
    outer loop
      vertex 57 11.0362 37.8506
      vertex 86 9.89045 37.4406
      vertex 86 11.0362 37.8506
    endloop
  endfacet
  facet normal 0 -0.336922 0.941533
    outer loop
      vertex 86 9.89045 37.4406
      vertex 57 11.0362 37.8506
      vertex 57 9.89045 37.4406
    endloop
  endfacet
  facet normal 0 -0.857739 0.514085
    outer loop
      vertex 57 16.6011 42.4176
      vertex 86 17.2267 43.4614
      vertex 57 17.2267 43.4614
    endloop
  endfacet
  facet normal 0 -0.857739 0.514085
    outer loop
      vertex 86 17.2267 43.4614
      vertex 57 16.6011 42.4176
      vertex 86 16.6011 42.4176
    endloop
  endfacet
  facet normal 0 -0.514085 0.857739
    outer loop
      vertex 57 13.18 38.9965
      vertex 86 12.1362 38.3709
      vertex 86 13.18 38.9965
    endloop
  endfacet
  facet normal 0 -0.514085 0.857739
    outer loop
      vertex 86 12.1362 38.3709
      vertex 57 13.18 38.9965
      vertex 57 12.1362 38.3709
    endloop
  endfacet
  facet normal 0 -0.970026 0.243
    outer loop
      vertex 57 18.157 45.7072
      vertex 86 18.4527 46.8876
      vertex 57 18.4527 46.8876
    endloop
  endfacet
  facet normal 0 -0.970026 0.243
    outer loop
      vertex 86 18.4527 46.8876
      vertex 57 18.157 45.7072
      vertex 86 18.157 45.7072
    endloop
  endfacet
  facet normal 0 -0.989183 0.146689
    outer loop
      vertex 57 18.4527 46.8876
      vertex 86 18.6312 48.0913
      vertex 57 18.6312 48.0913
    endloop
  endfacet
  facet normal 0 -0.989183 0.146689
    outer loop
      vertex 86 18.6312 48.0913
      vertex 57 18.4527 46.8876
      vertex 86 18.4527 46.8876
    endloop
  endfacet
  facet normal 0 -0.857752 -0.514063
    outer loop
      vertex 57 17.2267 55.152
      vertex 86 16.877 55.7355
      vertex 57 16.877 55.7355
    endloop
  endfacet
  facet normal 0 -0.857752 -0.514063
    outer loop
      vertex 86 16.877 55.7355
      vertex 57 17.2267 55.152
      vertex 86 17.2267 55.152
    endloop
  endfacet
  facet normal 0 -0.857726 0.514107
    outer loop
      vertex -86 27.52 62.1821
      vertex 57 28.0447 63.0575
      vertex -86 28.0447 63.0575
    endloop
  endfacet
  facet normal 0 -0.857726 0.514107
    outer loop
      vertex 57 28.0447 63.0575
      vertex -86 27.52 62.1821
      vertex 57 27.52 62.1821
    endloop
  endfacet
  facet normal -0 0.427551 0.903991
    outer loop
      vertex -86 14.8929 58.3517
      vertex 57 13.9702 58.7881
      vertex 57 14.8929 58.3517
    endloop
  endfacet
  facet normal 0 0.427551 0.903991
    outer loop
      vertex 57 13.9702 58.7881
      vertex -86 14.8929 58.3517
      vertex -86 13.9702 58.7881
    endloop
  endfacet
  facet normal 0 -0.336845 0.94156
    outer loop
      vertex -86 22.8527 58.3517
      vertex 57 21.8917 58.0079
      vertex 57 22.8527 58.3517
    endloop
  endfacet
  facet normal 0 -0.336845 0.94156
    outer loop
      vertex 57 21.8917 58.0079
      vertex -86 22.8527 58.3517
      vertex -86 21.8917 58.0079
    endloop
  endfacet
  facet normal 0 -0.0490921 0.998794
    outer loop
      vertex -86 19.8921 57.6101
      vertex 57 18.8728 57.56
      vertex 57 19.8921 57.6101
    endloop
  endfacet
  facet normal 0 -0.0490921 0.998794
    outer loop
      vertex 57 18.8728 57.56
      vertex -86 19.8921 57.6101
      vertex -86 18.8728 57.56
    endloop
  endfacet
  facet normal 0 -0.740941 0.67157
    outer loop
      vertex -86 26.2267 60.6061
      vertex 57 26.9121 61.3623
      vertex -86 26.9121 61.3623
    endloop
  endfacet
  facet normal 0 -0.740941 0.67157
    outer loop
      vertex 57 26.9121 61.3623
      vertex -86 26.2267 60.6061
      vertex 57 26.2267 60.6061
    endloop
  endfacet
  facet normal -0 0.671521 0.740985
    outer loop
      vertex -86 12.2751 59.9207
      vertex 57 11.5188 60.6061
      vertex 57 12.2751 59.9207
    endloop
  endfacet
  facet normal 0 0.671521 0.740985
    outer loop
      vertex 57 11.5188 60.6061
      vertex -86 12.2751 59.9207
      vertex -86 11.5188 60.6061
    endloop
  endfacet
  facet normal 0 -0.427589 -0.903973
    outer loop
      vertex -86 22.8527 77.5684
      vertex 57 23.7753 77.132
      vertex 57 22.8527 77.5684
    endloop
  endfacet
  facet normal -0 -0.427589 -0.903973
    outer loop
      vertex 57 23.7753 77.132
      vertex -86 22.8527 77.5684
      vertex -86 23.7753 77.132
    endloop
  endfacet
  facet normal 0 -0.989171 -0.146769
    outer loop
      vertex -86 29.2227 68.9794
      vertex 57 29.0729 69.989
      vertex -86 29.0729 69.989
    endloop
  endfacet
  facet normal 0 -0.989171 -0.146769
    outer loop
      vertex 57 29.0729 69.989
      vertex -86 29.2227 68.9794
      vertex 57 29.2227 68.9794
    endloop
  endfacet
  facet normal 0 -0.740941 -0.67157
    outer loop
      vertex -86 26.9121 74.5577
      vertex 57 26.2267 75.3139
      vertex -86 26.2267 75.3139
    endloop
  endfacet
  facet normal 0 -0.740941 -0.67157
    outer loop
      vertex 57 26.2267 75.3139
      vertex -86 26.9121 74.5577
      vertex 57 26.9121 74.5577
    endloop
  endfacet
  facet normal 0 -0.998794 0.0490921
    outer loop
      vertex -86 29.2227 66.9407
      vertex 57 29.2728 67.96
      vertex -86 29.2728 67.96
    endloop
  endfacet
  facet normal 0 -0.998794 0.0490921
    outer loop
      vertex 57 29.2728 67.96
      vertex -86 29.2227 66.9407
      vertex 57 29.2227 66.9407
    endloop
  endfacet
  facet normal 0 -0.146769 0.989171
    outer loop
      vertex -86 20.9017 57.7599
      vertex 57 19.8921 57.6101
      vertex 57 20.9017 57.7599
    endloop
  endfacet
  facet normal 0 -0.146769 0.989171
    outer loop
      vertex 57 19.8921 57.6101
      vertex -86 20.9017 57.7599
      vertex -86 19.8921 57.6101
    endloop
  endfacet
  facet normal 0 -0.67157 -0.740941
    outer loop
      vertex -86 25.4705 75.9993
      vertex 57 26.2267 75.3139
      vertex 57 25.4705 75.9993
    endloop
  endfacet
  facet normal -0 -0.67157 -0.740941
    outer loop
      vertex 57 26.2267 75.3139
      vertex -86 25.4705 75.9993
      vertex -86 26.2267 75.3139
    endloop
  endfacet
  facet normal 0 -0.514107 0.857726
    outer loop
      vertex -86 24.6507 59.3128
      vertex 57 23.7753 58.7881
      vertex 57 24.6507 59.3128
    endloop
  endfacet
  facet normal 0 -0.514107 0.857726
    outer loop
      vertex 57 23.7753 58.7881
      vertex -86 24.6507 59.3128
      vertex -86 23.7753 58.7881
    endloop
  endfacet
  facet normal 0 -0.427589 0.903973
    outer loop
      vertex -86 23.7753 58.7881
      vertex 57 22.8527 58.3517
      vertex 57 23.7753 58.7881
    endloop
  endfacet
  facet normal 0 -0.427589 0.903973
    outer loop
      vertex 57 22.8527 58.3517
      vertex -86 23.7753 58.7881
      vertex -86 22.8527 58.3517
    endloop
  endfacet
  facet normal 0 -0.857726 -0.514107
    outer loop
      vertex -86 28.0447 72.8626
      vertex 57 27.52 73.738
      vertex -86 27.52 73.738
    endloop
  endfacet
  facet normal 0 -0.857726 -0.514107
    outer loop
      vertex 57 27.52 73.738
      vertex -86 28.0447 72.8626
      vertex 57 28.0447 72.8626
    endloop
  endfacet
  facet normal 0 -0.803222 -0.59568
    outer loop
      vertex -86 27.52 73.738
      vertex 57 26.9121 74.5577
      vertex -86 26.9121 74.5577
    endloop
  endfacet
  facet normal 0 -0.803222 -0.59568
    outer loop
      vertex 57 26.9121 74.5577
      vertex -86 27.52 73.738
      vertex 57 27.52 73.738
    endloop
  endfacet
  facet normal -0 0.242997 0.970027
    outer loop
      vertex -86 16.8438 57.7599
      vertex 57 15.8538 58.0079
      vertex 57 16.8438 57.7599
    endloop
  endfacet
  facet normal 0 0.242997 0.970027
    outer loop
      vertex 57 15.8538 58.0079
      vertex -86 16.8438 57.7599
      vertex -86 15.8538 58.0079
    endloop
  endfacet
  facet normal 0 -0.941549 -0.336876
    outer loop
      vertex -86 28.8249 70.979
      vertex 57 28.4811 71.9399
      vertex -86 28.4811 71.9399
    endloop
  endfacet
  facet normal 0 -0.941549 -0.336876
    outer loop
      vertex 57 28.4811 71.9399
      vertex -86 28.8249 70.979
      vertex 57 28.8249 70.979
    endloop
  endfacet
  facet normal 0 -0.336872 -0.941551
    outer loop
      vertex -86 22.1506 77.8196
      vertex 57 22.8527 77.5684
      vertex 57 22.1506 77.8196
    endloop
  endfacet
  facet normal -0 -0.336872 -0.941551
    outer loop
      vertex 57 22.8527 77.5684
      vertex -86 22.1506 77.8196
      vertex -86 22.8527 77.5684
    endloop
  endfacet
  facet normal -0 0.336876 0.941549
    outer loop
      vertex -86 15.8538 58.0079
      vertex 57 14.8929 58.3517
      vertex 57 15.8538 58.0079
    endloop
  endfacet
  facet normal 0 0.336876 0.941549
    outer loop
      vertex 57 14.8929 58.3517
      vertex -86 15.8538 58.0079
      vertex -86 14.8929 58.3517
    endloop
  endfacet
  facet normal 0 -0.595633 0.803257
    outer loop
      vertex -86 25.4705 59.9207
      vertex 57 24.6507 59.3128
      vertex 57 25.4705 59.9207
    endloop
  endfacet
  facet normal 0 -0.595633 0.803257
    outer loop
      vertex 57 24.6507 59.3128
      vertex -86 25.4705 59.9207
      vertex -86 24.6507 59.3128
    endloop
  endfacet
  facet normal 0 -0.67157 0.740941
    outer loop
      vertex -86 26.2267 60.6061
      vertex 57 25.4705 59.9207
      vertex 57 26.2267 60.6061
    endloop
  endfacet
  facet normal 0 -0.67157 0.740941
    outer loop
      vertex 57 25.4705 59.9207
      vertex -86 26.2267 60.6061
      vertex -86 25.4705 59.9207
    endloop
  endfacet
  facet normal -0 0.146769 0.989171
    outer loop
      vertex -86 17.8534 57.6101
      vertex 57 16.8438 57.7599
      vertex 57 17.8534 57.6101
    endloop
  endfacet
  facet normal 0 0.146769 0.989171
    outer loop
      vertex 57 16.8438 57.7599
      vertex -86 17.8534 57.6101
      vertex -86 16.8438 57.7599
    endloop
  endfacet
  facet normal -0 0.0490873 0.998794
    outer loop
      vertex -86 18.8728 57.56
      vertex 57 17.8534 57.6101
      vertex 57 18.8728 57.56
    endloop
  endfacet
  facet normal 0 0.0490873 0.998794
    outer loop
      vertex 57 17.8534 57.6101
      vertex -86 18.8728 57.56
      vertex -86 17.8534 57.6101
    endloop
  endfacet
  facet normal 0 -0.970027 -0.242997
    outer loop
      vertex -86 29.0729 69.989
      vertex 57 28.8249 70.979
      vertex -86 28.8249 70.979
    endloop
  endfacet
  facet normal 0 -0.970027 -0.242997
    outer loop
      vertex 57 28.8249 70.979
      vertex -86 29.0729 69.989
      vertex 57 29.0729 69.989
    endloop
  endfacet
  facet normal 0 0.740957 0.671552
    outer loop
      vertex 57 11.5188 60.6061
      vertex -86 10.9576 61.2253
      vertex 57 10.9576 61.2253
    endloop
  endfacet
  facet normal 0 0.740957 0.671552
    outer loop
      vertex -86 10.9576 61.2253
      vertex 57 11.5188 60.6061
      vertex -86 11.5188 60.6061
    endloop
  endfacet
  facet normal -0 0.514107 0.857726
    outer loop
      vertex -86 13.9702 58.7881
      vertex 57 13.0948 59.3128
      vertex 57 13.9702 58.7881
    endloop
  endfacet
  facet normal 0 0.514107 0.857726
    outer loop
      vertex 57 13.0948 59.3128
      vertex -86 13.9702 58.7881
      vertex -86 13.0948 59.3128
    endloop
  endfacet
  facet normal 0 -0.803257 0.595633
    outer loop
      vertex -86 26.9121 61.3623
      vertex 57 27.52 62.1821
      vertex -86 27.52 62.1821
    endloop
  endfacet
  facet normal 0 -0.803257 0.595633
    outer loop
      vertex 57 27.52 62.1821
      vertex -86 26.9121 61.3623
      vertex 57 26.9121 61.3623
    endloop
  endfacet
  facet normal 0 -0.903973 0.427589
    outer loop
      vertex -86 28.0447 63.0575
      vertex 57 28.4811 63.9801
      vertex -86 28.4811 63.9801
    endloop
  endfacet
  facet normal 0 -0.903973 0.427589
    outer loop
      vertex 57 28.4811 63.9801
      vertex -86 28.0447 63.0575
      vertex 57 28.0447 63.0575
    endloop
  endfacet
  facet normal 0 -0.242997 0.970027
    outer loop
      vertex -86 21.8917 58.0079
      vertex 57 20.9017 57.7599
      vertex 57 21.8917 58.0079
    endloop
  endfacet
  facet normal 0 -0.242997 0.970027
    outer loop
      vertex 57 20.9017 57.7599
      vertex -86 21.8917 58.0079
      vertex -86 20.9017 57.7599
    endloop
  endfacet
  facet normal 0 -0.514107 -0.857726
    outer loop
      vertex -86 23.7753 77.132
      vertex 57 24.6507 76.6073
      vertex 57 23.7753 77.132
    endloop
  endfacet
  facet normal -0 -0.514107 -0.857726
    outer loop
      vertex 57 24.6507 76.6073
      vertex -86 23.7753 77.132
      vertex -86 24.6507 76.6073
    endloop
  endfacet
  facet normal 0 -0.998794 -0.0490873
    outer loop
      vertex -86 29.2728 67.96
      vertex 57 29.2227 68.9794
      vertex -86 29.2227 68.9794
    endloop
  endfacet
  facet normal 0 -0.998794 -0.0490873
    outer loop
      vertex 57 29.2227 68.9794
      vertex -86 29.2728 67.96
      vertex 57 29.2728 67.96
    endloop
  endfacet
  facet normal -0 0.59568 0.803222
    outer loop
      vertex -86 13.0948 59.3128
      vertex 57 12.2751 59.9207
      vertex 57 13.0948 59.3128
    endloop
  endfacet
  facet normal 0 0.59568 0.803222
    outer loop
      vertex 57 12.2751 59.9207
      vertex -86 13.0948 59.3128
      vertex -86 12.2751 59.9207
    endloop
  endfacet
  facet normal 0 -0.595696 -0.80321
    outer loop
      vertex -86 24.6507 76.6073
      vertex 57 25.4705 75.9993
      vertex 57 24.6507 76.6073
    endloop
  endfacet
  facet normal -0 -0.595696 -0.80321
    outer loop
      vertex 57 25.4705 75.9993
      vertex -86 24.6507 76.6073
      vertex -86 25.4705 75.9993
    endloop
  endfacet
  facet normal 0 -0.94156 0.336845
    outer loop
      vertex -86 28.4811 63.9801
      vertex 57 28.8249 64.9411
      vertex -86 28.8249 64.9411
    endloop
  endfacet
  facet normal 0 -0.94156 0.336845
    outer loop
      vertex 57 28.8249 64.9411
      vertex -86 28.4811 63.9801
      vertex 57 28.4811 63.9801
    endloop
  endfacet
  facet normal 0 -0.903991 -0.427551
    outer loop
      vertex -86 28.4811 71.9399
      vertex 57 28.0447 72.8626
      vertex -86 28.0447 72.8626
    endloop
  endfacet
  facet normal 0 -0.903991 -0.427551
    outer loop
      vertex 57 28.0447 72.8626
      vertex -86 28.4811 71.9399
      vertex 57 28.4811 71.9399
    endloop
  endfacet
  facet normal 0 -0.989171 0.146769
    outer loop
      vertex -86 29.0729 65.9311
      vertex 57 29.2227 66.9407
      vertex -86 29.2227 66.9407
    endloop
  endfacet
  facet normal 0 -0.989171 0.146769
    outer loop
      vertex 57 29.2227 66.9407
      vertex -86 29.0729 65.9311
      vertex 57 29.0729 65.9311
    endloop
  endfacet
  facet normal 0 -0.970027 0.242997
    outer loop
      vertex -86 28.8249 64.9411
      vertex 57 29.0729 65.9311
      vertex -86 29.0729 65.9311
    endloop
  endfacet
  facet normal 0 -0.970027 0.242997
    outer loop
      vertex 57 29.0729 65.9311
      vertex -86 28.8249 64.9411
      vertex 57 28.8249 64.9411
    endloop
  endfacet
  facet normal 0 -0.243 0.970026
    outer loop
      vertex 57 22.4723 56.094
      vertex 86 21.2919 55.7983
      vertex 86 22.4723 56.094
    endloop
  endfacet
  facet normal 0 -0.243 0.970026
    outer loop
      vertex 86 21.2919 55.7983
      vertex 57 22.4723 56.094
      vertex 57 21.2919 55.7983
    endloop
  endfacet
  facet normal 0 -0.0490605 0.998796
    outer loop
      vertex 57 20.0882 55.6197
      vertex 86 18.8728 55.56
      vertex 86 20.0882 55.6197
    endloop
  endfacet
  facet normal 0 -0.0490605 0.998796
    outer loop
      vertex 86 18.8728 55.56
      vertex 57 20.0882 55.6197
      vertex 57 18.8728 55.56
    endloop
  endfacet
  facet normal 0 -0.803203 0.595705
    outer loop
      vertex 57 28.4581 60.0936
      vertex 86 29.183 61.071
      vertex 57 29.183 61.071
    endloop
  endfacet
  facet normal 0 -0.803203 0.595705
    outer loop
      vertex 86 29.183 61.071
      vertex 57 28.4581 60.0936
      vertex 86 28.4581 60.0936
    endloop
  endfacet
  facet normal 0 -0.427482 -0.904024
    outer loop
      vertex 57 23.618 79.4161
      vertex 86 24.7181 78.8959
      vertex 86 23.618 79.4161
    endloop
  endfacet
  facet normal -0 -0.427482 -0.904024
    outer loop
      vertex 86 24.7181 78.8959
      vertex 57 23.618 79.4161
      vertex 57 24.7181 78.8959
    endloop
  endfacet
  facet normal 0 -0.740973 0.671535
    outer loop
      vertex 57 27.6409 59.1919
      vertex 86 28.4581 60.0936
      vertex 57 28.4581 60.0936
    endloop
  endfacet
  facet normal 0 -0.740973 0.671535
    outer loop
      vertex 86 28.4581 60.0936
      vertex 57 27.6409 59.1919
      vertex 86 27.6409 59.1919
    endloop
  endfacet
  facet normal 0 -0.336862 0.941554
    outer loop
      vertex 57 23.618 56.5039
      vertex 86 22.4723 56.094
      vertex 86 23.618 56.5039
    endloop
  endfacet
  facet normal 0 -0.336862 0.941554
    outer loop
      vertex 86 22.4723 56.094
      vertex 57 23.618 56.5039
      vertex 57 22.4723 56.094
    endloop
  endfacet
  facet normal 0 -0.336981 -0.941511
    outer loop
      vertex 57 23.3034 79.5287
      vertex 86 23.618 79.4161
      vertex 86 23.3034 79.5287
    endloop
  endfacet
  facet normal -0 -0.336981 -0.941511
    outer loop
      vertex 86 23.618 79.4161
      vertex 57 23.3034 79.5287
      vertex 57 23.618 79.4161
    endloop
  endfacet
  facet normal 0 -0.514121 0.857718
    outer loop
      vertex 57 25.7618 57.6498
      vertex 86 24.7181 57.0242
      vertex 86 25.7618 57.6498
    endloop
  endfacet
  facet normal 0 -0.514121 0.857718
    outer loop
      vertex 86 24.7181 57.0242
      vertex 57 25.7618 57.6498
      vertex 57 24.7181 57.0242
    endloop
  endfacet
  facet normal 0 -0.427549 0.903992
    outer loop
      vertex 57 24.7181 57.0242
      vertex 86 23.618 56.5039
      vertex 86 24.7181 57.0242
    endloop
  endfacet
  facet normal 0 -0.427549 0.903992
    outer loop
      vertex 86 23.618 56.5039
      vertex 57 24.7181 57.0242
      vertex 57 23.618 56.5039
    endloop
  endfacet
  facet normal 0 -0.903992 0.427549
    outer loop
      vertex 57 29.8086 62.1147
      vertex 86 30.3289 63.2148
      vertex 57 30.3289 63.2148
    endloop
  endfacet
  facet normal 0 -0.903992 0.427549
    outer loop
      vertex 86 30.3289 63.2148
      vertex 57 29.8086 62.1147
      vertex 86 29.8086 62.1147
    endloop
  endfacet
  facet normal -0 0.146797 0.989167
    outer loop
      vertex 57 17.6573 55.6197
      vertex 86 16.877 55.7355
      vertex 86 17.6573 55.6197
    endloop
  endfacet
  facet normal 0 0.146797 0.989167
    outer loop
      vertex 86 16.877 55.7355
      vertex 57 17.6573 55.6197
      vertex 57 16.877 55.7355
    endloop
  endfacet
  facet normal 0 -0.146769 0.989171
    outer loop
      vertex 57 21.2919 55.7983
      vertex 86 20.0882 55.6197
      vertex 86 21.2919 55.7983
    endloop
  endfacet
  facet normal 0 -0.146769 0.989171
    outer loop
      vertex 86 20.0882 55.6197
      vertex 57 21.2919 55.7983
      vertex 57 20.0882 55.6197
    endloop
  endfacet
  facet normal 0 -0.740973 -0.671535
    outer loop
      vertex 57 28.4581 75.8265
      vertex 86 27.6409 76.7282
      vertex 57 27.6409 76.7282
    endloop
  endfacet
  facet normal 0 -0.740973 -0.671535
    outer loop
      vertex 86 27.6409 76.7282
      vertex 57 28.4581 75.8265
      vertex 86 28.4581 75.8265
    endloop
  endfacet
  facet normal 0 -0.803203 -0.595705
    outer loop
      vertex 57 29.183 74.8491
      vertex 86 28.4581 75.8265
      vertex 57 28.4581 75.8265
    endloop
  endfacet
  facet normal 0 -0.803203 -0.595705
    outer loop
      vertex 86 28.4581 75.8265
      vertex 57 29.183 74.8491
      vertex 86 29.183 74.8491
    endloop
  endfacet
  facet normal 0 -0.671535 0.740973
    outer loop
      vertex 57 27.6409 59.1919
      vertex 86 26.7392 58.3747
      vertex 86 27.6409 59.1919
    endloop
  endfacet
  facet normal 0 -0.671535 0.740973
    outer loop
      vertex 86 26.7392 58.3747
      vertex 57 27.6409 59.1919
      vertex 57 26.7392 58.3747
    endloop
  endfacet
  facet normal -0 0.0490565 0.998796
    outer loop
      vertex 57 18.8728 55.56
      vertex 86 17.6573 55.6197
      vertex 86 18.8728 55.56
    endloop
  endfacet
  facet normal 0 0.0490565 0.998796
    outer loop
      vertex 86 17.6573 55.6197
      vertex 57 18.8728 55.56
      vertex 57 17.6573 55.6197
    endloop
  endfacet
  facet normal 0 -0.970004 0.24309
    outer loop
      vertex 57 30.7388 64.3605
      vertex 86 30.8728 64.8952
      vertex 57 30.8728 64.8952
    endloop
  endfacet
  facet normal 0 -0.970004 0.24309
    outer loop
      vertex 86 30.8728 64.8952
      vertex 57 30.7388 64.3605
      vertex 86 30.7388 64.3605
    endloop
  endfacet
  facet normal 0 -0.857718 0.514121
    outer loop
      vertex 57 29.183 61.071
      vertex 86 29.8086 62.1147
      vertex 57 29.8086 62.1147
    endloop
  endfacet
  facet normal 0 -0.857718 0.514121
    outer loop
      vertex 86 29.8086 62.1147
      vertex 57 29.183 61.071
      vertex 86 29.183 61.071
    endloop
  endfacet
  facet normal 0 -0.514121 -0.857718
    outer loop
      vertex 57 24.7181 78.8959
      vertex 86 25.7618 78.2703
      vertex 86 24.7181 78.8959
    endloop
  endfacet
  facet normal -0 -0.514121 -0.857718
    outer loop
      vertex 86 25.7618 78.2703
      vertex 57 24.7181 78.8959
      vertex 57 25.7618 78.2703
    endloop
  endfacet
  facet normal 0 -0.970014 -0.243048
    outer loop
      vertex 57 30.8728 71.0248
      vertex 86 30.7388 71.5596
      vertex 57 30.7388 71.5596
    endloop
  endfacet
  facet normal 0 -0.970014 -0.243048
    outer loop
      vertex 86 30.7388 71.5596
      vertex 57 30.8728 71.0248
      vertex 86 30.8728 71.0248
    endloop
  endfacet
  facet normal 0 -0.857718 -0.514121
    outer loop
      vertex 57 29.8086 73.8054
      vertex 86 29.183 74.8491
      vertex 57 29.183 74.8491
    endloop
  endfacet
  facet normal 0 -0.857718 -0.514121
    outer loop
      vertex 86 29.183 74.8491
      vertex 57 29.8086 73.8054
      vertex 86 29.8086 73.8054
    endloop
  endfacet
  facet normal 0 -0.671535 -0.740973
    outer loop
      vertex 57 26.7392 77.5454
      vertex 86 27.6409 76.7282
      vertex 86 26.7392 77.5454
    endloop
  endfacet
  facet normal -0 -0.671535 -0.740973
    outer loop
      vertex 86 27.6409 76.7282
      vertex 57 26.7392 77.5454
      vertex 57 27.6409 76.7282
    endloop
  endfacet
  facet normal 0 -0.941554 -0.336862
    outer loop
      vertex 57 30.7388 71.5596
      vertex 86 30.3289 72.7053
      vertex 57 30.3289 72.7053
    endloop
  endfacet
  facet normal 0 -0.941554 -0.336862
    outer loop
      vertex 86 30.3289 72.7053
      vertex 57 30.7388 71.5596
      vertex 86 30.7388 71.5596
    endloop
  endfacet
  facet normal 0 -0.595705 0.803203
    outer loop
      vertex 57 26.7392 58.3747
      vertex 86 25.7618 57.6498
      vertex 86 26.7392 58.3747
    endloop
  endfacet
  facet normal 0 -0.595705 0.803203
    outer loop
      vertex 86 25.7618 57.6498
      vertex 57 26.7392 58.3747
      vertex 57 25.7618 57.6498
    endloop
  endfacet
  facet normal 0 -0.903992 -0.427549
    outer loop
      vertex 57 30.3289 72.7053
      vertex 86 29.8086 73.8054
      vertex 57 29.8086 73.8054
    endloop
  endfacet
  facet normal 0 -0.903992 -0.427549
    outer loop
      vertex 86 29.8086 73.8054
      vertex 57 30.3289 72.7053
      vertex 86 30.3289 72.7053
    endloop
  endfacet
  facet normal 0 -0.595705 -0.803203
    outer loop
      vertex 57 25.7618 78.2703
      vertex 86 26.7392 77.5454
      vertex 86 25.7618 78.2703
    endloop
  endfacet
  facet normal -0 -0.595705 -0.803203
    outer loop
      vertex 86 26.7392 77.5454
      vertex 57 25.7618 78.2703
      vertex 57 26.7392 77.5454
    endloop
  endfacet
  facet normal 0 -0.941554 0.336862
    outer loop
      vertex 57 30.3289 63.2148
      vertex 86 30.7388 64.3605
      vertex 57 30.7388 64.3605
    endloop
  endfacet
  facet normal 0 -0.941554 0.336862
    outer loop
      vertex 86 30.7388 64.3605
      vertex 57 30.3289 63.2148
      vertex 86 30.3289 63.2148
    endloop
  endfacet
endsolid OpenSCAD_Model
