solid OpenSCAD_Model
  facet normal 1 0 0
    outer loop
      vertex 86 -14.964 13.2154
      vertex 86 -13.8467 13.7691
      vertex 86 -14.9468 14.2893
    endloop
  endfacet
  facet normal 1 0 0
    outer loop
      vertex 86 -13.8467 13.7691
      vertex 86 -14.964 13.2154
      vertex 86 -14.9043 12
    endloop
  endfacet
  facet normal 1 0 -0
    outer loop
      vertex 86 -14.964 13.2154
      vertex 86 -14.9468 14.2893
      vertex 86 -15.1406 14.4055
    endloop
  endfacet
  facet normal 1 0 0
    outer loop
      vertex 86 3.23885 26.4406
      vertex 86 4.35617 26.9942
      vertex 86 3.25612 27.5145
    endloop
  endfacet
  facet normal 1 0 0
    outer loop
      vertex 86 4.35617 26.9942
      vertex 86 3.23885 26.4406
      vertex 86 3.29856 25.2252
    endloop
  endfacet
  facet normal 1 0 -0
    outer loop
      vertex 86 3.23885 26.4406
      vertex 86 3.25612 27.5145
      vertex 86 3.06232 27.6307
    endloop
  endfacet
  facet normal 1 0 0
    outer loop
      vertex 86 21.4417 39.6657
      vertex 86 22.559 40.2194
      vertex 86 21.459 40.7397
    endloop
  endfacet
  facet normal 1 0 0
    outer loop
      vertex 86 22.559 40.2194
      vertex 86 21.4417 39.6657
      vertex 86 21.5014 38.4503
    endloop
  endfacet
  facet normal 1 0 -0
    outer loop
      vertex 86 21.4417 39.6657
      vertex 86 21.459 40.7397
      vertex 86 21.2652 40.8558
    endloop
  endfacet
  facet normal 1 -0 0
    outer loop
      vertex 86 39.1704 48.076
      vertex 86 39.3043 0
      vertex 86 39.3043 48.6107
    endloop
  endfacet
  facet normal 1 -0 0
    outer loop
      vertex 86 38.7604 46.9302
      vertex 86 39.3043 0
      vertex 86 39.1704 48.076
    endloop
  endfacet
  facet normal 1 -0 0
    outer loop
      vertex 86 38.2401 45.8302
      vertex 86 39.3043 0
      vertex 86 38.7604 46.9302
    endloop
  endfacet
  facet normal 1 -0 0
    outer loop
      vertex 86 37.6145 44.7864
      vertex 86 39.3043 0
      vertex 86 38.2401 45.8302
    endloop
  endfacet
  facet normal 1 -0 0
    outer loop
      vertex 86 36.8897 43.809
      vertex 86 39.3043 0
      vertex 86 37.6145 44.7864
    endloop
  endfacet
  facet normal 1 -0 0
    outer loop
      vertex 86 36.0724 42.9074
      vertex 86 39.3043 0
      vertex 86 36.8897 43.809
    endloop
  endfacet
  facet normal 1 -0 0
    outer loop
      vertex 86 35.1708 42.0902
      vertex 86 39.3043 0
      vertex 86 36.0724 42.9074
    endloop
  endfacet
  facet normal 1 -0 0
    outer loop
      vertex 86 34.1934 41.3653
      vertex 86 39.3043 0
      vertex 86 35.1708 42.0902
    endloop
  endfacet
  facet normal 1 -0 0
    outer loop
      vertex 86 33.1496 40.7397
      vertex 86 39.3043 0
      vertex 86 34.1934 41.3653
    endloop
  endfacet
  facet normal 1 -0 0
    outer loop
      vertex 86 32.0496 40.2194
      vertex 86 39.3043 0
      vertex 86 33.1496 40.7397
    endloop
  endfacet
  facet normal 1 -0 0
    outer loop
      vertex 86 30.9039 39.8094
      vertex 86 39.3043 0
      vertex 86 32.0496 40.2194
    endloop
  endfacet
  facet normal 1 0 0
    outer loop
      vertex 86 19.4117 31.5613
      vertex 86 30.9039 39.8094
      vertex 86 29.7234 39.5138
    endloop
  endfacet
  facet normal 1 0 0
    outer loop
      vertex 86 20.0373 32.605
      vertex 86 29.7234 39.5138
      vertex 86 28.5197 39.3352
    endloop
  endfacet
  facet normal 1 0 0
    outer loop
      vertex 86 20.5575 33.7051
      vertex 86 28.5197 39.3352
      vertex 86 27.3043 39.2755
    endloop
  endfacet
  facet normal 1 0 0
    outer loop
      vertex 86 20.9675 34.8508
      vertex 86 27.3043 39.2755
      vertex 86 26.0889 39.3352
    endloop
  endfacet
  facet normal 1 0 0
    outer loop
      vertex 86 21.2632 36.0312
      vertex 86 26.0889 39.3352
      vertex 86 24.8852 39.5138
    endloop
  endfacet
  facet normal 1 0 0
    outer loop
      vertex 86 21.4417 37.2349
      vertex 86 24.8852 39.5138
      vertex 86 23.7048 39.8094
    endloop
  endfacet
  facet normal 1 0 0
    outer loop
      vertex 86 21.5014 38.4503
      vertex 86 23.7048 39.8094
      vertex 86 22.559 40.2194
    endloop
  endfacet
  facet normal 1 0 0
    outer loop
      vertex 86 23.7048 39.8094
      vertex 86 21.5014 38.4503
      vertex 86 21.4417 37.2349
    endloop
  endfacet
  facet normal 1 0 0
    outer loop
      vertex 86 24.8852 39.5138
      vertex 86 21.4417 37.2349
      vertex 86 21.2632 36.0312
    endloop
  endfacet
  facet normal 1 0 0
    outer loop
      vertex 86 26.0889 39.3352
      vertex 86 21.2632 36.0312
      vertex 86 20.9675 34.8508
    endloop
  endfacet
  facet normal 1 0 0
    outer loop
      vertex 86 27.3043 39.2755
      vertex 86 20.9675 34.8508
      vertex 86 20.5575 33.7051
    endloop
  endfacet
  facet normal 1 0 0
    outer loop
      vertex 86 28.5197 39.3352
      vertex 86 20.5575 33.7051
      vertex 86 20.0373 32.605
    endloop
  endfacet
  facet normal 1 0 0
    outer loop
      vertex 86 29.7234 39.5138
      vertex 86 20.0373 32.605
      vertex 86 19.4117 31.5613
    endloop
  endfacet
  facet normal 1 0 0
    outer loop
      vertex 86 30.9039 39.8094
      vertex 86 19.4117 31.5613
      vertex 86 39.3043 0
    endloop
  endfacet
  facet normal 1 -0 0
    outer loop
      vertex 86 18.6868 30.5839
      vertex 86 39.3043 0
      vertex 86 19.4117 31.5613
    endloop
  endfacet
  facet normal 1 -0 0
    outer loop
      vertex 86 17.8696 29.6822
      vertex 86 39.3043 0
      vertex 86 18.6868 30.5839
    endloop
  endfacet
  facet normal 1 -0 0
    outer loop
      vertex 86 16.9679 28.865
      vertex 86 39.3043 0
      vertex 86 17.8696 29.6822
    endloop
  endfacet
  facet normal 1 -0 0
    outer loop
      vertex 86 15.9905 28.1401
      vertex 86 39.3043 0
      vertex 86 16.9679 28.865
    endloop
  endfacet
  facet normal 1 -0 0
    outer loop
      vertex 86 14.9468 27.5145
      vertex 86 39.3043 0
      vertex 86 15.9905 28.1401
    endloop
  endfacet
  facet normal 1 -0 0
    outer loop
      vertex 86 13.8467 26.9942
      vertex 86 39.3043 0
      vertex 86 14.9468 27.5145
    endloop
  endfacet
  facet normal 1 -0 0
    outer loop
      vertex 86 12.701 26.5843
      vertex 86 39.3043 0
      vertex 86 13.8467 26.9942
    endloop
  endfacet
  facet normal 1 0 0
    outer loop
      vertex 86 1.20878 18.3361
      vertex 86 12.701 26.5843
      vertex 86 11.5206 26.2886
    endloop
  endfacet
  facet normal 1 0 0
    outer loop
      vertex 86 1.83438 19.3798
      vertex 86 11.5206 26.2886
      vertex 86 10.3169 26.11
    endloop
  endfacet
  facet normal 1 0 0
    outer loop
      vertex 86 2.35466 20.4799
      vertex 86 10.3169 26.11
      vertex 86 9.10144 26.0503
    endloop
  endfacet
  facet normal 1 0 0
    outer loop
      vertex 86 2.76462 21.6256
      vertex 86 9.10144 26.0503
      vertex 86 7.88603 26.11
    endloop
  endfacet
  facet normal 1 0 0
    outer loop
      vertex 86 3.0603 22.806
      vertex 86 7.88603 26.11
      vertex 86 6.68232 26.2886
    endloop
  endfacet
  facet normal 1 0 0
    outer loop
      vertex 86 3.23885 24.0098
      vertex 86 6.68232 26.2886
      vertex 86 5.50191 26.5843
    endloop
  endfacet
  facet normal 1 0 0
    outer loop
      vertex 86 3.29856 25.2252
      vertex 86 5.50191 26.5843
      vertex 86 4.35617 26.9942
    endloop
  endfacet
  facet normal 1 0 0
    outer loop
      vertex 86 5.50191 26.5843
      vertex 86 3.29856 25.2252
      vertex 86 3.23885 24.0098
    endloop
  endfacet
  facet normal 1 0 0
    outer loop
      vertex 86 6.68232 26.2886
      vertex 86 3.23885 24.0098
      vertex 86 3.0603 22.806
    endloop
  endfacet
  facet normal 1 0 0
    outer loop
      vertex 86 7.88603 26.11
      vertex 86 3.0603 22.806
      vertex 86 2.76462 21.6256
    endloop
  endfacet
  facet normal 1 0 0
    outer loop
      vertex 86 9.10144 26.0503
      vertex 86 2.76462 21.6256
      vertex 86 2.35466 20.4799
    endloop
  endfacet
  facet normal 1 0 0
    outer loop
      vertex 86 10.3169 26.11
      vertex 86 2.35466 20.4799
      vertex 86 1.83438 19.3798
    endloop
  endfacet
  facet normal 1 0 0
    outer loop
      vertex 86 11.5206 26.2886
      vertex 86 1.83438 19.3798
      vertex 86 1.20878 18.3361
    endloop
  endfacet
  facet normal 1 0 0
    outer loop
      vertex 86 12.701 26.5843
      vertex 86 1.20878 18.3361
      vertex 86 39.3043 0
    endloop
  endfacet
  facet normal 1 -0 0
    outer loop
      vertex 86 0.483888 17.3587
      vertex 86 39.3043 0
      vertex 86 1.20878 18.3361
    endloop
  endfacet
  facet normal 1 -0 0
    outer loop
      vertex 86 -0.333317 16.457
      vertex 86 39.3043 0
      vertex 86 0.483888 17.3587
    endloop
  endfacet
  facet normal 1 -0 0
    outer loop
      vertex 86 -1.23496 15.6398
      vertex 86 39.3043 0
      vertex 86 -0.333317 16.457
    endloop
  endfacet
  facet normal 1 -0 0
    outer loop
      vertex 86 -2.21237 14.9149
      vertex 86 39.3043 0
      vertex 86 -1.23496 15.6398
    endloop
  endfacet
  facet normal 1 -0 0
    outer loop
      vertex 86 -3.25612 14.2893
      vertex 86 39.3043 0
      vertex 86 -2.21237 14.9149
    endloop
  endfacet
  facet normal 1 -0 0
    outer loop
      vertex 86 -4.35617 13.7691
      vertex 86 39.3043 0
      vertex 86 -3.25612 14.2893
    endloop
  endfacet
  facet normal 1 0 0
    outer loop
      vertex 86 -17.719 4.13352
      vertex 86 -4.35617 13.7691
      vertex 86 -5.50191 13.3591
    endloop
  endfacet
  facet normal 1 0 0
    outer loop
      vertex 86 -16.9941 5.11093
      vertex 86 -5.50191 13.3591
      vertex 86 -6.68232 13.0634
    endloop
  endfacet
  facet normal 1 0 0
    outer loop
      vertex 86 -16.3685 6.15468
      vertex 86 -6.68232 13.0634
      vertex 86 -7.88603 12.8849
    endloop
  endfacet
  facet normal 1 0 0
    outer loop
      vertex 86 -15.8482 7.25472
      vertex 86 -7.88603 12.8849
      vertex 86 -9.10144 12.8252
    endloop
  endfacet
  facet normal 1 0 0
    outer loop
      vertex 86 -15.4383 8.40047
      vertex 86 -9.10144 12.8252
      vertex 86 -10.3169 12.8849
    endloop
  endfacet
  facet normal 1 0 0
    outer loop
      vertex 86 -15.1426 9.58088
      vertex 86 -10.3169 12.8849
      vertex 86 -11.5206 13.0634
    endloop
  endfacet
  facet normal 1 0 0
    outer loop
      vertex 86 -14.964 10.7846
      vertex 86 -11.5206 13.0634
      vertex 86 -12.701 13.3591
    endloop
  endfacet
  facet normal 1 0 0
    outer loop
      vertex 86 -14.9043 12
      vertex 86 -12.701 13.3591
      vertex 86 -13.8467 13.7691
    endloop
  endfacet
  facet normal 1 0 0
    outer loop
      vertex 86 -14.964 10.7846
      vertex 86 -12.701 13.3591
      vertex 86 -14.9043 12
    endloop
  endfacet
  facet normal 1 0 0
    outer loop
      vertex 86 -11.5206 13.0634
      vertex 86 -14.964 10.7846
      vertex 86 -15.1426 9.58088
    endloop
  endfacet
  facet normal 1 0 0
    outer loop
      vertex 86 -10.3169 12.8849
      vertex 86 -15.1426 9.58088
      vertex 86 -15.4383 8.40047
    endloop
  endfacet
  facet normal 1 0 0
    outer loop
      vertex 86 -9.10144 12.8252
      vertex 86 -15.4383 8.40047
      vertex 86 -15.8482 7.25472
    endloop
  endfacet
  facet normal 1 0 0
    outer loop
      vertex 86 -7.88603 12.8849
      vertex 86 -15.8482 7.25472
      vertex 86 -16.3685 6.15468
    endloop
  endfacet
  facet normal 1 0 0
    outer loop
      vertex 86 -6.68232 13.0634
      vertex 86 -16.3685 6.15468
      vertex 86 -16.9941 5.11093
    endloop
  endfacet
  facet normal 1 0 0
    outer loop
      vertex 86 -5.50191 13.3591
      vertex 86 -16.9941 5.11093
      vertex 86 -17.719 4.13352
    endloop
  endfacet
  facet normal 1 0 0
    outer loop
      vertex 86 -4.35617 13.7691
      vertex 86 -17.719 4.13352
      vertex 86 39.3043 0
    endloop
  endfacet
  facet normal 1 -0 0
    outer loop
      vertex 86 -18.5362 3.23188
      vertex 86 39.3043 0
      vertex 86 -17.719 4.13352
    endloop
  endfacet
  facet normal 1 -0 0
    outer loop
      vertex 86 -19.4378 2.41467
      vertex 86 39.3043 0
      vertex 86 -18.5362 3.23188
    endloop
  endfacet
  facet normal 1 -0 0
    outer loop
      vertex 86 -20.4153 1.68978
      vertex 86 39.3043 0
      vertex 86 -19.4378 2.41467
    endloop
  endfacet
  facet normal 1 -0 0
    outer loop
      vertex 86 -21.459 1.06418
      vertex 86 39.3043 0
      vertex 86 -20.4153 1.68978
    endloop
  endfacet
  facet normal 1 -0 0
    outer loop
      vertex 86 -22.559 0.543893
      vertex 86 39.3043 0
      vertex 86 -21.459 1.06418
    endloop
  endfacet
  facet normal 1 -0 0
    outer loop
      vertex 86 -23.7048 0.13394
      vertex 86 39.3043 0
      vertex 86 -22.559 0.543893
    endloop
  endfacet
  facet normal 1 0 0
    outer loop
      vertex 86 39.3043 0
      vertex 86 -23.7048 0.13394
      vertex 86 -24.2395 0
    endloop
  endfacet
  facet normal 1 0 0
    outer loop
      vertex 86 -33.1529 7.31001
      vertex 86 -33.1529 6.6484
      vertex 86 -33.1366 6.97921
    endloop
  endfacet
  facet normal 1 0 0
    outer loop
      vertex 86 -33.2015 7.63764
      vertex 86 -33.1529 6.6484
      vertex 86 -33.1529 7.31001
    endloop
  endfacet
  facet normal 1 0 0
    outer loop
      vertex 86 -33.2015 7.63764
      vertex 86 -33.2015 6.32078
      vertex 86 -33.1529 6.6484
    endloop
  endfacet
  facet normal 1 0 0
    outer loop
      vertex 86 -33.2819 7.95892
      vertex 86 -33.2015 6.32078
      vertex 86 -33.2015 7.63764
    endloop
  endfacet
  facet normal 1 0 0
    outer loop
      vertex 86 -33.2819 7.95892
      vertex 86 -33.2819 5.9995
      vertex 86 -33.2015 6.32078
    endloop
  endfacet
  facet normal 1 0 0
    outer loop
      vertex 86 -33.3935 8.27076
      vertex 86 -33.2819 5.9995
      vertex 86 -33.2819 7.95892
    endloop
  endfacet
  facet normal 1 0 0
    outer loop
      vertex 86 -33.3935 8.27076
      vertex 86 -33.3935 5.68765
      vertex 86 -33.2819 5.9995
    endloop
  endfacet
  facet normal 1 0 0
    outer loop
      vertex 86 -33.5351 8.57017
      vertex 86 -33.3935 5.68765
      vertex 86 -33.3935 8.27076
    endloop
  endfacet
  facet normal 1 0 0
    outer loop
      vertex 86 -33.5351 8.57017
      vertex 86 -33.5351 5.38824
      vertex 86 -33.3935 5.68765
    endloop
  endfacet
  facet normal 1 0 0
    outer loop
      vertex 86 -33.7054 8.85426
      vertex 86 -33.5351 5.38824
      vertex 86 -33.5351 8.57017
    endloop
  endfacet
  facet normal 1 0 0
    outer loop
      vertex 86 -33.7054 8.85426
      vertex 86 -33.7054 5.10416
      vertex 86 -33.5351 5.38824
    endloop
  endfacet
  facet normal 1 0 0
    outer loop
      vertex 86 -33.9027 9.12028
      vertex 86 -33.7054 5.10416
      vertex 86 -33.7054 8.85426
    endloop
  endfacet
  facet normal 1 0 0
    outer loop
      vertex 86 -33.9027 9.12028
      vertex 86 -33.9027 4.83813
      vertex 86 -33.7054 5.10416
    endloop
  endfacet
  facet normal 1 0 0
    outer loop
      vertex 86 -34.1251 9.36569
      vertex 86 -33.9027 4.83813
      vertex 86 -33.9027 9.12028
    endloop
  endfacet
  facet normal 1 0 0
    outer loop
      vertex 86 -34.1251 9.36569
      vertex 86 -34.1251 4.59272
      vertex 86 -33.9027 4.83813
    endloop
  endfacet
  facet normal 1 0 0
    outer loop
      vertex 86 -34.3705 9.58812
      vertex 86 -34.1251 4.59272
      vertex 86 -34.1251 9.36569
    endloop
  endfacet
  facet normal 1 0 0
    outer loop
      vertex 86 -34.3705 9.58812
      vertex 86 -34.3705 4.3703
      vertex 86 -34.1251 4.59272
    endloop
  endfacet
  facet normal 1 0 0
    outer loop
      vertex 86 -34.6366 9.78542
      vertex 86 -34.3705 4.3703
      vertex 86 -34.3705 9.58812
    endloop
  endfacet
  facet normal 1 0 0
    outer loop
      vertex 86 -34.6366 9.78542
      vertex 86 -34.6366 4.173
      vertex 86 -34.3705 4.3703
    endloop
  endfacet
  facet normal 1 0 0
    outer loop
      vertex 86 -34.9206 9.95569
      vertex 86 -34.6366 4.173
      vertex 86 -34.6366 9.78542
    endloop
  endfacet
  facet normal 1 0 0
    outer loop
      vertex 86 -34.9206 9.95569
      vertex 86 -34.9206 4.00272
      vertex 86 -34.6366 4.173
    endloop
  endfacet
  facet normal 1 0 0
    outer loop
      vertex 86 -35.2201 10.0973
      vertex 86 -34.9206 4.00272
      vertex 86 -34.9206 9.95569
    endloop
  endfacet
  facet normal 1 0 0
    outer loop
      vertex 86 -35.2201 10.0973
      vertex 86 -35.2201 3.86111
      vertex 86 -34.9206 4.00272
    endloop
  endfacet
  facet normal 1 0 0
    outer loop
      vertex 86 -35.5319 10.2089
      vertex 86 -35.2201 3.86111
      vertex 86 -35.2201 10.0973
    endloop
  endfacet
  facet normal 1 0 0
    outer loop
      vertex 86 -35.5319 10.2089
      vertex 86 -35.5319 3.74953
      vertex 86 -35.2201 3.86111
    endloop
  endfacet
  facet normal 1 0 0
    outer loop
      vertex 86 -35.8532 10.2894
      vertex 86 -35.5319 3.74953
      vertex 86 -35.5319 10.2089
    endloop
  endfacet
  facet normal 1 0 0
    outer loop
      vertex 86 -35.8532 10.2894
      vertex 86 -35.8532 3.66906
      vertex 86 -35.5319 3.74953
    endloop
  endfacet
  facet normal 1 0 0
    outer loop
      vertex 86 -36.1808 10.338
      vertex 86 -35.8532 3.66906
      vertex 86 -35.8532 10.2894
    endloop
  endfacet
  facet normal 1 0 0
    outer loop
      vertex 86 -36.4142 3.60899
      vertex 86 -35.8532 3.66906
      vertex 86 -36.1808 10.338
    endloop
  endfacet
  facet normal 1 0 0
    outer loop
      vertex 86 -35.8532 3.66906
      vertex 86 -36.4142 3.60899
      vertex 86 -36.1808 3.62046
    endloop
  endfacet
  facet normal 1 0 -0
    outer loop
      vertex 86 -36.4142 3.60899
      vertex 86 -36.1808 10.338
      vertex 86 -36.5116 10.3542
    endloop
  endfacet
  facet normal 1 -0 0
    outer loop
      vertex 86 -36.8424 10.338
      vertex 86 -36.4142 3.60899
      vertex 86 -36.5116 10.3542
    endloop
  endfacet
  facet normal 1 -0 0
    outer loop
      vertex 86 -37.17 10.2894
      vertex 86 -36.4142 3.60899
      vertex 86 -36.8424 10.338
    endloop
  endfacet
  facet normal 1 -0 0
    outer loop
      vertex 86 -37.4913 10.2089
      vertex 86 -36.4142 3.60899
      vertex 86 -37.17 10.2894
    endloop
  endfacet
  facet normal 1 -0 0
    outer loop
      vertex 86 -37.8032 10.0973
      vertex 86 -36.4142 3.60899
      vertex 86 -37.4913 10.2089
    endloop
  endfacet
  facet normal 1 -0 0
    outer loop
      vertex 86 -38.1026 9.95569
      vertex 86 -36.4142 3.60899
      vertex 86 -37.8032 10.0973
    endloop
  endfacet
  facet normal 1 -0 0
    outer loop
      vertex 86 -38.2171 4.07138
      vertex 86 -36.4142 3.60899
      vertex 86 -38.1026 9.95569
    endloop
  endfacet
  facet normal 1 0 0
    outer loop
      vertex 86 -39.3043 3.28149
      vertex 86 -36.4142 3.60899
      vertex 86 -38.2171 4.07138
    endloop
  endfacet
  facet normal 1 0 0
    outer loop
      vertex 86 -36.4142 3.60899
      vertex 86 -39.3043 3.28149
      vertex 86 -36.0724 3.23188
    endloop
  endfacet
  facet normal 1 0 0
    outer loop
      vertex 86 -39.3043 0
      vertex 86 -36.0724 3.23188
      vertex 86 -39.3043 3.28149
    endloop
  endfacet
  facet normal 1 0 0
    outer loop
      vertex 86 -35.1708 2.41467
      vertex 86 -39.3043 0
      vertex 86 -34.1934 1.68978
    endloop
  endfacet
  facet normal 1 0 0
    outer loop
      vertex 86 -36.0724 3.23188
      vertex 86 -39.3043 0
      vertex 86 -35.1708 2.41467
    endloop
  endfacet
  facet normal 1 0 0
    outer loop
      vertex 86 -34.1934 1.68978
      vertex 86 -39.3043 0
      vertex 86 -33.1496 1.06418
    endloop
  endfacet
  facet normal 1 0 0
    outer loop
      vertex 86 -30.9039 0.13394
      vertex 86 -39.3043 0
      vertex 86 -30.3691 0
    endloop
  endfacet
  facet normal 1 0 0
    outer loop
      vertex 86 -32.0496 0.543893
      vertex 86 -39.3043 0
      vertex 86 -30.9039 0.13394
    endloop
  endfacet
  facet normal 1 0 0
    outer loop
      vertex 86 -33.1496 1.06418
      vertex 86 -39.3043 0
      vertex 86 -32.0496 0.543893
    endloop
  endfacet
  facet normal 1 -0 0
    outer loop
      vertex 86 -38.3867 9.78542
      vertex 86 -38.2171 4.07138
      vertex 86 -38.1026 9.95569
    endloop
  endfacet
  facet normal 1 -0 0
    outer loop
      vertex 86 -38.6527 9.58812
      vertex 86 -38.2171 4.07138
      vertex 86 -38.3867 9.78542
    endloop
  endfacet
  facet normal 1 -0 0
    outer loop
      vertex 86 -38.6527 4.3703
      vertex 86 -38.2171 4.07138
      vertex 86 -38.6527 9.58812
    endloop
  endfacet
  facet normal 1 0 0
    outer loop
      vertex 86 -38.2171 4.07138
      vertex 86 -38.6527 4.3703
      vertex 86 -38.3867 4.173
    endloop
  endfacet
  facet normal 1 -0 0
    outer loop
      vertex 86 -38.8981 9.36569
      vertex 86 -38.6527 4.3703
      vertex 86 -38.6527 9.58812
    endloop
  endfacet
  facet normal 1 0 0
    outer loop
      vertex 86 -38.8981 9.36569
      vertex 86 -38.8981 4.59272
      vertex 86 -38.6527 4.3703
    endloop
  endfacet
  facet normal 1 -0 0
    outer loop
      vertex 86 -39.1205 9.12028
      vertex 86 -38.8981 4.59272
      vertex 86 -38.8981 9.36569
    endloop
  endfacet
  facet normal 1 0 0
    outer loop
      vertex 86 -39.1205 9.12028
      vertex 86 -39.1205 4.83813
      vertex 86 -38.8981 4.59272
    endloop
  endfacet
  facet normal 1 -0 0
    outer loop
      vertex 86 -39.3178 8.85426
      vertex 86 -39.1205 4.83813
      vertex 86 -39.1205 9.12028
    endloop
  endfacet
  facet normal 1 0 0
    outer loop
      vertex 86 -39.3178 8.85426
      vertex 86 -39.3178 5.10416
      vertex 86 -39.1205 4.83813
    endloop
  endfacet
  facet normal 1 -0 0
    outer loop
      vertex 86 -39.4881 8.57017
      vertex 86 -39.3178 5.10416
      vertex 86 -39.3178 8.85426
    endloop
  endfacet
  facet normal 1 0 0
    outer loop
      vertex 86 -39.4881 8.57017
      vertex 86 -39.4881 5.38824
      vertex 86 -39.3178 5.10416
    endloop
  endfacet
  facet normal 1 -0 0
    outer loop
      vertex 86 -39.6297 8.27076
      vertex 86 -39.4881 5.38824
      vertex 86 -39.4881 8.57017
    endloop
  endfacet
  facet normal 1 0 0
    outer loop
      vertex 86 -39.6297 8.27076
      vertex 86 -39.6297 5.68765
      vertex 86 -39.4881 5.38824
    endloop
  endfacet
  facet normal 1 -0 0
    outer loop
      vertex 86 -39.7413 7.95892
      vertex 86 -39.6297 5.68765
      vertex 86 -39.6297 8.27076
    endloop
  endfacet
  facet normal 1 0 0
    outer loop
      vertex 86 -39.7413 7.95892
      vertex 86 -39.7413 5.9995
      vertex 86 -39.6297 5.68765
    endloop
  endfacet
  facet normal 1 -0 0
    outer loop
      vertex 86 -39.8218 7.63764
      vertex 86 -39.7413 5.9995
      vertex 86 -39.7413 7.95892
    endloop
  endfacet
  facet normal 1 0 0
    outer loop
      vertex 86 -39.8218 7.63764
      vertex 86 -39.8218 6.32078
      vertex 86 -39.7413 5.9995
    endloop
  endfacet
  facet normal 1 -0 0
    outer loop
      vertex 86 -39.8704 7.31001
      vertex 86 -39.8218 6.32078
      vertex 86 -39.8218 7.63764
    endloop
  endfacet
  facet normal 1 0 0
    outer loop
      vertex 86 -39.8704 7.31001
      vertex 86 -39.8704 6.6484
      vertex 86 -39.8218 6.32078
    endloop
  endfacet
  facet normal 1 0 -0
    outer loop
      vertex 86 -39.8704 6.6484
      vertex 86 -39.8704 7.31001
      vertex 86 -39.8866 6.97921
    endloop
  endfacet
  facet normal 1 0 0
    outer loop
      vertex 86 39.3043 60.394
      vertex 86 39.1704 55.275
      vertex 86 39.3043 54.7403
    endloop
  endfacet
  facet normal 1 0 0
    outer loop
      vertex 86 39.3043 60.394
      vertex 86 38.7604 56.4208
      vertex 86 39.1704 55.275
    endloop
  endfacet
  facet normal 1 0 0
    outer loop
      vertex 86 39.3043 60.394
      vertex 86 38.2401 57.5208
      vertex 86 38.7604 56.4208
    endloop
  endfacet
  facet normal 1 0 0
    outer loop
      vertex 86 39.3043 60.394
      vertex 86 37.6145 58.5646
      vertex 86 38.2401 57.5208
    endloop
  endfacet
  facet normal 1 0 -0
    outer loop
      vertex 86 37.6145 58.5646
      vertex 86 39.3043 60.394
      vertex 86 37.3245 58.9556
    endloop
  endfacet
  facet normal 0 0 -1
    outer loop
      vertex 86 -39.3043 0
      vertex 57 -30.3691 0
      vertex 86 -30.3691 0
    endloop
  endfacet
  facet normal -0 0 -1
    outer loop
      vertex 57 -30.3691 0
      vertex -86 -39.3043 0
      vertex 57 -24.2395 0
    endloop
  endfacet
  facet normal 0 0 -1
    outer loop
      vertex -86 -39.3043 0
      vertex 57 -30.3691 0
      vertex 86 -39.3043 0
    endloop
  endfacet
  facet normal 0 0 -1
    outer loop
      vertex 57 -24.2395 0
      vertex 86 39.3043 0
      vertex 86 -24.2395 0
    endloop
  endfacet
  facet normal 0 0 -1
    outer loop
      vertex -86 39.3043 0
      vertex 57 -24.2395 0
      vertex -86 -39.3043 0
    endloop
  endfacet
  facet normal 0 0 -1
    outer loop
      vertex 57 -24.2395 0
      vertex -86 39.3043 0
      vertex 86 39.3043 0
    endloop
  endfacet
  facet normal -1 0 0
    outer loop
      vertex -86 37.6542 50.6561
      vertex -86 39.3043 60.394
      vertex -86 39.3043 0
    endloop
  endfacet
  facet normal -1 0 0
    outer loop
      vertex -86 39.3043 60.394
      vertex -86 37.6542 50.6561
      vertex -86 37.7043 51.6755
    endloop
  endfacet
  facet normal -1 0 0
    outer loop
      vertex -86 39.3043 0
      vertex -86 37.5045 49.6466
      vertex -86 37.6542 50.6561
    endloop
  endfacet
  facet normal -1 0 0
    outer loop
      vertex -86 39.3043 0
      vertex -86 37.2565 48.6565
      vertex -86 37.5045 49.6466
    endloop
  endfacet
  facet normal -1 0 0
    outer loop
      vertex -86 39.3043 0
      vertex -86 36.9127 47.6956
      vertex -86 37.2565 48.6565
    endloop
  endfacet
  facet normal -1 0 0
    outer loop
      vertex -86 39.3043 0
      vertex -86 36.4763 46.773
      vertex -86 36.9127 47.6956
    endloop
  endfacet
  facet normal -1 0 0
    outer loop
      vertex -86 39.3043 0
      vertex -86 35.9516 45.8976
      vertex -86 36.4763 46.773
    endloop
  endfacet
  facet normal -1 0 0
    outer loop
      vertex -86 39.3043 0
      vertex -86 35.3436 45.0778
      vertex -86 35.9516 45.8976
    endloop
  endfacet
  facet normal -1 0 0
    outer loop
      vertex -86 39.3043 0
      vertex -86 34.6582 44.3216
      vertex -86 35.3436 45.0778
    endloop
  endfacet
  facet normal -1 0 0
    outer loop
      vertex -86 39.3043 0
      vertex -86 33.902 43.6362
      vertex -86 34.6582 44.3216
    endloop
  endfacet
  facet normal -1 0 0
    outer loop
      vertex -86 39.3043 0
      vertex -86 33.0823 43.0282
      vertex -86 33.902 43.6362
    endloop
  endfacet
  facet normal -1 0 0
    outer loop
      vertex -86 39.3043 0
      vertex -86 32.2068 42.5035
      vertex -86 33.0823 43.0282
    endloop
  endfacet
  facet normal -1 0 0
    outer loop
      vertex -86 39.3043 0
      vertex -86 31.2842 42.0672
      vertex -86 32.2068 42.5035
    endloop
  endfacet
  facet normal -1 0 0
    outer loop
      vertex -86 39.3043 0
      vertex -86 30.3233 41.7233
      vertex -86 31.2842 42.0672
    endloop
  endfacet
  facet normal -1 0 0
    outer loop
      vertex -86 17.7487 32.6724
      vertex -86 30.3233 41.7233
      vertex -86 39.3043 0
    endloop
  endfacet
  facet normal -1 0 0
    outer loop
      vertex -86 30.3233 41.7233
      vertex -86 17.7487 32.6724
      vertex -86 29.3333 41.4753
    endloop
  endfacet
  facet normal -1 0 -0
    outer loop
      vertex -86 18.2734 33.5478
      vertex -86 29.3333 41.4753
      vertex -86 17.7487 32.6724
    endloop
  endfacet
  facet normal -1 0 0
    outer loop
      vertex -86 29.3333 41.4753
      vertex -86 18.2734 33.5478
      vertex -86 28.3237 41.3256
    endloop
  endfacet
  facet normal -1 0 0
    outer loop
      vertex -86 28.3237 41.3256
      vertex -86 18.7098 34.4704
      vertex -86 27.3043 41.2755
    endloop
  endfacet
  facet normal -1 0 -0
    outer loop
      vertex -86 19.0536 35.4314
      vertex -86 27.3043 41.2755
      vertex -86 18.7098 34.4704
    endloop
  endfacet
  facet normal -1 0 -0
    outer loop
      vertex -86 19.3016 36.4214
      vertex -86 26.2849 41.3256
      vertex -86 19.0536 35.4314
    endloop
  endfacet
  facet normal -1 -0 0
    outer loop
      vertex -86 26.2849 41.3256
      vertex -86 19.3016 36.4214
      vertex -86 25.2754 41.4753
    endloop
  endfacet
  facet normal -1 -0 0
    outer loop
      vertex -86 25.2754 41.4753
      vertex -86 19.4514 37.431
      vertex -86 24.2854 41.7233
    endloop
  endfacet
  facet normal -1 -0 0
    outer loop
      vertex -86 24.2854 41.7233
      vertex -86 19.5014 38.4503
      vertex -86 23.3244 42.0672
    endloop
  endfacet
  facet normal -1 -0 0
    outer loop
      vertex -86 23.3244 42.0672
      vertex -86 19.4514 39.4697
      vertex -86 22.4018 42.5035
    endloop
  endfacet
  facet normal -1 0 0
    outer loop
      vertex -86 20.2464 44.0533
      vertex -86 19.9721 49.4609
      vertex -86 20.2381 49.2636
    endloop
  endfacet
  facet normal -1 0 0
    outer loop
      vertex -86 20.2464 44.0533
      vertex -86 19.688 49.6312
      vertex -86 19.9721 49.4609
    endloop
  endfacet
  facet normal -1 0 0
    outer loop
      vertex -86 19.0536 41.4693
      vertex -86 21.5264 43.0282
      vertex -86 19.3016 40.4793
    endloop
  endfacet
  facet normal -1 -0 0
    outer loop
      vertex -86 22.4018 42.5035
      vertex -86 19.3016 40.4793
      vertex -86 21.5264 43.0282
    endloop
  endfacet
  facet normal -1 0 0
    outer loop
      vertex -86 19.3016 40.4793
      vertex -86 22.4018 42.5035
      vertex -86 19.4514 39.4697
    endloop
  endfacet
  facet normal -1 0 0
    outer loop
      vertex -86 19.4514 39.4697
      vertex -86 23.3244 42.0672
      vertex -86 19.5014 38.4503
    endloop
  endfacet
  facet normal -1 0 -0
    outer loop
      vertex -86 19.5014 38.4503
      vertex -86 24.2854 41.7233
      vertex -86 19.4514 37.431
    endloop
  endfacet
  facet normal -1 0 -0
    outer loop
      vertex -86 19.4514 37.431
      vertex -86 25.2754 41.4753
      vertex -86 19.3016 36.4214
    endloop
  endfacet
  facet normal -1 -0 0
    outer loop
      vertex -86 27.3043 41.2755
      vertex -86 19.0536 35.4314
      vertex -86 26.2849 41.3256
    endloop
  endfacet
  facet normal -1 0 -0
    outer loop
      vertex -86 18.7098 34.4704
      vertex -86 28.3237 41.3256
      vertex -86 18.2734 33.5478
    endloop
  endfacet
  facet normal -1 0 0
    outer loop
      vertex -86 39.3043 0
      vertex -86 17.1407 31.8526
      vertex -86 17.7487 32.6724
    endloop
  endfacet
  facet normal -1 0 0
    outer loop
      vertex -86 39.3043 0
      vertex -86 16.4554 31.0964
      vertex -86 17.1407 31.8526
    endloop
  endfacet
  facet normal -1 0 0
    outer loop
      vertex -86 39.3043 0
      vertex -86 15.6991 30.411
      vertex -86 16.4554 31.0964
    endloop
  endfacet
  facet normal -1 0 0
    outer loop
      vertex -86 39.3043 0
      vertex -86 14.8794 29.8031
      vertex -86 15.6991 30.411
    endloop
  endfacet
  facet normal -1 0 0
    outer loop
      vertex -86 39.3043 0
      vertex -86 14.004 29.2784
      vertex -86 14.8794 29.8031
    endloop
  endfacet
  facet normal -1 0 0
    outer loop
      vertex -86 39.3043 0
      vertex -86 13.0813 28.842
      vertex -86 14.004 29.2784
    endloop
  endfacet
  facet normal -1 0 0
    outer loop
      vertex -86 39.3043 0
      vertex -86 12.1204 28.4982
      vertex -86 13.0813 28.842
    endloop
  endfacet
  facet normal -1 0 0
    outer loop
      vertex -86 -0.454157 19.4472
      vertex -86 12.1204 28.4982
      vertex -86 39.3043 0
    endloop
  endfacet
  facet normal -1 0 0
    outer loop
      vertex -86 12.1204 28.4982
      vertex -86 -0.454157 19.4472
      vertex -86 11.1304 28.2502
    endloop
  endfacet
  facet normal -1 0 -0
    outer loop
      vertex -86 0.0705395 20.3226
      vertex -86 11.1304 28.2502
      vertex -86 -0.454157 19.4472
    endloop
  endfacet
  facet normal -1 0 0
    outer loop
      vertex -86 11.1304 28.2502
      vertex -86 0.0705395 20.3226
      vertex -86 10.1208 28.1004
    endloop
  endfacet
  facet normal -1 0 0
    outer loop
      vertex -86 10.1208 28.1004
      vertex -86 0.506906 21.2453
      vertex -86 9.10144 28.0503
    endloop
  endfacet
  facet normal -1 0 -0
    outer loop
      vertex -86 0.850738 22.2062
      vertex -86 9.10144 28.0503
      vertex -86 0.506906 21.2453
    endloop
  endfacet
  facet normal -1 0 -0
    outer loop
      vertex -86 1.09873 23.1962
      vertex -86 8.08206 28.1004
      vertex -86 0.850738 22.2062
    endloop
  endfacet
  facet normal -1 -0 0
    outer loop
      vertex -86 8.08206 28.1004
      vertex -86 1.09873 23.1962
      vertex -86 7.0725 28.2502
    endloop
  endfacet
  facet normal -1 -0 0
    outer loop
      vertex -86 7.0725 28.2502
      vertex -86 1.24848 24.2058
      vertex -86 6.08248 28.4982
    endloop
  endfacet
  facet normal -1 -0 0
    outer loop
      vertex -86 6.08248 28.4982
      vertex -86 1.29856 25.2252
      vertex -86 5.12153 28.842
    endloop
  endfacet
  facet normal -1 0 0
    outer loop
      vertex -86 2.04353 30.8281
      vertex -86 1.7692 36.2358
      vertex -86 2.03523 36.0385
    endloop
  endfacet
  facet normal -1 0 0
    outer loop
      vertex -86 2.04353 30.8281
      vertex -86 1.48512 36.406
      vertex -86 1.7692 36.2358
    endloop
  endfacet
  facet normal -1 0 0
    outer loop
      vertex -86 0.850738 28.2441
      vertex -86 3.32351 29.8031
      vertex -86 1.09873 27.2541
    endloop
  endfacet
  facet normal -1 -0 0
    outer loop
      vertex -86 4.19891 29.2784
      vertex -86 1.09873 27.2541
      vertex -86 3.32351 29.8031
    endloop
  endfacet
  facet normal -1 -0 0
    outer loop
      vertex -86 5.12153 28.842
      vertex -86 1.24848 26.2445
      vertex -86 4.19891 29.2784
    endloop
  endfacet
  facet normal -1 0 0
    outer loop
      vertex -86 1.09873 27.2541
      vertex -86 4.19891 29.2784
      vertex -86 1.24848 26.2445
    endloop
  endfacet
  facet normal -1 0 0
    outer loop
      vertex -86 1.24848 26.2445
      vertex -86 5.12153 28.842
      vertex -86 1.29856 25.2252
    endloop
  endfacet
  facet normal -1 0 -0
    outer loop
      vertex -86 1.29856 25.2252
      vertex -86 6.08248 28.4982
      vertex -86 1.24848 24.2058
    endloop
  endfacet
  facet normal -1 0 -0
    outer loop
      vertex -86 1.24848 24.2058
      vertex -86 7.0725 28.2502
      vertex -86 1.09873 23.1962
    endloop
  endfacet
  facet normal -1 -0 0
    outer loop
      vertex -86 9.10144 28.0503
      vertex -86 0.850738 22.2062
      vertex -86 8.08206 28.1004
    endloop
  endfacet
  facet normal -1 0 -0
    outer loop
      vertex -86 0.506906 21.2453
      vertex -86 10.1208 28.1004
      vertex -86 0.0705395 20.3226
    endloop
  endfacet
  facet normal -1 0 0
    outer loop
      vertex -86 39.3043 0
      vertex -86 -1.06213 18.6275
      vertex -86 -0.454157 19.4472
    endloop
  endfacet
  facet normal -1 0 0
    outer loop
      vertex -86 39.3043 0
      vertex -86 -1.74753 17.8713
      vertex -86 -1.06213 18.6275
    endloop
  endfacet
  facet normal -1 0 0
    outer loop
      vertex -86 39.3043 0
      vertex -86 -2.50375 17.1859
      vertex -86 -1.74753 17.8713
    endloop
  endfacet
  facet normal -1 0 0
    outer loop
      vertex -86 39.3043 0
      vertex -86 -3.32351 16.5779
      vertex -86 -2.50375 17.1859
    endloop
  endfacet
  facet normal -1 0 0
    outer loop
      vertex -86 39.3043 0
      vertex -86 -4.19891 16.0532
      vertex -86 -3.32351 16.5779
    endloop
  endfacet
  facet normal -1 0 0
    outer loop
      vertex -86 39.3043 0
      vertex -86 -5.12153 15.6168
      vertex -86 -4.19891 16.0532
    endloop
  endfacet
  facet normal -1 0 0
    outer loop
      vertex -86 -19.265 5.40231
      vertex -86 -5.12153 15.6168
      vertex -86 39.3043 0
    endloop
  endfacet
  facet normal -1 0 0
    outer loop
      vertex -86 -5.12153 15.6168
      vertex -86 -19.265 5.40231
      vertex -86 -6.08248 15.273
    endloop
  endfacet
  facet normal -1 0 -0
    outer loop
      vertex -86 -18.657 6.22207
      vertex -86 -6.08248 15.273
      vertex -86 -19.265 5.40231
    endloop
  endfacet
  facet normal -1 0 0
    outer loop
      vertex -86 -6.08248 15.273
      vertex -86 -18.657 6.22207
      vertex -86 -7.0725 15.025
    endloop
  endfacet
  facet normal -1 0 0
    outer loop
      vertex -86 -7.0725 15.025
      vertex -86 -18.1323 7.09747
      vertex -86 -8.08206 14.8752
    endloop
  endfacet
  facet normal -1 0 -0
    outer loop
      vertex -86 -17.696 8.02009
      vertex -86 -8.08206 14.8752
      vertex -86 -18.1323 7.09747
    endloop
  endfacet
  facet normal -1 0 -0
    outer loop
      vertex -86 -17.3521 8.98104
      vertex -86 -9.10144 14.8252
      vertex -86 -17.696 8.02009
    endloop
  endfacet
  facet normal -1 0 0
    outer loop
      vertex -86 -16.1594 17.603
      vertex -86 -16.4337 23.0106
      vertex -86 -16.1677 22.8133
    endloop
  endfacet
  facet normal -1 0 0
    outer loop
      vertex -86 -16.1594 17.603
      vertex -86 -16.7178 23.1809
      vertex -86 -16.4337 23.0106
    endloop
  endfacet
  facet normal -1 0 0
    outer loop
      vertex -86 -17.3521 15.019
      vertex -86 -14.8794 16.5779
      vertex -86 -17.1042 14.0289
    endloop
  endfacet
  facet normal -1 -0 0
    outer loop
      vertex -86 -14.004 16.0532
      vertex -86 -17.1042 14.0289
      vertex -86 -14.8794 16.5779
    endloop
  endfacet
  facet normal -1 0 0
    outer loop
      vertex -86 -17.1042 14.0289
      vertex -86 -14.004 16.0532
      vertex -86 -16.9544 13.0194
    endloop
  endfacet
  facet normal -1 -0 0
    outer loop
      vertex -86 -13.0813 15.6168
      vertex -86 -16.9544 13.0194
      vertex -86 -14.004 16.0532
    endloop
  endfacet
  facet normal -1 0 0
    outer loop
      vertex -86 -16.9544 13.0194
      vertex -86 -13.0813 15.6168
      vertex -86 -16.9043 12
    endloop
  endfacet
  facet normal -1 -0 0
    outer loop
      vertex -86 -12.1204 15.273
      vertex -86 -16.9043 12
      vertex -86 -13.0813 15.6168
    endloop
  endfacet
  facet normal -1 -0 0
    outer loop
      vertex -86 -9.10144 14.8252
      vertex -86 -17.3521 8.98104
      vertex -86 -10.1208 14.8752
    endloop
  endfacet
  facet normal -1 0 0
    outer loop
      vertex -86 -12.1204 15.273
      vertex -86 -16.9544 10.9806
      vertex -86 -16.9043 12
    endloop
  endfacet
  facet normal -1 -0 0
    outer loop
      vertex -86 -11.1304 15.025
      vertex -86 -16.9544 10.9806
      vertex -86 -12.1204 15.273
    endloop
  endfacet
  facet normal -1 0 -0
    outer loop
      vertex -86 -16.9544 10.9806
      vertex -86 -11.1304 15.025
      vertex -86 -17.1042 9.97106
    endloop
  endfacet
  facet normal -1 -0 0
    outer loop
      vertex -86 -10.1208 14.8752
      vertex -86 -17.1042 9.97106
      vertex -86 -11.1304 15.025
    endloop
  endfacet
  facet normal -1 0 -0
    outer loop
      vertex -86 -17.1042 9.97106
      vertex -86 -10.1208 14.8752
      vertex -86 -17.3521 8.98104
    endloop
  endfacet
  facet normal -1 0 0
    outer loop
      vertex -86 -8.08206 14.8752
      vertex -86 -17.696 8.02009
      vertex -86 -9.10144 14.8252
    endloop
  endfacet
  facet normal -1 0 -0
    outer loop
      vertex -86 -18.1323 7.09747
      vertex -86 -7.0725 15.025
      vertex -86 -18.657 6.22207
    endloop
  endfacet
  facet normal -1 0 0
    outer loop
      vertex -86 39.3043 0
      vertex -86 -19.9504 4.64609
      vertex -86 -19.265 5.40231
    endloop
  endfacet
  facet normal -1 0 0
    outer loop
      vertex -86 39.3043 0
      vertex -86 -20.7066 3.96069
      vertex -86 -19.9504 4.64609
    endloop
  endfacet
  facet normal -1 0 0
    outer loop
      vertex -86 39.3043 0
      vertex -86 -21.5264 3.35272
      vertex -86 -20.7066 3.96069
    endloop
  endfacet
  facet normal -1 0 0
    outer loop
      vertex -86 39.3043 0
      vertex -86 -22.4018 2.82802
      vertex -86 -21.5264 3.35272
    endloop
  endfacet
  facet normal -1 0 0
    outer loop
      vertex -86 39.3043 0
      vertex -86 -23.3244 2.39165
      vertex -86 -22.4018 2.82802
    endloop
  endfacet
  facet normal -1 0 0
    outer loop
      vertex -86 39.3043 0
      vertex -86 -24.2854 2.04782
      vertex -86 -23.3244 2.39165
    endloop
  endfacet
  facet normal -1 0 0
    outer loop
      vertex -86 39.3043 0
      vertex -86 -25.2754 1.79983
      vertex -86 -24.2854 2.04782
    endloop
  endfacet
  facet normal -1 0 0
    outer loop
      vertex -86 39.3043 0
      vertex -86 -26.2849 1.65008
      vertex -86 -25.2754 1.79983
    endloop
  endfacet
  facet normal -1 0 0
    outer loop
      vertex -86 -39.3043 0
      vertex -86 -26.2849 1.65008
      vertex -86 39.3043 0
    endloop
  endfacet
  facet normal -1 0 0
    outer loop
      vertex -86 -34.3622 4.37781
      vertex -86 -34.6366 9.78542
      vertex -86 -34.3705 9.58812
    endloop
  endfacet
  facet normal -1 0 0
    outer loop
      vertex -86 -34.3622 4.37781
      vertex -86 -34.9206 9.95569
      vertex -86 -34.6366 9.78542
    endloop
  endfacet
  facet normal -1 0 0
    outer loop
      vertex -86 -34.3622 4.37781
      vertex -86 -35.2201 10.0973
      vertex -86 -34.9206 9.95569
    endloop
  endfacet
  facet normal -1 0 0
    outer loop
      vertex -86 -34.3622 4.37781
      vertex -86 -35.5319 10.2089
      vertex -86 -35.2201 10.0973
    endloop
  endfacet
  facet normal -1 0 0
    outer loop
      vertex -86 -34.3622 4.37781
      vertex -86 -35.8532 10.2894
      vertex -86 -35.5319 10.2089
    endloop
  endfacet
  facet normal -1 0 0
    outer loop
      vertex -86 -34.3622 4.37781
      vertex -86 -36.1808 10.338
      vertex -86 -35.8532 10.2894
    endloop
  endfacet
  facet normal -1 0 0
    outer loop
      vertex -86 -34.3622 4.37781
      vertex -86 -36.5116 10.3542
      vertex -86 -36.1808 10.338
    endloop
  endfacet
  facet normal -1 0 0
    outer loop
      vertex -86 -34.3622 4.37781
      vertex -86 -36.8424 10.338
      vertex -86 -36.5116 10.3542
    endloop
  endfacet
  facet normal -1 0 0
    outer loop
      vertex -86 -34.3622 4.37781
      vertex -86 -37.17 10.2894
      vertex -86 -36.8424 10.338
    endloop
  endfacet
  facet normal -1 0 0
    outer loop
      vertex -86 -34.3622 4.37781
      vertex -86 -37.4913 10.2089
      vertex -86 -37.17 10.2894
    endloop
  endfacet
  facet normal -1 0 0
    outer loop
      vertex -86 -34.3622 4.37781
      vertex -86 -37.8032 10.0973
      vertex -86 -37.4913 10.2089
    endloop
  endfacet
  facet normal -1 0 0
    outer loop
      vertex -86 -34.3622 4.37781
      vertex -86 -38.1026 9.95569
      vertex -86 -37.8032 10.0973
    endloop
  endfacet
  facet normal -1 -0 0
    outer loop
      vertex -86 -34.3622 4.37781
      vertex -86 -38.2171 4.07138
      vertex -86 -38.1026 9.95569
    endloop
  endfacet
  facet normal -1 0 0
    outer loop
      vertex -86 -33.902 3.96069
      vertex -86 -38.2171 4.07138
      vertex -86 -34.3622 4.37781
    endloop
  endfacet
  facet normal -1 0 0
    outer loop
      vertex -86 -39.3043 0
      vertex -86 -33.902 3.96069
      vertex -86 -33.0823 3.35272
    endloop
  endfacet
  facet normal -1 0 0
    outer loop
      vertex -86 -39.3043 0
      vertex -86 -33.0823 3.35272
      vertex -86 -32.2068 2.82802
    endloop
  endfacet
  facet normal -1 0 0
    outer loop
      vertex -86 -39.3043 0
      vertex -86 -32.2068 2.82802
      vertex -86 -31.2842 2.39165
    endloop
  endfacet
  facet normal -1 0 0
    outer loop
      vertex -86 -39.3043 0
      vertex -86 -31.2842 2.39165
      vertex -86 -30.3233 2.04782
    endloop
  endfacet
  facet normal -1 0 0
    outer loop
      vertex -86 -26.2849 1.65008
      vertex -86 -39.3043 0
      vertex -86 -27.3043 1.6
    endloop
  endfacet
  facet normal -1 0 0
    outer loop
      vertex -86 -39.3043 0
      vertex -86 -28.3237 1.65008
      vertex -86 -27.3043 1.6
    endloop
  endfacet
  facet normal -1 0 0
    outer loop
      vertex -86 -39.3043 0
      vertex -86 -29.3333 1.79983
      vertex -86 -28.3237 1.65008
    endloop
  endfacet
  facet normal -1 0 0
    outer loop
      vertex -86 -39.3043 0
      vertex -86 -30.3233 2.04782
      vertex -86 -29.3333 1.79983
    endloop
  endfacet
  facet normal -1 -0 0
    outer loop
      vertex -86 -33.902 3.96069
      vertex -86 -39.3043 0
      vertex -86 -38.2171 4.07138
    endloop
  endfacet
  facet normal -1 0 0
    outer loop
      vertex -86 -38.2171 4.07138
      vertex -86 -39.3043 0
      vertex -86 -39.3043 3.28149
    endloop
  endfacet
  facet normal -1 0 0
    outer loop
      vertex -86 37.6542 52.6949
      vertex -86 39.3043 60.394
      vertex -86 37.7043 51.6755
    endloop
  endfacet
  facet normal -1 0 0
    outer loop
      vertex -86 37.5045 53.7044
      vertex -86 39.3043 60.394
      vertex -86 37.6542 52.6949
    endloop
  endfacet
  facet normal -1 0 0
    outer loop
      vertex -86 37.2565 54.6945
      vertex -86 39.3043 60.394
      vertex -86 37.5045 53.7044
    endloop
  endfacet
  facet normal -1 0 0
    outer loop
      vertex -86 36.9127 55.6554
      vertex -86 39.3043 60.394
      vertex -86 37.2565 54.6945
    endloop
  endfacet
  facet normal -1 0 0
    outer loop
      vertex -86 36.4763 56.578
      vertex -86 39.3043 60.394
      vertex -86 36.9127 55.6554
    endloop
  endfacet
  facet normal -1 0 0
    outer loop
      vertex -86 35.9516 57.4534
      vertex -86 39.3043 60.394
      vertex -86 36.4763 56.578
    endloop
  endfacet
  facet normal -1 0 0
    outer loop
      vertex -86 39.3043 60.394
      vertex -86 35.9516 57.4534
      vertex -86 35.7084 57.7814
    endloop
  endfacet
  facet normal -1 0 0
    outer loop
      vertex -86 21.4558 46.3239
      vertex -86 21.4558 46.9855
      vertex -86 21.472 46.6547
    endloop
  endfacet
  facet normal -1 0 0
    outer loop
      vertex -86 21.4072 45.9963
      vertex -86 21.4558 46.9855
      vertex -86 21.4558 46.3239
    endloop
  endfacet
  facet normal -1 0 0
    outer loop
      vertex -86 21.4072 45.9963
      vertex -86 21.4072 47.3131
      vertex -86 21.4558 46.9855
    endloop
  endfacet
  facet normal -1 0 0
    outer loop
      vertex -86 21.3267 45.675
      vertex -86 21.4072 47.3131
      vertex -86 21.4072 45.9963
    endloop
  endfacet
  facet normal -1 0 0
    outer loop
      vertex -86 21.3267 45.675
      vertex -86 21.3267 47.6344
      vertex -86 21.4072 47.3131
    endloop
  endfacet
  facet normal -1 0 0
    outer loop
      vertex -86 21.2151 45.3632
      vertex -86 21.3267 47.6344
      vertex -86 21.3267 45.675
    endloop
  endfacet
  facet normal -1 0 0
    outer loop
      vertex -86 21.2151 45.3632
      vertex -86 21.2151 47.9463
      vertex -86 21.3267 47.6344
    endloop
  endfacet
  facet normal -1 0 0
    outer loop
      vertex -86 21.0735 45.0637
      vertex -86 21.2151 47.9463
      vertex -86 21.2151 45.3632
    endloop
  endfacet
  facet normal -1 0 0
    outer loop
      vertex -86 21.0735 45.0637
      vertex -86 21.0735 48.2457
      vertex -86 21.2151 47.9463
    endloop
  endfacet
  facet normal -1 0 0
    outer loop
      vertex -86 20.9032 44.7797
      vertex -86 21.0735 48.2457
      vertex -86 21.0735 45.0637
    endloop
  endfacet
  facet normal -1 0 0
    outer loop
      vertex -86 20.9032 44.7797
      vertex -86 20.9032 48.5298
      vertex -86 21.0735 48.2457
    endloop
  endfacet
  facet normal -1 0 0
    outer loop
      vertex -86 20.7059 44.5136
      vertex -86 20.9032 48.5298
      vertex -86 20.9032 44.7797
    endloop
  endfacet
  facet normal -1 0 0
    outer loop
      vertex -86 20.7059 44.5136
      vertex -86 20.7059 48.7958
      vertex -86 20.9032 48.5298
    endloop
  endfacet
  facet normal -1 0 0
    outer loop
      vertex -86 20.4835 44.2682
      vertex -86 20.7059 48.7958
      vertex -86 20.7059 44.5136
    endloop
  endfacet
  facet normal -1 0 0
    outer loop
      vertex -86 20.4835 44.2682
      vertex -86 20.4835 49.0412
      vertex -86 20.7059 48.7958
    endloop
  endfacet
  facet normal -1 0 0
    outer loop
      vertex -86 20.2464 44.0533
      vertex -86 20.4835 49.0412
      vertex -86 20.4835 44.2682
    endloop
  endfacet
  facet normal -1 -0 0
    outer loop
      vertex -86 20.4835 49.0412
      vertex -86 20.2464 44.0533
      vertex -86 20.2381 49.2636
    endloop
  endfacet
  facet normal -1 -0 0
    outer loop
      vertex -86 21.5264 43.0282
      vertex -86 19.0536 41.4693
      vertex -86 20.7066 43.6362
    endloop
  endfacet
  facet normal -1 0 0
    outer loop
      vertex -86 18.7098 42.4302
      vertex -86 20.7066 43.6362
      vertex -86 19.0536 41.4693
    endloop
  endfacet
  facet normal -1 -0 0
    outer loop
      vertex -86 20.7066 43.6362
      vertex -86 18.7098 42.4302
      vertex -86 20.2464 44.0533
    endloop
  endfacet
  facet normal -1 0 0
    outer loop
      vertex -86 18.3032 43.2898
      vertex -86 20.2464 44.0533
      vertex -86 18.7098 42.4302
    endloop
  endfacet
  facet normal -1 -0 0
    outer loop
      vertex -86 20.2464 44.0533
      vertex -86 18.3032 43.2898
      vertex -86 19.688 49.6312
    endloop
  endfacet
  facet normal -1 -0 0
    outer loop
      vertex -86 19.688 49.6312
      vertex -86 18.3032 43.2898
      vertex -86 19.3886 49.7728
    endloop
  endfacet
  facet normal -1 -0 0
    outer loop
      vertex -86 19.3886 49.7728
      vertex -86 18.3032 43.2898
      vertex -86 19.0767 49.8844
    endloop
  endfacet
  facet normal -1 -0 0
    outer loop
      vertex -86 19.0767 49.8844
      vertex -86 18.3032 43.2898
      vertex -86 18.7555 49.9649
    endloop
  endfacet
  facet normal -1 -0 0
    outer loop
      vertex -86 18.7555 49.9649
      vertex -86 18.3032 43.2898
      vertex -86 18.4278 50.0135
    endloop
  endfacet
  facet normal -1 0 0
    outer loop
      vertex -86 17.7662 43.296
      vertex -86 18.3032 43.2898
      vertex -86 18.097 43.2797
    endloop
  endfacet
  facet normal -1 0 0
    outer loop
      vertex -86 18.3032 43.2898
      vertex -86 18.097 50.0297
      vertex -86 18.4278 50.0135
    endloop
  endfacet
  facet normal -1 0 0
    outer loop
      vertex -86 18.3032 43.2898
      vertex -86 17.7662 43.296
      vertex -86 18.097 50.0297
    endloop
  endfacet
  facet normal -1 0 0
    outer loop
      vertex -86 17.7662 43.296
      vertex -86 17.7662 50.0135
      vertex -86 18.097 50.0297
    endloop
  endfacet
  facet normal -1 0 0
    outer loop
      vertex -86 17.4386 43.3446
      vertex -86 17.7662 50.0135
      vertex -86 17.7662 43.296
    endloop
  endfacet
  facet normal -1 0 0
    outer loop
      vertex -86 17.4386 43.3446
      vertex -86 17.4386 49.9649
      vertex -86 17.7662 50.0135
    endloop
  endfacet
  facet normal -1 0 0
    outer loop
      vertex -86 17.1173 43.425
      vertex -86 17.4386 49.9649
      vertex -86 17.4386 43.3446
    endloop
  endfacet
  facet normal -1 0 0
    outer loop
      vertex -86 17.1173 43.425
      vertex -86 17.1173 49.8844
      vertex -86 17.4386 49.9649
    endloop
  endfacet
  facet normal -1 0 0
    outer loop
      vertex -86 16.8055 43.5366
      vertex -86 17.1173 49.8844
      vertex -86 17.1173 43.425
    endloop
  endfacet
  facet normal -1 0 0
    outer loop
      vertex -86 16.8055 43.5366
      vertex -86 16.8055 49.7728
      vertex -86 17.1173 49.8844
    endloop
  endfacet
  facet normal -1 0 0
    outer loop
      vertex -86 16.5061 43.6782
      vertex -86 16.8055 49.7728
      vertex -86 16.8055 43.5366
    endloop
  endfacet
  facet normal -1 0 0
    outer loop
      vertex -86 16.5061 43.6782
      vertex -86 16.5061 49.6312
      vertex -86 16.8055 49.7728
    endloop
  endfacet
  facet normal -1 0 0
    outer loop
      vertex -86 16.222 43.8485
      vertex -86 16.5061 49.6312
      vertex -86 16.5061 43.6782
    endloop
  endfacet
  facet normal -1 0 0
    outer loop
      vertex -86 16.222 43.8485
      vertex -86 16.222 49.4609
      vertex -86 16.5061 49.6312
    endloop
  endfacet
  facet normal -1 0 0
    outer loop
      vertex -86 15.956 44.0458
      vertex -86 16.222 49.4609
      vertex -86 16.222 43.8485
    endloop
  endfacet
  facet normal -1 0 0
    outer loop
      vertex -86 15.956 44.0458
      vertex -86 15.956 49.2636
      vertex -86 16.222 49.4609
    endloop
  endfacet
  facet normal -1 0 0
    outer loop
      vertex -86 15.7106 44.2682
      vertex -86 15.956 49.2636
      vertex -86 15.956 44.0458
    endloop
  endfacet
  facet normal -1 0 0
    outer loop
      vertex -86 15.7106 44.2682
      vertex -86 15.7106 49.0412
      vertex -86 15.956 49.2636
    endloop
  endfacet
  facet normal -1 0 0
    outer loop
      vertex -86 15.4881 44.5136
      vertex -86 15.7106 49.0412
      vertex -86 15.7106 44.2682
    endloop
  endfacet
  facet normal -1 0 0
    outer loop
      vertex -86 15.4881 44.5136
      vertex -86 15.4881 48.7958
      vertex -86 15.7106 49.0412
    endloop
  endfacet
  facet normal -1 0 0
    outer loop
      vertex -86 15.2908 44.7797
      vertex -86 15.4881 48.7958
      vertex -86 15.4881 44.5136
    endloop
  endfacet
  facet normal -1 0 0
    outer loop
      vertex -86 15.2908 44.7797
      vertex -86 15.2908 48.5298
      vertex -86 15.4881 48.7958
    endloop
  endfacet
  facet normal -1 0 0
    outer loop
      vertex -86 15.1206 45.0637
      vertex -86 15.2908 48.5298
      vertex -86 15.2908 44.7797
    endloop
  endfacet
  facet normal -1 0 0
    outer loop
      vertex -86 15.1206 45.0637
      vertex -86 15.1206 48.2457
      vertex -86 15.2908 48.5298
    endloop
  endfacet
  facet normal -1 0 0
    outer loop
      vertex -86 14.9789 45.3632
      vertex -86 15.1206 48.2457
      vertex -86 15.1206 45.0637
    endloop
  endfacet
  facet normal -1 0 0
    outer loop
      vertex -86 14.9789 45.3632
      vertex -86 14.9789 47.9463
      vertex -86 15.1206 48.2457
    endloop
  endfacet
  facet normal -1 0 0
    outer loop
      vertex -86 14.8674 45.675
      vertex -86 14.9789 47.9463
      vertex -86 14.9789 45.3632
    endloop
  endfacet
  facet normal -1 0 0
    outer loop
      vertex -86 14.8674 45.675
      vertex -86 14.8674 47.6344
      vertex -86 14.9789 47.9463
    endloop
  endfacet
  facet normal -1 0 0
    outer loop
      vertex -86 14.7869 45.9963
      vertex -86 14.8674 47.6344
      vertex -86 14.8674 45.675
    endloop
  endfacet
  facet normal -1 0 0
    outer loop
      vertex -86 14.7869 45.9963
      vertex -86 14.7869 47.3131
      vertex -86 14.8674 47.6344
    endloop
  endfacet
  facet normal -1 0 0
    outer loop
      vertex -86 14.7383 46.3239
      vertex -86 14.7869 47.3131
      vertex -86 14.7869 45.9963
    endloop
  endfacet
  facet normal -1 0 0
    outer loop
      vertex -86 14.7383 46.3239
      vertex -86 14.7383 46.9855
      vertex -86 14.7869 47.3131
    endloop
  endfacet
  facet normal -1 0 -0
    outer loop
      vertex -86 14.7383 46.9855
      vertex -86 14.7383 46.3239
      vertex -86 14.722 46.6547
    endloop
  endfacet
  facet normal -1 0 0
    outer loop
      vertex -86 3.2529 33.0987
      vertex -86 3.2529 33.7603
      vertex -86 3.26915 33.4295
    endloop
  endfacet
  facet normal -1 0 0
    outer loop
      vertex -86 3.2043 32.7711
      vertex -86 3.2529 33.7603
      vertex -86 3.2529 33.0987
    endloop
  endfacet
  facet normal -1 0 0
    outer loop
      vertex -86 3.2043 32.7711
      vertex -86 3.2043 34.088
      vertex -86 3.2529 33.7603
    endloop
  endfacet
  facet normal -1 0 0
    outer loop
      vertex -86 3.12383 32.4498
      vertex -86 3.2043 34.088
      vertex -86 3.2043 32.7711
    endloop
  endfacet
  facet normal -1 0 0
    outer loop
      vertex -86 3.12383 32.4498
      vertex -86 3.12383 34.4093
      vertex -86 3.2043 34.088
    endloop
  endfacet
  facet normal -1 0 0
    outer loop
      vertex -86 3.01225 32.138
      vertex -86 3.12383 34.4093
      vertex -86 3.12383 32.4498
    endloop
  endfacet
  facet normal -1 0 0
    outer loop
      vertex -86 3.01225 32.138
      vertex -86 3.01225 34.7211
      vertex -86 3.12383 34.4093
    endloop
  endfacet
  facet normal -1 0 0
    outer loop
      vertex -86 2.87064 31.8386
      vertex -86 3.01225 34.7211
      vertex -86 3.01225 32.138
    endloop
  endfacet
  facet normal -1 0 0
    outer loop
      vertex -86 2.87064 31.8386
      vertex -86 2.87064 35.0205
      vertex -86 3.01225 34.7211
    endloop
  endfacet
  facet normal -1 0 0
    outer loop
      vertex -86 2.70036 31.5545
      vertex -86 2.87064 35.0205
      vertex -86 2.87064 31.8386
    endloop
  endfacet
  facet normal -1 0 0
    outer loop
      vertex -86 2.70036 31.5545
      vertex -86 2.70036 35.3046
      vertex -86 2.87064 35.0205
    endloop
  endfacet
  facet normal -1 0 0
    outer loop
      vertex -86 2.50306 31.2885
      vertex -86 2.70036 35.3046
      vertex -86 2.70036 31.5545
    endloop
  endfacet
  facet normal -1 0 0
    outer loop
      vertex -86 2.50306 31.2885
      vertex -86 2.50306 35.5706
      vertex -86 2.70036 35.3046
    endloop
  endfacet
  facet normal -1 0 0
    outer loop
      vertex -86 2.28064 31.0431
      vertex -86 2.50306 35.5706
      vertex -86 2.50306 31.2885
    endloop
  endfacet
  facet normal -1 0 0
    outer loop
      vertex -86 2.28064 31.0431
      vertex -86 2.28064 35.816
      vertex -86 2.50306 35.5706
    endloop
  endfacet
  facet normal -1 0 0
    outer loop
      vertex -86 2.04353 30.8281
      vertex -86 2.28064 35.816
      vertex -86 2.28064 31.0431
    endloop
  endfacet
  facet normal -1 -0 0
    outer loop
      vertex -86 2.28064 35.816
      vertex -86 2.04353 30.8281
      vertex -86 2.03523 36.0385
    endloop
  endfacet
  facet normal -1 -0 0
    outer loop
      vertex -86 3.32351 29.8031
      vertex -86 0.850738 28.2441
      vertex -86 2.50375 30.411
    endloop
  endfacet
  facet normal -1 0 0
    outer loop
      vertex -86 0.506906 29.2051
      vertex -86 2.50375 30.411
      vertex -86 0.850738 28.2441
    endloop
  endfacet
  facet normal -1 -0 0
    outer loop
      vertex -86 2.50375 30.411
      vertex -86 0.506906 29.2051
      vertex -86 2.04353 30.8281
    endloop
  endfacet
  facet normal -1 0 0
    outer loop
      vertex -86 0.100347 30.0647
      vertex -86 2.04353 30.8281
      vertex -86 0.506906 29.2051
    endloop
  endfacet
  facet normal -1 -0 0
    outer loop
      vertex -86 2.04353 30.8281
      vertex -86 0.100347 30.0647
      vertex -86 1.48512 36.406
    endloop
  endfacet
  facet normal -1 -0 0
    outer loop
      vertex -86 1.48512 36.406
      vertex -86 0.100347 30.0647
      vertex -86 1.18571 36.5476
    endloop
  endfacet
  facet normal -1 -0 0
    outer loop
      vertex -86 1.18571 36.5476
      vertex -86 0.100347 30.0647
      vertex -86 0.873865 36.6592
    endloop
  endfacet
  facet normal -1 -0 0
    outer loop
      vertex -86 0.873865 36.6592
      vertex -86 0.100347 30.0647
      vertex -86 0.552584 36.7397
    endloop
  endfacet
  facet normal -1 -0 0
    outer loop
      vertex -86 0.552584 36.7397
      vertex -86 0.100347 30.0647
      vertex -86 0.224961 36.7883
    endloop
  endfacet
  facet normal -1 0 0
    outer loop
      vertex -86 -0.436653 30.0708
      vertex -86 0.100347 30.0647
      vertex -86 -0.105845 30.0545
    endloop
  endfacet
  facet normal -1 0 0
    outer loop
      vertex -86 0.100347 30.0647
      vertex -86 -0.105845 36.8045
      vertex -86 0.224961 36.7883
    endloop
  endfacet
  facet normal -1 0 0
    outer loop
      vertex -86 0.100347 30.0647
      vertex -86 -0.436653 30.0708
      vertex -86 -0.105845 36.8045
    endloop
  endfacet
  facet normal -1 0 0
    outer loop
      vertex -86 -0.436653 30.0708
      vertex -86 -0.436653 36.7883
      vertex -86 -0.105845 36.8045
    endloop
  endfacet
  facet normal -1 0 0
    outer loop
      vertex -86 -0.764275 30.1194
      vertex -86 -0.436653 36.7883
      vertex -86 -0.436653 30.0708
    endloop
  endfacet
  facet normal -1 0 0
    outer loop
      vertex -86 -0.764275 30.1194
      vertex -86 -0.764275 36.7397
      vertex -86 -0.436653 36.7883
    endloop
  endfacet
  facet normal -1 0 0
    outer loop
      vertex -86 -1.08556 30.1999
      vertex -86 -0.764275 36.7397
      vertex -86 -0.764275 30.1194
    endloop
  endfacet
  facet normal -1 0 0
    outer loop
      vertex -86 -1.08556 30.1999
      vertex -86 -1.08556 36.6592
      vertex -86 -0.764275 36.7397
    endloop
  endfacet
  facet normal -1 0 0
    outer loop
      vertex -86 -1.3974 30.3114
      vertex -86 -1.08556 36.6592
      vertex -86 -1.08556 30.1999
    endloop
  endfacet
  facet normal -1 0 0
    outer loop
      vertex -86 -1.3974 30.3114
      vertex -86 -1.3974 36.5476
      vertex -86 -1.08556 36.6592
    endloop
  endfacet
  facet normal -1 0 0
    outer loop
      vertex -86 -1.69681 30.4531
      vertex -86 -1.3974 36.5476
      vertex -86 -1.3974 30.3114
    endloop
  endfacet
  facet normal -1 0 0
    outer loop
      vertex -86 -1.69681 30.4531
      vertex -86 -1.69681 36.406
      vertex -86 -1.3974 36.5476
    endloop
  endfacet
  facet normal -1 0 0
    outer loop
      vertex -86 -1.9809 30.6233
      vertex -86 -1.69681 36.406
      vertex -86 -1.69681 30.4531
    endloop
  endfacet
  facet normal -1 0 0
    outer loop
      vertex -86 -1.9809 30.6233
      vertex -86 -1.9809 36.2358
      vertex -86 -1.69681 36.406
    endloop
  endfacet
  facet normal -1 0 0
    outer loop
      vertex -86 -2.24692 30.8206
      vertex -86 -1.9809 36.2358
      vertex -86 -1.9809 30.6233
    endloop
  endfacet
  facet normal -1 0 0
    outer loop
      vertex -86 -2.24692 30.8206
      vertex -86 -2.24692 36.0385
      vertex -86 -1.9809 36.2358
    endloop
  endfacet
  facet normal -1 0 0
    outer loop
      vertex -86 -2.49233 31.0431
      vertex -86 -2.24692 36.0385
      vertex -86 -2.24692 30.8206
    endloop
  endfacet
  facet normal -1 0 0
    outer loop
      vertex -86 -2.49233 31.0431
      vertex -86 -2.49233 35.816
      vertex -86 -2.24692 36.0385
    endloop
  endfacet
  facet normal -1 0 0
    outer loop
      vertex -86 -2.71476 31.2885
      vertex -86 -2.49233 35.816
      vertex -86 -2.49233 31.0431
    endloop
  endfacet
  facet normal -1 0 0
    outer loop
      vertex -86 -2.71476 31.2885
      vertex -86 -2.71476 35.5706
      vertex -86 -2.49233 35.816
    endloop
  endfacet
  facet normal -1 0 0
    outer loop
      vertex -86 -2.91206 31.5545
      vertex -86 -2.71476 35.5706
      vertex -86 -2.71476 31.2885
    endloop
  endfacet
  facet normal -1 0 0
    outer loop
      vertex -86 -2.91206 31.5545
      vertex -86 -2.91206 35.3046
      vertex -86 -2.71476 35.5706
    endloop
  endfacet
  facet normal -1 0 0
    outer loop
      vertex -86 -3.08233 31.8386
      vertex -86 -2.91206 35.3046
      vertex -86 -2.91206 31.5545
    endloop
  endfacet
  facet normal -1 0 0
    outer loop
      vertex -86 -3.08233 31.8386
      vertex -86 -3.08233 35.0205
      vertex -86 -2.91206 35.3046
    endloop
  endfacet
  facet normal -1 0 0
    outer loop
      vertex -86 -3.22394 32.138
      vertex -86 -3.08233 35.0205
      vertex -86 -3.08233 31.8386
    endloop
  endfacet
  facet normal -1 0 0
    outer loop
      vertex -86 -3.22394 32.138
      vertex -86 -3.22394 34.7211
      vertex -86 -3.08233 35.0205
    endloop
  endfacet
  facet normal -1 0 0
    outer loop
      vertex -86 -3.33552 32.4498
      vertex -86 -3.22394 34.7211
      vertex -86 -3.22394 32.138
    endloop
  endfacet
  facet normal -1 0 0
    outer loop
      vertex -86 -3.33552 32.4498
      vertex -86 -3.33552 34.4093
      vertex -86 -3.22394 34.7211
    endloop
  endfacet
  facet normal -1 0 0
    outer loop
      vertex -86 -3.416 32.7711
      vertex -86 -3.33552 34.4093
      vertex -86 -3.33552 32.4498
    endloop
  endfacet
  facet normal -1 0 0
    outer loop
      vertex -86 -3.416 32.7711
      vertex -86 -3.416 34.088
      vertex -86 -3.33552 34.4093
    endloop
  endfacet
  facet normal -1 0 0
    outer loop
      vertex -86 -3.46459 33.0987
      vertex -86 -3.416 34.088
      vertex -86 -3.416 32.7711
    endloop
  endfacet
  facet normal -1 0 0
    outer loop
      vertex -86 -3.46459 33.0987
      vertex -86 -3.46459 33.7603
      vertex -86 -3.416 34.088
    endloop
  endfacet
  facet normal -1 0 -0
    outer loop
      vertex -86 -3.46459 33.7603
      vertex -86 -3.46459 33.0987
      vertex -86 -3.48085 33.4295
    endloop
  endfacet
  facet normal -1 0 0
    outer loop
      vertex -86 -14.95 19.8736
      vertex -86 -14.95 20.5352
      vertex -86 -14.9337 20.2044
    endloop
  endfacet
  facet normal -1 0 0
    outer loop
      vertex -86 -14.9986 19.5459
      vertex -86 -14.95 20.5352
      vertex -86 -14.95 19.8736
    endloop
  endfacet
  facet normal -1 0 0
    outer loop
      vertex -86 -14.9986 19.5459
      vertex -86 -14.9986 20.8628
      vertex -86 -14.95 20.5352
    endloop
  endfacet
  facet normal -1 0 0
    outer loop
      vertex -86 -15.0791 19.2247
      vertex -86 -14.9986 20.8628
      vertex -86 -14.9986 19.5459
    endloop
  endfacet
  facet normal -1 0 0
    outer loop
      vertex -86 -15.0791 19.2247
      vertex -86 -15.0791 21.1841
      vertex -86 -14.9986 20.8628
    endloop
  endfacet
  facet normal -1 0 0
    outer loop
      vertex -86 -15.1906 18.9128
      vertex -86 -15.0791 21.1841
      vertex -86 -15.0791 19.2247
    endloop
  endfacet
  facet normal -1 0 0
    outer loop
      vertex -86 -15.1906 18.9128
      vertex -86 -15.1906 21.4959
      vertex -86 -15.0791 21.1841
    endloop
  endfacet
  facet normal -1 0 0
    outer loop
      vertex -86 -15.3322 18.6134
      vertex -86 -15.1906 21.4959
      vertex -86 -15.1906 18.9128
    endloop
  endfacet
  facet normal -1 0 0
    outer loop
      vertex -86 -15.3322 18.6134
      vertex -86 -15.3322 21.7953
      vertex -86 -15.1906 21.4959
    endloop
  endfacet
  facet normal -1 0 0
    outer loop
      vertex -86 -15.5025 18.3293
      vertex -86 -15.3322 21.7953
      vertex -86 -15.3322 18.6134
    endloop
  endfacet
  facet normal -1 0 0
    outer loop
      vertex -86 -15.5025 18.3293
      vertex -86 -15.5025 22.0794
      vertex -86 -15.3322 21.7953
    endloop
  endfacet
  facet normal -1 0 0
    outer loop
      vertex -86 -15.6998 18.0633
      vertex -86 -15.5025 22.0794
      vertex -86 -15.5025 18.3293
    endloop
  endfacet
  facet normal -1 0 0
    outer loop
      vertex -86 -15.6998 18.0633
      vertex -86 -15.6998 22.3455
      vertex -86 -15.5025 22.0794
    endloop
  endfacet
  facet normal -1 0 0
    outer loop
      vertex -86 -15.9222 17.8179
      vertex -86 -15.6998 22.3455
      vertex -86 -15.6998 18.0633
    endloop
  endfacet
  facet normal -1 0 0
    outer loop
      vertex -86 -15.9222 17.8179
      vertex -86 -15.9222 22.5909
      vertex -86 -15.6998 22.3455
    endloop
  endfacet
  facet normal -1 0 0
    outer loop
      vertex -86 -16.1594 17.603
      vertex -86 -15.9222 22.5909
      vertex -86 -15.9222 17.8179
    endloop
  endfacet
  facet normal -1 -0 0
    outer loop
      vertex -86 -15.9222 22.5909
      vertex -86 -16.1594 17.603
      vertex -86 -16.1677 22.8133
    endloop
  endfacet
  facet normal -1 -0 0
    outer loop
      vertex -86 -14.8794 16.5779
      vertex -86 -17.3521 15.019
      vertex -86 -15.6991 17.1859
    endloop
  endfacet
  facet normal -1 0 0
    outer loop
      vertex -86 -17.696 15.9799
      vertex -86 -15.6991 17.1859
      vertex -86 -17.3521 15.019
    endloop
  endfacet
  facet normal -1 -0 0
    outer loop
      vertex -86 -15.6991 17.1859
      vertex -86 -17.696 15.9799
      vertex -86 -16.1594 17.603
    endloop
  endfacet
  facet normal -1 0 0
    outer loop
      vertex -86 -18.1025 16.8395
      vertex -86 -16.1594 17.603
      vertex -86 -17.696 15.9799
    endloop
  endfacet
  facet normal -1 -0 0
    outer loop
      vertex -86 -16.1594 17.603
      vertex -86 -18.1025 16.8395
      vertex -86 -16.7178 23.1809
    endloop
  endfacet
  facet normal -1 -0 0
    outer loop
      vertex -86 -16.7178 23.1809
      vertex -86 -18.1025 16.8395
      vertex -86 -17.0172 23.3225
    endloop
  endfacet
  facet normal -1 -0 0
    outer loop
      vertex -86 -17.0172 23.3225
      vertex -86 -18.1025 16.8395
      vertex -86 -17.329 23.434
    endloop
  endfacet
  facet normal -1 -0 0
    outer loop
      vertex -86 -17.329 23.434
      vertex -86 -18.1025 16.8395
      vertex -86 -17.6503 23.5145
    endloop
  endfacet
  facet normal -1 -0 0
    outer loop
      vertex -86 -17.6503 23.5145
      vertex -86 -18.1025 16.8395
      vertex -86 -17.9779 23.5631
    endloop
  endfacet
  facet normal -1 0 0
    outer loop
      vertex -86 -18.6395 16.8456
      vertex -86 -18.1025 16.8395
      vertex -86 -18.3087 16.8294
    endloop
  endfacet
  facet normal -1 0 0
    outer loop
      vertex -86 -18.1025 16.8395
      vertex -86 -18.3087 23.5794
      vertex -86 -17.9779 23.5631
    endloop
  endfacet
  facet normal -1 0 0
    outer loop
      vertex -86 -18.1025 16.8395
      vertex -86 -18.6395 16.8456
      vertex -86 -18.3087 23.5794
    endloop
  endfacet
  facet normal -1 0 0
    outer loop
      vertex -86 -18.6395 16.8456
      vertex -86 -18.6395 23.5631
      vertex -86 -18.3087 23.5794
    endloop
  endfacet
  facet normal -1 0 0
    outer loop
      vertex -86 -18.9672 16.8942
      vertex -86 -18.6395 23.5631
      vertex -86 -18.6395 16.8456
    endloop
  endfacet
  facet normal -1 0 0
    outer loop
      vertex -86 -18.9672 16.8942
      vertex -86 -18.9672 23.5145
      vertex -86 -18.6395 23.5631
    endloop
  endfacet
  facet normal -1 0 0
    outer loop
      vertex -86 -19.2884 16.9747
      vertex -86 -18.9672 23.5145
      vertex -86 -18.9672 16.8942
    endloop
  endfacet
  facet normal -1 0 0
    outer loop
      vertex -86 -19.2884 16.9747
      vertex -86 -19.2884 23.434
      vertex -86 -18.9672 23.5145
    endloop
  endfacet
  facet normal -1 0 0
    outer loop
      vertex -86 -19.6003 17.0863
      vertex -86 -19.2884 23.434
      vertex -86 -19.2884 16.9747
    endloop
  endfacet
  facet normal -1 0 0
    outer loop
      vertex -86 -19.6003 17.0863
      vertex -86 -19.6003 23.3225
      vertex -86 -19.2884 23.434
    endloop
  endfacet
  facet normal -1 0 0
    outer loop
      vertex -86 -19.8997 17.2279
      vertex -86 -19.6003 23.3225
      vertex -86 -19.6003 17.0863
    endloop
  endfacet
  facet normal -1 0 0
    outer loop
      vertex -86 -19.8997 17.2279
      vertex -86 -19.8997 23.1809
      vertex -86 -19.6003 23.3225
    endloop
  endfacet
  facet normal -1 0 0
    outer loop
      vertex -86 -20.1838 17.3982
      vertex -86 -19.8997 23.1809
      vertex -86 -19.8997 17.2279
    endloop
  endfacet
  facet normal -1 0 0
    outer loop
      vertex -86 -20.1838 17.3982
      vertex -86 -20.1838 23.0106
      vertex -86 -19.8997 23.1809
    endloop
  endfacet
  facet normal -1 0 0
    outer loop
      vertex -86 -20.4498 17.5955
      vertex -86 -20.1838 23.0106
      vertex -86 -20.1838 17.3982
    endloop
  endfacet
  facet normal -1 0 0
    outer loop
      vertex -86 -20.4498 17.5955
      vertex -86 -20.4498 22.8133
      vertex -86 -20.1838 23.0106
    endloop
  endfacet
  facet normal -1 0 0
    outer loop
      vertex -86 -20.6952 17.8179
      vertex -86 -20.4498 22.8133
      vertex -86 -20.4498 17.5955
    endloop
  endfacet
  facet normal -1 0 0
    outer loop
      vertex -86 -20.6952 17.8179
      vertex -86 -20.6952 22.5909
      vertex -86 -20.4498 22.8133
    endloop
  endfacet
  facet normal -1 0 0
    outer loop
      vertex -86 -20.9176 18.0633
      vertex -86 -20.6952 22.5909
      vertex -86 -20.6952 17.8179
    endloop
  endfacet
  facet normal -1 0 0
    outer loop
      vertex -86 -20.9176 18.0633
      vertex -86 -20.9176 22.3455
      vertex -86 -20.6952 22.5909
    endloop
  endfacet
  facet normal -1 0 0
    outer loop
      vertex -86 -21.1149 18.3293
      vertex -86 -20.9176 22.3455
      vertex -86 -20.9176 18.0633
    endloop
  endfacet
  facet normal -1 0 0
    outer loop
      vertex -86 -21.1149 18.3293
      vertex -86 -21.1149 22.0794
      vertex -86 -20.9176 22.3455
    endloop
  endfacet
  facet normal -1 0 0
    outer loop
      vertex -86 -21.2852 18.6134
      vertex -86 -21.1149 22.0794
      vertex -86 -21.1149 18.3293
    endloop
  endfacet
  facet normal -1 0 0
    outer loop
      vertex -86 -21.2852 18.6134
      vertex -86 -21.2852 21.7953
      vertex -86 -21.1149 22.0794
    endloop
  endfacet
  facet normal -1 0 0
    outer loop
      vertex -86 -21.4268 18.9128
      vertex -86 -21.2852 21.7953
      vertex -86 -21.2852 18.6134
    endloop
  endfacet
  facet normal -1 0 0
    outer loop
      vertex -86 -21.4268 18.9128
      vertex -86 -21.4268 21.4959
      vertex -86 -21.2852 21.7953
    endloop
  endfacet
  facet normal -1 0 0
    outer loop
      vertex -86 -21.5384 19.2247
      vertex -86 -21.4268 21.4959
      vertex -86 -21.4268 18.9128
    endloop
  endfacet
  facet normal -1 0 0
    outer loop
      vertex -86 -21.5384 19.2247
      vertex -86 -21.5384 21.1841
      vertex -86 -21.4268 21.4959
    endloop
  endfacet
  facet normal -1 0 0
    outer loop
      vertex -86 -21.6189 19.5459
      vertex -86 -21.5384 21.1841
      vertex -86 -21.5384 19.2247
    endloop
  endfacet
  facet normal -1 0 0
    outer loop
      vertex -86 -21.6189 19.5459
      vertex -86 -21.6189 20.8628
      vertex -86 -21.5384 21.1841
    endloop
  endfacet
  facet normal -1 0 0
    outer loop
      vertex -86 -21.6675 19.8736
      vertex -86 -21.6189 20.8628
      vertex -86 -21.6189 19.5459
    endloop
  endfacet
  facet normal -1 0 0
    outer loop
      vertex -86 -21.6675 19.8736
      vertex -86 -21.6675 20.5352
      vertex -86 -21.6189 20.8628
    endloop
  endfacet
  facet normal -1 0 -0
    outer loop
      vertex -86 -21.6675 20.5352
      vertex -86 -21.6675 19.8736
      vertex -86 -21.6837 20.2044
    endloop
  endfacet
  facet normal -1 0 0
    outer loop
      vertex -86 -33.1529 6.6484
      vertex -86 -33.1529 7.31001
      vertex -86 -33.1366 6.97921
    endloop
  endfacet
  facet normal -1 0 0
    outer loop
      vertex -86 -33.2015 6.32078
      vertex -86 -33.1529 7.31001
      vertex -86 -33.1529 6.6484
    endloop
  endfacet
  facet normal -1 0 0
    outer loop
      vertex -86 -33.2015 6.32078
      vertex -86 -33.2015 7.63764
      vertex -86 -33.1529 7.31001
    endloop
  endfacet
  facet normal -1 0 0
    outer loop
      vertex -86 -33.2819 5.9995
      vertex -86 -33.2015 7.63764
      vertex -86 -33.2015 6.32078
    endloop
  endfacet
  facet normal -1 0 0
    outer loop
      vertex -86 -33.2819 5.9995
      vertex -86 -33.2819 7.95892
      vertex -86 -33.2015 7.63764
    endloop
  endfacet
  facet normal -1 0 0
    outer loop
      vertex -86 -33.3935 5.68765
      vertex -86 -33.2819 7.95892
      vertex -86 -33.2819 5.9995
    endloop
  endfacet
  facet normal -1 0 0
    outer loop
      vertex -86 -33.3935 5.68765
      vertex -86 -33.3935 8.27076
      vertex -86 -33.2819 7.95892
    endloop
  endfacet
  facet normal -1 0 0
    outer loop
      vertex -86 -33.5351 5.38824
      vertex -86 -33.3935 8.27076
      vertex -86 -33.3935 5.68765
    endloop
  endfacet
  facet normal -1 0 0
    outer loop
      vertex -86 -33.5351 5.38824
      vertex -86 -33.5351 8.57017
      vertex -86 -33.3935 8.27076
    endloop
  endfacet
  facet normal -1 0 0
    outer loop
      vertex -86 -33.7054 5.10416
      vertex -86 -33.5351 8.57017
      vertex -86 -33.5351 5.38824
    endloop
  endfacet
  facet normal -1 0 0
    outer loop
      vertex -86 -33.7054 5.10416
      vertex -86 -33.7054 8.85426
      vertex -86 -33.5351 8.57017
    endloop
  endfacet
  facet normal -1 0 0
    outer loop
      vertex -86 -33.9027 4.83813
      vertex -86 -33.7054 8.85426
      vertex -86 -33.7054 5.10416
    endloop
  endfacet
  facet normal -1 0 0
    outer loop
      vertex -86 -33.9027 4.83813
      vertex -86 -33.9027 9.12028
      vertex -86 -33.7054 8.85426
    endloop
  endfacet
  facet normal -1 0 0
    outer loop
      vertex -86 -34.1251 4.59272
      vertex -86 -33.9027 9.12028
      vertex -86 -33.9027 4.83813
    endloop
  endfacet
  facet normal -1 0 0
    outer loop
      vertex -86 -34.1251 4.59272
      vertex -86 -34.1251 9.36569
      vertex -86 -33.9027 9.12028
    endloop
  endfacet
  facet normal -1 0 0
    outer loop
      vertex -86 -34.3622 4.37781
      vertex -86 -34.1251 9.36569
      vertex -86 -34.1251 4.59272
    endloop
  endfacet
  facet normal -1 -0 0
    outer loop
      vertex -86 -34.1251 9.36569
      vertex -86 -34.3622 4.37781
      vertex -86 -34.3705 9.58812
    endloop
  endfacet
  facet normal -1 0 0
    outer loop
      vertex -86 -38.6527 4.3703
      vertex -86 -38.2171 4.07138
      vertex -86 -38.3867 4.173
    endloop
  endfacet
  facet normal -1 0 0
    outer loop
      vertex -86 -38.2171 4.07138
      vertex -86 -38.3867 9.78542
      vertex -86 -38.1026 9.95569
    endloop
  endfacet
  facet normal -1 0 0
    outer loop
      vertex -86 -38.2171 4.07138
      vertex -86 -38.6527 4.3703
      vertex -86 -38.3867 9.78542
    endloop
  endfacet
  facet normal -1 0 0
    outer loop
      vertex -86 -38.6527 4.3703
      vertex -86 -38.6527 9.58812
      vertex -86 -38.3867 9.78542
    endloop
  endfacet
  facet normal -1 0 0
    outer loop
      vertex -86 -38.8981 4.59272
      vertex -86 -38.6527 9.58812
      vertex -86 -38.6527 4.3703
    endloop
  endfacet
  facet normal -1 0 0
    outer loop
      vertex -86 -38.8981 4.59272
      vertex -86 -38.8981 9.36569
      vertex -86 -38.6527 9.58812
    endloop
  endfacet
  facet normal -1 0 0
    outer loop
      vertex -86 -39.1205 4.83813
      vertex -86 -38.8981 9.36569
      vertex -86 -38.8981 4.59272
    endloop
  endfacet
  facet normal -1 0 0
    outer loop
      vertex -86 -39.1205 4.83813
      vertex -86 -39.1205 9.12028
      vertex -86 -38.8981 9.36569
    endloop
  endfacet
  facet normal -1 0 0
    outer loop
      vertex -86 -39.3178 5.10416
      vertex -86 -39.1205 9.12028
      vertex -86 -39.1205 4.83813
    endloop
  endfacet
  facet normal -1 0 0
    outer loop
      vertex -86 -39.3178 5.10416
      vertex -86 -39.3178 8.85426
      vertex -86 -39.1205 9.12028
    endloop
  endfacet
  facet normal -1 0 0
    outer loop
      vertex -86 -39.4881 5.38824
      vertex -86 -39.3178 8.85426
      vertex -86 -39.3178 5.10416
    endloop
  endfacet
  facet normal -1 0 0
    outer loop
      vertex -86 -39.4881 5.38824
      vertex -86 -39.4881 8.57017
      vertex -86 -39.3178 8.85426
    endloop
  endfacet
  facet normal -1 0 0
    outer loop
      vertex -86 -39.6297 5.68765
      vertex -86 -39.4881 8.57017
      vertex -86 -39.4881 5.38824
    endloop
  endfacet
  facet normal -1 0 0
    outer loop
      vertex -86 -39.6297 5.68765
      vertex -86 -39.6297 8.27076
      vertex -86 -39.4881 8.57017
    endloop
  endfacet
  facet normal -1 0 0
    outer loop
      vertex -86 -39.7413 5.9995
      vertex -86 -39.6297 8.27076
      vertex -86 -39.6297 5.68765
    endloop
  endfacet
  facet normal -1 0 0
    outer loop
      vertex -86 -39.7413 5.9995
      vertex -86 -39.7413 7.95892
      vertex -86 -39.6297 8.27076
    endloop
  endfacet
  facet normal -1 0 0
    outer loop
      vertex -86 -39.8218 6.32078
      vertex -86 -39.7413 7.95892
      vertex -86 -39.7413 5.9995
    endloop
  endfacet
  facet normal -1 0 0
    outer loop
      vertex -86 -39.8218 6.32078
      vertex -86 -39.8218 7.63764
      vertex -86 -39.7413 7.95892
    endloop
  endfacet
  facet normal -1 0 0
    outer loop
      vertex -86 -39.8704 6.6484
      vertex -86 -39.8218 7.63764
      vertex -86 -39.8218 6.32078
    endloop
  endfacet
  facet normal -1 0 0
    outer loop
      vertex -86 -39.8704 6.6484
      vertex -86 -39.8704 7.31001
      vertex -86 -39.8218 7.63764
    endloop
  endfacet
  facet normal -1 0 -0
    outer loop
      vertex -86 -39.8704 7.31001
      vertex -86 -39.8704 6.6484
      vertex -86 -39.8866 6.97921
    endloop
  endfacet
  facet normal 0 1 0
    outer loop
      vertex 86 39.3043 48.6107
      vertex 86 39.3043 0
      vertex 57 39.3043 48.6107
    endloop
  endfacet
  facet normal 0 1 0
    outer loop
      vertex 57 39.3043 54.7403
      vertex 86 39.3043 60.394
      vertex 86 39.3043 54.7403
    endloop
  endfacet
  facet normal 0 1 0
    outer loop
      vertex 86 39.3043 60.394
      vertex 57 39.3043 54.7403
      vertex -86 39.3043 60.394
    endloop
  endfacet
  facet normal 0 1 -0
    outer loop
      vertex 57 39.3043 48.6107
      vertex -86 39.3043 60.394
      vertex 57 39.3043 54.7403
    endloop
  endfacet
  facet normal 0 1 0
    outer loop
      vertex -86 39.3043 0
      vertex 57 39.3043 48.6107
      vertex 86 39.3043 0
    endloop
  endfacet
  facet normal 0 1 0
    outer loop
      vertex 57 39.3043 48.6107
      vertex -86 39.3043 0
      vertex -86 39.3043 60.394
    endloop
  endfacet
  facet normal 0 -1 0
    outer loop
      vertex -86 -39.3043 0
      vertex 86 -39.3043 3.28149
      vertex -86 -39.3043 3.28149
    endloop
  endfacet
  facet normal 0 -1 -0
    outer loop
      vertex 86 -39.3043 3.28149
      vertex -86 -39.3043 0
      vertex 86 -39.3043 0
    endloop
  endfacet
  facet normal 0 -0.587783 0.809019
    outer loop
      vertex 86 39.3043 60.394
      vertex 57 37.3245 58.9556
      vertex 86 37.3245 58.9556
    endloop
  endfacet
  facet normal 0 -0.587783 0.809019
    outer loop
      vertex -86 39.3043 60.394
      vertex 57 37.3245 58.9556
      vertex 86 39.3043 60.394
    endloop
  endfacet
  facet normal -1.30458e-07 -0.587789 0.809014
    outer loop
      vertex -86 35.7084 57.7814
      vertex 57 37.3245 58.9556
      vertex -86 39.3043 60.394
    endloop
  endfacet
  facet normal 0 -0.587797 0.809009
    outer loop
      vertex 57 37.3245 58.9556
      vertex -86 35.7084 57.7814
      vertex 57 35.7084 57.7814
    endloop
  endfacet
  facet normal 0 -0.587782 0.809019
    outer loop
      vertex -86 -38.2171 4.07138
      vertex 86 -39.3043 3.28149
      vertex 86 -38.2171 4.07138
    endloop
  endfacet
  facet normal 0 -0.587782 0.809019
    outer loop
      vertex 86 -39.3043 3.28149
      vertex -86 -38.2171 4.07138
      vertex -86 -39.3043 3.28149
    endloop
  endfacet
  facet normal 0 -0.803196 0.595715
    outer loop
      vertex -86 -19.265 5.40231
      vertex 57 -18.657 6.22207
      vertex -86 -18.657 6.22207
    endloop
  endfacet
  facet normal 0 -0.803196 0.595715
    outer loop
      vertex 57 -18.657 6.22207
      vertex -86 -19.265 5.40231
      vertex 57 -19.265 5.40231
    endloop
  endfacet
  facet normal 0 -0.0490678 0.998795
    outer loop
      vertex -86 -26.2849 1.65008
      vertex 57 -27.3043 1.6
      vertex 57 -26.2849 1.65008
    endloop
  endfacet
  facet normal 0 -0.0490678 0.998795
    outer loop
      vertex 57 -27.3043 1.6
      vertex -86 -26.2849 1.65008
      vertex -86 -27.3043 1.6
    endloop
  endfacet
  facet normal -0 0.595724 0.803189
    outer loop
      vertex -86 -33.0823 3.35272
      vertex 57 -33.902 3.96069
      vertex 57 -33.0823 3.35272
    endloop
  endfacet
  facet normal 0 0.595724 0.803189
    outer loop
      vertex 57 -33.902 3.96069
      vertex -86 -33.0823 3.35272
      vertex -86 -33.902 3.96069
    endloop
  endfacet
  facet normal -0 0.671576 0.740936
    outer loop
      vertex -86 -33.902 3.96069
      vertex 57 -34.3622 4.37781
      vertex 57 -33.902 3.96069
    endloop
  endfacet
  facet normal 0 0.671576 0.740936
    outer loop
      vertex 57 -34.3622 4.37781
      vertex -86 -33.902 3.96069
      vertex -86 -34.3622 4.37781
    endloop
  endfacet
  facet normal -0 0.0490678 0.998795
    outer loop
      vertex -86 -27.3043 1.6
      vertex 57 -28.3237 1.65008
      vertex 57 -27.3043 1.6
    endloop
  endfacet
  facet normal 0 0.0490678 0.998795
    outer loop
      vertex 57 -28.3237 1.65008
      vertex -86 -27.3043 1.6
      vertex -86 -28.3237 1.65008
    endloop
  endfacet
  facet normal 0 -0.74095 0.67156
    outer loop
      vertex -86 -19.9504 4.64609
      vertex 57 -19.265 5.40231
      vertex -86 -19.265 5.40231
    endloop
  endfacet
  facet normal 0 -0.74095 0.67156
    outer loop
      vertex 57 -19.265 5.40231
      vertex -86 -19.9504 4.64609
      vertex 57 -19.9504 4.64609
    endloop
  endfacet
  facet normal 0 -0.904015 0.427502
    outer loop
      vertex -86 -18.1323 7.09747
      vertex 57 -17.696 8.02009
      vertex -86 -17.696 8.02009
    endloop
  endfacet
  facet normal 0 -0.904015 0.427502
    outer loop
      vertex 57 -17.696 8.02009
      vertex -86 -18.1323 7.09747
      vertex 57 -18.1323 7.09747
    endloop
  endfacet
  facet normal -0 0.336902 0.94154
    outer loop
      vertex -86 -30.3233 2.04782
      vertex 57 -31.2842 2.39165
      vertex 57 -30.3233 2.04782
    endloop
  endfacet
  facet normal 0 0.336902 0.94154
    outer loop
      vertex 57 -31.2842 2.39165
      vertex -86 -30.3233 2.04782
      vertex -86 -31.2842 2.39165
    endloop
  endfacet
  facet normal -0 0.242987 0.970029
    outer loop
      vertex -86 -29.3333 1.79983
      vertex 57 -30.3233 2.04782
      vertex 57 -29.3333 1.79983
    endloop
  endfacet
  facet normal 0 0.242987 0.970029
    outer loop
      vertex 57 -30.3233 2.04782
      vertex -86 -29.3333 1.79983
      vertex -86 -30.3233 2.04782
    endloop
  endfacet
  facet normal 0 -0.146735 0.989176
    outer loop
      vertex -86 -25.2754 1.79983
      vertex 57 -26.2849 1.65008
      vertex 57 -25.2754 1.79983
    endloop
  endfacet
  facet normal 0 -0.146735 0.989176
    outer loop
      vertex 57 -26.2849 1.65008
      vertex -86 -25.2754 1.79983
      vertex -86 -26.2849 1.65008
    endloop
  endfacet
  facet normal 0 -0.941518 -0.336963
    outer loop
      vertex -86 -17.3521 15.019
      vertex 57 -17.696 15.9799
      vertex -86 -17.696 15.9799
    endloop
  endfacet
  facet normal 0 -0.941518 -0.336963
    outer loop
      vertex 57 -17.696 15.9799
      vertex -86 -17.3521 15.019
      vertex 57 -17.3521 15.019
    endloop
  endfacet
  facet normal 0 -0.904014 -0.427503
    outer loop
      vertex -86 -17.696 15.9799
      vertex 57 -18.1025 16.8395
      vertex -86 -18.1025 16.8395
    endloop
  endfacet
  facet normal 0 -0.904014 -0.427503
    outer loop
      vertex 57 -18.1025 16.8395
      vertex -86 -17.696 15.9799
      vertex 57 -17.696 15.9799
    endloop
  endfacet
  facet normal 0 -0.67157 0.740941
    outer loop
      vertex -86 -19.9504 4.64609
      vertex 57 -20.7066 3.96069
      vertex 57 -19.9504 4.64609
    endloop
  endfacet
  facet normal 0 -0.67157 0.740941
    outer loop
      vertex 57 -20.7066 3.96069
      vertex -86 -19.9504 4.64609
      vertex -86 -20.7066 3.96069
    endloop
  endfacet
  facet normal 0 -0.514107 0.857726
    outer loop
      vertex -86 -21.5264 3.35272
      vertex 57 -22.4018 2.82802
      vertex 57 -21.5264 3.35272
    endloop
  endfacet
  facet normal 0 -0.514107 0.857726
    outer loop
      vertex 57 -22.4018 2.82802
      vertex -86 -21.5264 3.35272
      vertex -86 -22.4018 2.82802
    endloop
  endfacet
  facet normal 0 -0.998794 0.0490873
    outer loop
      vertex -86 -16.9544 10.9806
      vertex 57 -16.9043 12
      vertex -86 -16.9043 12
    endloop
  endfacet
  facet normal 0 -0.998794 0.0490873
    outer loop
      vertex 57 -16.9043 12
      vertex -86 -16.9544 10.9806
      vertex 57 -16.9544 10.9806
    endloop
  endfacet
  facet normal 0 -0.857726 0.514107
    outer loop
      vertex -86 -18.657 6.22207
      vertex 57 -18.1323 7.09747
      vertex -86 -18.1323 7.09747
    endloop
  endfacet
  facet normal 0 -0.857726 0.514107
    outer loop
      vertex 57 -18.1323 7.09747
      vertex -86 -18.657 6.22207
      vertex 57 -18.657 6.22207
    endloop
  endfacet
  facet normal 0 -0.336871 0.941551
    outer loop
      vertex -86 -23.3244 2.39165
      vertex 57 -24.2854 2.04782
      vertex 57 -23.3244 2.39165
    endloop
  endfacet
  facet normal 0 -0.336871 0.941551
    outer loop
      vertex 57 -24.2854 2.04782
      vertex -86 -23.3244 2.39165
      vertex -86 -24.2854 2.04782
    endloop
  endfacet
  facet normal 0 -0.970051 0.2429
    outer loop
      vertex -86 -17.3521 8.98104
      vertex 57 -17.1042 9.97106
      vertex -86 -17.1042 9.97106
    endloop
  endfacet
  facet normal 0 -0.970051 0.2429
    outer loop
      vertex 57 -17.1042 9.97106
      vertex -86 -17.3521 8.98104
      vertex 57 -17.3521 8.98104
    endloop
  endfacet
  facet normal 0 -0.595677 0.803224
    outer loop
      vertex -86 -20.7066 3.96069
      vertex 57 -21.5264 3.35272
      vertex 57 -20.7066 3.96069
    endloop
  endfacet
  facet normal 0 -0.595677 0.803224
    outer loop
      vertex 57 -21.5264 3.35272
      vertex -86 -20.7066 3.96069
      vertex -86 -21.5264 3.35272
    endloop
  endfacet
  facet normal -0 0.514063 0.857752
    outer loop
      vertex -86 -32.2068 2.82802
      vertex 57 -33.0823 3.35272
      vertex 57 -32.2068 2.82802
    endloop
  endfacet
  facet normal 0 0.514063 0.857752
    outer loop
      vertex 57 -33.0823 3.35272
      vertex -86 -32.2068 2.82802
      vertex -86 -33.0823 3.35272
    endloop
  endfacet
  facet normal -0 0.146721 0.989178
    outer loop
      vertex -86 -28.3237 1.65008
      vertex 57 -29.3333 1.79983
      vertex 57 -28.3237 1.65008
    endloop
  endfacet
  facet normal 0 0.146721 0.989178
    outer loop
      vertex 57 -29.3333 1.79983
      vertex -86 -28.3237 1.65008
      vertex -86 -29.3333 1.79983
    endloop
  endfacet
  facet normal 0 -0.427565 0.903984
    outer loop
      vertex -86 -22.4018 2.82802
      vertex 57 -23.3244 2.39165
      vertex 57 -22.4018 2.82802
    endloop
  endfacet
  facet normal 0 -0.427565 0.903984
    outer loop
      vertex 57 -23.3244 2.39165
      vertex -86 -22.4018 2.82802
      vertex -86 -23.3244 2.39165
    endloop
  endfacet
  facet normal 0 -0.941523 0.336948
    outer loop
      vertex -86 -17.696 8.02009
      vertex 57 -17.3521 8.98104
      vertex -86 -17.3521 8.98104
    endloop
  endfacet
  facet normal 0 -0.941523 0.336948
    outer loop
      vertex 57 -17.3521 8.98104
      vertex -86 -17.696 8.02009
      vertex 57 -17.696 8.02009
    endloop
  endfacet
  facet normal 0 -0.242987 0.970029
    outer loop
      vertex -86 -24.2854 2.04782
      vertex 57 -25.2754 1.79983
      vertex 57 -24.2854 2.04782
    endloop
  endfacet
  facet normal 0 -0.242987 0.970029
    outer loop
      vertex 57 -25.2754 1.79983
      vertex -86 -24.2854 2.04782
      vertex -86 -25.2754 1.79983
    endloop
  endfacet
  facet normal 0 -0.989169 -0.146783
    outer loop
      vertex -86 -16.9544 13.0194
      vertex 57 -17.1042 14.0289
      vertex -86 -17.1042 14.0289
    endloop
  endfacet
  facet normal 0 -0.989169 -0.146783
    outer loop
      vertex 57 -17.1042 14.0289
      vertex -86 -16.9544 13.0194
      vertex 57 -16.9544 13.0194
    endloop
  endfacet
  facet normal 0 -0.998794 -0.0490873
    outer loop
      vertex -86 -16.9043 12
      vertex 57 -16.9544 13.0194
      vertex -86 -16.9544 13.0194
    endloop
  endfacet
  facet normal 0 -0.998794 -0.0490873
    outer loop
      vertex 57 -16.9544 13.0194
      vertex -86 -16.9043 12
      vertex 57 -16.9043 12
    endloop
  endfacet
  facet normal 0 -0.970056 -0.242881
    outer loop
      vertex -86 -17.1042 14.0289
      vertex 57 -17.3521 15.019
      vertex -86 -17.3521 15.019
    endloop
  endfacet
  facet normal 0 -0.970056 -0.242881
    outer loop
      vertex 57 -17.3521 15.019
      vertex -86 -17.1042 14.0289
      vertex 57 -17.1042 14.0289
    endloop
  endfacet
  facet normal -0 0.427565 0.903984
    outer loop
      vertex -86 -31.2842 2.39165
      vertex 57 -32.2068 2.82802
      vertex 57 -31.2842 2.39165
    endloop
  endfacet
  facet normal 0 0.427565 0.903984
    outer loop
      vertex 57 -32.2068 2.82802
      vertex -86 -31.2842 2.39165
      vertex -86 -32.2068 2.82802
    endloop
  endfacet
  facet normal 0 -0.98917 0.146777
    outer loop
      vertex -86 -17.1042 9.97106
      vertex 57 -16.9544 10.9806
      vertex -86 -16.9544 10.9806
    endloop
  endfacet
  facet normal 0 -0.98917 0.146777
    outer loop
      vertex 57 -16.9544 10.9806
      vertex -86 -17.1042 9.97106
      vertex 57 -17.1042 9.97106
    endloop
  endfacet
  facet normal 0 -0.989171 0.146767
    outer loop
      vertex 57 -15.1426 9.58088
      vertex 86 -14.964 10.7846
      vertex 57 -14.964 10.7846
    endloop
  endfacet
  facet normal 0 -0.989171 0.146767
    outer loop
      vertex 86 -14.964 10.7846
      vertex 57 -15.1426 9.58088
      vertex 86 -15.1426 9.58088
    endloop
  endfacet
  facet normal 1 0 0
    outer loop
      vertex 57 -14.964 13.2154
      vertex 57 -16.9544 13.0194
      vertex 57 -16.9043 12
    endloop
  endfacet
  facet normal 1 0 0
    outer loop
      vertex 57 -17.3521 15.019
      vertex 57 -16.7178 17.2279
      vertex 57 -17.0172 17.0863
    endloop
  endfacet
  facet normal 1 0 0
    outer loop
      vertex 57 -15.1406 14.4055
      vertex 57 -17.1042 14.0289
      vertex 57 -16.9544 13.0194
    endloop
  endfacet
  facet normal 1 0 0
    outer loop
      vertex 57 -17.696 15.9799
      vertex 57 -17.0172 17.0863
      vertex 57 -17.329 16.9747
    endloop
  endfacet
  facet normal 1 0 0
    outer loop
      vertex 57 -15.1406 14.4055
      vertex 57 -17.3521 15.019
      vertex 57 -17.1042 14.0289
    endloop
  endfacet
  facet normal 1 0 0
    outer loop
      vertex 57 -17.696 15.9799
      vertex 57 -17.329 16.9747
      vertex 57 -17.6503 16.8942
    endloop
  endfacet
  facet normal 1 0 0
    outer loop
      vertex 57 -17.0172 17.0863
      vertex 57 -17.696 15.9799
      vertex 57 -17.3521 15.019
    endloop
  endfacet
  facet normal 1 -0 0
    outer loop
      vertex 57 -17.9779 16.8456
      vertex 57 -17.696 15.9799
      vertex 57 -17.6503 16.8942
    endloop
  endfacet
  facet normal 1 0 0
    outer loop
      vertex 57 -17.696 15.9799
      vertex 57 -17.9779 16.8456
      vertex 57 -18.1025 16.8395
    endloop
  endfacet
  facet normal 1 0 0
    outer loop
      vertex 57 3.23885 26.4406
      vertex 57 1.24848 26.2445
      vertex 57 1.29856 25.2252
    endloop
  endfacet
  facet normal 1 0 0
    outer loop
      vertex 57 0.850738 28.2441
      vertex 57 1.48512 30.4531
      vertex 57 1.18571 30.3114
    endloop
  endfacet
  facet normal 1 0 0
    outer loop
      vertex 57 3.06232 27.6307
      vertex 57 1.09873 27.2541
      vertex 57 1.24848 26.2445
    endloop
  endfacet
  facet normal 1 0 0
    outer loop
      vertex 57 0.506906 29.2051
      vertex 57 1.18571 30.3114
      vertex 57 0.873865 30.1999
    endloop
  endfacet
  facet normal 1 0 0
    outer loop
      vertex 57 3.06232 27.6307
      vertex 57 0.850738 28.2441
      vertex 57 1.09873 27.2541
    endloop
  endfacet
  facet normal 1 0 0
    outer loop
      vertex 57 0.506906 29.2051
      vertex 57 0.873865 30.1999
      vertex 57 0.552584 30.1194
    endloop
  endfacet
  facet normal 1 0 0
    outer loop
      vertex 57 1.18571 30.3114
      vertex 57 0.506906 29.2051
      vertex 57 0.850738 28.2441
    endloop
  endfacet
  facet normal 1 -0 0
    outer loop
      vertex 57 0.224961 30.0708
      vertex 57 0.506906 29.2051
      vertex 57 0.552584 30.1194
    endloop
  endfacet
  facet normal 1 0 0
    outer loop
      vertex 57 0.506906 29.2051
      vertex 57 0.224961 30.0708
      vertex 57 0.100347 30.0647
    endloop
  endfacet
  facet normal 1 0 0
    outer loop
      vertex 57 21.4417 39.6657
      vertex 57 19.4514 39.4697
      vertex 57 19.5014 38.4503
    endloop
  endfacet
  facet normal 1 0 0
    outer loop
      vertex 57 19.0536 41.4693
      vertex 57 19.688 43.6782
      vertex 57 19.3886 43.5366
    endloop
  endfacet
  facet normal 1 0 0
    outer loop
      vertex 57 21.2652 40.8558
      vertex 57 19.3016 40.4793
      vertex 57 19.4514 39.4697
    endloop
  endfacet
  facet normal 1 0 0
    outer loop
      vertex 57 18.7098 42.4302
      vertex 57 19.3886 43.5366
      vertex 57 19.0767 43.425
    endloop
  endfacet
  facet normal 1 0 0
    outer loop
      vertex 57 21.2652 40.8558
      vertex 57 19.0536 41.4693
      vertex 57 19.3016 40.4793
    endloop
  endfacet
  facet normal 1 0 0
    outer loop
      vertex 57 18.7098 42.4302
      vertex 57 19.0767 43.425
      vertex 57 18.7555 43.3446
    endloop
  endfacet
  facet normal 1 0 0
    outer loop
      vertex 57 19.3886 43.5366
      vertex 57 18.7098 42.4302
      vertex 57 19.0536 41.4693
    endloop
  endfacet
  facet normal 1 -0 0
    outer loop
      vertex 57 18.4278 43.296
      vertex 57 18.7098 42.4302
      vertex 57 18.7555 43.3446
    endloop
  endfacet
  facet normal 1 0 0
    outer loop
      vertex 57 18.7098 42.4302
      vertex 57 18.4278 43.296
      vertex 57 18.3032 43.2898
    endloop
  endfacet
  facet normal 1 0 0
    outer loop
      vertex 57 37.2565 54.6945
      vertex 57 39.3043 54.7403
      vertex 57 39.1704 55.275
    endloop
  endfacet
  facet normal 1 0 0
    outer loop
      vertex 57 39.3043 54.7403
      vertex 57 37.7043 51.6755
      vertex 57 39.3043 48.6107
    endloop
  endfacet
  facet normal 1 0 0
    outer loop
      vertex 57 37.2565 54.6945
      vertex 57 39.1704 55.275
      vertex 57 38.7604 56.4208
    endloop
  endfacet
  facet normal 1 -0 0
    outer loop
      vertex 57 37.6542 50.6561
      vertex 57 39.3043 48.6107
      vertex 57 37.7043 51.6755
    endloop
  endfacet
  facet normal 1 0 0
    outer loop
      vertex 57 36.9127 55.6554
      vertex 57 38.7604 56.4208
      vertex 57 38.2401 57.5208
    endloop
  endfacet
  facet normal 1 -0 0
    outer loop
      vertex 57 37.5045 49.6466
      vertex 57 39.3043 48.6107
      vertex 57 37.6542 50.6561
    endloop
  endfacet
  facet normal 1 -0 0
    outer loop
      vertex 57 37.2565 48.6565
      vertex 57 39.3043 48.6107
      vertex 57 37.5045 49.6466
    endloop
  endfacet
  facet normal 1 0 0
    outer loop
      vertex 57 39.3043 54.7403
      vertex 57 37.6542 52.6949
      vertex 57 37.7043 51.6755
    endloop
  endfacet
  facet normal 1 0 0
    outer loop
      vertex 57 36.4763 56.578
      vertex 57 38.2401 57.5208
      vertex 57 37.6145 58.5646
    endloop
  endfacet
  facet normal 1 0 0
    outer loop
      vertex 57 39.3043 54.7403
      vertex 57 37.5045 53.7044
      vertex 57 37.6542 52.6949
    endloop
  endfacet
  facet normal 1 0 0
    outer loop
      vertex 57 35.9516 57.4534
      vertex 57 37.6145 58.5646
      vertex 57 37.3245 58.9556
    endloop
  endfacet
  facet normal 1 0 0
    outer loop
      vertex 57 39.3043 54.7403
      vertex 57 37.2565 54.6945
      vertex 57 37.5045 53.7044
    endloop
  endfacet
  facet normal 1 0 0
    outer loop
      vertex 57 38.7604 56.4208
      vertex 57 36.9127 55.6554
      vertex 57 37.2565 54.6945
    endloop
  endfacet
  facet normal 1 0 0
    outer loop
      vertex 57 38.2401 57.5208
      vertex 57 36.4763 56.578
      vertex 57 36.9127 55.6554
    endloop
  endfacet
  facet normal 1 0 0
    outer loop
      vertex 57 37.6145 58.5646
      vertex 57 35.9516 57.4534
      vertex 57 36.4763 56.578
    endloop
  endfacet
  facet normal 1 0 -0
    outer loop
      vertex 57 35.9516 57.4534
      vertex 57 37.3245 58.9556
      vertex 57 35.7084 57.7814
    endloop
  endfacet
  facet normal 1 0 0
    outer loop
      vertex 57 39.3043 48.6107
      vertex 57 37.2565 48.6565
      vertex 57 39.1704 48.076
    endloop
  endfacet
  facet normal 1 0 0
    outer loop
      vertex 57 39.1704 48.076
      vertex 57 37.2565 48.6565
      vertex 57 38.7604 46.9302
    endloop
  endfacet
  facet normal 1 -0 0
    outer loop
      vertex 57 36.9127 47.6956
      vertex 57 38.7604 46.9302
      vertex 57 37.2565 48.6565
    endloop
  endfacet
  facet normal 1 0 0
    outer loop
      vertex 57 38.7604 46.9302
      vertex 57 36.9127 47.6956
      vertex 57 38.2401 45.8302
    endloop
  endfacet
  facet normal 1 -0 0
    outer loop
      vertex 57 36.4763 46.773
      vertex 57 38.2401 45.8302
      vertex 57 36.9127 47.6956
    endloop
  endfacet
  facet normal 1 0 0
    outer loop
      vertex 57 38.2401 45.8302
      vertex 57 36.4763 46.773
      vertex 57 37.6145 44.7864
    endloop
  endfacet
  facet normal 1 -0 0
    outer loop
      vertex 57 35.9516 45.8976
      vertex 57 37.6145 44.7864
      vertex 57 36.4763 46.773
    endloop
  endfacet
  facet normal 1 0 0
    outer loop
      vertex 57 37.6145 44.7864
      vertex 57 35.9516 45.8976
      vertex 57 36.8897 43.809
    endloop
  endfacet
  facet normal 1 -0 0
    outer loop
      vertex 57 35.3436 45.0778
      vertex 57 36.8897 43.809
      vertex 57 35.9516 45.8976
    endloop
  endfacet
  facet normal 1 0 0
    outer loop
      vertex 57 36.8897 43.809
      vertex 57 35.3436 45.0778
      vertex 57 36.0724 42.9074
    endloop
  endfacet
  facet normal 1 -0 0
    outer loop
      vertex 57 34.6582 44.3216
      vertex 57 36.0724 42.9074
      vertex 57 35.3436 45.0778
    endloop
  endfacet
  facet normal 1 0 0
    outer loop
      vertex 57 36.0724 42.9074
      vertex 57 34.6582 44.3216
      vertex 57 35.1708 42.0902
    endloop
  endfacet
  facet normal 1 -0 0
    outer loop
      vertex 57 33.902 43.6362
      vertex 57 35.1708 42.0902
      vertex 57 34.6582 44.3216
    endloop
  endfacet
  facet normal 1 0 0
    outer loop
      vertex 57 35.1708 42.0902
      vertex 57 33.902 43.6362
      vertex 57 34.1934 41.3653
    endloop
  endfacet
  facet normal 1 -0 0
    outer loop
      vertex 57 33.0823 43.0282
      vertex 57 34.1934 41.3653
      vertex 57 33.902 43.6362
    endloop
  endfacet
  facet normal 1 0 0
    outer loop
      vertex 57 34.1934 41.3653
      vertex 57 33.0823 43.0282
      vertex 57 33.1496 40.7397
    endloop
  endfacet
  facet normal 1 -0 0
    outer loop
      vertex 57 32.2068 42.5035
      vertex 57 33.1496 40.7397
      vertex 57 33.0823 43.0282
    endloop
  endfacet
  facet normal 1 0 0
    outer loop
      vertex 57 32.2068 42.5035
      vertex 57 32.0496 40.2194
      vertex 57 33.1496 40.7397
    endloop
  endfacet
  facet normal 1 -0 0
    outer loop
      vertex 57 31.2842 42.0672
      vertex 57 32.0496 40.2194
      vertex 57 32.2068 42.5035
    endloop
  endfacet
  facet normal 1 0 0
    outer loop
      vertex 57 31.2842 42.0672
      vertex 57 30.9039 39.8094
      vertex 57 32.0496 40.2194
    endloop
  endfacet
  facet normal 1 -0 0
    outer loop
      vertex 57 30.3233 41.7233
      vertex 57 30.9039 39.8094
      vertex 57 31.2842 42.0672
    endloop
  endfacet
  facet normal 1 0 0
    outer loop
      vertex 57 30.3233 41.7233
      vertex 57 29.7234 39.5138
      vertex 57 30.9039 39.8094
    endloop
  endfacet
  facet normal 1 -0 0
    outer loop
      vertex 57 29.3333 41.4753
      vertex 57 29.7234 39.5138
      vertex 57 30.3233 41.7233
    endloop
  endfacet
  facet normal 1 0 0
    outer loop
      vertex 57 29.3333 41.4753
      vertex 57 28.5197 39.3352
      vertex 57 29.7234 39.5138
    endloop
  endfacet
  facet normal 1 -0 0
    outer loop
      vertex 57 28.3237 41.3256
      vertex 57 28.5197 39.3352
      vertex 57 29.3333 41.4753
    endloop
  endfacet
  facet normal 1 -0 0
    outer loop
      vertex 57 27.3043 41.2755
      vertex 57 28.5197 39.3352
      vertex 57 28.3237 41.3256
    endloop
  endfacet
  facet normal 1 0 0
    outer loop
      vertex 57 27.3043 41.2755
      vertex 57 27.3043 39.2755
      vertex 57 28.5197 39.3352
    endloop
  endfacet
  facet normal 1 0 0
    outer loop
      vertex 57 26.2849 41.3256
      vertex 57 27.3043 39.2755
      vertex 57 27.3043 41.2755
    endloop
  endfacet
  facet normal 1 0 0
    outer loop
      vertex 57 26.2849 41.3256
      vertex 57 26.0889 39.3352
      vertex 57 27.3043 39.2755
    endloop
  endfacet
  facet normal 1 0 0
    outer loop
      vertex 57 25.2754 41.4753
      vertex 57 26.0889 39.3352
      vertex 57 26.2849 41.3256
    endloop
  endfacet
  facet normal 1 0 0
    outer loop
      vertex 57 25.2754 41.4753
      vertex 57 24.8852 39.5138
      vertex 57 26.0889 39.3352
    endloop
  endfacet
  facet normal 1 0 0
    outer loop
      vertex 57 24.2854 41.7233
      vertex 57 24.8852 39.5138
      vertex 57 25.2754 41.4753
    endloop
  endfacet
  facet normal 1 0 0
    outer loop
      vertex 57 24.2854 41.7233
      vertex 57 23.7048 39.8094
      vertex 57 24.8852 39.5138
    endloop
  endfacet
  facet normal 1 0 0
    outer loop
      vertex 57 23.3244 42.0672
      vertex 57 23.7048 39.8094
      vertex 57 24.2854 41.7233
    endloop
  endfacet
  facet normal 1 0 0
    outer loop
      vertex 57 23.3244 42.0672
      vertex 57 22.559 40.2194
      vertex 57 23.7048 39.8094
    endloop
  endfacet
  facet normal 1 0 0
    outer loop
      vertex 57 22.4018 42.5035
      vertex 57 22.559 40.2194
      vertex 57 23.3244 42.0672
    endloop
  endfacet
  facet normal 1 0 0
    outer loop
      vertex 57 21.2652 40.8558
      vertex 57 22.4018 42.5035
      vertex 57 21.5264 43.0282
    endloop
  endfacet
  facet normal 1 0 0
    outer loop
      vertex 57 22.4018 42.5035
      vertex 57 21.459 40.7397
      vertex 57 22.559 40.2194
    endloop
  endfacet
  facet normal 1 0 0
    outer loop
      vertex 57 22.4018 42.5035
      vertex 57 21.2652 40.8558
      vertex 57 21.459 40.7397
    endloop
  endfacet
  facet normal 1 -0 0
    outer loop
      vertex 57 19.4514 37.431
      vertex 57 21.4417 37.2349
      vertex 57 19.5014 38.4503
    endloop
  endfacet
  facet normal 1 0 0
    outer loop
      vertex 57 19.0536 41.4693
      vertex 57 21.5264 43.0282
      vertex 57 20.7066 43.6362
    endloop
  endfacet
  facet normal 1 0 0
    outer loop
      vertex 57 19.0536 41.4693
      vertex 57 20.7066 43.6362
      vertex 57 19.688 43.6782
    endloop
  endfacet
  facet normal 1 0 0
    outer loop
      vertex 57 21.4417 37.2349
      vertex 57 19.4514 37.431
      vertex 57 21.2632 36.0312
    endloop
  endfacet
  facet normal 1 -0 0
    outer loop
      vertex 57 20.2381 44.0458
      vertex 57 20.7066 43.6362
      vertex 57 20.2464 44.0533
    endloop
  endfacet
  facet normal 1 -0 0
    outer loop
      vertex 57 19.9721 43.8485
      vertex 57 20.7066 43.6362
      vertex 57 20.2381 44.0458
    endloop
  endfacet
  facet normal 1 -0 0
    outer loop
      vertex 57 19.3016 36.4214
      vertex 57 21.2632 36.0312
      vertex 57 19.4514 37.431
    endloop
  endfacet
  facet normal 1 -0 0
    outer loop
      vertex 57 19.688 43.6782
      vertex 57 20.7066 43.6362
      vertex 57 19.9721 43.8485
    endloop
  endfacet
  facet normal 1 0 0
    outer loop
      vertex 57 21.5264 43.0282
      vertex 57 19.0536 41.4693
      vertex 57 21.2652 40.8558
    endloop
  endfacet
  facet normal 1 0 0
    outer loop
      vertex 57 21.2632 36.0312
      vertex 57 19.3016 36.4214
      vertex 57 20.9675 34.8508
    endloop
  endfacet
  facet normal 1 -0 0
    outer loop
      vertex 57 19.0536 35.4314
      vertex 57 20.9675 34.8508
      vertex 57 19.3016 36.4214
    endloop
  endfacet
  facet normal 1 0 0
    outer loop
      vertex 57 20.9675 34.8508
      vertex 57 19.0536 35.4314
      vertex 57 20.5575 33.7051
    endloop
  endfacet
  facet normal 1 -0 0
    outer loop
      vertex 57 18.7098 34.4704
      vertex 57 20.5575 33.7051
      vertex 57 19.0536 35.4314
    endloop
  endfacet
  facet normal 1 0 0
    outer loop
      vertex 57 20.5575 33.7051
      vertex 57 18.7098 34.4704
      vertex 57 20.0373 32.605
    endloop
  endfacet
  facet normal 1 -0 0
    outer loop
      vertex 57 18.2734 33.5478
      vertex 57 20.0373 32.605
      vertex 57 18.7098 34.4704
    endloop
  endfacet
  facet normal 1 0 0
    outer loop
      vertex 57 20.0373 32.605
      vertex 57 18.2734 33.5478
      vertex 57 19.4117 31.5613
    endloop
  endfacet
  facet normal 1 -0 0
    outer loop
      vertex 57 17.7487 32.6724
      vertex 57 19.4117 31.5613
      vertex 57 18.2734 33.5478
    endloop
  endfacet
  facet normal 1 0 0
    outer loop
      vertex 57 19.4117 31.5613
      vertex 57 17.7487 32.6724
      vertex 57 18.6868 30.5839
    endloop
  endfacet
  facet normal 1 -0 0
    outer loop
      vertex 57 17.1407 31.8526
      vertex 57 18.6868 30.5839
      vertex 57 17.7487 32.6724
    endloop
  endfacet
  facet normal 1 0 0
    outer loop
      vertex 57 18.6868 30.5839
      vertex 57 17.1407 31.8526
      vertex 57 17.8696 29.6822
    endloop
  endfacet
  facet normal 1 -0 0
    outer loop
      vertex 57 16.4554 31.0964
      vertex 57 17.8696 29.6822
      vertex 57 17.1407 31.8526
    endloop
  endfacet
  facet normal 1 0 0
    outer loop
      vertex 57 17.8696 29.6822
      vertex 57 16.4554 31.0964
      vertex 57 16.9679 28.865
    endloop
  endfacet
  facet normal 1 -0 0
    outer loop
      vertex 57 15.6991 30.411
      vertex 57 16.9679 28.865
      vertex 57 16.4554 31.0964
    endloop
  endfacet
  facet normal 1 0 0
    outer loop
      vertex 57 16.9679 28.865
      vertex 57 15.6991 30.411
      vertex 57 15.9905 28.1401
    endloop
  endfacet
  facet normal 1 -0 0
    outer loop
      vertex 57 14.8794 29.8031
      vertex 57 15.9905 28.1401
      vertex 57 15.6991 30.411
    endloop
  endfacet
  facet normal 1 0 0
    outer loop
      vertex 57 15.9905 28.1401
      vertex 57 14.8794 29.8031
      vertex 57 14.9468 27.5145
    endloop
  endfacet
  facet normal 1 -0 0
    outer loop
      vertex 57 14.004 29.2784
      vertex 57 14.9468 27.5145
      vertex 57 14.8794 29.8031
    endloop
  endfacet
  facet normal 1 0 0
    outer loop
      vertex 57 14.004 29.2784
      vertex 57 13.8467 26.9942
      vertex 57 14.9468 27.5145
    endloop
  endfacet
  facet normal 1 -0 0
    outer loop
      vertex 57 13.0813 28.842
      vertex 57 13.8467 26.9942
      vertex 57 14.004 29.2784
    endloop
  endfacet
  facet normal 1 0 0
    outer loop
      vertex 57 13.0813 28.842
      vertex 57 12.701 26.5843
      vertex 57 13.8467 26.9942
    endloop
  endfacet
  facet normal 1 -0 0
    outer loop
      vertex 57 12.1204 28.4982
      vertex 57 12.701 26.5843
      vertex 57 13.0813 28.842
    endloop
  endfacet
  facet normal 1 0 0
    outer loop
      vertex 57 12.1204 28.4982
      vertex 57 11.5206 26.2886
      vertex 57 12.701 26.5843
    endloop
  endfacet
  facet normal 1 -0 0
    outer loop
      vertex 57 11.1304 28.2502
      vertex 57 11.5206 26.2886
      vertex 57 12.1204 28.4982
    endloop
  endfacet
  facet normal 1 0 0
    outer loop
      vertex 57 11.1304 28.2502
      vertex 57 10.3169 26.11
      vertex 57 11.5206 26.2886
    endloop
  endfacet
  facet normal 1 -0 0
    outer loop
      vertex 57 10.1208 28.1004
      vertex 57 10.3169 26.11
      vertex 57 11.1304 28.2502
    endloop
  endfacet
  facet normal 1 -0 0
    outer loop
      vertex 57 9.10144 28.0503
      vertex 57 10.3169 26.11
      vertex 57 10.1208 28.1004
    endloop
  endfacet
  facet normal 1 0 0
    outer loop
      vertex 57 9.10144 28.0503
      vertex 57 9.10144 26.0503
      vertex 57 10.3169 26.11
    endloop
  endfacet
  facet normal 1 0 0
    outer loop
      vertex 57 8.08206 28.1004
      vertex 57 9.10144 26.0503
      vertex 57 9.10144 28.0503
    endloop
  endfacet
  facet normal 1 0 0
    outer loop
      vertex 57 8.08206 28.1004
      vertex 57 7.88603 26.11
      vertex 57 9.10144 26.0503
    endloop
  endfacet
  facet normal 1 0 0
    outer loop
      vertex 57 7.0725 28.2502
      vertex 57 7.88603 26.11
      vertex 57 8.08206 28.1004
    endloop
  endfacet
  facet normal 1 0 0
    outer loop
      vertex 57 7.0725 28.2502
      vertex 57 6.68232 26.2886
      vertex 57 7.88603 26.11
    endloop
  endfacet
  facet normal 1 0 0
    outer loop
      vertex 57 6.08248 28.4982
      vertex 57 6.68232 26.2886
      vertex 57 7.0725 28.2502
    endloop
  endfacet
  facet normal 1 0 0
    outer loop
      vertex 57 6.08248 28.4982
      vertex 57 5.50191 26.5843
      vertex 57 6.68232 26.2886
    endloop
  endfacet
  facet normal 1 0 0
    outer loop
      vertex 57 5.12153 28.842
      vertex 57 5.50191 26.5843
      vertex 57 6.08248 28.4982
    endloop
  endfacet
  facet normal 1 0 0
    outer loop
      vertex 57 5.12153 28.842
      vertex 57 4.35617 26.9942
      vertex 57 5.50191 26.5843
    endloop
  endfacet
  facet normal 1 0 0
    outer loop
      vertex 57 4.19891 29.2784
      vertex 57 4.35617 26.9942
      vertex 57 5.12153 28.842
    endloop
  endfacet
  facet normal 1 0 0
    outer loop
      vertex 57 3.06232 27.6307
      vertex 57 4.19891 29.2784
      vertex 57 3.32351 29.8031
    endloop
  endfacet
  facet normal 1 0 0
    outer loop
      vertex 57 4.19891 29.2784
      vertex 57 3.25612 27.5145
      vertex 57 4.35617 26.9942
    endloop
  endfacet
  facet normal 1 0 0
    outer loop
      vertex 57 4.19891 29.2784
      vertex 57 3.06232 27.6307
      vertex 57 3.25612 27.5145
    endloop
  endfacet
  facet normal 1 -0 0
    outer loop
      vertex 57 1.24848 24.2058
      vertex 57 3.23885 24.0098
      vertex 57 1.29856 25.2252
    endloop
  endfacet
  facet normal 1 0 0
    outer loop
      vertex 57 0.850738 28.2441
      vertex 57 3.32351 29.8031
      vertex 57 2.50375 30.411
    endloop
  endfacet
  facet normal 1 0 0
    outer loop
      vertex 57 0.850738 28.2441
      vertex 57 2.50375 30.411
      vertex 57 1.48512 30.4531
    endloop
  endfacet
  facet normal 1 0 0
    outer loop
      vertex 57 3.23885 24.0098
      vertex 57 1.24848 24.2058
      vertex 57 3.0603 22.806
    endloop
  endfacet
  facet normal 1 -0 0
    outer loop
      vertex 57 2.03523 30.8206
      vertex 57 2.50375 30.411
      vertex 57 2.04353 30.8281
    endloop
  endfacet
  facet normal 1 -0 0
    outer loop
      vertex 57 1.7692 30.6233
      vertex 57 2.50375 30.411
      vertex 57 2.03523 30.8206
    endloop
  endfacet
  facet normal 1 -0 0
    outer loop
      vertex 57 1.09873 23.1962
      vertex 57 3.0603 22.806
      vertex 57 1.24848 24.2058
    endloop
  endfacet
  facet normal 1 -0 0
    outer loop
      vertex 57 1.48512 30.4531
      vertex 57 2.50375 30.411
      vertex 57 1.7692 30.6233
    endloop
  endfacet
  facet normal 1 0 0
    outer loop
      vertex 57 3.32351 29.8031
      vertex 57 0.850738 28.2441
      vertex 57 3.06232 27.6307
    endloop
  endfacet
  facet normal 1 0 0
    outer loop
      vertex 57 3.0603 22.806
      vertex 57 1.09873 23.1962
      vertex 57 2.76462 21.6256
    endloop
  endfacet
  facet normal 1 -0 0
    outer loop
      vertex 57 0.850738 22.2062
      vertex 57 2.76462 21.6256
      vertex 57 1.09873 23.1962
    endloop
  endfacet
  facet normal 1 0 0
    outer loop
      vertex 57 2.76462 21.6256
      vertex 57 0.850738 22.2062
      vertex 57 2.35466 20.4799
    endloop
  endfacet
  facet normal 1 -0 0
    outer loop
      vertex 57 0.506906 21.2453
      vertex 57 2.35466 20.4799
      vertex 57 0.850738 22.2062
    endloop
  endfacet
  facet normal 1 0 0
    outer loop
      vertex 57 2.35466 20.4799
      vertex 57 0.506906 21.2453
      vertex 57 1.83438 19.3798
    endloop
  endfacet
  facet normal 1 -0 0
    outer loop
      vertex 57 0.0705395 20.3226
      vertex 57 1.83438 19.3798
      vertex 57 0.506906 21.2453
    endloop
  endfacet
  facet normal 1 0 0
    outer loop
      vertex 57 1.83438 19.3798
      vertex 57 0.0705395 20.3226
      vertex 57 1.20878 18.3361
    endloop
  endfacet
  facet normal 1 -0 0
    outer loop
      vertex 57 -0.454157 19.4472
      vertex 57 1.20878 18.3361
      vertex 57 0.0705395 20.3226
    endloop
  endfacet
  facet normal 1 0 0
    outer loop
      vertex 57 1.20878 18.3361
      vertex 57 -0.454157 19.4472
      vertex 57 0.483888 17.3587
    endloop
  endfacet
  facet normal 1 -0 0
    outer loop
      vertex 57 -1.06213 18.6275
      vertex 57 0.483888 17.3587
      vertex 57 -0.454157 19.4472
    endloop
  endfacet
  facet normal 1 0 0
    outer loop
      vertex 57 0.483888 17.3587
      vertex 57 -1.06213 18.6275
      vertex 57 -0.333317 16.457
    endloop
  endfacet
  facet normal 1 -0 0
    outer loop
      vertex 57 -1.74753 17.8713
      vertex 57 -0.333317 16.457
      vertex 57 -1.06213 18.6275
    endloop
  endfacet
  facet normal 1 0 0
    outer loop
      vertex 57 -0.333317 16.457
      vertex 57 -1.74753 17.8713
      vertex 57 -1.23496 15.6398
    endloop
  endfacet
  facet normal 1 -0 0
    outer loop
      vertex 57 -2.50375 17.1859
      vertex 57 -1.23496 15.6398
      vertex 57 -1.74753 17.8713
    endloop
  endfacet
  facet normal 1 0 0
    outer loop
      vertex 57 -1.23496 15.6398
      vertex 57 -2.50375 17.1859
      vertex 57 -2.21237 14.9149
    endloop
  endfacet
  facet normal 1 -0 0
    outer loop
      vertex 57 -3.32351 16.5779
      vertex 57 -2.21237 14.9149
      vertex 57 -2.50375 17.1859
    endloop
  endfacet
  facet normal 1 0 0
    outer loop
      vertex 57 -2.21237 14.9149
      vertex 57 -3.32351 16.5779
      vertex 57 -3.25612 14.2893
    endloop
  endfacet
  facet normal 1 -0 0
    outer loop
      vertex 57 -4.19891 16.0532
      vertex 57 -3.25612 14.2893
      vertex 57 -3.32351 16.5779
    endloop
  endfacet
  facet normal 1 0 0
    outer loop
      vertex 57 -4.19891 16.0532
      vertex 57 -4.35617 13.7691
      vertex 57 -3.25612 14.2893
    endloop
  endfacet
  facet normal 1 -0 0
    outer loop
      vertex 57 -5.12153 15.6168
      vertex 57 -4.35617 13.7691
      vertex 57 -4.19891 16.0532
    endloop
  endfacet
  facet normal 1 0 0
    outer loop
      vertex 57 -5.12153 15.6168
      vertex 57 -5.50191 13.3591
      vertex 57 -4.35617 13.7691
    endloop
  endfacet
  facet normal 1 -0 0
    outer loop
      vertex 57 -6.08248 15.273
      vertex 57 -5.50191 13.3591
      vertex 57 -5.12153 15.6168
    endloop
  endfacet
  facet normal 1 0 0
    outer loop
      vertex 57 -6.08248 15.273
      vertex 57 -6.68232 13.0634
      vertex 57 -5.50191 13.3591
    endloop
  endfacet
  facet normal 1 -0 0
    outer loop
      vertex 57 -7.0725 15.025
      vertex 57 -6.68232 13.0634
      vertex 57 -6.08248 15.273
    endloop
  endfacet
  facet normal 1 0 0
    outer loop
      vertex 57 -7.0725 15.025
      vertex 57 -7.88603 12.8849
      vertex 57 -6.68232 13.0634
    endloop
  endfacet
  facet normal 1 -0 0
    outer loop
      vertex 57 -8.08206 14.8752
      vertex 57 -7.88603 12.8849
      vertex 57 -7.0725 15.025
    endloop
  endfacet
  facet normal 1 -0 0
    outer loop
      vertex 57 -9.10144 14.8252
      vertex 57 -7.88603 12.8849
      vertex 57 -8.08206 14.8752
    endloop
  endfacet
  facet normal 1 0 0
    outer loop
      vertex 57 -9.10144 14.8252
      vertex 57 -9.10144 12.8252
      vertex 57 -7.88603 12.8849
    endloop
  endfacet
  facet normal 1 0 0
    outer loop
      vertex 57 -10.1208 14.8752
      vertex 57 -9.10144 12.8252
      vertex 57 -9.10144 14.8252
    endloop
  endfacet
  facet normal 1 0 0
    outer loop
      vertex 57 -10.1208 14.8752
      vertex 57 -10.3169 12.8849
      vertex 57 -9.10144 12.8252
    endloop
  endfacet
  facet normal 1 0 0
    outer loop
      vertex 57 -11.1304 15.025
      vertex 57 -10.3169 12.8849
      vertex 57 -10.1208 14.8752
    endloop
  endfacet
  facet normal 1 0 0
    outer loop
      vertex 57 -11.1304 15.025
      vertex 57 -11.5206 13.0634
      vertex 57 -10.3169 12.8849
    endloop
  endfacet
  facet normal 1 0 0
    outer loop
      vertex 57 -12.1204 15.273
      vertex 57 -11.5206 13.0634
      vertex 57 -11.1304 15.025
    endloop
  endfacet
  facet normal 1 0 0
    outer loop
      vertex 57 -12.1204 15.273
      vertex 57 -12.701 13.3591
      vertex 57 -11.5206 13.0634
    endloop
  endfacet
  facet normal 1 0 0
    outer loop
      vertex 57 -13.0813 15.6168
      vertex 57 -12.701 13.3591
      vertex 57 -12.1204 15.273
    endloop
  endfacet
  facet normal 1 0 0
    outer loop
      vertex 57 -13.0813 15.6168
      vertex 57 -13.8467 13.7691
      vertex 57 -12.701 13.3591
    endloop
  endfacet
  facet normal 1 0 0
    outer loop
      vertex 57 -14.004 16.0532
      vertex 57 -13.8467 13.7691
      vertex 57 -13.0813 15.6168
    endloop
  endfacet
  facet normal 1 0 0
    outer loop
      vertex 57 -15.1406 14.4055
      vertex 57 -14.004 16.0532
      vertex 57 -14.8794 16.5779
    endloop
  endfacet
  facet normal 1 0 0
    outer loop
      vertex 57 -14.004 16.0532
      vertex 57 -14.9468 14.2893
      vertex 57 -13.8467 13.7691
    endloop
  endfacet
  facet normal 1 0 0
    outer loop
      vertex 57 -14.004 16.0532
      vertex 57 -15.1406 14.4055
      vertex 57 -14.9468 14.2893
    endloop
  endfacet
  facet normal 1 -0 0
    outer loop
      vertex 57 -16.9544 10.9806
      vertex 57 -14.964 10.7846
      vertex 57 -16.9043 12
    endloop
  endfacet
  facet normal 1 0 0
    outer loop
      vertex 57 -17.3521 15.019
      vertex 57 -14.8794 16.5779
      vertex 57 -15.6991 17.1859
    endloop
  endfacet
  facet normal 1 0 0
    outer loop
      vertex 57 -17.3521 15.019
      vertex 57 -15.6991 17.1859
      vertex 57 -16.7178 17.2279
    endloop
  endfacet
  facet normal 1 0 0
    outer loop
      vertex 57 -14.964 10.7846
      vertex 57 -16.9544 10.9806
      vertex 57 -15.1426 9.58088
    endloop
  endfacet
  facet normal 1 -0 0
    outer loop
      vertex 57 -16.1677 17.5955
      vertex 57 -15.6991 17.1859
      vertex 57 -16.1594 17.603
    endloop
  endfacet
  facet normal 1 -0 0
    outer loop
      vertex 57 -16.4337 17.3982
      vertex 57 -15.6991 17.1859
      vertex 57 -16.1677 17.5955
    endloop
  endfacet
  facet normal 1 -0 0
    outer loop
      vertex 57 -17.1042 9.97106
      vertex 57 -15.1426 9.58088
      vertex 57 -16.9544 10.9806
    endloop
  endfacet
  facet normal 1 -0 0
    outer loop
      vertex 57 -16.7178 17.2279
      vertex 57 -15.6991 17.1859
      vertex 57 -16.4337 17.3982
    endloop
  endfacet
  facet normal 1 0 0
    outer loop
      vertex 57 -14.8794 16.5779
      vertex 57 -17.3521 15.019
      vertex 57 -15.1406 14.4055
    endloop
  endfacet
  facet normal 1 0 0
    outer loop
      vertex 57 -15.1426 9.58088
      vertex 57 -17.1042 9.97106
      vertex 57 -15.4383 8.40047
    endloop
  endfacet
  facet normal 1 -0 0
    outer loop
      vertex 57 -17.3521 8.98104
      vertex 57 -15.4383 8.40047
      vertex 57 -17.1042 9.97106
    endloop
  endfacet
  facet normal 1 0 0
    outer loop
      vertex 57 -15.4383 8.40047
      vertex 57 -17.3521 8.98104
      vertex 57 -15.8482 7.25472
    endloop
  endfacet
  facet normal 1 -0 0
    outer loop
      vertex 57 -17.696 8.02009
      vertex 57 -15.8482 7.25472
      vertex 57 -17.3521 8.98104
    endloop
  endfacet
  facet normal 1 0 0
    outer loop
      vertex 57 -15.8482 7.25472
      vertex 57 -17.696 8.02009
      vertex 57 -16.3685 6.15468
    endloop
  endfacet
  facet normal 1 -0 0
    outer loop
      vertex 57 -18.1323 7.09747
      vertex 57 -16.3685 6.15468
      vertex 57 -17.696 8.02009
    endloop
  endfacet
  facet normal 1 0 0
    outer loop
      vertex 57 -16.3685 6.15468
      vertex 57 -18.1323 7.09747
      vertex 57 -16.9941 5.11093
    endloop
  endfacet
  facet normal 1 -0 0
    outer loop
      vertex 57 -18.657 6.22207
      vertex 57 -16.9941 5.11093
      vertex 57 -18.1323 7.09747
    endloop
  endfacet
  facet normal 1 0 0
    outer loop
      vertex 57 -16.9941 5.11093
      vertex 57 -18.657 6.22207
      vertex 57 -17.719 4.13352
    endloop
  endfacet
  facet normal 1 -0 0
    outer loop
      vertex 57 -19.265 5.40231
      vertex 57 -17.719 4.13352
      vertex 57 -18.657 6.22207
    endloop
  endfacet
  facet normal 1 0 0
    outer loop
      vertex 57 -17.719 4.13352
      vertex 57 -19.265 5.40231
      vertex 57 -18.5362 3.23188
    endloop
  endfacet
  facet normal 1 -0 0
    outer loop
      vertex 57 -19.9504 4.64609
      vertex 57 -18.5362 3.23188
      vertex 57 -19.265 5.40231
    endloop
  endfacet
  facet normal 1 0 0
    outer loop
      vertex 57 -18.5362 3.23188
      vertex 57 -19.9504 4.64609
      vertex 57 -19.4378 2.41467
    endloop
  endfacet
  facet normal 1 -0 0
    outer loop
      vertex 57 -20.7066 3.96069
      vertex 57 -19.4378 2.41467
      vertex 57 -19.9504 4.64609
    endloop
  endfacet
  facet normal 1 0 0
    outer loop
      vertex 57 -19.4378 2.41467
      vertex 57 -20.7066 3.96069
      vertex 57 -20.4153 1.68978
    endloop
  endfacet
  facet normal 1 -0 0
    outer loop
      vertex 57 -21.5264 3.35272
      vertex 57 -20.4153 1.68978
      vertex 57 -20.7066 3.96069
    endloop
  endfacet
  facet normal 1 0 0
    outer loop
      vertex 57 -20.4153 1.68978
      vertex 57 -21.5264 3.35272
      vertex 57 -21.459 1.06418
    endloop
  endfacet
  facet normal 1 -0 0
    outer loop
      vertex 57 -22.4018 2.82802
      vertex 57 -21.459 1.06418
      vertex 57 -21.5264 3.35272
    endloop
  endfacet
  facet normal 1 0 0
    outer loop
      vertex 57 -22.4018 2.82802
      vertex 57 -22.559 0.543893
      vertex 57 -21.459 1.06418
    endloop
  endfacet
  facet normal 1 -0 0
    outer loop
      vertex 57 -23.3244 2.39165
      vertex 57 -22.559 0.543893
      vertex 57 -22.4018 2.82802
    endloop
  endfacet
  facet normal 1 0 0
    outer loop
      vertex 57 -23.3244 2.39165
      vertex 57 -23.7048 0.13394
      vertex 57 -22.559 0.543893
    endloop
  endfacet
  facet normal 1 -0 0
    outer loop
      vertex 57 -24.2854 2.04782
      vertex 57 -23.7048 0.13394
      vertex 57 -23.3244 2.39165
    endloop
  endfacet
  facet normal 1 0 0
    outer loop
      vertex 57 -23.7048 0.13394
      vertex 57 -24.2854 2.04782
      vertex 57 -24.2395 0
    endloop
  endfacet
  facet normal 1 -0 0
    outer loop
      vertex 57 -25.2754 1.79983
      vertex 57 -24.2395 0
      vertex 57 -24.2854 2.04782
    endloop
  endfacet
  facet normal 1 -0 0
    outer loop
      vertex 57 -26.2849 1.65008
      vertex 57 -24.2395 0
      vertex 57 -25.2754 1.79983
    endloop
  endfacet
  facet normal 1 -0 0
    outer loop
      vertex 57 -27.3043 1.6
      vertex 57 -24.2395 0
      vertex 57 -26.2849 1.65008
    endloop
  endfacet
  facet normal 1 0 0
    outer loop
      vertex 57 -30.3691 0
      vertex 57 -27.3043 1.6
      vertex 57 -28.3237 1.65008
    endloop
  endfacet
  facet normal 1 0 0
    outer loop
      vertex 57 -30.3691 0
      vertex 57 -28.3237 1.65008
      vertex 57 -29.3333 1.79983
    endloop
  endfacet
  facet normal 1 0 0
    outer loop
      vertex 57 -30.3691 0
      vertex 57 -29.3333 1.79983
      vertex 57 -30.3233 2.04782
    endloop
  endfacet
  facet normal 1 0 0
    outer loop
      vertex 57 -27.3043 1.6
      vertex 57 -30.3691 0
      vertex 57 -24.2395 0
    endloop
  endfacet
  facet normal 1 0 0
    outer loop
      vertex 57 -30.3233 2.04782
      vertex 57 -30.9039 0.13394
      vertex 57 -30.3691 0
    endloop
  endfacet
  facet normal 1 0 0
    outer loop
      vertex 57 -31.2842 2.39165
      vertex 57 -30.9039 0.13394
      vertex 57 -30.3233 2.04782
    endloop
  endfacet
  facet normal 1 0 0
    outer loop
      vertex 57 -31.2842 2.39165
      vertex 57 -32.0496 0.543893
      vertex 57 -30.9039 0.13394
    endloop
  endfacet
  facet normal 1 0 0
    outer loop
      vertex 57 -32.2068 2.82802
      vertex 57 -32.0496 0.543893
      vertex 57 -31.2842 2.39165
    endloop
  endfacet
  facet normal 1 0 0
    outer loop
      vertex 57 -33.1496 1.06418
      vertex 57 -32.2068 2.82802
      vertex 57 -33.0823 3.35272
    endloop
  endfacet
  facet normal 1 0 0
    outer loop
      vertex 57 -32.2068 2.82802
      vertex 57 -33.1496 1.06418
      vertex 57 -32.0496 0.543893
    endloop
  endfacet
  facet normal 1 0 0
    outer loop
      vertex 57 -34.1934 1.68978
      vertex 57 -33.0823 3.35272
      vertex 57 -33.902 3.96069
    endloop
  endfacet
  facet normal 1 0 0
    outer loop
      vertex 57 -33.0823 3.35272
      vertex 57 -34.1934 1.68978
      vertex 57 -33.1496 1.06418
    endloop
  endfacet
  facet normal 1 -0 0
    outer loop
      vertex 57 -34.3705 4.3703
      vertex 57 -33.902 3.96069
      vertex 57 -34.3622 4.37781
    endloop
  endfacet
  facet normal 1 -0 0
    outer loop
      vertex 57 -34.6366 4.173
      vertex 57 -33.902 3.96069
      vertex 57 -34.3705 4.3703
    endloop
  endfacet
  facet normal 1 -0 0
    outer loop
      vertex 57 -34.9206 4.00272
      vertex 57 -33.902 3.96069
      vertex 57 -34.6366 4.173
    endloop
  endfacet
  facet normal 1 0 0
    outer loop
      vertex 57 -33.902 3.96069
      vertex 57 -34.9206 4.00272
      vertex 57 -35.1708 2.41467
    endloop
  endfacet
  facet normal 1 0 0
    outer loop
      vertex 57 -33.902 3.96069
      vertex 57 -35.1708 2.41467
      vertex 57 -34.1934 1.68978
    endloop
  endfacet
  facet normal 1 -0 0
    outer loop
      vertex 57 -35.2201 3.86111
      vertex 57 -35.1708 2.41467
      vertex 57 -34.9206 4.00272
    endloop
  endfacet
  facet normal 1 -0 0
    outer loop
      vertex 57 -35.5319 3.74953
      vertex 57 -35.1708 2.41467
      vertex 57 -35.2201 3.86111
    endloop
  endfacet
  facet normal 1 0 0
    outer loop
      vertex 57 -36.0724 3.23188
      vertex 57 -35.5319 3.74953
      vertex 57 -35.8532 3.66906
    endloop
  endfacet
  facet normal 1 0 0
    outer loop
      vertex 57 -35.5319 3.74953
      vertex 57 -36.0724 3.23188
      vertex 57 -35.1708 2.41467
    endloop
  endfacet
  facet normal 1 -0 0
    outer loop
      vertex 57 -36.1808 3.62046
      vertex 57 -36.0724 3.23188
      vertex 57 -35.8532 3.66906
    endloop
  endfacet
  facet normal 1 0 0
    outer loop
      vertex 57 -36.0724 3.23188
      vertex 57 -36.1808 3.62046
      vertex 57 -36.4142 3.60899
    endloop
  endfacet
  facet normal 1 0 0
    outer loop
      vertex 57 19.5014 38.4503
      vertex 57 21.5014 38.4503
      vertex 57 21.4417 39.6657
    endloop
  endfacet
  facet normal 1 0 0
    outer loop
      vertex 57 19.4514 39.4697
      vertex 57 21.4417 39.6657
      vertex 57 21.2652 40.8558
    endloop
  endfacet
  facet normal 1 0 0
    outer loop
      vertex 57 21.5014 38.4503
      vertex 57 19.5014 38.4503
      vertex 57 21.4417 37.2349
    endloop
  endfacet
  facet normal 1 0 0
    outer loop
      vertex 57 1.29856 25.2252
      vertex 57 3.29856 25.2252
      vertex 57 3.23885 26.4406
    endloop
  endfacet
  facet normal 1 0 0
    outer loop
      vertex 57 1.24848 26.2445
      vertex 57 3.23885 26.4406
      vertex 57 3.06232 27.6307
    endloop
  endfacet
  facet normal 1 0 0
    outer loop
      vertex 57 3.29856 25.2252
      vertex 57 1.29856 25.2252
      vertex 57 3.23885 24.0098
    endloop
  endfacet
  facet normal 1 0 0
    outer loop
      vertex 57 -16.9043 12
      vertex 57 -14.9043 12
      vertex 57 -14.964 13.2154
    endloop
  endfacet
  facet normal 1 0 0
    outer loop
      vertex 57 -16.9544 13.0194
      vertex 57 -14.964 13.2154
      vertex 57 -15.1406 14.4055
    endloop
  endfacet
  facet normal 1 0 0
    outer loop
      vertex 57 -14.9043 12
      vertex 57 -16.9043 12
      vertex 57 -14.964 10.7846
    endloop
  endfacet
  facet normal 0 -0.740951 0.671559
    outer loop
      vertex 57 -18.5362 3.23188
      vertex 86 -17.719 4.13352
      vertex 57 -17.719 4.13352
    endloop
  endfacet
  facet normal 0 -0.740951 0.671559
    outer loop
      vertex 86 -17.719 4.13352
      vertex 57 -18.5362 3.23188
      vertex 86 -18.5362 3.23188
    endloop
  endfacet
  facet normal 0 -0.989169 -0.146784
    outer loop
      vertex 57 -14.964 13.2154
      vertex 86 -15.1406 14.4055
      vertex 57 -15.1406 14.4055
    endloop
  endfacet
  facet normal 0 -0.989169 -0.146784
    outer loop
      vertex 86 -15.1406 14.4055
      vertex 57 -14.964 13.2154
      vertex 86 -14.964 13.2154
    endloop
  endfacet
  facet normal 0 -0.941559 0.336849
    outer loop
      vertex 57 -15.8482 7.25472
      vertex 86 -15.4383 8.40047
      vertex 57 -15.4383 8.40047
    endloop
  endfacet
  facet normal 0 -0.941559 0.336849
    outer loop
      vertex 86 -15.4383 8.40047
      vertex 57 -15.8482 7.25472
      vertex 86 -15.8482 7.25472
    endloop
  endfacet
  facet normal 0 -0.998796 0.0490605
    outer loop
      vertex 57 -14.964 10.7846
      vertex 86 -14.9043 12
      vertex 57 -14.9043 12
    endloop
  endfacet
  facet normal 0 -0.998796 0.0490605
    outer loop
      vertex 86 -14.9043 12
      vertex 57 -14.964 10.7846
      vertex 86 -14.964 10.7846
    endloop
  endfacet
  facet normal 0 -0.336875 0.941549
    outer loop
      vertex 57 -22.559 0.543893
      vertex 86 -23.7048 0.13394
      vertex 86 -22.559 0.543893
    endloop
  endfacet
  facet normal 0 -0.336875 0.941549
    outer loop
      vertex 86 -23.7048 0.13394
      vertex 57 -22.559 0.543893
      vertex 57 -23.7048 0.13394
    endloop
  endfacet
  facet normal 0 -0.857728 0.514103
    outer loop
      vertex 57 -16.9941 5.11093
      vertex 86 -16.3685 6.15468
      vertex 57 -16.3685 6.15468
    endloop
  endfacet
  facet normal 0 -0.857728 0.514103
    outer loop
      vertex 86 -16.3685 6.15468
      vertex 57 -16.9941 5.11093
      vertex 86 -16.9941 5.11093
    endloop
  endfacet
  facet normal -0 0.242945 0.97004
    outer loop
      vertex 57 -30.3691 0
      vertex 86 -30.9039 0.13394
      vertex 86 -30.3691 0
    endloop
  endfacet
  facet normal 0 0.242945 0.97004
    outer loop
      vertex 86 -30.9039 0.13394
      vertex 57 -30.3691 0
      vertex 57 -30.9039 0.13394
    endloop
  endfacet
  facet normal 0 -0.514121 0.857718
    outer loop
      vertex 57 -20.4153 1.68978
      vertex 86 -21.459 1.06418
      vertex 86 -20.4153 1.68978
    endloop
  endfacet
  facet normal 0 -0.514121 0.857718
    outer loop
      vertex 86 -21.459 1.06418
      vertex 57 -20.4153 1.68978
      vertex 57 -21.459 1.06418
    endloop
  endfacet
  facet normal 0 -0.903983 0.427568
    outer loop
      vertex 57 -16.3685 6.15468
      vertex 86 -15.8482 7.25472
      vertex 57 -15.8482 7.25472
    endloop
  endfacet
  facet normal 0 -0.903983 0.427568
    outer loop
      vertex 86 -15.8482 7.25472
      vertex 57 -16.3685 6.15468
      vertex 86 -16.3685 6.15468
    endloop
  endfacet
  facet normal 0 -0.427572 0.903981
    outer loop
      vertex 57 -21.459 1.06418
      vertex 86 -22.559 0.543893
      vertex 86 -21.459 1.06418
    endloop
  endfacet
  facet normal 0 -0.427572 0.903981
    outer loop
      vertex 86 -22.559 0.543893
      vertex 57 -21.459 1.06418
      vertex 57 -22.559 0.543893
    endloop
  endfacet
  facet normal 0 -0.59566 0.803236
    outer loop
      vertex 57 -19.4378 2.41467
      vertex 86 -20.4153 1.68978
      vertex 86 -19.4378 2.41467
    endloop
  endfacet
  facet normal 0 -0.59566 0.803236
    outer loop
      vertex 86 -20.4153 1.68978
      vertex 57 -19.4378 2.41467
      vertex 57 -20.4153 1.68978
    endloop
  endfacet
  facet normal 0 -0.803206 0.595701
    outer loop
      vertex 57 -17.719 4.13352
      vertex 86 -16.9941 5.11093
      vertex 57 -16.9941 5.11093
    endloop
  endfacet
  facet normal 0 -0.803206 0.595701
    outer loop
      vertex 86 -16.9941 5.11093
      vertex 57 -17.719 4.13352
      vertex 86 -17.719 4.13352
    endloop
  endfacet
  facet normal -0 0.427572 0.903981
    outer loop
      vertex 57 -32.0496 0.543893
      vertex 86 -33.1496 1.06418
      vertex 86 -32.0496 0.543893
    endloop
  endfacet
  facet normal 0 0.427572 0.903981
    outer loop
      vertex 86 -33.1496 1.06418
      vertex 57 -32.0496 0.543893
      vertex 57 -33.1496 1.06418
    endloop
  endfacet
  facet normal -0 0.5957 0.803207
    outer loop
      vertex 57 -34.1934 1.68978
      vertex 86 -35.1708 2.41467
      vertex 86 -34.1934 1.68978
    endloop
  endfacet
  facet normal 0 0.5957 0.803207
    outer loop
      vertex 86 -35.1708 2.41467
      vertex 57 -34.1934 1.68978
      vertex 57 -35.1708 2.41467
    endloop
  endfacet
  facet normal -0 0.514085 0.857739
    outer loop
      vertex 57 -33.1496 1.06418
      vertex 86 -34.1934 1.68978
      vertex 86 -33.1496 1.06418
    endloop
  endfacet
  facet normal 0 0.514085 0.857739
    outer loop
      vertex 86 -34.1934 1.68978
      vertex 57 -33.1496 1.06418
      vertex 57 -34.1934 1.68978
    endloop
  endfacet
  facet normal -0 0.336901 0.94154
    outer loop
      vertex 57 -30.9039 0.13394
      vertex 86 -32.0496 0.543893
      vertex 86 -30.9039 0.13394
    endloop
  endfacet
  facet normal 0 0.336901 0.94154
    outer loop
      vertex 86 -32.0496 0.543893
      vertex 57 -30.9039 0.13394
      vertex 57 -32.0496 0.543893
    endloop
  endfacet
  facet normal 0 -0.970027 0.242998
    outer loop
      vertex 57 -15.4383 8.40047
      vertex 86 -15.1426 9.58088
      vertex 57 -15.1426 9.58088
    endloop
  endfacet
  facet normal 0 -0.970027 0.242998
    outer loop
      vertex 86 -15.1426 9.58088
      vertex 57 -15.4383 8.40047
      vertex 86 -15.4383 8.40047
    endloop
  endfacet
  facet normal 0 -0.242988 0.970029
    outer loop
      vertex 57 -23.7048 0.13394
      vertex 86 -24.2395 0
      vertex 86 -23.7048 0.13394
    endloop
  endfacet
  facet normal 0 -0.242988 0.970029
    outer loop
      vertex 86 -24.2395 0
      vertex 57 -23.7048 0.13394
      vertex 57 -24.2395 0
    endloop
  endfacet
  facet normal 0 -0.67158 0.740932
    outer loop
      vertex 57 -18.5362 3.23188
      vertex 86 -19.4378 2.41467
      vertex 86 -18.5362 3.23188
    endloop
  endfacet
  facet normal 0 -0.67158 0.740932
    outer loop
      vertex 86 -19.4378 2.41467
      vertex 57 -18.5362 3.23188
      vertex 57 -19.4378 2.41467
    endloop
  endfacet
  facet normal 0 -0.998796 -0.0490605
    outer loop
      vertex 57 -14.9043 12
      vertex 86 -14.964 13.2154
      vertex 57 -14.964 13.2154
    endloop
  endfacet
  facet normal 0 -0.998796 -0.0490605
    outer loop
      vertex 86 -14.964 13.2154
      vertex 57 -14.9043 12
      vertex 86 -14.9043 12
    endloop
  endfacet
  facet normal 0 0.740944 0.671567
    outer loop
      vertex 86 -36.0724 3.23188
      vertex 57 -36.4142 3.60899
      vertex 86 -36.4142 3.60899
    endloop
  endfacet
  facet normal 0 0.740944 0.671567
    outer loop
      vertex 57 -36.4142 3.60899
      vertex 86 -36.0724 3.23188
      vertex 57 -36.0724 3.23188
    endloop
  endfacet
  facet normal -0 0.67158 0.740932
    outer loop
      vertex 57 -35.1708 2.41467
      vertex 86 -36.0724 3.23188
      vertex 86 -35.1708 2.41467
    endloop
  endfacet
  facet normal 0 0.67158 0.740932
    outer loop
      vertex 86 -36.0724 3.23188
      vertex 57 -35.1708 2.41467
      vertex 57 -36.0724 3.23188
    endloop
  endfacet
  facet normal 0 -0.242992 0.970028
    outer loop
      vertex -86 -6.08248 15.273
      vertex 57 -7.0725 15.025
      vertex 57 -6.08248 15.273
    endloop
  endfacet
  facet normal 0 -0.242992 0.970028
    outer loop
      vertex 57 -7.0725 15.025
      vertex -86 -6.08248 15.273
      vertex -86 -7.0725 15.025
    endloop
  endfacet
  facet normal 0 -0.904004 0.427525
    outer loop
      vertex -86 0.0705395 20.3226
      vertex 57 0.506906 21.2453
      vertex -86 0.506906 21.2453
    endloop
  endfacet
  facet normal 0 -0.904004 0.427525
    outer loop
      vertex 57 0.506906 21.2453
      vertex -86 0.0705395 20.3226
      vertex 57 0.0705395 20.3226
    endloop
  endfacet
  facet normal 0 -0.970029 -0.242989
    outer loop
      vertex -86 1.09873 27.2541
      vertex 57 0.850738 28.2441
      vertex -86 0.850738 28.2441
    endloop
  endfacet
  facet normal 0 -0.970029 -0.242989
    outer loop
      vertex 57 0.850738 28.2441
      vertex -86 1.09873 27.2541
      vertex 57 1.09873 27.2541
    endloop
  endfacet
  facet normal 0 -0.989178 -0.146721
    outer loop
      vertex -86 1.24848 26.2445
      vertex 57 1.09873 27.2541
      vertex -86 1.09873 27.2541
    endloop
  endfacet
  facet normal 0 -0.989178 -0.146721
    outer loop
      vertex 57 1.09873 27.2541
      vertex -86 1.24848 26.2445
      vertex 57 1.24848 26.2445
    endloop
  endfacet
  facet normal -0 0.0489915 0.998799
    outer loop
      vertex -86 -9.10144 14.8252
      vertex 57 -10.1208 14.8752
      vertex 57 -9.10144 14.8252
    endloop
  endfacet
  facet normal 0 0.0489915 0.998799
    outer loop
      vertex 57 -10.1208 14.8752
      vertex -86 -9.10144 14.8252
      vertex -86 -10.1208 14.8752
    endloop
  endfacet
  facet normal 0 -0.0489905 0.998799
    outer loop
      vertex -86 -8.08206 14.8752
      vertex 57 -9.10144 14.8252
      vertex 57 -8.08206 14.8752
    endloop
  endfacet
  facet normal 0 -0.0489905 0.998799
    outer loop
      vertex 57 -9.10144 14.8252
      vertex -86 -8.08206 14.8752
      vertex -86 -9.10144 14.8252
    endloop
  endfacet
  facet normal 0 -0.998795 -0.0490726
    outer loop
      vertex -86 1.29856 25.2252
      vertex 57 1.24848 26.2445
      vertex -86 1.24848 26.2445
    endloop
  endfacet
  facet normal 0 -0.998795 -0.0490726
    outer loop
      vertex 57 1.24848 26.2445
      vertex -86 1.29856 25.2252
      vertex 57 1.29856 25.2252
    endloop
  endfacet
  facet normal -0 0.595743 0.803175
    outer loop
      vertex -86 -14.8794 16.5779
      vertex 57 -15.6991 17.1859
      vertex 57 -14.8794 16.5779
    endloop
  endfacet
  facet normal 0 0.595743 0.803175
    outer loop
      vertex 57 -15.6991 17.1859
      vertex -86 -14.8794 16.5779
      vertex -86 -15.6991 17.1859
    endloop
  endfacet
  facet normal 0 -0.857728 0.514104
    outer loop
      vertex -86 -0.454157 19.4472
      vertex 57 0.0705395 20.3226
      vertex -86 0.0705395 20.3226
    endloop
  endfacet
  facet normal 0 -0.857728 0.514104
    outer loop
      vertex 57 0.0705395 20.3226
      vertex -86 -0.454157 19.4472
      vertex 57 -0.454157 19.4472
    endloop
  endfacet
  facet normal -0 0.514107 0.857726
    outer loop
      vertex -86 -14.004 16.0532
      vertex 57 -14.8794 16.5779
      vertex 57 -14.004 16.0532
    endloop
  endfacet
  facet normal 0 0.514107 0.857726
    outer loop
      vertex 57 -14.8794 16.5779
      vertex -86 -14.004 16.0532
      vertex -86 -14.8794 16.5779
    endloop
  endfacet
  facet normal 0 -0.595715 0.803196
    outer loop
      vertex -86 -2.50375 17.1859
      vertex 57 -3.32351 16.5779
      vertex 57 -2.50375 17.1859
    endloop
  endfacet
  facet normal 0 -0.595715 0.803196
    outer loop
      vertex 57 -3.32351 16.5779
      vertex -86 -2.50375 17.1859
      vertex -86 -3.32351 16.5779
    endloop
  endfacet
  facet normal -0 0.242997 0.970027
    outer loop
      vertex -86 -11.1304 15.025
      vertex 57 -12.1204 15.273
      vertex 57 -11.1304 15.025
    endloop
  endfacet
  facet normal 0 0.242997 0.970027
    outer loop
      vertex 57 -12.1204 15.273
      vertex -86 -11.1304 15.025
      vertex -86 -12.1204 15.273
    endloop
  endfacet
  facet normal 0 -0.427582 0.903977
    outer loop
      vertex -86 -4.19891 16.0532
      vertex 57 -5.12153 15.6168
      vertex 57 -4.19891 16.0532
    endloop
  endfacet
  facet normal 0 -0.427582 0.903977
    outer loop
      vertex 57 -5.12153 15.6168
      vertex -86 -4.19891 16.0532
      vertex -86 -5.12153 15.6168
    endloop
  endfacet
  facet normal 0 -0.998795 0.0490678
    outer loop
      vertex -86 1.24848 24.2058
      vertex 57 1.29856 25.2252
      vertex -86 1.29856 25.2252
    endloop
  endfacet
  facet normal 0 -0.998795 0.0490678
    outer loop
      vertex 57 1.29856 25.2252
      vertex -86 1.24848 24.2058
      vertex 57 1.24848 24.2058
    endloop
  endfacet
  facet normal 0 -0.94155 -0.336873
    outer loop
      vertex -86 0.850738 28.2441
      vertex 57 0.506906 29.2051
      vertex -86 0.506906 29.2051
    endloop
  endfacet
  facet normal 0 -0.94155 -0.336873
    outer loop
      vertex 57 0.506906 29.2051
      vertex -86 0.850738 28.2441
      vertex 57 0.850738 28.2441
    endloop
  endfacet
  facet normal 0 -0.941539 0.336904
    outer loop
      vertex -86 0.506906 21.2453
      vertex 57 0.850738 22.2062
      vertex -86 0.850738 22.2062
    endloop
  endfacet
  facet normal 0 -0.941539 0.336904
    outer loop
      vertex 57 0.850738 22.2062
      vertex -86 0.506906 21.2453
      vertex 57 0.506906 21.2453
    endloop
  endfacet
  facet normal 0 -0.146774 0.98917
    outer loop
      vertex -86 -7.0725 15.025
      vertex 57 -8.08206 14.8752
      vertex 57 -7.0725 15.025
    endloop
  endfacet
  facet normal 0 -0.146774 0.98917
    outer loop
      vertex 57 -8.08206 14.8752
      vertex -86 -7.0725 15.025
      vertex -86 -8.08206 14.8752
    endloop
  endfacet
  facet normal 0 -0.989178 0.146721
    outer loop
      vertex -86 1.09873 23.1962
      vertex 57 1.24848 24.2058
      vertex -86 1.24848 24.2058
    endloop
  endfacet
  facet normal 0 -0.989178 0.146721
    outer loop
      vertex 57 1.24848 24.2058
      vertex -86 1.09873 23.1962
      vertex 57 1.09873 23.1962
    endloop
  endfacet
  facet normal -0 0.427551 0.903991
    outer loop
      vertex -86 -13.0813 15.6168
      vertex 57 -14.004 16.0532
      vertex 57 -13.0813 15.6168
    endloop
  endfacet
  facet normal 0 0.427551 0.903991
    outer loop
      vertex 57 -14.004 16.0532
      vertex -86 -13.0813 15.6168
      vertex -86 -14.004 16.0532
    endloop
  endfacet
  facet normal -0 0.671478 0.741024
    outer loop
      vertex -86 -15.6991 17.1859
      vertex 57 -16.1594 17.603
      vertex 57 -15.6991 17.1859
    endloop
  endfacet
  facet normal 0 0.671478 0.741024
    outer loop
      vertex 57 -16.1594 17.603
      vertex -86 -15.6991 17.1859
      vertex -86 -16.1594 17.603
    endloop
  endfacet
  facet normal 0 -0.970029 0.242989
    outer loop
      vertex -86 0.850738 22.2062
      vertex 57 1.09873 23.1962
      vertex -86 1.09873 23.1962
    endloop
  endfacet
  facet normal 0 -0.970029 0.242989
    outer loop
      vertex 57 1.09873 23.1962
      vertex -86 0.850738 22.2062
      vertex 57 0.850738 22.2062
    endloop
  endfacet
  facet normal 0 -0.67156 0.74095
    outer loop
      vertex -86 -1.74753 17.8713
      vertex 57 -2.50375 17.1859
      vertex 57 -1.74753 17.8713
    endloop
  endfacet
  facet normal 0 -0.67156 0.74095
    outer loop
      vertex 57 -2.50375 17.1859
      vertex -86 -1.74753 17.8713
      vertex -86 -2.50375 17.1859
    endloop
  endfacet
  facet normal -0 0.336876 0.941549
    outer loop
      vertex -86 -12.1204 15.273
      vertex 57 -13.0813 15.6168
      vertex 57 -12.1204 15.273
    endloop
  endfacet
  facet normal 0 0.336876 0.941549
    outer loop
      vertex 57 -13.0813 15.6168
      vertex -86 -12.1204 15.273
      vertex -86 -13.0813 15.6168
    endloop
  endfacet
  facet normal 0 -0.740941 0.67157
    outer loop
      vertex -86 -1.74753 17.8713
      vertex 57 -1.06213 18.6275
      vertex -86 -1.06213 18.6275
    endloop
  endfacet
  facet normal 0 -0.740941 0.67157
    outer loop
      vertex 57 -1.06213 18.6275
      vertex -86 -1.74753 17.8713
      vertex 57 -1.74753 17.8713
    endloop
  endfacet
  facet normal 0 -0.336861 0.941554
    outer loop
      vertex -86 -5.12153 15.6168
      vertex 57 -6.08248 15.273
      vertex 57 -5.12153 15.6168
    endloop
  endfacet
  facet normal 0 -0.336861 0.941554
    outer loop
      vertex 57 -6.08248 15.273
      vertex -86 -5.12153 15.6168
      vertex -86 -6.08248 15.273
    endloop
  endfacet
  facet normal 0 -0.90399 -0.427554
    outer loop
      vertex -86 0.506906 29.2051
      vertex 57 0.100347 30.0647
      vertex -86 0.100347 30.0647
    endloop
  endfacet
  facet normal 0 -0.90399 -0.427554
    outer loop
      vertex 57 0.100347 30.0647
      vertex -86 0.506906 29.2051
      vertex 57 0.506906 29.2051
    endloop
  endfacet
  facet normal 0 -0.803188 0.595726
    outer loop
      vertex -86 -1.06213 18.6275
      vertex 57 -0.454157 19.4472
      vertex -86 -0.454157 19.4472
    endloop
  endfacet
  facet normal 0 -0.803188 0.595726
    outer loop
      vertex 57 -0.454157 19.4472
      vertex -86 -1.06213 18.6275
      vertex 57 -1.06213 18.6275
    endloop
  endfacet
  facet normal -0 0.146769 0.989171
    outer loop
      vertex -86 -10.1208 14.8752
      vertex 57 -11.1304 15.025
      vertex 57 -10.1208 14.8752
    endloop
  endfacet
  facet normal 0 0.146769 0.989171
    outer loop
      vertex 57 -11.1304 15.025
      vertex -86 -10.1208 14.8752
      vertex -86 -11.1304 15.025
    endloop
  endfacet
  facet normal 0 -0.514107 0.857726
    outer loop
      vertex -86 -3.32351 16.5779
      vertex 57 -4.19891 16.0532
      vertex 57 -3.32351 16.5779
    endloop
  endfacet
  facet normal 0 -0.514107 0.857726
    outer loop
      vertex 57 -4.19891 16.0532
      vertex -86 -3.32351 16.5779
      vertex -86 -4.19891 16.0532
    endloop
  endfacet
  facet normal 0 -0.146687 0.989183
    outer loop
      vertex 57 -6.68232 13.0634
      vertex 86 -7.88603 12.8849
      vertex 86 -6.68232 13.0634
    endloop
  endfacet
  facet normal 0 -0.146687 0.989183
    outer loop
      vertex 86 -7.88603 12.8849
      vertex 57 -6.68232 13.0634
      vertex 57 -7.88603 12.8849
    endloop
  endfacet
  facet normal 0 -0.242998 0.970027
    outer loop
      vertex 57 -5.50191 13.3591
      vertex 86 -6.68232 13.0634
      vertex 86 -5.50191 13.3591
    endloop
  endfacet
  facet normal 0 -0.242998 0.970027
    outer loop
      vertex 86 -6.68232 13.0634
      vertex 57 -5.50191 13.3591
      vertex 57 -6.68232 13.0634
    endloop
  endfacet
  facet normal -0 0.0490581 0.998796
    outer loop
      vertex 57 -9.10144 12.8252
      vertex 86 -10.3169 12.8849
      vertex 86 -9.10144 12.8252
    endloop
  endfacet
  facet normal 0 0.0490581 0.998796
    outer loop
      vertex 86 -10.3169 12.8849
      vertex 57 -9.10144 12.8252
      vertex 57 -10.3169 12.8849
    endloop
  endfacet
  facet normal 0 -0.941538 0.336906
    outer loop
      vertex 57 2.35466 20.4799
      vertex 86 2.76462 21.6256
      vertex 57 2.76462 21.6256
    endloop
  endfacet
  facet normal 0 -0.941538 0.336906
    outer loop
      vertex 86 2.76462 21.6256
      vertex 57 2.35466 20.4799
      vertex 86 2.35466 20.4799
    endloop
  endfacet
  facet normal 0 -0.989177 -0.146727
    outer loop
      vertex 57 3.23885 26.4406
      vertex 86 3.06232 27.6307
      vertex 57 3.06232 27.6307
    endloop
  endfacet
  facet normal 0 -0.989177 -0.146727
    outer loop
      vertex 86 3.06232 27.6307
      vertex 57 3.23885 26.4406
      vertex 86 3.23885 26.4406
    endloop
  endfacet
  facet normal 0 -0.0490601 0.998796
    outer loop
      vertex 57 -7.88603 12.8849
      vertex 86 -9.10144 12.8252
      vertex 86 -7.88603 12.8849
    endloop
  endfacet
  facet normal 0 -0.0490601 0.998796
    outer loop
      vertex 86 -9.10144 12.8252
      vertex 57 -7.88603 12.8849
      vertex 57 -9.10144 12.8252
    endloop
  endfacet
  facet normal 0 -0.998795 -0.0490687
    outer loop
      vertex 57 3.29856 25.2252
      vertex 86 3.23885 26.4406
      vertex 57 3.23885 26.4406
    endloop
  endfacet
  facet normal 0 -0.998795 -0.0490687
    outer loop
      vertex 86 3.23885 26.4406
      vertex 57 3.29856 25.2252
      vertex 86 3.29856 25.2252
    endloop
  endfacet
  facet normal 0 -0.671558 0.740952
    outer loop
      vertex 57 -0.333317 16.457
      vertex 86 -1.23496 15.6398
      vertex 86 -0.333317 16.457
    endloop
  endfacet
  facet normal 0 -0.671558 0.740952
    outer loop
      vertex 86 -1.23496 15.6398
      vertex 57 -0.333317 16.457
      vertex 57 -1.23496 15.6398
    endloop
  endfacet
  facet normal 0 -0.803206 0.595701
    outer loop
      vertex 57 0.483888 17.3587
      vertex 86 1.20878 18.3361
      vertex 57 1.20878 18.3361
    endloop
  endfacet
  facet normal 0 -0.803206 0.595701
    outer loop
      vertex 86 1.20878 18.3361
      vertex 57 0.483888 17.3587
      vertex 86 0.483888 17.3587
    endloop
  endfacet
  facet normal -0 0.427482 0.904024
    outer loop
      vertex 57 -13.8467 13.7691
      vertex 86 -14.9468 14.2893
      vertex 86 -13.8467 13.7691
    endloop
  endfacet
  facet normal 0 0.427482 0.904024
    outer loop
      vertex 86 -14.9468 14.2893
      vertex 57 -13.8467 13.7691
      vertex 57 -14.9468 14.2893
    endloop
  endfacet
  facet normal 0 -0.595701 0.803206
    outer loop
      vertex 57 -1.23496 15.6398
      vertex 86 -2.21237 14.9149
      vertex 86 -1.23496 15.6398
    endloop
  endfacet
  facet normal 0 -0.595701 0.803206
    outer loop
      vertex 86 -2.21237 14.9149
      vertex 57 -1.23496 15.6398
      vertex 57 -2.21237 14.9149
    endloop
  endfacet
  facet normal -0 0.146689 0.989183
    outer loop
      vertex 57 -10.3169 12.8849
      vertex 86 -11.5206 13.0634
      vertex 86 -10.3169 12.8849
    endloop
  endfacet
  facet normal 0 0.146689 0.989183
    outer loop
      vertex 86 -11.5206 13.0634
      vertex 57 -10.3169 12.8849
      vertex 57 -11.5206 13.0634
    endloop
  endfacet
  facet normal -0 0.336935 0.941528
    outer loop
      vertex 57 -12.701 13.3591
      vertex 86 -13.8467 13.7691
      vertex 86 -12.701 13.3591
    endloop
  endfacet
  facet normal 0 0.336935 0.941528
    outer loop
      vertex 86 -13.8467 13.7691
      vertex 57 -12.701 13.3591
      vertex 57 -13.8467 13.7691
    endloop
  endfacet
  facet normal 0 -0.336925 0.941532
    outer loop
      vertex 57 -4.35617 13.7691
      vertex 86 -5.50191 13.3591
      vertex 86 -4.35617 13.7691
    endloop
  endfacet
  facet normal 0 -0.336925 0.941532
    outer loop
      vertex 86 -5.50191 13.3591
      vertex 57 -4.35617 13.7691
      vertex 57 -5.50191 13.3591
    endloop
  endfacet
  facet normal 0 -0.998795 0.0490687
    outer loop
      vertex 57 3.23885 24.0098
      vertex 86 3.29856 25.2252
      vertex 57 3.29856 25.2252
    endloop
  endfacet
  facet normal 0 -0.998795 0.0490687
    outer loop
      vertex 86 3.29856 25.2252
      vertex 57 3.23885 24.0098
      vertex 86 3.23885 24.0098
    endloop
  endfacet
  facet normal 0 -0.903998 0.427536
    outer loop
      vertex 57 1.83438 19.3798
      vertex 86 2.35466 20.4799
      vertex 57 2.35466 20.4799
    endloop
  endfacet
  facet normal 0 -0.903998 0.427536
    outer loop
      vertex 86 2.35466 20.4799
      vertex 57 1.83438 19.3798
      vertex 86 1.83438 19.3798
    endloop
  endfacet
  facet normal -0 0.514235 0.857649
    outer loop
      vertex 57 -14.9468 14.2893
      vertex 86 -15.1406 14.4055
      vertex 86 -14.9468 14.2893
    endloop
  endfacet
  facet normal 0 0.514235 0.857649
    outer loop
      vertex 86 -15.1406 14.4055
      vertex 57 -14.9468 14.2893
      vertex 57 -15.1406 14.4055
    endloop
  endfacet
  facet normal 0 -0.427498 0.904016
    outer loop
      vertex 57 -3.25612 14.2893
      vertex 86 -4.35617 13.7691
      vertex 86 -3.25612 14.2893
    endloop
  endfacet
  facet normal 0 -0.427498 0.904016
    outer loop
      vertex 86 -4.35617 13.7691
      vertex 57 -3.25612 14.2893
      vertex 57 -4.35617 13.7691
    endloop
  endfacet
  facet normal 0 -0.857718 0.514121
    outer loop
      vertex 57 1.20878 18.3361
      vertex 86 1.83438 19.3798
      vertex 57 1.83438 19.3798
    endloop
  endfacet
  facet normal 0 -0.857718 0.514121
    outer loop
      vertex 86 1.83438 19.3798
      vertex 57 1.20878 18.3361
      vertex 86 1.20878 18.3361
    endloop
  endfacet
  facet normal -0 0.243 0.970026
    outer loop
      vertex 57 -11.5206 13.0634
      vertex 86 -12.701 13.3591
      vertex 86 -11.5206 13.0634
    endloop
  endfacet
  facet normal 0 0.243 0.970026
    outer loop
      vertex 86 -12.701 13.3591
      vertex 57 -11.5206 13.0634
      vertex 57 -12.701 13.3591
    endloop
  endfacet
  facet normal 0 -0.97003 0.242984
    outer loop
      vertex 57 2.76462 21.6256
      vertex 86 3.0603 22.806
      vertex 57 3.0603 22.806
    endloop
  endfacet
  facet normal 0 -0.97003 0.242984
    outer loop
      vertex 86 3.0603 22.806
      vertex 57 2.76462 21.6256
      vertex 86 2.76462 21.6256
    endloop
  endfacet
  facet normal 0 -0.514103 0.857728
    outer loop
      vertex 57 -2.21237 14.9149
      vertex 86 -3.25612 14.2893
      vertex 86 -2.21237 14.9149
    endloop
  endfacet
  facet normal 0 -0.514103 0.857728
    outer loop
      vertex 86 -3.25612 14.2893
      vertex 57 -2.21237 14.9149
      vertex 57 -3.25612 14.2893
    endloop
  endfacet
  facet normal 0 -0.740971 0.671537
    outer loop
      vertex 57 -0.333317 16.457
      vertex 86 0.483888 17.3587
      vertex 57 0.483888 17.3587
    endloop
  endfacet
  facet normal 0 -0.740971 0.671537
    outer loop
      vertex 86 0.483888 17.3587
      vertex 57 -0.333317 16.457
      vertex 86 -0.333317 16.457
    endloop
  endfacet
  facet normal 0 -0.989179 0.146717
    outer loop
      vertex 57 3.0603 22.806
      vertex 86 3.23885 24.0098
      vertex 57 3.23885 24.0098
    endloop
  endfacet
  facet normal 0 -0.989179 0.146717
    outer loop
      vertex 86 3.23885 24.0098
      vertex 57 3.0603 22.806
      vertex 86 3.0603 22.806
    endloop
  endfacet
  facet normal 0 -0.857726 0.514107
    outer loop
      vertex -86 17.7487 32.6724
      vertex 57 18.2734 33.5478
      vertex -86 18.2734 33.5478
    endloop
  endfacet
  facet normal 0 -0.857726 0.514107
    outer loop
      vertex 57 18.2734 33.5478
      vertex -86 17.7487 32.6724
      vertex 57 17.7487 32.6724
    endloop
  endfacet
  facet normal -0 0.427582 0.903977
    outer loop
      vertex -86 5.12153 28.842
      vertex 57 4.19891 29.2784
      vertex 57 5.12153 28.842
    endloop
  endfacet
  facet normal 0 0.427582 0.903977
    outer loop
      vertex 57 4.19891 29.2784
      vertex -86 5.12153 28.842
      vertex -86 4.19891 29.2784
    endloop
  endfacet
  facet normal 0 -0.336876 0.941549
    outer loop
      vertex -86 13.0813 28.842
      vertex 57 12.1204 28.4982
      vertex 57 13.0813 28.842
    endloop
  endfacet
  facet normal 0 -0.336876 0.941549
    outer loop
      vertex 57 12.1204 28.4982
      vertex -86 13.0813 28.842
      vertex -86 12.1204 28.4982
    endloop
  endfacet
  facet normal 0 -0.0490892 0.998794
    outer loop
      vertex -86 10.1208 28.1004
      vertex 57 9.10144 28.0503
      vertex 57 10.1208 28.1004
    endloop
  endfacet
  facet normal 0 -0.0490892 0.998794
    outer loop
      vertex 57 9.10144 28.0503
      vertex -86 10.1208 28.1004
      vertex -86 9.10144 28.0503
    endloop
  endfacet
  facet normal 0 -0.74099 0.671516
    outer loop
      vertex -86 16.4554 31.0964
      vertex 57 17.1407 31.8526
      vertex -86 17.1407 31.8526
    endloop
  endfacet
  facet normal 0 -0.74099 0.671516
    outer loop
      vertex 57 17.1407 31.8526
      vertex -86 16.4554 31.0964
      vertex 57 16.4554 31.0964
    endloop
  endfacet
  facet normal -0 0.671542 0.740966
    outer loop
      vertex -86 2.50375 30.411
      vertex 57 2.04353 30.8281
      vertex 57 2.50375 30.411
    endloop
  endfacet
  facet normal 0 0.671542 0.740966
    outer loop
      vertex 57 2.04353 30.8281
      vertex -86 2.50375 30.411
      vertex -86 2.04353 30.8281
    endloop
  endfacet
  facet normal 0 -0.989171 -0.146769
    outer loop
      vertex -86 19.4514 39.4697
      vertex 57 19.3016 40.4793
      vertex -86 19.3016 40.4793
    endloop
  endfacet
  facet normal 0 -0.989171 -0.146769
    outer loop
      vertex 57 19.3016 40.4793
      vertex -86 19.4514 39.4697
      vertex 57 19.4514 39.4697
    endloop
  endfacet
  facet normal 0 -0.998799 0.0489944
    outer loop
      vertex -86 19.4514 37.431
      vertex 57 19.5014 38.4503
      vertex -86 19.5014 38.4503
    endloop
  endfacet
  facet normal 0 -0.998799 0.0489944
    outer loop
      vertex 57 19.5014 38.4503
      vertex -86 19.4514 37.431
      vertex 57 19.4514 37.431
    endloop
  endfacet
  facet normal 0 -0.59568 0.803222
    outer loop
      vertex -86 15.6991 30.411
      vertex 57 14.8794 29.8031
      vertex 57 15.6991 30.411
    endloop
  endfacet
  facet normal 0 -0.59568 0.803222
    outer loop
      vertex 57 14.8794 29.8031
      vertex -86 15.6991 30.411
      vertex -86 14.8794 29.8031
    endloop
  endfacet
  facet normal 0 -0.146769 0.989171
    outer loop
      vertex -86 11.1304 28.2502
      vertex 57 10.1208 28.1004
      vertex 57 11.1304 28.2502
    endloop
  endfacet
  facet normal 0 -0.146769 0.989171
    outer loop
      vertex 57 10.1208 28.1004
      vertex -86 11.1304 28.2502
      vertex -86 10.1208 28.1004
    endloop
  endfacet
  facet normal 0 -0.514107 0.857726
    outer loop
      vertex -86 14.8794 29.8031
      vertex 57 14.004 29.2784
      vertex 57 14.8794 29.8031
    endloop
  endfacet
  facet normal 0 -0.514107 0.857726
    outer loop
      vertex 57 14.004 29.2784
      vertex -86 14.8794 29.8031
      vertex -86 14.004 29.2784
    endloop
  endfacet
  facet normal 0 -0.427551 0.903991
    outer loop
      vertex -86 14.004 29.2784
      vertex 57 13.0813 28.842
      vertex 57 14.004 29.2784
    endloop
  endfacet
  facet normal 0 -0.427551 0.903991
    outer loop
      vertex 57 13.0813 28.842
      vertex -86 14.004 29.2784
      vertex -86 13.0813 28.842
    endloop
  endfacet
  facet normal 0 -0.94156 0.336845
    outer loop
      vertex -86 18.7098 34.4704
      vertex 57 19.0536 35.4314
      vertex -86 19.0536 35.4314
    endloop
  endfacet
  facet normal 0 -0.94156 0.336845
    outer loop
      vertex 57 19.0536 35.4314
      vertex -86 18.7098 34.4704
      vertex 57 18.7098 34.4704
    endloop
  endfacet
  facet normal -0 0.242992 0.970028
    outer loop
      vertex -86 7.0725 28.2502
      vertex 57 6.08248 28.4982
      vertex 57 7.0725 28.2502
    endloop
  endfacet
  facet normal 0 0.242992 0.970028
    outer loop
      vertex 57 6.08248 28.4982
      vertex -86 7.0725 28.2502
      vertex -86 6.08248 28.4982
    endloop
  endfacet
  facet normal 0 -0.941549 -0.336876
    outer loop
      vertex -86 19.0536 41.4693
      vertex 57 18.7098 42.4302
      vertex -86 18.7098 42.4302
    endloop
  endfacet
  facet normal 0 -0.941549 -0.336876
    outer loop
      vertex 57 18.7098 42.4302
      vertex -86 19.0536 41.4693
      vertex 57 19.0536 41.4693
    endloop
  endfacet
  facet normal -0 0.336861 0.941554
    outer loop
      vertex -86 6.08248 28.4982
      vertex 57 5.12153 28.842
      vertex 57 6.08248 28.4982
    endloop
  endfacet
  facet normal 0 0.336861 0.941554
    outer loop
      vertex 57 5.12153 28.842
      vertex -86 6.08248 28.4982
      vertex -86 5.12153 28.842
    endloop
  endfacet
  facet normal 0 -0.671521 0.740985
    outer loop
      vertex -86 16.4554 31.0964
      vertex 57 15.6991 30.411
      vertex 57 16.4554 31.0964
    endloop
  endfacet
  facet normal 0 -0.671521 0.740985
    outer loop
      vertex 57 15.6991 30.411
      vertex -86 16.4554 31.0964
      vertex -86 15.6991 30.411
    endloop
  endfacet
  facet normal -0 0.146774 0.98917
    outer loop
      vertex -86 8.08206 28.1004
      vertex 57 7.0725 28.2502
      vertex 57 8.08206 28.1004
    endloop
  endfacet
  facet normal 0 0.146774 0.98917
    outer loop
      vertex 57 7.0725 28.2502
      vertex -86 8.08206 28.1004
      vertex -86 7.0725 28.2502
    endloop
  endfacet
  facet normal -0 0.0490883 0.998794
    outer loop
      vertex -86 9.10144 28.0503
      vertex 57 8.08206 28.1004
      vertex 57 9.10144 28.0503
    endloop
  endfacet
  facet normal 0 0.0490883 0.998794
    outer loop
      vertex 57 8.08206 28.1004
      vertex -86 9.10144 28.0503
      vertex -86 8.08206 28.1004
    endloop
  endfacet
  facet normal 0 -0.970027 -0.242997
    outer loop
      vertex -86 19.3016 40.4793
      vertex 57 19.0536 41.4693
      vertex -86 19.0536 41.4693
    endloop
  endfacet
  facet normal 0 -0.970027 -0.242997
    outer loop
      vertex 57 19.0536 41.4693
      vertex -86 19.3016 40.4793
      vertex 57 19.3016 40.4793
    endloop
  endfacet
  facet normal -0 0.514107 0.857726
    outer loop
      vertex -86 4.19891 29.2784
      vertex 57 3.32351 29.8031
      vertex 57 4.19891 29.2784
    endloop
  endfacet
  facet normal 0 0.514107 0.857726
    outer loop
      vertex 57 3.32351 29.8031
      vertex -86 4.19891 29.2784
      vertex -86 3.32351 29.8031
    endloop
  endfacet
  facet normal 0 -0.80321 0.595696
    outer loop
      vertex -86 17.1407 31.8526
      vertex 57 17.7487 32.6724
      vertex -86 17.7487 32.6724
    endloop
  endfacet
  facet normal 0 -0.80321 0.595696
    outer loop
      vertex 57 17.7487 32.6724
      vertex -86 17.1407 31.8526
      vertex 57 17.1407 31.8526
    endloop
  endfacet
  facet normal 0 -0.903973 0.427589
    outer loop
      vertex -86 18.2734 33.5478
      vertex 57 18.7098 34.4704
      vertex -86 18.7098 34.4704
    endloop
  endfacet
  facet normal 0 -0.903973 0.427589
    outer loop
      vertex 57 18.7098 34.4704
      vertex -86 18.2734 33.5478
      vertex 57 18.2734 33.5478
    endloop
  endfacet
  facet normal 0 -0.242997 0.970027
    outer loop
      vertex -86 12.1204 28.4982
      vertex 57 11.1304 28.2502
      vertex 57 12.1204 28.4982
    endloop
  endfacet
  facet normal 0 -0.242997 0.970027
    outer loop
      vertex 57 11.1304 28.2502
      vertex -86 12.1204 28.4982
      vertex -86 11.1304 28.2502
    endloop
  endfacet
  facet normal 0 -0.998799 -0.0489896
    outer loop
      vertex -86 19.5014 38.4503
      vertex 57 19.4514 39.4697
      vertex -86 19.4514 39.4697
    endloop
  endfacet
  facet normal 0 -0.998799 -0.0489896
    outer loop
      vertex 57 19.4514 39.4697
      vertex -86 19.5014 38.4503
      vertex 57 19.5014 38.4503
    endloop
  endfacet
  facet normal -0 0.595652 0.803243
    outer loop
      vertex -86 3.32351 29.8031
      vertex 57 2.50375 30.411
      vertex 57 3.32351 29.8031
    endloop
  endfacet
  facet normal 0 0.595652 0.803243
    outer loop
      vertex 57 2.50375 30.411
      vertex -86 3.32351 29.8031
      vertex -86 2.50375 30.411
    endloop
  endfacet
  facet normal 0 -0.903973 -0.427589
    outer loop
      vertex -86 18.7098 42.4302
      vertex 57 18.3032 43.2898
      vertex -86 18.3032 43.2898
    endloop
  endfacet
  facet normal 0 -0.903973 -0.427589
    outer loop
      vertex 57 18.3032 43.2898
      vertex -86 18.7098 42.4302
      vertex 57 18.7098 42.4302
    endloop
  endfacet
  facet normal 0 -0.989171 0.146769
    outer loop
      vertex -86 19.3016 36.4214
      vertex 57 19.4514 37.431
      vertex -86 19.4514 37.431
    endloop
  endfacet
  facet normal 0 -0.989171 0.146769
    outer loop
      vertex 57 19.4514 37.431
      vertex -86 19.3016 36.4214
      vertex 57 19.3016 36.4214
    endloop
  endfacet
  facet normal 0 -0.970027 0.242997
    outer loop
      vertex -86 19.0536 35.4314
      vertex 57 19.3016 36.4214
      vertex -86 19.3016 36.4214
    endloop
  endfacet
  facet normal 0 -0.970027 0.242997
    outer loop
      vertex 57 19.3016 36.4214
      vertex -86 19.0536 35.4314
      vertex 57 19.0536 35.4314
    endloop
  endfacet
  facet normal 0 -0.243 0.970026
    outer loop
      vertex 57 12.701 26.5843
      vertex 86 11.5206 26.2886
      vertex 86 12.701 26.5843
    endloop
  endfacet
  facet normal 0 -0.243 0.970026
    outer loop
      vertex 86 11.5206 26.2886
      vertex 57 12.701 26.5843
      vertex 57 11.5206 26.2886
    endloop
  endfacet
  facet normal 0 -0.0490581 0.998796
    outer loop
      vertex 57 10.3169 26.11
      vertex 86 9.10144 26.0503
      vertex 86 10.3169 26.11
    endloop
  endfacet
  facet normal 0 -0.0490581 0.998796
    outer loop
      vertex 86 9.10144 26.0503
      vertex 57 10.3169 26.11
      vertex 57 9.10144 26.0503
    endloop
  endfacet
  facet normal 0 -0.336862 0.941554
    outer loop
      vertex 57 13.8467 26.9942
      vertex 86 12.701 26.5843
      vertex 86 13.8467 26.9942
    endloop
  endfacet
  facet normal 0 -0.336862 0.941554
    outer loop
      vertex 86 12.701 26.5843
      vertex 57 13.8467 26.9942
      vertex 57 12.701 26.5843
    endloop
  endfacet
  facet normal 0 -0.595705 0.803203
    outer loop
      vertex 57 16.9679 28.865
      vertex 86 15.9905 28.1401
      vertex 86 16.9679 28.865
    endloop
  endfacet
  facet normal 0 -0.595705 0.803203
    outer loop
      vertex 86 15.9905 28.1401
      vertex 57 16.9679 28.865
      vertex 57 15.9905 28.1401
    endloop
  endfacet
  facet normal 0 -0.998796 0.0490605
    outer loop
      vertex 57 21.4417 37.2349
      vertex 86 21.5014 38.4503
      vertex 57 21.5014 38.4503
    endloop
  endfacet
  facet normal 0 -0.998796 0.0490605
    outer loop
      vertex 86 21.5014 38.4503
      vertex 57 21.4417 37.2349
      vertex 86 21.4417 37.2349
    endloop
  endfacet
  facet normal -0 0.336852 0.941558
    outer loop
      vertex 57 5.50191 26.5843
      vertex 86 4.35617 26.9942
      vertex 86 5.50191 26.5843
    endloop
  endfacet
  facet normal 0 0.336852 0.941558
    outer loop
      vertex 86 4.35617 26.9942
      vertex 57 5.50191 26.5843
      vertex 57 4.35617 26.9942
    endloop
  endfacet
  facet normal 0 -0.740973 0.671535
    outer loop
      vertex 57 17.8696 29.6822
      vertex 86 18.6868 30.5839
      vertex 57 18.6868 30.5839
    endloop
  endfacet
  facet normal 0 -0.740973 0.671535
    outer loop
      vertex 86 18.6868 30.5839
      vertex 57 17.8696 29.6822
      vertex 86 17.8696 29.6822
    endloop
  endfacet
  facet normal 0 -0.989183 0.146689
    outer loop
      vertex 57 21.2632 36.0312
      vertex 86 21.4417 37.2349
      vertex 57 21.4417 37.2349
    endloop
  endfacet
  facet normal 0 -0.989183 0.146689
    outer loop
      vertex 86 21.4417 37.2349
      vertex 57 21.2632 36.0312
      vertex 86 21.2632 36.0312
    endloop
  endfacet
  facet normal 0 -0.857718 0.514121
    outer loop
      vertex 57 19.4117 31.5613
      vertex 86 20.0373 32.605
      vertex 57 20.0373 32.605
    endloop
  endfacet
  facet normal 0 -0.857718 0.514121
    outer loop
      vertex 86 20.0373 32.605
      vertex 57 19.4117 31.5613
      vertex 86 19.4117 31.5613
    endloop
  endfacet
  facet normal -0 0.242998 0.970027
    outer loop
      vertex 57 6.68232 26.2886
      vertex 86 5.50191 26.5843
      vertex 86 6.68232 26.2886
    endloop
  endfacet
  facet normal 0 0.242998 0.970027
    outer loop
      vertex 86 5.50191 26.5843
      vertex 57 6.68232 26.2886
      vertex 57 5.50191 26.5843
    endloop
  endfacet
  facet normal 0 -0.427549 0.903992
    outer loop
      vertex 57 14.9468 27.5145
      vertex 86 13.8467 26.9942
      vertex 86 14.9468 27.5145
    endloop
  endfacet
  facet normal 0 -0.427549 0.903992
    outer loop
      vertex 86 13.8467 26.9942
      vertex 57 14.9468 27.5145
      vertex 57 13.8467 26.9942
    endloop
  endfacet
  facet normal 0 -0.904024 0.427482
    outer loop
      vertex 57 20.0373 32.605
      vertex 86 20.5575 33.7051
      vertex 57 20.5575 33.7051
    endloop
  endfacet
  facet normal 0 -0.904024 0.427482
    outer loop
      vertex 86 20.5575 33.7051
      vertex 57 20.0373 32.605
      vertex 86 20.0373 32.605
    endloop
  endfacet
  facet normal -0 0.514235 0.857649
    outer loop
      vertex 57 3.25612 27.5145
      vertex 86 3.06232 27.6307
      vertex 86 3.25612 27.5145
    endloop
  endfacet
  facet normal 0 0.514235 0.857649
    outer loop
      vertex 86 3.06232 27.6307
      vertex 57 3.25612 27.5145
      vertex 57 3.06232 27.6307
    endloop
  endfacet
  facet normal 0 -0.998796 -0.0490605
    outer loop
      vertex 57 21.5014 38.4503
      vertex 86 21.4417 39.6657
      vertex 57 21.4417 39.6657
    endloop
  endfacet
  facet normal 0 -0.998796 -0.0490605
    outer loop
      vertex 86 21.4417 39.6657
      vertex 57 21.5014 38.4503
      vertex 86 21.5014 38.4503
    endloop
  endfacet
  facet normal -0 0.146768 0.989171
    outer loop
      vertex 57 7.88603 26.11
      vertex 86 6.68232 26.2886
      vertex 86 7.88603 26.11
    endloop
  endfacet
  facet normal 0 0.146768 0.989171
    outer loop
      vertex 86 6.68232 26.2886
      vertex 57 7.88603 26.11
      vertex 57 6.68232 26.2886
    endloop
  endfacet
  facet normal 0 -0.146769 0.989171
    outer loop
      vertex 57 11.5206 26.2886
      vertex 86 10.3169 26.11
      vertex 86 11.5206 26.2886
    endloop
  endfacet
  facet normal 0 -0.146769 0.989171
    outer loop
      vertex 86 10.3169 26.11
      vertex 57 11.5206 26.2886
      vertex 57 10.3169 26.11
    endloop
  endfacet
  facet normal 0 -0.941528 0.336935
    outer loop
      vertex 57 20.5575 33.7051
      vertex 86 20.9675 34.8508
      vertex 57 20.9675 34.8508
    endloop
  endfacet
  facet normal 0 -0.941528 0.336935
    outer loop
      vertex 86 20.9675 34.8508
      vertex 57 20.5575 33.7051
      vertex 86 20.5575 33.7051
    endloop
  endfacet
  facet normal 0 -0.803203 0.595705
    outer loop
      vertex 57 18.6868 30.5839
      vertex 86 19.4117 31.5613
      vertex 57 19.4117 31.5613
    endloop
  endfacet
  facet normal 0 -0.803203 0.595705
    outer loop
      vertex 86 19.4117 31.5613
      vertex 57 18.6868 30.5839
      vertex 86 18.6868 30.5839
    endloop
  endfacet
  facet normal 0 -0.989181 -0.146702
    outer loop
      vertex 57 21.4417 39.6657
      vertex 86 21.2652 40.8558
      vertex 57 21.2652 40.8558
    endloop
  endfacet
  facet normal 0 -0.989181 -0.146702
    outer loop
      vertex 86 21.2652 40.8558
      vertex 57 21.4417 39.6657
      vertex 86 21.4417 39.6657
    endloop
  endfacet
  facet normal 0 -0.970026 0.243
    outer loop
      vertex 57 20.9675 34.8508
      vertex 86 21.2632 36.0312
      vertex 57 21.2632 36.0312
    endloop
  endfacet
  facet normal 0 -0.970026 0.243
    outer loop
      vertex 86 21.2632 36.0312
      vertex 57 20.9675 34.8508
      vertex 86 20.9675 34.8508
    endloop
  endfacet
  facet normal -0 0.427565 0.903984
    outer loop
      vertex 57 4.35617 26.9942
      vertex 86 3.25612 27.5145
      vertex 86 4.35617 26.9942
    endloop
  endfacet
  facet normal 0 0.427565 0.903984
    outer loop
      vertex 86 3.25612 27.5145
      vertex 57 4.35617 26.9942
      vertex 57 3.25612 27.5145
    endloop
  endfacet
  facet normal 0 -0.514121 0.857718
    outer loop
      vertex 57 15.9905 28.1401
      vertex 86 14.9468 27.5145
      vertex 86 15.9905 28.1401
    endloop
  endfacet
  facet normal 0 -0.514121 0.857718
    outer loop
      vertex 86 14.9468 27.5145
      vertex 57 15.9905 28.1401
      vertex 57 14.9468 27.5145
    endloop
  endfacet
  facet normal -0 0.0490601 0.998796
    outer loop
      vertex 57 9.10144 26.0503
      vertex 86 7.88603 26.11
      vertex 86 9.10144 26.0503
    endloop
  endfacet
  facet normal 0 0.0490601 0.998796
    outer loop
      vertex 86 7.88603 26.11
      vertex 57 9.10144 26.0503
      vertex 57 7.88603 26.11
    endloop
  endfacet
  facet normal 0 -0.671535 0.740973
    outer loop
      vertex 57 17.8696 29.6822
      vertex 86 16.9679 28.865
      vertex 86 17.8696 29.6822
    endloop
  endfacet
  facet normal 0 -0.671535 0.740973
    outer loop
      vertex 86 16.9679 28.865
      vertex 57 17.8696 29.6822
      vertex 57 16.9679 28.865
    endloop
  endfacet
  facet normal 0 -0.998794 -0.0490873
    outer loop
      vertex -86 37.7043 51.6755
      vertex 57 37.6542 52.6949
      vertex -86 37.6542 52.6949
    endloop
  endfacet
  facet normal 0 -0.998794 -0.0490873
    outer loop
      vertex 57 37.6542 52.6949
      vertex -86 37.7043 51.6755
      vertex 57 37.7043 51.6755
    endloop
  endfacet
  facet normal 0 -0.146673 0.989185
    outer loop
      vertex -86 29.3333 41.4753
      vertex 57 28.3237 41.3256
      vertex 57 29.3333 41.4753
    endloop
  endfacet
  facet normal 0 -0.146673 0.989185
    outer loop
      vertex 57 28.3237 41.3256
      vertex -86 29.3333 41.4753
      vertex -86 28.3237 41.3256
    endloop
  endfacet
  facet normal 0 -0.242997 0.970027
    outer loop
      vertex -86 30.3233 41.7233
      vertex 57 29.3333 41.4753
      vertex 57 30.3233 41.7233
    endloop
  endfacet
  facet normal 0 -0.242997 0.970027
    outer loop
      vertex 57 29.3333 41.4753
      vertex -86 30.3233 41.7233
      vertex -86 29.3333 41.4753
    endloop
  endfacet
  facet normal 0 -0.970033 -0.242974
    outer loop
      vertex -86 37.5045 53.7044
      vertex 57 37.2565 54.6945
      vertex -86 37.2565 54.6945
    endloop
  endfacet
  facet normal 0 -0.970033 -0.242974
    outer loop
      vertex 57 37.2565 54.6945
      vertex -86 37.5045 53.7044
      vertex 57 37.5045 53.7044
    endloop
  endfacet
  facet normal 0 -0.595743 0.803175
    outer loop
      vertex -86 33.902 43.6362
      vertex 57 33.0823 43.0282
      vertex 57 33.902 43.6362
    endloop
  endfacet
  facet normal 0 -0.595743 0.803175
    outer loop
      vertex 57 33.0823 43.0282
      vertex -86 33.902 43.6362
      vertex -86 33.0823 43.0282
    endloop
  endfacet
  facet normal 0 -0.0490873 0.998794
    outer loop
      vertex -86 28.3237 41.3256
      vertex 57 27.3043 41.2755
      vertex 57 28.3237 41.3256
    endloop
  endfacet
  facet normal 0 -0.0490873 0.998794
    outer loop
      vertex 57 27.3043 41.2755
      vertex -86 28.3237 41.3256
      vertex -86 27.3043 41.2755
    endloop
  endfacet
  facet normal -0 0.595696 0.80321
    outer loop
      vertex -86 21.5264 43.0282
      vertex 57 20.7066 43.6362
      vertex 57 21.5264 43.0282
    endloop
  endfacet
  facet normal 0 0.595696 0.80321
    outer loop
      vertex 57 20.7066 43.6362
      vertex -86 21.5264 43.0282
      vertex -86 20.7066 43.6362
    endloop
  endfacet
  facet normal 0 -0.941549 0.336876
    outer loop
      vertex -86 36.9127 47.6956
      vertex 57 37.2565 48.6565
      vertex -86 37.2565 48.6565
    endloop
  endfacet
  facet normal 0 -0.941549 0.336876
    outer loop
      vertex 57 37.2565 48.6565
      vertex -86 36.9127 47.6956
      vertex 57 36.9127 47.6956
    endloop
  endfacet
  facet normal 0 -0.427509 0.904011
    outer loop
      vertex -86 32.2068 42.5035
      vertex 57 31.2842 42.0672
      vertex 57 32.2068 42.5035
    endloop
  endfacet
  facet normal 0 -0.427509 0.904011
    outer loop
      vertex 57 31.2842 42.0672
      vertex -86 32.2068 42.5035
      vertex -86 31.2842 42.0672
    endloop
  endfacet
  facet normal 0 -0.80321 0.595696
    outer loop
      vertex -86 35.3436 45.0778
      vertex 57 35.9516 45.8976
      vertex -86 35.9516 45.8976
    endloop
  endfacet
  facet normal 0 -0.80321 0.595696
    outer loop
      vertex 57 35.9516 45.8976
      vertex -86 35.3436 45.0778
      vertex 57 35.3436 45.0778
    endloop
  endfacet
  facet normal 0 -0.989183 0.146687
    outer loop
      vertex -86 37.5045 49.6466
      vertex 57 37.6542 50.6561
      vertex -86 37.6542 50.6561
    endloop
  endfacet
  facet normal 0 -0.989183 0.146687
    outer loop
      vertex 57 37.6542 50.6561
      vertex -86 37.5045 49.6466
      vertex 57 37.5045 49.6466
    endloop
  endfacet
  facet normal 0 -0.857726 0.514107
    outer loop
      vertex -86 35.9516 45.8976
      vertex 57 36.4763 46.773
      vertex -86 36.4763 46.773
    endloop
  endfacet
  facet normal 0 -0.857726 0.514107
    outer loop
      vertex 57 36.4763 46.773
      vertex -86 35.9516 45.8976
      vertex 57 35.9516 45.8976
    endloop
  endfacet
  facet normal -0 0.0490873 0.998794
    outer loop
      vertex -86 27.3043 41.2755
      vertex 57 26.2849 41.3256
      vertex 57 27.3043 41.2755
    endloop
  endfacet
  facet normal 0 0.0490873 0.998794
    outer loop
      vertex 57 26.2849 41.3256
      vertex -86 27.3043 41.2755
      vertex -86 26.2849 41.3256
    endloop
  endfacet
  facet normal 0 -0.903973 -0.427589
    outer loop
      vertex -86 36.9127 55.6554
      vertex 57 36.4763 56.578
      vertex -86 36.4763 56.578
    endloop
  endfacet
  facet normal 0 -0.903973 -0.427589
    outer loop
      vertex 57 36.4763 56.578
      vertex -86 36.9127 55.6554
      vertex 57 36.9127 55.6554
    endloop
  endfacet
  facet normal -0 0.427509 0.904011
    outer loop
      vertex -86 23.3244 42.0672
      vertex 57 22.4018 42.5035
      vertex 57 23.3244 42.0672
    endloop
  endfacet
  facet normal 0 0.427509 0.904011
    outer loop
      vertex 57 22.4018 42.5035
      vertex -86 23.3244 42.0672
      vertex -86 22.4018 42.5035
    endloop
  endfacet
  facet normal 0 -0.803279 -0.595602
    outer loop
      vertex -86 35.9516 57.4534
      vertex 57 35.7084 57.7814
      vertex -86 35.7084 57.7814
    endloop
  endfacet
  facet normal 0 -0.803279 -0.595602
    outer loop
      vertex 57 35.7084 57.7814
      vertex -86 35.9516 57.4534
      vertex 57 35.9516 57.4534
    endloop
  endfacet
  facet normal 0 -0.336963 0.941518
    outer loop
      vertex -86 31.2842 42.0672
      vertex 57 30.3233 41.7233
      vertex 57 31.2842 42.0672
    endloop
  endfacet
  facet normal 0 -0.336963 0.941518
    outer loop
      vertex 57 30.3233 41.7233
      vertex -86 31.2842 42.0672
      vertex -86 30.3233 41.7233
    endloop
  endfacet
  facet normal -0 0.242997 0.970027
    outer loop
      vertex -86 25.2754 41.4753
      vertex 57 24.2854 41.7233
      vertex 57 25.2754 41.4753
    endloop
  endfacet
  facet normal 0 0.242997 0.970027
    outer loop
      vertex 57 24.2854 41.7233
      vertex -86 25.2754 41.4753
      vertex -86 24.2854 41.7233
    endloop
  endfacet
  facet normal -0 0.146687 0.989183
    outer loop
      vertex -86 26.2849 41.3256
      vertex 57 25.2754 41.4753
      vertex 57 26.2849 41.3256
    endloop
  endfacet
  facet normal 0 0.146687 0.989183
    outer loop
      vertex 57 25.2754 41.4753
      vertex -86 26.2849 41.3256
      vertex -86 25.2754 41.4753
    endloop
  endfacet
  facet normal 0 -0.941549 -0.336876
    outer loop
      vertex -86 37.2565 54.6945
      vertex 57 36.9127 55.6554
      vertex -86 36.9127 55.6554
    endloop
  endfacet
  facet normal 0 -0.941549 -0.336876
    outer loop
      vertex 57 36.9127 55.6554
      vertex -86 37.2565 54.6945
      vertex 57 37.2565 54.6945
    endloop
  endfacet
  facet normal -0 0.514107 0.857726
    outer loop
      vertex -86 22.4018 42.5035
      vertex 57 21.5264 43.0282
      vertex 57 22.4018 42.5035
    endloop
  endfacet
  facet normal 0 0.514107 0.857726
    outer loop
      vertex 57 21.5264 43.0282
      vertex -86 22.4018 42.5035
      vertex -86 21.5264 43.0282
    endloop
  endfacet
  facet normal -0 0.336932 0.941529
    outer loop
      vertex -86 24.2854 41.7233
      vertex 57 23.3244 42.0672
      vertex 57 24.2854 41.7233
    endloop
  endfacet
  facet normal 0 0.336932 0.941529
    outer loop
      vertex 57 23.3244 42.0672
      vertex -86 24.2854 41.7233
      vertex -86 23.3244 42.0672
    endloop
  endfacet
  facet normal 0 -0.903973 0.427589
    outer loop
      vertex -86 36.4763 46.773
      vertex 57 36.9127 47.6956
      vertex -86 36.9127 47.6956
    endloop
  endfacet
  facet normal 0 -0.903973 0.427589
    outer loop
      vertex 57 36.9127 47.6956
      vertex -86 36.4763 46.773
      vertex 57 36.4763 46.773
    endloop
  endfacet
  facet normal 0 -0.998794 0.0490873
    outer loop
      vertex -86 37.6542 50.6561
      vertex 57 37.7043 51.6755
      vertex -86 37.7043 51.6755
    endloop
  endfacet
  facet normal 0 -0.998794 0.0490873
    outer loop
      vertex 57 37.7043 51.6755
      vertex -86 37.6542 50.6561
      vertex 57 37.6542 50.6561
    endloop
  endfacet
  facet normal 0 -0.514063 0.857752
    outer loop
      vertex -86 33.0823 43.0282
      vertex 57 32.2068 42.5035
      vertex 57 33.0823 43.0282
    endloop
  endfacet
  facet normal 0 -0.514063 0.857752
    outer loop
      vertex 57 32.2068 42.5035
      vertex -86 33.0823 43.0282
      vertex -86 32.2068 42.5035
    endloop
  endfacet
  facet normal 0 -0.989183 -0.146687
    outer loop
      vertex -86 37.6542 52.6949
      vertex 57 37.5045 53.7044
      vertex -86 37.5045 53.7044
    endloop
  endfacet
  facet normal 0 -0.989183 -0.146687
    outer loop
      vertex 57 37.5045 53.7044
      vertex -86 37.6542 52.6949
      vertex 57 37.6542 52.6949
    endloop
  endfacet
  facet normal 0 -0.67157 0.740941
    outer loop
      vertex -86 34.6582 44.3216
      vertex 57 33.902 43.6362
      vertex 57 34.6582 44.3216
    endloop
  endfacet
  facet normal 0 -0.67157 0.740941
    outer loop
      vertex 57 33.902 43.6362
      vertex -86 34.6582 44.3216
      vertex -86 33.902 43.6362
    endloop
  endfacet
  facet normal 0 -0.740941 0.67157
    outer loop
      vertex -86 34.6582 44.3216
      vertex 57 35.3436 45.0778
      vertex -86 35.3436 45.0778
    endloop
  endfacet
  facet normal 0 -0.740941 0.67157
    outer loop
      vertex 57 35.3436 45.0778
      vertex -86 34.6582 44.3216
      vertex 57 34.6582 44.3216
    endloop
  endfacet
  facet normal 0 -0.970033 0.242974
    outer loop
      vertex -86 37.2565 48.6565
      vertex 57 37.5045 49.6466
      vertex -86 37.5045 49.6466
    endloop
  endfacet
  facet normal 0 -0.970033 0.242974
    outer loop
      vertex 57 37.5045 49.6466
      vertex -86 37.2565 48.6565
      vertex 57 37.2565 48.6565
    endloop
  endfacet
  facet normal 0 -0.857726 -0.514107
    outer loop
      vertex -86 36.4763 56.578
      vertex 57 35.9516 57.4534
      vertex -86 35.9516 57.4534
    endloop
  endfacet
  facet normal 0 -0.857726 -0.514107
    outer loop
      vertex 57 35.9516 57.4534
      vertex -86 36.4763 56.578
      vertex 57 36.4763 56.578
    endloop
  endfacet
  facet normal -0 0.671558 0.740952
    outer loop
      vertex -86 20.7066 43.6362
      vertex 57 20.2464 44.0533
      vertex 57 20.7066 43.6362
    endloop
  endfacet
  facet normal 0 0.671558 0.740952
    outer loop
      vertex 57 20.2464 44.0533
      vertex -86 20.7066 43.6362
      vertex -86 20.2464 44.0533
    endloop
  endfacet
  facet normal 0 -0.857739 0.514085
    outer loop
      vertex 57 37.6145 44.7864
      vertex 86 38.2401 45.8302
      vertex 57 38.2401 45.8302
    endloop
  endfacet
  facet normal 0 -0.857739 0.514085
    outer loop
      vertex 86 38.2401 45.8302
      vertex 57 37.6145 44.7864
      vertex 86 37.6145 44.7864
    endloop
  endfacet
  facet normal 0 -0.242903 0.970051
    outer loop
      vertex 57 30.9039 39.8094
      vertex 86 29.7234 39.5138
      vertex 86 30.9039 39.8094
    endloop
  endfacet
  facet normal 0 -0.242903 0.970051
    outer loop
      vertex 86 29.7234 39.5138
      vertex 57 30.9039 39.8094
      vertex 57 29.7234 39.5138
    endloop
  endfacet
  facet normal -0 0.0490605 0.998796
    outer loop
      vertex 57 27.3043 39.2755
      vertex 86 26.0889 39.3352
      vertex 86 27.3043 39.2755
    endloop
  endfacet
  facet normal 0 0.0490605 0.998796
    outer loop
      vertex 86 26.0889 39.3352
      vertex 57 27.3043 39.2755
      vertex 57 26.0889 39.3352
    endloop
  endfacet
  facet normal 0 -0.941537 -0.336909
    outer loop
      vertex 57 39.1704 55.275
      vertex 86 38.7604 56.4208
      vertex 57 38.7604 56.4208
    endloop
  endfacet
  facet normal 0 -0.941537 -0.336909
    outer loop
      vertex 86 38.7604 56.4208
      vertex 57 39.1704 55.275
      vertex 86 39.1704 55.275
    endloop
  endfacet
  facet normal 0 -0.0490605 0.998796
    outer loop
      vertex 57 28.5197 39.3352
      vertex 86 27.3043 39.2755
      vertex 86 28.5197 39.3352
    endloop
  endfacet
  facet normal 0 -0.0490605 0.998796
    outer loop
      vertex 86 27.3043 39.2755
      vertex 57 28.5197 39.3352
      vertex 57 27.3043 39.2755
    endloop
  endfacet
  facet normal 0 -0.970046 -0.24292
    outer loop
      vertex 57 39.3043 54.7403
      vertex 86 39.1704 55.275
      vertex 57 39.1704 55.275
    endloop
  endfacet
  facet normal 0 -0.970046 -0.24292
    outer loop
      vertex 86 39.1704 55.275
      vertex 57 39.3043 54.7403
      vertex 86 39.3043 54.7403
    endloop
  endfacet
  facet normal 0 -0.595705 0.803203
    outer loop
      vertex 57 35.1708 42.0902
      vertex 86 34.1934 41.3653
      vertex 86 35.1708 42.0902
    endloop
  endfacet
  facet normal 0 -0.595705 0.803203
    outer loop
      vertex 86 34.1934 41.3653
      vertex 57 35.1708 42.0902
      vertex 57 34.1934 41.3653
    endloop
  endfacet
  facet normal 0 -0.740895 0.671621
    outer loop
      vertex 57 36.0724 42.9074
      vertex 86 36.8897 43.809
      vertex 57 36.8897 43.809
    endloop
  endfacet
  facet normal 0 -0.740895 0.671621
    outer loop
      vertex 86 36.8897 43.809
      vertex 57 36.0724 42.9074
      vertex 86 36.0724 42.9074
    endloop
  endfacet
  facet normal -0 0.146769 0.989171
    outer loop
      vertex 57 26.0889 39.3352
      vertex 86 24.8852 39.5138
      vertex 86 26.0889 39.3352
    endloop
  endfacet
  facet normal 0 0.146769 0.989171
    outer loop
      vertex 86 24.8852 39.5138
      vertex 57 26.0889 39.3352
      vertex 57 24.8852 39.5138
    endloop
  endfacet
  facet normal -0 0.242922 0.970046
    outer loop
      vertex 57 24.8852 39.5138
      vertex 86 23.7048 39.8094
      vertex 86 24.8852 39.5138
    endloop
  endfacet
  facet normal 0 0.242922 0.970046
    outer loop
      vertex 86 23.7048 39.8094
      vertex 57 24.8852 39.5138
      vertex 57 23.7048 39.8094
    endloop
  endfacet
  facet normal 0 -0.857739 -0.514085
    outer loop
      vertex 57 38.2401 57.5208
      vertex 86 37.6145 58.5646
      vertex 57 37.6145 58.5646
    endloop
  endfacet
  facet normal 0 -0.857739 -0.514085
    outer loop
      vertex 86 37.6145 58.5646
      vertex 57 38.2401 57.5208
      vertex 86 38.2401 57.5208
    endloop
  endfacet
  facet normal 0 -0.146769 0.989171
    outer loop
      vertex 57 29.7234 39.5138
      vertex 86 28.5197 39.3352
      vertex 86 29.7234 39.5138
    endloop
  endfacet
  facet normal 0 -0.146769 0.989171
    outer loop
      vertex 86 28.5197 39.3352
      vertex 57 29.7234 39.5138
      vertex 57 28.5197 39.3352
    endloop
  endfacet
  facet normal -0 0.336909 0.941537
    outer loop
      vertex 57 23.7048 39.8094
      vertex 86 22.559 40.2194
      vertex 86 23.7048 39.8094
    endloop
  endfacet
  facet normal 0 0.336909 0.941537
    outer loop
      vertex 86 22.559 40.2194
      vertex 57 23.7048 39.8094
      vertex 57 22.559 40.2194
    endloop
  endfacet
  facet normal 0 -0.803243 0.595652
    outer loop
      vertex 57 36.8897 43.809
      vertex 86 37.6145 44.7864
      vertex 57 37.6145 44.7864
    endloop
  endfacet
  facet normal 0 -0.803243 0.595652
    outer loop
      vertex 86 37.6145 44.7864
      vertex 57 36.8897 43.809
      vertex 86 36.8897 43.809
    endloop
  endfacet
  facet normal 0 -0.941537 0.336909
    outer loop
      vertex 57 38.7604 46.9302
      vertex 86 39.1704 48.076
      vertex 57 39.1704 48.076
    endloop
  endfacet
  facet normal 0 -0.941537 0.336909
    outer loop
      vertex 86 39.1704 48.076
      vertex 57 38.7604 46.9302
      vertex 86 38.7604 46.9302
    endloop
  endfacet
  facet normal 0 -0.903977 0.427581
    outer loop
      vertex 57 38.2401 45.8302
      vertex 86 38.7604 46.9302
      vertex 57 38.7604 46.9302
    endloop
  endfacet
  facet normal 0 -0.903977 0.427581
    outer loop
      vertex 86 38.7604 46.9302
      vertex 57 38.2401 45.8302
      vertex 86 38.2401 45.8302
    endloop
  endfacet
  facet normal 0 -0.803193 -0.595719
    outer loop
      vertex 57 37.6145 58.5646
      vertex 86 37.3245 58.9556
      vertex 57 37.3245 58.9556
    endloop
  endfacet
  facet normal 0 -0.803193 -0.595719
    outer loop
      vertex 86 37.3245 58.9556
      vertex 57 37.6145 58.5646
      vertex 86 37.6145 58.5646
    endloop
  endfacet
  facet normal -0 0.51391 0.857844
    outer loop
      vertex 57 21.459 40.7397
      vertex 86 21.2652 40.8558
      vertex 86 21.459 40.7397
    endloop
  endfacet
  facet normal 0 0.51391 0.857844
    outer loop
      vertex 86 21.2652 40.8558
      vertex 57 21.459 40.7397
      vertex 57 21.2652 40.8558
    endloop
  endfacet
  facet normal 0 -0.336935 0.941528
    outer loop
      vertex 57 32.0496 40.2194
      vertex 86 30.9039 39.8094
      vertex 86 32.0496 40.2194
    endloop
  endfacet
  facet normal 0 -0.336935 0.941528
    outer loop
      vertex 86 30.9039 39.8094
      vertex 57 32.0496 40.2194
      vertex 57 30.9039 39.8094
    endloop
  endfacet
  facet normal 0 -0.427581 0.903977
    outer loop
      vertex 57 33.1496 40.7397
      vertex 86 32.0496 40.2194
      vertex 86 33.1496 40.7397
    endloop
  endfacet
  facet normal 0 -0.427581 0.903977
    outer loop
      vertex 86 32.0496 40.2194
      vertex 57 33.1496 40.7397
      vertex 57 32.0496 40.2194
    endloop
  endfacet
  facet normal 0 -0.903977 -0.427581
    outer loop
      vertex 57 38.7604 56.4208
      vertex 86 38.2401 57.5208
      vertex 57 38.2401 57.5208
    endloop
  endfacet
  facet normal 0 -0.903977 -0.427581
    outer loop
      vertex 86 38.2401 57.5208
      vertex 57 38.7604 56.4208
      vertex 86 38.7604 56.4208
    endloop
  endfacet
  facet normal 0 -0.514085 0.857739
    outer loop
      vertex 57 34.1934 41.3653
      vertex 86 33.1496 40.7397
      vertex 86 34.1934 41.3653
    endloop
  endfacet
  facet normal 0 -0.514085 0.857739
    outer loop
      vertex 86 33.1496 40.7397
      vertex 57 34.1934 41.3653
      vertex 57 33.1496 40.7397
    endloop
  endfacet
  facet normal 0 -0.671576 0.740936
    outer loop
      vertex 57 36.0724 42.9074
      vertex 86 35.1708 42.0902
      vertex 86 36.0724 42.9074
    endloop
  endfacet
  facet normal 0 -0.671576 0.740936
    outer loop
      vertex 86 35.1708 42.0902
      vertex 57 36.0724 42.9074
      vertex 57 35.1708 42.0902
    endloop
  endfacet
  facet normal -0 0.427581 0.903977
    outer loop
      vertex 57 22.559 40.2194
      vertex 86 21.459 40.7397
      vertex 86 22.559 40.2194
    endloop
  endfacet
  facet normal 0 0.427581 0.903977
    outer loop
      vertex 86 21.459 40.7397
      vertex 57 22.559 40.2194
      vertex 57 21.459 40.7397
    endloop
  endfacet
  facet normal 0 -0.970046 0.24292
    outer loop
      vertex 57 39.1704 48.076
      vertex 86 39.3043 48.6107
      vertex 57 39.3043 48.6107
    endloop
  endfacet
  facet normal 0 -0.970046 0.24292
    outer loop
      vertex 86 39.3043 48.6107
      vertex 57 39.1704 48.076
      vertex 86 39.1704 48.076
    endloop
  endfacet
  facet normal 0 0.671563 -0.740948
    outer loop
      vertex 57 -34.3705 4.3703
      vertex 86 -34.1251 4.59272
      vertex 86 -34.3705 4.3703
    endloop
  endfacet
  facet normal 9.64862e-06 0.670937 -0.741515
    outer loop
      vertex 57 -34.3622 4.37781
      vertex 86 -34.1251 4.59272
      vertex 57 -34.3705 4.3703
    endloop
  endfacet
  facet normal 0 0.671585 -0.740928
    outer loop
      vertex -86 -34.1251 4.59272
      vertex 57 -34.3622 4.37781
      vertex -86 -34.3622 4.37781
    endloop
  endfacet
  facet normal 0 0.671585 -0.740928
    outer loop
      vertex 57 -34.3622 4.37781
      vertex -86 -34.1251 4.59272
      vertex 86 -34.1251 4.59272
    endloop
  endfacet
  facet normal 0 0.242948 -0.970039
    outer loop
      vertex 57 -35.8532 3.66906
      vertex 86 -35.5319 3.74953
      vertex 86 -35.8532 3.66906
    endloop
  endfacet
  facet normal 0 0.242948 -0.970039
    outer loop
      vertex 86 -35.5319 3.74953
      vertex 57 -35.8532 3.66906
      vertex 57 -35.5319 3.74953
    endloop
  endfacet
  facet normal 0 -0.941527 -0.336939
    outer loop
      vertex -86 -39.6297 5.68765
      vertex 86 -39.7413 5.9995
      vertex -86 -39.7413 5.9995
    endloop
  endfacet
  facet normal 0 -0.941527 -0.336939
    outer loop
      vertex 86 -39.7413 5.9995
      vertex -86 -39.6297 5.68765
      vertex 86 -39.6297 5.68765
    endloop
  endfacet
  facet normal 0 0.740991 0.671515
    outer loop
      vertex 86 -33.9027 9.12028
      vertex -86 -34.1251 9.36569
      vertex 86 -34.1251 9.36569
    endloop
  endfacet
  facet normal 0 0.740991 0.671515
    outer loop
      vertex -86 -34.1251 9.36569
      vertex 86 -33.9027 9.12028
      vertex -86 -33.9027 9.12028
    endloop
  endfacet
  facet normal 0 -0.243033 0.970018
    outer loop
      vertex -86 -37.17 10.2894
      vertex 86 -37.4913 10.2089
      vertex 86 -37.17 10.2894
    endloop
  endfacet
  facet normal 0 -0.243033 0.970018
    outer loop
      vertex 86 -37.4913 10.2089
      vertex -86 -37.17 10.2894
      vertex -86 -37.4913 10.2089
    endloop
  endfacet
  facet normal 0 0.857698 0.514154
    outer loop
      vertex 86 -33.5351 8.57017
      vertex -86 -33.7054 8.85426
      vertex 86 -33.7054 8.85426
    endloop
  endfacet
  facet normal 0 0.857698 0.514154
    outer loop
      vertex -86 -33.7054 8.85426
      vertex 86 -33.5351 8.57017
      vertex -86 -33.5351 8.57017
    endloop
  endfacet
  facet normal 0 0.0490839 -0.998795
    outer loop
      vertex 57 -36.4142 3.60899
      vertex 86 -36.1808 3.62046
      vertex 86 -36.4142 3.60899
    endloop
  endfacet
  facet normal 0 0.0490839 -0.998795
    outer loop
      vertex 86 -36.1808 3.62046
      vertex 57 -36.4142 3.60899
      vertex 57 -36.1808 3.62046
    endloop
  endfacet
  facet normal 0 0.427449 -0.904039
    outer loop
      vertex 57 -35.2201 3.86111
      vertex 86 -34.9206 4.00272
      vertex 86 -35.2201 3.86111
    endloop
  endfacet
  facet normal 0 0.427449 -0.904039
    outer loop
      vertex 86 -34.9206 4.00272
      vertex 57 -35.2201 3.86111
      vertex 57 -34.9206 4.00272
    endloop
  endfacet
  facet normal 0 -0.904001 -0.427529
    outer loop
      vertex -86 -39.4881 5.38824
      vertex 86 -39.6297 5.68765
      vertex -86 -39.6297 5.68765
    endloop
  endfacet
  facet normal 0 -0.904001 -0.427529
    outer loop
      vertex 86 -39.6297 5.68765
      vertex -86 -39.4881 5.38824
      vertex 86 -39.4881 5.38824
    endloop
  endfacet
  facet normal 0 0.941523 0.336948
    outer loop
      vertex 86 -33.2819 7.95892
      vertex -86 -33.3935 8.27076
      vertex 86 -33.3935 8.27076
    endloop
  endfacet
  facet normal 0 0.941523 0.336948
    outer loop
      vertex -86 -33.3935 8.27076
      vertex 86 -33.2819 7.95892
      vertex -86 -33.2819 7.95892
    endloop
  endfacet
  facet normal 0 -0.998803 -0.0489121
    outer loop
      vertex -86 -39.8704 6.6484
      vertex 86 -39.8866 6.97921
      vertex -86 -39.8866 6.97921
    endloop
  endfacet
  facet normal 0 -0.998803 -0.0489121
    outer loop
      vertex 86 -39.8866 6.97921
      vertex -86 -39.8704 6.6484
      vertex 86 -39.8704 6.6484
    endloop
  endfacet
  facet normal 0 0.740991 -0.671515
    outer loop
      vertex 86 -34.1251 4.59272
      vertex -86 -33.9027 4.83813
      vertex 86 -33.9027 4.83813
    endloop
  endfacet
  facet normal 0 0.740991 -0.671515
    outer loop
      vertex -86 -33.9027 4.83813
      vertex 86 -34.1251 4.59272
      vertex -86 -34.1251 4.59272
    endloop
  endfacet
  facet normal 0 0.904001 0.427529
    outer loop
      vertex 86 -33.3935 8.27076
      vertex -86 -33.5351 8.57017
      vertex 86 -33.5351 8.57017
    endloop
  endfacet
  facet normal 0 0.904001 0.427529
    outer loop
      vertex -86 -33.5351 8.57017
      vertex 86 -33.3935 8.27076
      vertex -86 -33.3935 8.27076
    endloop
  endfacet
  facet normal 0 0.989176 0.146732
    outer loop
      vertex 86 -33.1529 7.31001
      vertex -86 -33.2015 7.63764
      vertex 86 -33.2015 7.63764
    endloop
  endfacet
  facet normal 0 0.989176 0.146732
    outer loop
      vertex -86 -33.2015 7.63764
      vertex 86 -33.1529 7.31001
      vertex -86 -33.1529 7.31001
    endloop
  endfacet
  facet normal 0 -0.970014 0.243047
    outer loop
      vertex -86 -39.8218 7.63764
      vertex 86 -39.7413 7.95892
      vertex -86 -39.7413 7.95892
    endloop
  endfacet
  facet normal 0 -0.970014 0.243047
    outer loop
      vertex 86 -39.7413 7.95892
      vertex -86 -39.8218 7.63764
      vertex 86 -39.8218 7.63764
    endloop
  endfacet
  facet normal 0 0.85769 -0.514167
    outer loop
      vertex 86 -33.7054 5.10416
      vertex -86 -33.5351 5.38824
      vertex 86 -33.5351 5.38824
    endloop
  endfacet
  facet normal 0 0.85769 -0.514167
    outer loop
      vertex -86 -33.5351 5.38824
      vertex 86 -33.7054 5.10416
      vertex -86 -33.7054 5.10416
    endloop
  endfacet
  facet normal 0 -0.0489136 0.998803
    outer loop
      vertex -86 -36.5116 10.3542
      vertex 86 -36.8424 10.338
      vertex 86 -36.5116 10.3542
    endloop
  endfacet
  facet normal 0 -0.0489136 0.998803
    outer loop
      vertex 86 -36.8424 10.338
      vertex -86 -36.5116 10.3542
      vertex -86 -36.8424 10.338
    endloop
  endfacet
  facet normal 0 -0.941523 0.336948
    outer loop
      vertex -86 -39.7413 7.95892
      vertex 86 -39.6297 8.27076
      vertex -86 -39.6297 8.27076
    endloop
  endfacet
  facet normal 0 -0.941523 0.336948
    outer loop
      vertex 86 -39.6297 8.27076
      vertex -86 -39.7413 7.95892
      vertex 86 -39.7413 7.95892
    endloop
  endfacet
  facet normal 0 0.595596 -0.803284
    outer loop
      vertex 57 -34.6366 4.173
      vertex 86 -34.3705 4.3703
      vertex 86 -34.6366 4.173
    endloop
  endfacet
  facet normal 0 0.595596 -0.803284
    outer loop
      vertex 86 -34.3705 4.3703
      vertex 57 -34.6366 4.173
      vertex 57 -34.3705 4.3703
    endloop
  endfacet
  facet normal 0 0.803209 -0.595697
    outer loop
      vertex 86 -33.9027 4.83813
      vertex -86 -33.7054 5.10416
      vertex 86 -33.7054 5.10416
    endloop
  endfacet
  facet normal 0 0.803209 -0.595697
    outer loop
      vertex -86 -33.7054 5.10416
      vertex 86 -33.9027 4.83813
      vertex -86 -33.9027 4.83813
    endloop
  endfacet
  facet normal 0 0.803199 0.595711
    outer loop
      vertex 86 -33.7054 8.85426
      vertex -86 -33.9027 9.12028
      vertex 86 -33.9027 9.12028
    endloop
  endfacet
  facet normal 0 0.803199 0.595711
    outer loop
      vertex -86 -33.9027 9.12028
      vertex 86 -33.7054 8.85426
      vertex -86 -33.7054 8.85426
    endloop
  endfacet
  facet normal 0 0.904001 -0.427529
    outer loop
      vertex 86 -33.5351 5.38824
      vertex -86 -33.3935 5.68765
      vertex 86 -33.3935 5.68765
    endloop
  endfacet
  facet normal 0 0.904001 -0.427529
    outer loop
      vertex -86 -33.3935 5.68765
      vertex 86 -33.5351 5.38824
      vertex -86 -33.5351 5.38824
    endloop
  endfacet
  facet normal -0 0.67158 0.740932
    outer loop
      vertex -86 -34.1251 9.36569
      vertex 86 -34.3705 9.58812
      vertex 86 -34.1251 9.36569
    endloop
  endfacet
  facet normal 0 0.67158 0.740932
    outer loop
      vertex 86 -34.3705 9.58812
      vertex -86 -34.1251 9.36569
      vertex -86 -34.3705 9.58812
    endloop
  endfacet
  facet normal 0 0.989176 -0.146737
    outer loop
      vertex 86 -33.2015 6.32078
      vertex -86 -33.1529 6.6484
      vertex 86 -33.1529 6.6484
    endloop
  endfacet
  facet normal 0 0.989176 -0.146737
    outer loop
      vertex -86 -33.1529 6.6484
      vertex 86 -33.2015 6.32078
      vertex -86 -33.2015 6.32078
    endloop
  endfacet
  facet normal 0 0.998788 -0.0492133
    outer loop
      vertex 86 -33.1529 6.6484
      vertex -86 -33.1366 6.97921
      vertex 86 -33.1366 6.97921
    endloop
  endfacet
  facet normal 0 0.998788 -0.0492133
    outer loop
      vertex -86 -33.1366 6.97921
      vertex 86 -33.1529 6.6484
      vertex -86 -33.1529 6.6484
    endloop
  endfacet
  facet normal 0 0.146746 -0.989174
    outer loop
      vertex 57 -36.1808 3.62046
      vertex 86 -35.8532 3.66906
      vertex 86 -36.1808 3.62046
    endloop
  endfacet
  facet normal 0 0.146746 -0.989174
    outer loop
      vertex 86 -35.8532 3.66906
      vertex 57 -36.1808 3.62046
      vertex 57 -35.8532 3.66906
    endloop
  endfacet
  facet normal 0 -0.513975 -0.857805
    outer loop
      vertex -86 -38.3867 4.173
      vertex 86 -38.2171 4.07138
      vertex 86 -38.3867 4.173
    endloop
  endfacet
  facet normal -0 -0.513975 -0.857805
    outer loop
      vertex 86 -38.2171 4.07138
      vertex -86 -38.3867 4.173
      vertex -86 -38.2171 4.07138
    endloop
  endfacet
  facet normal 0 0.970086 -0.242763
    outer loop
      vertex 86 -33.2819 5.9995
      vertex -86 -33.2015 6.32078
      vertex 86 -33.2015 6.32078
    endloop
  endfacet
  facet normal 0 0.970086 -0.242763
    outer loop
      vertex -86 -33.2015 6.32078
      vertex 86 -33.2819 5.9995
      vertex -86 -33.2819 5.9995
    endloop
  endfacet
  facet normal 0 -0.336891 0.941544
    outer loop
      vertex -86 -37.4913 10.2089
      vertex 86 -37.8032 10.0973
      vertex 86 -37.4913 10.2089
    endloop
  endfacet
  facet normal 0 -0.336891 0.941544
    outer loop
      vertex 86 -37.8032 10.0973
      vertex -86 -37.4913 10.2089
      vertex -86 -37.8032 10.0973
    endloop
  endfacet
  facet normal -0 0.336987 0.941509
    outer loop
      vertex -86 -35.2201 10.0973
      vertex 86 -35.5319 10.2089
      vertex 86 -35.2201 10.0973
    endloop
  endfacet
  facet normal 0 0.336987 0.941509
    outer loop
      vertex 86 -35.5319 10.2089
      vertex -86 -35.2201 10.0973
      vertex -86 -35.5319 10.2089
    endloop
  endfacet
  facet normal 0 -0.514074 0.857746
    outer loop
      vertex -86 -38.1026 9.95569
      vertex 86 -38.3867 9.78542
      vertex 86 -38.1026 9.95569
    endloop
  endfacet
  facet normal 0 -0.514074 0.857746
    outer loop
      vertex 86 -38.3867 9.78542
      vertex -86 -38.1026 9.95569
      vertex -86 -38.3867 9.78542
    endloop
  endfacet
  facet normal 0 -0.970014 -0.243047
    outer loop
      vertex -86 -39.7413 5.9995
      vertex 86 -39.8218 6.32078
      vertex -86 -39.8218 6.32078
    endloop
  endfacet
  facet normal 0 -0.970014 -0.243047
    outer loop
      vertex 86 -39.8218 6.32078
      vertex -86 -39.7413 5.9995
      vertex 86 -39.7413 5.9995
    endloop
  endfacet
  facet normal 0 -0.989176 -0.146737
    outer loop
      vertex -86 -39.8218 6.32078
      vertex 86 -39.8704 6.6484
      vertex -86 -39.8704 6.6484
    endloop
  endfacet
  facet normal 0 -0.989176 -0.146737
    outer loop
      vertex 86 -39.8704 6.6484
      vertex -86 -39.8218 6.32078
      vertex 86 -39.8218 6.32078
    endloop
  endfacet
  facet normal 0 0.336933 -0.941529
    outer loop
      vertex 57 -35.5319 3.74953
      vertex 86 -35.2201 3.86111
      vertex 86 -35.5319 3.74953
    endloop
  endfacet
  facet normal 0 0.336933 -0.941529
    outer loop
      vertex 86 -35.2201 3.86111
      vertex 57 -35.5319 3.74953
      vertex 57 -35.2201 3.86111
    endloop
  endfacet
  facet normal 0 -0.671563 -0.740948
    outer loop
      vertex -86 -38.8981 4.59272
      vertex 86 -38.6527 4.3703
      vertex 86 -38.8981 4.59272
    endloop
  endfacet
  facet normal -0 -0.671563 -0.740948
    outer loop
      vertex 86 -38.6527 4.3703
      vertex -86 -38.8981 4.59272
      vertex -86 -38.6527 4.3703
    endloop
  endfacet
  facet normal 0 -0.59574 -0.803177
    outer loop
      vertex -86 -38.6527 4.3703
      vertex 86 -38.3867 4.173
      vertex 86 -38.6527 4.3703
    endloop
  endfacet
  facet normal -0 -0.59574 -0.803177
    outer loop
      vertex 86 -38.3867 4.173
      vertex -86 -38.6527 4.3703
      vertex -86 -38.3867 4.173
    endloop
  endfacet
  facet normal 0 0.970086 0.242763
    outer loop
      vertex 86 -33.2015 7.63764
      vertex -86 -33.2819 7.95892
      vertex 86 -33.2819 7.95892
    endloop
  endfacet
  facet normal 0 0.970086 0.242763
    outer loop
      vertex -86 -33.2819 7.95892
      vertex 86 -33.2015 7.63764
      vertex -86 -33.2015 7.63764
    endloop
  endfacet
  facet normal 0 -0.989176 0.146732
    outer loop
      vertex -86 -39.8704 7.31001
      vertex 86 -39.8218 7.63764
      vertex -86 -39.8218 7.63764
    endloop
  endfacet
  facet normal 0 -0.989176 0.146732
    outer loop
      vertex 86 -39.8218 7.63764
      vertex -86 -39.8704 7.31001
      vertex 86 -39.8704 7.31001
    endloop
  endfacet
  facet normal -0 0.514207 0.857666
    outer loop
      vertex -86 -34.6366 9.78542
      vertex 86 -34.9206 9.95569
      vertex 86 -34.6366 9.78542
    endloop
  endfacet
  facet normal 0 0.514207 0.857666
    outer loop
      vertex 86 -34.9206 9.95569
      vertex -86 -34.6366 9.78542
      vertex -86 -34.9206 9.95569
    endloop
  endfacet
  facet normal 0 0.514229 -0.857653
    outer loop
      vertex 57 -34.9206 4.00272
      vertex 86 -34.6366 4.173
      vertex 86 -34.9206 4.00272
    endloop
  endfacet
  facet normal 0 0.514229 -0.857653
    outer loop
      vertex 86 -34.6366 4.173
      vertex 57 -34.9206 4.00272
      vertex 57 -34.6366 4.173
    endloop
  endfacet
  facet normal 0 -0.857698 0.514154
    outer loop
      vertex -86 -39.4881 8.57017
      vertex 86 -39.3178 8.85426
      vertex -86 -39.3178 8.85426
    endloop
  endfacet
  facet normal 0 -0.857698 0.514154
    outer loop
      vertex 86 -39.3178 8.85426
      vertex -86 -39.4881 8.57017
      vertex 86 -39.4881 8.57017
    endloop
  endfacet
  facet normal 0 -0.904001 0.427529
    outer loop
      vertex -86 -39.6297 8.27076
      vertex 86 -39.4881 8.57017
      vertex -86 -39.4881 8.57017
    endloop
  endfacet
  facet normal 0 -0.904001 0.427529
    outer loop
      vertex 86 -39.4881 8.57017
      vertex -86 -39.6297 8.27076
      vertex 86 -39.6297 8.27076
    endloop
  endfacet
  facet normal 0 -0.803209 -0.595697
    outer loop
      vertex -86 -39.1205 4.83813
      vertex 86 -39.3178 5.10416
      vertex -86 -39.3178 5.10416
    endloop
  endfacet
  facet normal 0 -0.803209 -0.595697
    outer loop
      vertex 86 -39.3178 5.10416
      vertex -86 -39.1205 4.83813
      vertex 86 -39.1205 4.83813
    endloop
  endfacet
  facet normal 0 0.998788 0.0492148
    outer loop
      vertex 86 -33.1366 6.97921
      vertex -86 -33.1529 7.31001
      vertex 86 -33.1529 7.31001
    endloop
  endfacet
  facet normal 0 0.998788 0.0492148
    outer loop
      vertex -86 -33.1529 7.31001
      vertex 86 -33.1366 6.97921
      vertex -86 -33.1366 6.97921
    endloop
  endfacet
  facet normal -0 0.243033 0.970018
    outer loop
      vertex -86 -35.5319 10.2089
      vertex 86 -35.8532 10.2894
      vertex 86 -35.5319 10.2089
    endloop
  endfacet
  facet normal 0 0.243033 0.970018
    outer loop
      vertex 86 -35.8532 10.2894
      vertex -86 -35.5319 10.2089
      vertex -86 -35.8532 10.2894
    endloop
  endfacet
  facet normal 0 -0.146746 0.989174
    outer loop
      vertex -86 -36.8424 10.338
      vertex 86 -37.17 10.2894
      vertex 86 -36.8424 10.338
    endloop
  endfacet
  facet normal 0 -0.146746 0.989174
    outer loop
      vertex 86 -37.17 10.2894
      vertex -86 -36.8424 10.338
      vertex -86 -37.17 10.2894
    endloop
  endfacet
  facet normal 0 -0.67158 0.740932
    outer loop
      vertex -86 -38.6527 9.58812
      vertex 86 -38.8981 9.36569
      vertex 86 -38.6527 9.58812
    endloop
  endfacet
  facet normal 0 -0.67158 0.740932
    outer loop
      vertex 86 -38.8981 9.36569
      vertex -86 -38.6527 9.58812
      vertex -86 -38.8981 9.36569
    endloop
  endfacet
  facet normal 0 0.941527 -0.336939
    outer loop
      vertex 86 -33.3935 5.68765
      vertex -86 -33.2819 5.9995
      vertex 86 -33.2819 5.9995
    endloop
  endfacet
  facet normal 0 0.941527 -0.336939
    outer loop
      vertex -86 -33.2819 5.9995
      vertex 86 -33.3935 5.68765
      vertex -86 -33.3935 5.68765
    endloop
  endfacet
  facet normal 0 -0.59574 0.803177
    outer loop
      vertex -86 -38.3867 9.78542
      vertex 86 -38.6527 9.58812
      vertex 86 -38.3867 9.78542
    endloop
  endfacet
  facet normal 0 -0.59574 0.803177
    outer loop
      vertex 86 -38.6527 9.58812
      vertex -86 -38.3867 9.78542
      vertex -86 -38.6527 9.58812
    endloop
  endfacet
  facet normal -0 0.427449 0.904039
    outer loop
      vertex -86 -34.9206 9.95569
      vertex 86 -35.2201 10.0973
      vertex 86 -34.9206 9.95569
    endloop
  endfacet
  facet normal 0 0.427449 0.904039
    outer loop
      vertex 86 -35.2201 10.0973
      vertex -86 -34.9206 9.95569
      vertex -86 -35.2201 10.0973
    endloop
  endfacet
  facet normal 0 -0.85769 -0.514167
    outer loop
      vertex -86 -39.3178 5.10416
      vertex 86 -39.4881 5.38824
      vertex -86 -39.4881 5.38824
    endloop
  endfacet
  facet normal 0 -0.85769 -0.514167
    outer loop
      vertex 86 -39.4881 5.38824
      vertex -86 -39.3178 5.10416
      vertex 86 -39.3178 5.10416
    endloop
  endfacet
  facet normal 0 -0.803199 0.595711
    outer loop
      vertex -86 -39.3178 8.85426
      vertex 86 -39.1205 9.12028
      vertex -86 -39.1205 9.12028
    endloop
  endfacet
  facet normal 0 -0.803199 0.595711
    outer loop
      vertex 86 -39.1205 9.12028
      vertex -86 -39.3178 8.85426
      vertex 86 -39.3178 8.85426
    endloop
  endfacet
  facet normal 0 -0.740991 0.671515
    outer loop
      vertex -86 -39.1205 9.12028
      vertex 86 -38.8981 9.36569
      vertex -86 -38.8981 9.36569
    endloop
  endfacet
  facet normal 0 -0.740991 0.671515
    outer loop
      vertex 86 -38.8981 9.36569
      vertex -86 -39.1205 9.12028
      vertex 86 -39.1205 9.12028
    endloop
  endfacet
  facet normal -0 0.595596 0.803284
    outer loop
      vertex -86 -34.3705 9.58812
      vertex 86 -34.6366 9.78542
      vertex 86 -34.3705 9.58812
    endloop
  endfacet
  facet normal 0 0.595596 0.803284
    outer loop
      vertex 86 -34.6366 9.78542
      vertex -86 -34.3705 9.58812
      vertex -86 -34.6366 9.78542
    endloop
  endfacet
  facet normal 0 -0.998803 0.0489136
    outer loop
      vertex -86 -39.8866 6.97921
      vertex 86 -39.8704 7.31001
      vertex -86 -39.8704 7.31001
    endloop
  endfacet
  facet normal 0 -0.998803 0.0489136
    outer loop
      vertex 86 -39.8704 7.31001
      vertex -86 -39.8866 6.97921
      vertex 86 -39.8866 6.97921
    endloop
  endfacet
  facet normal 0 -0.427566 0.903984
    outer loop
      vertex -86 -37.8032 10.0973
      vertex 86 -38.1026 9.95569
      vertex 86 -37.8032 10.0973
    endloop
  endfacet
  facet normal 0 -0.427566 0.903984
    outer loop
      vertex 86 -38.1026 9.95569
      vertex -86 -37.8032 10.0973
      vertex -86 -38.1026 9.95569
    endloop
  endfacet
  facet normal -0 0.146746 0.989174
    outer loop
      vertex -86 -35.8532 10.2894
      vertex 86 -36.1808 10.338
      vertex 86 -35.8532 10.2894
    endloop
  endfacet
  facet normal 0 0.146746 0.989174
    outer loop
      vertex 86 -36.1808 10.338
      vertex -86 -35.8532 10.2894
      vertex -86 -36.1808 10.338
    endloop
  endfacet
  facet normal -0 0.0489136 0.998803
    outer loop
      vertex -86 -36.1808 10.338
      vertex 86 -36.5116 10.3542
      vertex 86 -36.1808 10.338
    endloop
  endfacet
  facet normal 0 0.0489136 0.998803
    outer loop
      vertex 86 -36.5116 10.3542
      vertex -86 -36.1808 10.338
      vertex -86 -36.5116 10.3542
    endloop
  endfacet
  facet normal 0 -0.740991 -0.671515
    outer loop
      vertex -86 -38.8981 4.59272
      vertex 86 -39.1205 4.83813
      vertex -86 -39.1205 4.83813
    endloop
  endfacet
  facet normal 0 -0.740991 -0.671515
    outer loop
      vertex 86 -39.1205 4.83813
      vertex -86 -38.8981 4.59272
      vertex 86 -38.8981 4.59272
    endloop
  endfacet
  facet normal 0 0.243033 -0.970018
    outer loop
      vertex 57 -17.6503 16.8942
      vertex 86 -17.329 16.9747
      vertex 86 -17.6503 16.8942
    endloop
  endfacet
  facet normal 0 0.243033 -0.970018
    outer loop
      vertex 86 -17.329 16.9747
      vertex 57 -17.6503 16.8942
      vertex 57 -17.329 16.9747
    endloop
  endfacet
  facet normal 0 -0.941544 -0.336891
    outer loop
      vertex -86 -21.4268 18.9128
      vertex 86 -21.5384 19.2247
      vertex -86 -21.5384 19.2247
    endloop
  endfacet
  facet normal 0 -0.941544 -0.336891
    outer loop
      vertex 86 -21.5384 19.2247
      vertex -86 -21.4268 18.9128
      vertex 86 -21.4268 18.9128
    endloop
  endfacet
  facet normal 0 -0.427541 -0.903996
    outer loop
      vertex -86 -19.8997 17.2279
      vertex 86 -19.6003 17.0863
      vertex 86 -19.8997 17.2279
    endloop
  endfacet
  facet normal -0 -0.427541 -0.903996
    outer loop
      vertex 86 -19.6003 17.0863
      vertex -86 -19.8997 17.2279
      vertex -86 -19.6003 17.0863
    endloop
  endfacet
  facet normal 1 0 0
    outer loop
      vertex 86 -14.95 20.5352
      vertex 86 -14.95 19.8736
      vertex 86 -14.9337 20.2044
    endloop
  endfacet
  facet normal 1 0 0
    outer loop
      vertex 86 -14.9986 20.8628
      vertex 86 -14.95 19.8736
      vertex 86 -14.95 20.5352
    endloop
  endfacet
  facet normal 1 0 0
    outer loop
      vertex 86 -14.9986 20.8628
      vertex 86 -14.9986 19.5459
      vertex 86 -14.95 19.8736
    endloop
  endfacet
  facet normal 1 0 0
    outer loop
      vertex 86 -15.0791 21.1841
      vertex 86 -14.9986 19.5459
      vertex 86 -14.9986 20.8628
    endloop
  endfacet
  facet normal 1 0 0
    outer loop
      vertex 86 -15.0791 21.1841
      vertex 86 -15.0791 19.2247
      vertex 86 -14.9986 19.5459
    endloop
  endfacet
  facet normal 1 0 0
    outer loop
      vertex 86 -15.1906 21.4959
      vertex 86 -15.0791 19.2247
      vertex 86 -15.0791 21.1841
    endloop
  endfacet
  facet normal 1 0 0
    outer loop
      vertex 86 -15.1906 21.4959
      vertex 86 -15.1906 18.9128
      vertex 86 -15.0791 19.2247
    endloop
  endfacet
  facet normal 1 0 0
    outer loop
      vertex 86 -15.3322 21.7953
      vertex 86 -15.1906 18.9128
      vertex 86 -15.1906 21.4959
    endloop
  endfacet
  facet normal 1 0 0
    outer loop
      vertex 86 -15.3322 21.7953
      vertex 86 -15.3322 18.6134
      vertex 86 -15.1906 18.9128
    endloop
  endfacet
  facet normal 1 0 0
    outer loop
      vertex 86 -15.5025 22.0794
      vertex 86 -15.3322 18.6134
      vertex 86 -15.3322 21.7953
    endloop
  endfacet
  facet normal 1 0 0
    outer loop
      vertex 86 -15.5025 22.0794
      vertex 86 -15.5025 18.3293
      vertex 86 -15.3322 18.6134
    endloop
  endfacet
  facet normal 1 0 0
    outer loop
      vertex 86 -15.6998 22.3455
      vertex 86 -15.5025 18.3293
      vertex 86 -15.5025 22.0794
    endloop
  endfacet
  facet normal 1 0 0
    outer loop
      vertex 86 -15.6998 22.3455
      vertex 86 -15.6998 18.0633
      vertex 86 -15.5025 18.3293
    endloop
  endfacet
  facet normal 1 0 0
    outer loop
      vertex 86 -15.9222 22.5909
      vertex 86 -15.6998 18.0633
      vertex 86 -15.6998 22.3455
    endloop
  endfacet
  facet normal 1 0 0
    outer loop
      vertex 86 -15.9222 22.5909
      vertex 86 -15.9222 17.8179
      vertex 86 -15.6998 18.0633
    endloop
  endfacet
  facet normal 1 0 0
    outer loop
      vertex 86 -16.1677 22.8133
      vertex 86 -15.9222 17.8179
      vertex 86 -15.9222 22.5909
    endloop
  endfacet
  facet normal 1 0 0
    outer loop
      vertex 86 -16.1677 22.8133
      vertex 86 -16.1677 17.5955
      vertex 86 -15.9222 17.8179
    endloop
  endfacet
  facet normal 1 0 0
    outer loop
      vertex 86 -16.4337 23.0106
      vertex 86 -16.1677 17.5955
      vertex 86 -16.1677 22.8133
    endloop
  endfacet
  facet normal 1 0 0
    outer loop
      vertex 86 -16.4337 23.0106
      vertex 86 -16.4337 17.3982
      vertex 86 -16.1677 17.5955
    endloop
  endfacet
  facet normal 1 0 0
    outer loop
      vertex 86 -16.7178 23.1809
      vertex 86 -16.4337 17.3982
      vertex 86 -16.4337 23.0106
    endloop
  endfacet
  facet normal 1 0 0
    outer loop
      vertex 86 -16.7178 23.1809
      vertex 86 -16.7178 17.2279
      vertex 86 -16.4337 17.3982
    endloop
  endfacet
  facet normal 1 0 0
    outer loop
      vertex 86 -17.0172 23.3225
      vertex 86 -16.7178 17.2279
      vertex 86 -16.7178 23.1809
    endloop
  endfacet
  facet normal 1 0 0
    outer loop
      vertex 86 -17.0172 23.3225
      vertex 86 -17.0172 17.0863
      vertex 86 -16.7178 17.2279
    endloop
  endfacet
  facet normal 1 0 0
    outer loop
      vertex 86 -17.329 23.434
      vertex 86 -17.0172 17.0863
      vertex 86 -17.0172 23.3225
    endloop
  endfacet
  facet normal 1 0 0
    outer loop
      vertex 86 -17.329 23.434
      vertex 86 -17.329 16.9747
      vertex 86 -17.0172 17.0863
    endloop
  endfacet
  facet normal 1 0 0
    outer loop
      vertex 86 -17.6503 23.5145
      vertex 86 -17.329 16.9747
      vertex 86 -17.329 23.434
    endloop
  endfacet
  facet normal 1 0 0
    outer loop
      vertex 86 -17.6503 23.5145
      vertex 86 -17.6503 16.8942
      vertex 86 -17.329 16.9747
    endloop
  endfacet
  facet normal 1 0 0
    outer loop
      vertex 86 -17.9779 23.5631
      vertex 86 -17.6503 16.8942
      vertex 86 -17.6503 23.5145
    endloop
  endfacet
  facet normal 1 0 0
    outer loop
      vertex 86 -17.9779 23.5631
      vertex 86 -17.9779 16.8456
      vertex 86 -17.6503 16.8942
    endloop
  endfacet
  facet normal 1 0 0
    outer loop
      vertex 86 -18.3087 23.5794
      vertex 86 -17.9779 16.8456
      vertex 86 -17.9779 23.5631
    endloop
  endfacet
  facet normal 1 0 0
    outer loop
      vertex 86 -18.3087 23.5794
      vertex 86 -18.3087 16.8294
      vertex 86 -17.9779 16.8456
    endloop
  endfacet
  facet normal 1 -0 0
    outer loop
      vertex 86 -18.6395 23.5631
      vertex 86 -18.3087 16.8294
      vertex 86 -18.3087 23.5794
    endloop
  endfacet
  facet normal 1 0 0
    outer loop
      vertex 86 -18.6395 23.5631
      vertex 86 -18.6395 16.8456
      vertex 86 -18.3087 16.8294
    endloop
  endfacet
  facet normal 1 -0 0
    outer loop
      vertex 86 -18.9672 23.5145
      vertex 86 -18.6395 16.8456
      vertex 86 -18.6395 23.5631
    endloop
  endfacet
  facet normal 1 0 0
    outer loop
      vertex 86 -18.9672 23.5145
      vertex 86 -18.9672 16.8942
      vertex 86 -18.6395 16.8456
    endloop
  endfacet
  facet normal 1 -0 0
    outer loop
      vertex 86 -19.2884 23.434
      vertex 86 -18.9672 16.8942
      vertex 86 -18.9672 23.5145
    endloop
  endfacet
  facet normal 1 0 0
    outer loop
      vertex 86 -19.2884 23.434
      vertex 86 -19.2884 16.9747
      vertex 86 -18.9672 16.8942
    endloop
  endfacet
  facet normal 1 -0 0
    outer loop
      vertex 86 -19.6003 23.3225
      vertex 86 -19.2884 16.9747
      vertex 86 -19.2884 23.434
    endloop
  endfacet
  facet normal 1 0 0
    outer loop
      vertex 86 -19.6003 23.3225
      vertex 86 -19.6003 17.0863
      vertex 86 -19.2884 16.9747
    endloop
  endfacet
  facet normal 1 -0 0
    outer loop
      vertex 86 -19.8997 23.1809
      vertex 86 -19.6003 17.0863
      vertex 86 -19.6003 23.3225
    endloop
  endfacet
  facet normal 1 0 0
    outer loop
      vertex 86 -19.8997 23.1809
      vertex 86 -19.8997 17.2279
      vertex 86 -19.6003 17.0863
    endloop
  endfacet
  facet normal 1 -0 0
    outer loop
      vertex 86 -20.1838 23.0106
      vertex 86 -19.8997 17.2279
      vertex 86 -19.8997 23.1809
    endloop
  endfacet
  facet normal 1 0 0
    outer loop
      vertex 86 -20.1838 23.0106
      vertex 86 -20.1838 17.3982
      vertex 86 -19.8997 17.2279
    endloop
  endfacet
  facet normal 1 -0 0
    outer loop
      vertex 86 -20.4498 22.8133
      vertex 86 -20.1838 17.3982
      vertex 86 -20.1838 23.0106
    endloop
  endfacet
  facet normal 1 0 0
    outer loop
      vertex 86 -20.4498 22.8133
      vertex 86 -20.4498 17.5955
      vertex 86 -20.1838 17.3982
    endloop
  endfacet
  facet normal 1 -0 0
    outer loop
      vertex 86 -20.6952 22.5909
      vertex 86 -20.4498 17.5955
      vertex 86 -20.4498 22.8133
    endloop
  endfacet
  facet normal 1 0 0
    outer loop
      vertex 86 -20.6952 22.5909
      vertex 86 -20.6952 17.8179
      vertex 86 -20.4498 17.5955
    endloop
  endfacet
  facet normal 1 -0 0
    outer loop
      vertex 86 -20.9176 22.3455
      vertex 86 -20.6952 17.8179
      vertex 86 -20.6952 22.5909
    endloop
  endfacet
  facet normal 1 0 0
    outer loop
      vertex 86 -20.9176 22.3455
      vertex 86 -20.9176 18.0633
      vertex 86 -20.6952 17.8179
    endloop
  endfacet
  facet normal 1 -0 0
    outer loop
      vertex 86 -21.1149 22.0794
      vertex 86 -20.9176 18.0633
      vertex 86 -20.9176 22.3455
    endloop
  endfacet
  facet normal 1 0 0
    outer loop
      vertex 86 -21.1149 22.0794
      vertex 86 -21.1149 18.3293
      vertex 86 -20.9176 18.0633
    endloop
  endfacet
  facet normal 1 -0 0
    outer loop
      vertex 86 -21.2852 21.7953
      vertex 86 -21.1149 18.3293
      vertex 86 -21.1149 22.0794
    endloop
  endfacet
  facet normal 1 0 0
    outer loop
      vertex 86 -21.2852 21.7953
      vertex 86 -21.2852 18.6134
      vertex 86 -21.1149 18.3293
    endloop
  endfacet
  facet normal 1 -0 0
    outer loop
      vertex 86 -21.4268 21.4959
      vertex 86 -21.2852 18.6134
      vertex 86 -21.2852 21.7953
    endloop
  endfacet
  facet normal 1 0 0
    outer loop
      vertex 86 -21.4268 21.4959
      vertex 86 -21.4268 18.9128
      vertex 86 -21.2852 18.6134
    endloop
  endfacet
  facet normal 1 -0 0
    outer loop
      vertex 86 -21.5384 21.1841
      vertex 86 -21.4268 18.9128
      vertex 86 -21.4268 21.4959
    endloop
  endfacet
  facet normal 1 0 0
    outer loop
      vertex 86 -21.5384 21.1841
      vertex 86 -21.5384 19.2247
      vertex 86 -21.4268 18.9128
    endloop
  endfacet
  facet normal 1 -0 0
    outer loop
      vertex 86 -21.6189 20.8628
      vertex 86 -21.5384 19.2247
      vertex 86 -21.5384 21.1841
    endloop
  endfacet
  facet normal 1 0 0
    outer loop
      vertex 86 -21.6189 20.8628
      vertex 86 -21.6189 19.5459
      vertex 86 -21.5384 19.2247
    endloop
  endfacet
  facet normal 1 -0 0
    outer loop
      vertex 86 -21.6675 20.5352
      vertex 86 -21.6189 19.5459
      vertex 86 -21.6189 20.8628
    endloop
  endfacet
  facet normal 1 0 0
    outer loop
      vertex 86 -21.6675 20.5352
      vertex 86 -21.6675 19.8736
      vertex 86 -21.6189 19.5459
    endloop
  endfacet
  facet normal 1 0 -0
    outer loop
      vertex 86 -21.6675 19.8736
      vertex 86 -21.6675 20.5352
      vertex 86 -21.6837 20.2044
    endloop
  endfacet
  facet normal -6.66341e-08 0.0489136 -0.998803
    outer loop
      vertex 86 -18.3087 16.8294
      vertex 57 -18.1025 16.8395
      vertex 86 -17.9779 16.8456
    endloop
  endfacet
  facet normal 0 0.0489229 -0.998803
    outer loop
      vertex -86 -18.3087 16.8294
      vertex 57 -18.1025 16.8395
      vertex 86 -18.3087 16.8294
    endloop
  endfacet
  facet normal 0 0.0489229 -0.998803
    outer loop
      vertex 57 -18.1025 16.8395
      vertex -86 -18.3087 16.8294
      vertex -86 -18.1025 16.8395
    endloop
  endfacet
  facet normal 0 0.0488981 -0.998804
    outer loop
      vertex 86 -17.9779 16.8456
      vertex 57 -18.1025 16.8395
      vertex 57 -17.9779 16.8456
    endloop
  endfacet
  facet normal 0 0.803177 -0.59574
    outer loop
      vertex 86 -15.6998 18.0633
      vertex -86 -15.5025 18.3293
      vertex 86 -15.5025 18.3293
    endloop
  endfacet
  facet normal 0 0.803177 -0.59574
    outer loop
      vertex -86 -15.5025 18.3293
      vertex 86 -15.6998 18.0633
      vertex -86 -15.6998 18.0633
    endloop
  endfacet
  facet normal 0 0.740978 -0.67153
    outer loop
      vertex 86 -15.9222 17.8179
      vertex -86 -15.6998 18.0633
      vertex 86 -15.6998 18.0633
    endloop
  endfacet
  facet normal 0 0.740978 -0.67153
    outer loop
      vertex -86 -15.6998 18.0633
      vertex 86 -15.9222 17.8179
      vertex -86 -15.9222 17.8179
    endloop
  endfacet
  facet normal 0 -0.857706 0.514141
    outer loop
      vertex -86 -21.2852 21.7953
      vertex 86 -21.1149 22.0794
      vertex -86 -21.1149 22.0794
    endloop
  endfacet
  facet normal 0 -0.857706 0.514141
    outer loop
      vertex 86 -21.1149 22.0794
      vertex -86 -21.2852 21.7953
      vertex 86 -21.2852 21.7953
    endloop
  endfacet
  facet normal -0 0.67138 0.741114
    outer loop
      vertex -86 -15.9222 22.5909
      vertex 86 -16.1677 22.8133
      vertex 86 -15.9222 22.5909
    endloop
  endfacet
  facet normal 0 0.67138 0.741114
    outer loop
      vertex 86 -16.1677 22.8133
      vertex -86 -15.9222 22.5909
      vertex -86 -16.1677 22.8133
    endloop
  endfacet
  facet normal 0 -0.336623 0.941639
    outer loop
      vertex -86 -19.2884 23.434
      vertex 86 -19.6003 23.3225
      vertex 86 -19.2884 23.434
    endloop
  endfacet
  facet normal 0 -0.336623 0.941639
    outer loop
      vertex 86 -19.6003 23.3225
      vertex -86 -19.2884 23.434
      vertex -86 -19.6003 23.3225
    endloop
  endfacet
  facet normal 0 0.336987 -0.941509
    outer loop
      vertex 57 -17.329 16.9747
      vertex 86 -17.0172 17.0863
      vertex 86 -17.329 16.9747
    endloop
  endfacet
  facet normal 0 0.336987 -0.941509
    outer loop
      vertex 86 -17.0172 17.0863
      vertex 57 -17.329 16.9747
      vertex 57 -17.0172 17.0863
    endloop
  endfacet
  facet normal 0 0.998788 0.0492148
    outer loop
      vertex 86 -14.9337 20.2044
      vertex -86 -14.95 20.5352
      vertex 86 -14.95 20.5352
    endloop
  endfacet
  facet normal 0 0.998788 0.0492148
    outer loop
      vertex -86 -14.95 20.5352
      vertex 86 -14.9337 20.2044
      vertex -86 -14.9337 20.2044
    endloop
  endfacet
  facet normal 0 -0.998803 -0.0489136
    outer loop
      vertex -86 -21.6675 19.8736
      vertex 86 -21.6837 20.2044
      vertex -86 -21.6837 20.2044
    endloop
  endfacet
  facet normal 0 -0.998803 -0.0489136
    outer loop
      vertex 86 -21.6837 20.2044
      vertex -86 -21.6675 19.8736
      vertex 86 -21.6675 19.8736
    endloop
  endfacet
  facet normal 0 0.998788 -0.0492148
    outer loop
      vertex 86 -14.95 19.8736
      vertex -86 -14.9337 20.2044
      vertex 86 -14.9337 20.2044
    endloop
  endfacet
  facet normal 0 0.998788 -0.0492148
    outer loop
      vertex -86 -14.9337 20.2044
      vertex 86 -14.95 19.8736
      vertex -86 -14.95 19.8736
    endloop
  endfacet
  facet normal 0 -0.514141 -0.857706
    outer loop
      vertex -86 -20.1838 17.3982
      vertex 86 -19.8997 17.2279
      vertex 86 -20.1838 17.3982
    endloop
  endfacet
  facet normal -0 -0.514141 -0.857706
    outer loop
      vertex 86 -19.8997 17.2279
      vertex -86 -20.1838 17.3982
      vertex -86 -19.8997 17.2279
    endloop
  endfacet
  facet normal -0 0.514141 0.857706
    outer loop
      vertex -86 -16.4337 23.0106
      vertex 86 -16.7178 23.1809
      vertex 86 -16.4337 23.0106
    endloop
  endfacet
  facet normal 0 0.514141 0.857706
    outer loop
      vertex 86 -16.7178 23.1809
      vertex -86 -16.4337 23.0106
      vertex -86 -16.7178 23.1809
    endloop
  endfacet
  facet normal 0 -0.970018 0.243033
    outer loop
      vertex -86 -21.6189 20.8628
      vertex 86 -21.5384 21.1841
      vertex -86 -21.5384 21.1841
    endloop
  endfacet
  facet normal 0 -0.970018 0.243033
    outer loop
      vertex 86 -21.5384 21.1841
      vertex -86 -21.6189 20.8628
      vertex 86 -21.6189 20.8628
    endloop
  endfacet
  facet normal 0 0.514141 -0.857706
    outer loop
      vertex 57 -16.7178 17.2279
      vertex 86 -16.4337 17.3982
      vertex 86 -16.7178 17.2279
    endloop
  endfacet
  facet normal 0 0.514141 -0.857706
    outer loop
      vertex 86 -16.4337 17.3982
      vertex 57 -16.7178 17.2279
      vertex 57 -16.4337 17.3982
    endloop
  endfacet
  facet normal 0 0.59574 -0.803177
    outer loop
      vertex 57 -16.4337 17.3982
      vertex 86 -16.1677 17.5955
      vertex 86 -16.4337 17.3982
    endloop
  endfacet
  facet normal 0 0.59574 -0.803177
    outer loop
      vertex 86 -16.1677 17.5955
      vertex 57 -16.4337 17.3982
      vertex 57 -16.1677 17.5955
    endloop
  endfacet
  facet normal 0 0.427541 -0.903996
    outer loop
      vertex 57 -17.0172 17.0863
      vertex 86 -16.7178 17.2279
      vertex 86 -17.0172 17.0863
    endloop
  endfacet
  facet normal 0 0.427541 -0.903996
    outer loop
      vertex 86 -16.7178 17.2279
      vertex 57 -17.0172 17.0863
      vertex 57 -16.7178 17.2279
    endloop
  endfacet
  facet normal 0 -0.243104 -0.97
    outer loop
      vertex -86 -19.2884 16.9747
      vertex 86 -18.9672 16.8942
      vertex 86 -19.2884 16.9747
    endloop
  endfacet
  facet normal -0 -0.243104 -0.97
    outer loop
      vertex 86 -18.9672 16.8942
      vertex -86 -19.2884 16.9747
      vertex -86 -18.9672 16.8942
    endloop
  endfacet
  facet normal -0 0.243033 0.970018
    outer loop
      vertex -86 -17.329 23.434
      vertex 86 -17.6503 23.5145
      vertex 86 -17.329 23.434
    endloop
  endfacet
  facet normal 0 0.243033 0.970018
    outer loop
      vertex 86 -17.6503 23.5145
      vertex -86 -17.329 23.434
      vertex -86 -17.6503 23.5145
    endloop
  endfacet
  facet normal 0 0.903996 -0.427541
    outer loop
      vertex 86 -15.3322 18.6134
      vertex -86 -15.1906 18.9128
      vertex 86 -15.1906 18.9128
    endloop
  endfacet
  facet normal 0 0.903996 -0.427541
    outer loop
      vertex -86 -15.1906 18.9128
      vertex 86 -15.3322 18.6134
      vertex -86 -15.3322 18.6134
    endloop
  endfacet
  facet normal 0 -0.903996 0.427541
    outer loop
      vertex -86 -21.4268 21.4959
      vertex 86 -21.2852 21.7953
      vertex -86 -21.2852 21.7953
    endloop
  endfacet
  facet normal 0 -0.903996 0.427541
    outer loop
      vertex 86 -21.2852 21.7953
      vertex -86 -21.4268 21.4959
      vertex 86 -21.4268 21.4959
    endloop
  endfacet
  facet normal 0 -0.243104 0.97
    outer loop
      vertex -86 -18.9672 23.5145
      vertex 86 -19.2884 23.434
      vertex 86 -18.9672 23.5145
    endloop
  endfacet
  facet normal 0 -0.243104 0.97
    outer loop
      vertex 86 -19.2884 23.434
      vertex -86 -18.9672 23.5145
      vertex -86 -19.2884 23.434
    endloop
  endfacet
  facet normal 0 0.941639 -0.336623
    outer loop
      vertex 86 -15.1906 18.9128
      vertex -86 -15.0791 19.2247
      vertex 86 -15.0791 19.2247
    endloop
  endfacet
  facet normal 0 0.941639 -0.336623
    outer loop
      vertex -86 -15.0791 19.2247
      vertex 86 -15.1906 18.9128
      vertex -86 -15.1906 18.9128
    endloop
  endfacet
  facet normal 0 -0.146702 -0.989181
    outer loop
      vertex -86 -18.9672 16.8942
      vertex 86 -18.6395 16.8456
      vertex 86 -18.9672 16.8942
    endloop
  endfacet
  facet normal -0 -0.146702 -0.989181
    outer loop
      vertex 86 -18.6395 16.8456
      vertex -86 -18.9672 16.8942
      vertex -86 -18.6395 16.8456
    endloop
  endfacet
  facet normal 0 0.146746 -0.989174
    outer loop
      vertex 57 -17.9779 16.8456
      vertex 86 -17.6503 16.8942
      vertex 86 -17.9779 16.8456
    endloop
  endfacet
  facet normal 0 0.146746 -0.989174
    outer loop
      vertex 86 -17.6503 16.8942
      vertex 57 -17.9779 16.8456
      vertex 57 -17.6503 16.8942
    endloop
  endfacet
  facet normal 0 0.989174 0.146746
    outer loop
      vertex 86 -14.95 20.5352
      vertex -86 -14.9986 20.8628
      vertex 86 -14.9986 20.8628
    endloop
  endfacet
  facet normal 0 0.989174 0.146746
    outer loop
      vertex -86 -14.9986 20.8628
      vertex 86 -14.95 20.5352
      vertex -86 -14.95 20.5352
    endloop
  endfacet
  facet normal 0 -0.903996 -0.427541
    outer loop
      vertex -86 -21.2852 18.6134
      vertex 86 -21.4268 18.9128
      vertex -86 -21.4268 18.9128
    endloop
  endfacet
  facet normal 0 -0.903996 -0.427541
    outer loop
      vertex 86 -21.4268 18.9128
      vertex -86 -21.2852 18.6134
      vertex 86 -21.2852 18.6134
    endloop
  endfacet
  facet normal 0 0.740978 0.67153
    outer loop
      vertex 86 -15.6998 22.3455
      vertex -86 -15.9222 22.5909
      vertex 86 -15.9222 22.5909
    endloop
  endfacet
  facet normal 0 0.740978 0.67153
    outer loop
      vertex -86 -15.9222 22.5909
      vertex 86 -15.6998 22.3455
      vertex -86 -15.6998 22.3455
    endloop
  endfacet
  facet normal 0 0.803284 0.595596
    outer loop
      vertex 86 -15.5025 22.0794
      vertex -86 -15.6998 22.3455
      vertex 86 -15.6998 22.3455
    endloop
  endfacet
  facet normal 0 0.803284 0.595596
    outer loop
      vertex -86 -15.6998 22.3455
      vertex 86 -15.5025 22.0794
      vertex -86 -15.5025 22.0794
    endloop
  endfacet
  facet normal 0 0.97 -0.243104
    outer loop
      vertex 86 -15.0791 19.2247
      vertex -86 -14.9986 19.5459
      vertex 86 -14.9986 19.5459
    endloop
  endfacet
  facet normal 0 0.97 -0.243104
    outer loop
      vertex -86 -14.9986 19.5459
      vertex 86 -15.0791 19.2247
      vertex -86 -15.0791 19.2247
    endloop
  endfacet
  facet normal 0 -0.0489136 -0.998803
    outer loop
      vertex -86 -18.6395 16.8456
      vertex 86 -18.3087 16.8294
      vertex 86 -18.6395 16.8456
    endloop
  endfacet
  facet normal -0 -0.0489136 -0.998803
    outer loop
      vertex 86 -18.3087 16.8294
      vertex -86 -18.6395 16.8456
      vertex -86 -18.3087 16.8294
    endloop
  endfacet
  facet normal 0 0.903996 0.427541
    outer loop
      vertex 86 -15.1906 21.4959
      vertex -86 -15.3322 21.7953
      vertex 86 -15.3322 21.7953
    endloop
  endfacet
  facet normal 0 0.903996 0.427541
    outer loop
      vertex -86 -15.3322 21.7953
      vertex 86 -15.1906 21.4959
      vertex -86 -15.1906 21.4959
    endloop
  endfacet
  facet normal 0 0.857706 -0.514141
    outer loop
      vertex 86 -15.5025 18.3293
      vertex -86 -15.3322 18.6134
      vertex 86 -15.3322 18.6134
    endloop
  endfacet
  facet normal 0 0.857706 -0.514141
    outer loop
      vertex -86 -15.3322 18.6134
      vertex 86 -15.5025 18.3293
      vertex -86 -15.5025 18.3293
    endloop
  endfacet
  facet normal 0 -0.989181 -0.146702
    outer loop
      vertex -86 -21.6189 19.5459
      vertex 86 -21.6675 19.8736
      vertex -86 -21.6675 19.8736
    endloop
  endfacet
  facet normal 0 -0.989181 -0.146702
    outer loop
      vertex 86 -21.6675 19.8736
      vertex -86 -21.6189 19.5459
      vertex 86 -21.6189 19.5459
    endloop
  endfacet
  facet normal 0 -0.67153 -0.740978
    outer loop
      vertex -86 -20.6952 17.8179
      vertex 86 -20.4498 17.5955
      vertex 86 -20.6952 17.8179
    endloop
  endfacet
  facet normal -0 -0.67153 -0.740978
    outer loop
      vertex 86 -20.4498 17.5955
      vertex -86 -20.6952 17.8179
      vertex -86 -20.4498 17.5955
    endloop
  endfacet
  facet normal 0 -0.59574 -0.803177
    outer loop
      vertex -86 -20.4498 17.5955
      vertex 86 -20.1838 17.3982
      vertex 86 -20.4498 17.5955
    endloop
  endfacet
  facet normal -0 -0.59574 -0.803177
    outer loop
      vertex 86 -20.1838 17.3982
      vertex -86 -20.4498 17.5955
      vertex -86 -20.1838 17.3982
    endloop
  endfacet
  facet normal 0 -0.97 -0.243104
    outer loop
      vertex -86 -21.5384 19.2247
      vertex 86 -21.6189 19.5459
      vertex -86 -21.6189 19.5459
    endloop
  endfacet
  facet normal 0 -0.97 -0.243104
    outer loop
      vertex 86 -21.6189 19.5459
      vertex -86 -21.5384 19.2247
      vertex 86 -21.5384 19.2247
    endloop
  endfacet
  facet normal 0 -0.336891 -0.941544
    outer loop
      vertex -86 -19.6003 17.0863
      vertex 86 -19.2884 16.9747
      vertex 86 -19.6003 17.0863
    endloop
  endfacet
  facet normal -0 -0.336891 -0.941544
    outer loop
      vertex 86 -19.2884 16.9747
      vertex -86 -19.6003 17.0863
      vertex -86 -19.2884 16.9747
    endloop
  endfacet
  facet normal 0 0.970018 0.243033
    outer loop
      vertex 86 -14.9986 20.8628
      vertex -86 -15.0791 21.1841
      vertex 86 -15.0791 21.1841
    endloop
  endfacet
  facet normal 0 0.970018 0.243033
    outer loop
      vertex -86 -15.0791 21.1841
      vertex 86 -14.9986 20.8628
      vertex -86 -14.9986 20.8628
    endloop
  endfacet
  facet normal 0 0.989181 -0.146702
    outer loop
      vertex 86 -14.9986 19.5459
      vertex -86 -14.95 19.8736
      vertex 86 -14.95 19.8736
    endloop
  endfacet
  facet normal 0 0.989181 -0.146702
    outer loop
      vertex -86 -14.95 19.8736
      vertex 86 -14.9986 19.5459
      vertex -86 -14.9986 19.5459
    endloop
  endfacet
  facet normal -0 0.146746 0.989174
    outer loop
      vertex -86 -17.6503 23.5145
      vertex 86 -17.9779 23.5631
      vertex 86 -17.6503 23.5145
    endloop
  endfacet
  facet normal 0 0.146746 0.989174
    outer loop
      vertex 86 -17.9779 23.5631
      vertex -86 -17.6503 23.5145
      vertex -86 -17.9779 23.5631
    endloop
  endfacet
  facet normal 0 -0.427541 0.903996
    outer loop
      vertex -86 -19.6003 23.3225
      vertex 86 -19.8997 23.1809
      vertex 86 -19.6003 23.3225
    endloop
  endfacet
  facet normal 0 -0.427541 0.903996
    outer loop
      vertex 86 -19.8997 23.1809
      vertex -86 -19.6003 23.3225
      vertex -86 -19.8997 23.1809
    endloop
  endfacet
  facet normal 0 -0.514141 0.857706
    outer loop
      vertex -86 -19.8997 23.1809
      vertex 86 -20.1838 23.0106
      vertex 86 -19.8997 23.1809
    endloop
  endfacet
  facet normal 0 -0.514141 0.857706
    outer loop
      vertex 86 -20.1838 23.0106
      vertex -86 -19.8997 23.1809
      vertex -86 -20.1838 23.0106
    endloop
  endfacet
  facet normal 0 0.941605 0.336719
    outer loop
      vertex 86 -15.0791 21.1841
      vertex -86 -15.1906 21.4959
      vertex 86 -15.1906 21.4959
    endloop
  endfacet
  facet normal 0 0.941605 0.336719
    outer loop
      vertex -86 -15.1906 21.4959
      vertex 86 -15.0791 21.1841
      vertex -86 -15.0791 21.1841
    endloop
  endfacet
  facet normal -0 0.336719 0.941605
    outer loop
      vertex -86 -17.0172 23.3225
      vertex 86 -17.329 23.434
      vertex 86 -17.0172 23.3225
    endloop
  endfacet
  facet normal 0 0.336719 0.941605
    outer loop
      vertex 86 -17.329 23.434
      vertex -86 -17.0172 23.3225
      vertex -86 -17.329 23.434
    endloop
  endfacet
  facet normal 0 -0.803177 -0.59574
    outer loop
      vertex -86 -20.9176 18.0633
      vertex 86 -21.1149 18.3293
      vertex -86 -21.1149 18.3293
    endloop
  endfacet
  facet normal 0 -0.803177 -0.59574
    outer loop
      vertex 86 -21.1149 18.3293
      vertex -86 -20.9176 18.0633
      vertex 86 -20.9176 18.0633
    endloop
  endfacet
  facet normal 0 0.67138 -0.741114
    outer loop
      vertex 57 -16.1677 17.5955
      vertex 86 -15.9222 17.8179
      vertex 86 -16.1677 17.5955
    endloop
  endfacet
  facet normal 1.43953e-05 0.670445 -0.741959
    outer loop
      vertex 57 -16.1594 17.603
      vertex 86 -15.9222 17.8179
      vertex 57 -16.1677 17.5955
    endloop
  endfacet
  facet normal 0 0.671412 -0.741084
    outer loop
      vertex -86 -15.9222 17.8179
      vertex 57 -16.1594 17.603
      vertex -86 -16.1594 17.603
    endloop
  endfacet
  facet normal 0 0.671412 -0.741084
    outer loop
      vertex 57 -16.1594 17.603
      vertex -86 -15.9222 17.8179
      vertex 86 -15.9222 17.8179
    endloop
  endfacet
  facet normal 0 -0.146702 0.989181
    outer loop
      vertex -86 -18.6395 23.5631
      vertex 86 -18.9672 23.5145
      vertex 86 -18.6395 23.5631
    endloop
  endfacet
  facet normal 0 -0.146702 0.989181
    outer loop
      vertex 86 -18.9672 23.5145
      vertex -86 -18.6395 23.5631
      vertex -86 -18.9672 23.5145
    endloop
  endfacet
  facet normal 0 -0.67153 0.740978
    outer loop
      vertex -86 -20.4498 22.8133
      vertex 86 -20.6952 22.5909
      vertex 86 -20.4498 22.8133
    endloop
  endfacet
  facet normal 0 -0.67153 0.740978
    outer loop
      vertex 86 -20.6952 22.5909
      vertex -86 -20.4498 22.8133
      vertex -86 -20.6952 22.5909
    endloop
  endfacet
  facet normal 0 -0.59574 0.803177
    outer loop
      vertex -86 -20.1838 23.0106
      vertex 86 -20.4498 22.8133
      vertex 86 -20.1838 23.0106
    endloop
  endfacet
  facet normal 0 -0.59574 0.803177
    outer loop
      vertex 86 -20.4498 22.8133
      vertex -86 -20.1838 23.0106
      vertex -86 -20.4498 22.8133
    endloop
  endfacet
  facet normal 0 0.857706 0.514141
    outer loop
      vertex 86 -15.3322 21.7953
      vertex -86 -15.5025 22.0794
      vertex 86 -15.5025 22.0794
    endloop
  endfacet
  facet normal 0 0.857706 0.514141
    outer loop
      vertex -86 -15.5025 22.0794
      vertex 86 -15.3322 21.7953
      vertex -86 -15.3322 21.7953
    endloop
  endfacet
  facet normal 0 -0.0492148 0.998788
    outer loop
      vertex -86 -18.3087 23.5794
      vertex 86 -18.6395 23.5631
      vertex 86 -18.3087 23.5794
    endloop
  endfacet
  facet normal 0 -0.0492148 0.998788
    outer loop
      vertex 86 -18.6395 23.5631
      vertex -86 -18.3087 23.5794
      vertex -86 -18.6395 23.5631
    endloop
  endfacet
  facet normal -0 0.427541 0.903996
    outer loop
      vertex -86 -16.7178 23.1809
      vertex 86 -17.0172 23.3225
      vertex 86 -16.7178 23.1809
    endloop
  endfacet
  facet normal 0 0.427541 0.903996
    outer loop
      vertex 86 -17.0172 23.3225
      vertex -86 -16.7178 23.1809
      vertex -86 -17.0172 23.3225
    endloop
  endfacet
  facet normal 0 -0.857706 -0.514141
    outer loop
      vertex -86 -21.1149 18.3293
      vertex 86 -21.2852 18.6134
      vertex -86 -21.2852 18.6134
    endloop
  endfacet
  facet normal 0 -0.857706 -0.514141
    outer loop
      vertex 86 -21.2852 18.6134
      vertex -86 -21.1149 18.3293
      vertex 86 -21.1149 18.3293
    endloop
  endfacet
  facet normal 0 -0.803284 0.595596
    outer loop
      vertex -86 -21.1149 22.0794
      vertex 86 -20.9176 22.3455
      vertex -86 -20.9176 22.3455
    endloop
  endfacet
  facet normal 0 -0.803284 0.595596
    outer loop
      vertex 86 -20.9176 22.3455
      vertex -86 -21.1149 22.0794
      vertex 86 -21.1149 22.0794
    endloop
  endfacet
  facet normal 0 -0.740978 0.67153
    outer loop
      vertex -86 -20.9176 22.3455
      vertex 86 -20.6952 22.5909
      vertex -86 -20.6952 22.5909
    endloop
  endfacet
  facet normal 0 -0.740978 0.67153
    outer loop
      vertex 86 -20.6952 22.5909
      vertex -86 -20.9176 22.3455
      vertex 86 -20.9176 22.3455
    endloop
  endfacet
  facet normal -0 0.59574 0.803177
    outer loop
      vertex -86 -16.1677 22.8133
      vertex 86 -16.4337 23.0106
      vertex 86 -16.1677 22.8133
    endloop
  endfacet
  facet normal 0 0.59574 0.803177
    outer loop
      vertex 86 -16.4337 23.0106
      vertex -86 -16.1677 22.8133
      vertex -86 -16.4337 23.0106
    endloop
  endfacet
  facet normal 0 -0.998803 0.0489136
    outer loop
      vertex -86 -21.6837 20.2044
      vertex 86 -21.6675 20.5352
      vertex -86 -21.6675 20.5352
    endloop
  endfacet
  facet normal 0 -0.998803 0.0489136
    outer loop
      vertex 86 -21.6675 20.5352
      vertex -86 -21.6837 20.2044
      vertex 86 -21.6837 20.2044
    endloop
  endfacet
  facet normal 0 -0.989174 0.146746
    outer loop
      vertex -86 -21.6675 20.5352
      vertex 86 -21.6189 20.8628
      vertex -86 -21.6189 20.8628
    endloop
  endfacet
  facet normal 0 -0.989174 0.146746
    outer loop
      vertex 86 -21.6189 20.8628
      vertex -86 -21.6675 20.5352
      vertex 86 -21.6675 20.5352
    endloop
  endfacet
  facet normal -0 0.0492148 0.998788
    outer loop
      vertex -86 -17.9779 23.5631
      vertex 86 -18.3087 23.5794
      vertex 86 -17.9779 23.5631
    endloop
  endfacet
  facet normal 0 0.0492148 0.998788
    outer loop
      vertex 86 -18.3087 23.5794
      vertex -86 -17.9779 23.5631
      vertex -86 -18.3087 23.5794
    endloop
  endfacet
  facet normal 0 -0.941509 0.336987
    outer loop
      vertex -86 -21.5384 21.1841
      vertex 86 -21.4268 21.4959
      vertex -86 -21.4268 21.4959
    endloop
  endfacet
  facet normal 0 -0.941509 0.336987
    outer loop
      vertex 86 -21.4268 21.4959
      vertex -86 -21.5384 21.1841
      vertex 86 -21.5384 21.1841
    endloop
  endfacet
  facet normal 0 -0.740978 -0.67153
    outer loop
      vertex -86 -20.6952 17.8179
      vertex 86 -20.9176 18.0633
      vertex -86 -20.9176 18.0633
    endloop
  endfacet
  facet normal 0 -0.740978 -0.67153
    outer loop
      vertex 86 -20.9176 18.0633
      vertex -86 -20.6952 17.8179
      vertex 86 -20.6952 17.8179
    endloop
  endfacet
  facet normal 0 0.243046 -0.970015
    outer loop
      vertex 57 0.552584 30.1194
      vertex 86 0.873865 30.1999
      vertex 86 0.552584 30.1194
    endloop
  endfacet
  facet normal 0 0.243046 -0.970015
    outer loop
      vertex 86 0.873865 30.1999
      vertex 57 0.552584 30.1194
      vertex 57 0.873865 30.1999
    endloop
  endfacet
  facet normal 0 0.970039 0.242948
    outer loop
      vertex 86 3.2043 34.088
      vertex -86 3.12383 34.4093
      vertex 86 3.12383 34.4093
    endloop
  endfacet
  facet normal 0 0.970039 0.242948
    outer loop
      vertex -86 3.12383 34.4093
      vertex 86 3.2043 34.088
      vertex -86 3.2043 34.088
    endloop
  endfacet
  facet normal 0 -0.903984 -0.427566
    outer loop
      vertex -86 -3.08233 31.8386
      vertex 86 -3.22394 32.138
      vertex -86 -3.22394 32.138
    endloop
  endfacet
  facet normal 0 -0.903984 -0.427566
    outer loop
      vertex 86 -3.22394 32.138
      vertex -86 -3.08233 31.8386
      vertex 86 -3.08233 31.8386
    endloop
  endfacet
  facet normal 0 0.595697 -0.803209
    outer loop
      vertex 57 1.7692 30.6233
      vertex 86 2.03523 30.8206
      vertex 86 1.7692 30.6233
    endloop
  endfacet
  facet normal 0 0.595697 -0.803209
    outer loop
      vertex 86 2.03523 30.8206
      vertex 57 1.7692 30.6233
      vertex 57 2.03523 30.8206
    endloop
  endfacet
  facet normal -1.38382e-06 0.0492139 -0.998788
    outer loop
      vertex 86 -0.105845 30.0545
      vertex 57 0.100347 30.0647
      vertex 86 0.224961 30.0708
    endloop
  endfacet
  facet normal 0 0.049408 -0.998779
    outer loop
      vertex -86 -0.105845 30.0545
      vertex 57 0.100347 30.0647
      vertex 86 -0.105845 30.0545
    endloop
  endfacet
  facet normal 0 0.049408 -0.998779
    outer loop
      vertex 57 0.100347 30.0647
      vertex -86 -0.105845 30.0545
      vertex -86 0.100347 30.0647
    endloop
  endfacet
  facet normal 0 0.0488926 -0.998804
    outer loop
      vertex 86 0.224961 30.0708
      vertex 57 0.100347 30.0647
      vertex 57 0.224961 30.0708
    endloop
  endfacet
  facet normal 0 -0.857746 -0.514074
    outer loop
      vertex -86 -2.91206 31.5545
      vertex 86 -3.08233 31.8386
      vertex -86 -3.08233 31.8386
    endloop
  endfacet
  facet normal 0 -0.857746 -0.514074
    outer loop
      vertex 86 -3.08233 31.8386
      vertex -86 -2.91206 31.5545
      vertex 86 -2.91206 31.5545
    endloop
  endfacet
  facet normal 0 -0.941529 -0.336933
    outer loop
      vertex -86 -3.22394 32.138
      vertex 86 -3.33552 32.4498
      vertex -86 -3.33552 32.4498
    endloop
  endfacet
  facet normal 0 -0.941529 -0.336933
    outer loop
      vertex 86 -3.33552 32.4498
      vertex -86 -3.22394 32.138
      vertex 86 -3.22394 32.138
    endloop
  endfacet
  facet normal 0 -0.513932 0.857831
    outer loop
      vertex -86 -1.69681 36.406
      vertex 86 -1.9809 36.2358
      vertex 86 -1.69681 36.406
    endloop
  endfacet
  facet normal 0 -0.513932 0.857831
    outer loop
      vertex 86 -1.9809 36.2358
      vertex -86 -1.69681 36.406
      vertex -86 -1.9809 36.2358
    endloop
  endfacet
  facet normal -0 0.243046 0.970015
    outer loop
      vertex -86 0.873865 36.6592
      vertex 86 0.552584 36.7397
      vertex 86 0.873865 36.6592
    endloop
  endfacet
  facet normal 0 0.243046 0.970015
    outer loop
      vertex 86 0.552584 36.7397
      vertex -86 0.873865 36.6592
      vertex -86 0.552584 36.7397
    endloop
  endfacet
  facet normal 0 0.740948 0.671563
    outer loop
      vertex 86 2.50306 35.5706
      vertex -86 2.28064 35.816
      vertex 86 2.28064 35.816
    endloop
  endfacet
  facet normal 0 0.740948 0.671563
    outer loop
      vertex -86 2.28064 35.816
      vertex 86 2.50306 35.5706
      vertex -86 2.50306 35.5706
    endloop
  endfacet
  facet normal 0 0.857733 0.514096
    outer loop
      vertex 86 2.87064 35.0205
      vertex -86 2.70036 35.3046
      vertex 86 2.70036 35.3046
    endloop
  endfacet
  facet normal 0 0.857733 0.514096
    outer loop
      vertex -86 2.70036 35.3046
      vertex 86 2.87064 35.0205
      vertex -86 2.87064 35.0205
    endloop
  endfacet
  facet normal 0 -0.989179 -0.146716
    outer loop
      vertex -86 -3.416 32.7711
      vertex 86 -3.46459 33.0987
      vertex -86 -3.46459 33.0987
    endloop
  endfacet
  facet normal 0 -0.989179 -0.146716
    outer loop
      vertex 86 -3.46459 33.0987
      vertex -86 -3.416 32.7711
      vertex 86 -3.416 32.7711
    endloop
  endfacet
  facet normal -0 0.595697 0.803209
    outer loop
      vertex -86 2.03523 36.0385
      vertex 86 1.7692 36.2358
      vertex 86 2.03523 36.0385
    endloop
  endfacet
  facet normal 0 0.595697 0.803209
    outer loop
      vertex 86 1.7692 36.2358
      vertex -86 2.03523 36.0385
      vertex -86 1.7692 36.2358
    endloop
  endfacet
  facet normal 0 0.857733 -0.514096
    outer loop
      vertex 86 2.70036 31.5545
      vertex -86 2.87064 31.8386
      vertex 86 2.87064 31.8386
    endloop
  endfacet
  facet normal 0 0.857733 -0.514096
    outer loop
      vertex -86 2.87064 31.8386
      vertex 86 2.70036 31.5545
      vertex -86 2.70036 31.5545
    endloop
  endfacet
  facet normal 0 -0.857746 0.514074
    outer loop
      vertex -86 -3.08233 35.0205
      vertex 86 -2.91206 35.3046
      vertex -86 -2.91206 35.3046
    endloop
  endfacet
  facet normal 0 -0.857746 0.514074
    outer loop
      vertex 86 -2.91206 35.3046
      vertex -86 -3.08233 35.0205
      vertex 86 -3.08233 35.0205
    endloop
  endfacet
  facet normal 0 0.998796 -0.0490642
    outer loop
      vertex 86 3.2529 33.0987
      vertex -86 3.26915 33.4295
      vertex 86 3.26915 33.4295
    endloop
  endfacet
  facet normal 0 0.998796 -0.0490642
    outer loop
      vertex -86 3.26915 33.4295
      vertex 86 3.2529 33.0987
      vertex -86 3.2529 33.0987
    endloop
  endfacet
  facet normal 0 0.989174 -0.146746
    outer loop
      vertex 86 3.2043 32.7711
      vertex -86 3.2529 33.0987
      vertex 86 3.2529 33.0987
    endloop
  endfacet
  facet normal 0 0.989174 -0.146746
    outer loop
      vertex -86 3.2529 33.0987
      vertex 86 3.2043 32.7711
      vertex -86 3.2043 32.7711
    endloop
  endfacet
  facet normal -0 0.336944 0.941525
    outer loop
      vertex -86 1.18571 36.5476
      vertex 86 0.873865 36.6592
      vertex 86 1.18571 36.5476
    endloop
  endfacet
  facet normal 0 0.336944 0.941525
    outer loop
      vertex 86 0.873865 36.6592
      vertex -86 1.18571 36.5476
      vertex -86 0.873865 36.6592
    endloop
  endfacet
  facet normal 0 0.941529 -0.336933
    outer loop
      vertex 86 3.01225 32.138
      vertex -86 3.12383 32.4498
      vertex 86 3.12383 32.4498
    endloop
  endfacet
  facet normal 0 0.941529 -0.336933
    outer loop
      vertex -86 3.12383 32.4498
      vertex 86 3.01225 32.138
      vertex -86 3.01225 32.138
    endloop
  endfacet
  facet normal 0 -0.903984 0.427566
    outer loop
      vertex -86 -3.22394 34.7211
      vertex 86 -3.08233 35.0205
      vertex -86 -3.08233 35.0205
    endloop
  endfacet
  facet normal 0 -0.903984 0.427566
    outer loop
      vertex 86 -3.08233 35.0205
      vertex -86 -3.22394 34.7211
      vertex 86 -3.22394 34.7211
    endloop
  endfacet
  facet normal 0 -0.941529 0.336933
    outer loop
      vertex -86 -3.33552 34.4093
      vertex 86 -3.22394 34.7211
      vertex -86 -3.22394 34.7211
    endloop
  endfacet
  facet normal 0 -0.941529 0.336933
    outer loop
      vertex 86 -3.22394 34.7211
      vertex -86 -3.33552 34.4093
      vertex 86 -3.33552 34.4093
    endloop
  endfacet
  facet normal 0 0.803177 -0.59574
    outer loop
      vertex 86 2.50306 31.2885
      vertex -86 2.70036 31.5545
      vertex 86 2.70036 31.5545
    endloop
  endfacet
  facet normal 0 0.803177 -0.59574
    outer loop
      vertex -86 2.70036 31.5545
      vertex 86 2.50306 31.2885
      vertex -86 2.50306 31.2885
    endloop
  endfacet
  facet normal -0 0.427529 0.904001
    outer loop
      vertex -86 1.48512 36.406
      vertex 86 1.18571 36.5476
      vertex 86 1.48512 36.406
    endloop
  endfacet
  facet normal 0 0.427529 0.904001
    outer loop
      vertex 86 1.18571 36.5476
      vertex -86 1.48512 36.406
      vertex -86 1.18571 36.5476
    endloop
  endfacet
  facet normal 0 -0.595711 -0.803199
    outer loop
      vertex -86 -2.24692 30.8206
      vertex 86 -1.9809 30.6233
      vertex 86 -2.24692 30.8206
    endloop
  endfacet
  facet normal -0 -0.595711 -0.803199
    outer loop
      vertex 86 -1.9809 30.6233
      vertex -86 -2.24692 30.8206
      vertex -86 -1.9809 30.6233
    endloop
  endfacet
  facet normal -0 0.146736 0.989176
    outer loop
      vertex -86 0.552584 36.7397
      vertex 86 0.224961 36.7883
      vertex 86 0.552584 36.7397
    endloop
  endfacet
  facet normal 0 0.146736 0.989176
    outer loop
      vertex 86 0.224961 36.7883
      vertex -86 0.552584 36.7397
      vertex -86 0.224961 36.7883
    endloop
  endfacet
  facet normal 0 -0.336948 0.941523
    outer loop
      vertex -86 -1.08556 36.6592
      vertex 86 -1.3974 36.5476
      vertex 86 -1.08556 36.6592
    endloop
  endfacet
  facet normal 0 -0.336948 0.941523
    outer loop
      vertex 86 -1.3974 36.5476
      vertex -86 -1.08556 36.6592
      vertex -86 -1.3974 36.5476
    endloop
  endfacet
  facet normal 0 0.903984 0.427566
    outer loop
      vertex 86 3.01225 34.7211
      vertex -86 2.87064 35.0205
      vertex 86 2.87064 35.0205
    endloop
  endfacet
  facet normal 0 0.903984 0.427566
    outer loop
      vertex -86 2.87064 35.0205
      vertex 86 3.01225 34.7211
      vertex -86 3.01225 34.7211
    endloop
  endfacet
  facet normal 0 -0.427776 -0.903885
    outer loop
      vertex -86 -1.69681 30.4531
      vertex 86 -1.3974 30.3114
      vertex 86 -1.69681 30.4531
    endloop
  endfacet
  facet normal -0 -0.427776 -0.903885
    outer loop
      vertex 86 -1.3974 30.3114
      vertex -86 -1.69681 30.4531
      vertex -86 -1.3974 30.3114
    endloop
  endfacet
  facet normal 0 -0.803177 0.59574
    outer loop
      vertex -86 -2.91206 35.3046
      vertex 86 -2.71476 35.5706
      vertex -86 -2.71476 35.5706
    endloop
  endfacet
  facet normal 0 -0.803177 0.59574
    outer loop
      vertex 86 -2.71476 35.5706
      vertex -86 -2.91206 35.3046
      vertex 86 -2.91206 35.3046
    endloop
  endfacet
  facet normal -0 0.513945 0.857823
    outer loop
      vertex -86 1.7692 36.2358
      vertex 86 1.48512 36.406
      vertex 86 1.7692 36.2358
    endloop
  endfacet
  facet normal 0 0.513945 0.857823
    outer loop
      vertex 86 1.48512 36.406
      vertex -86 1.7692 36.2358
      vertex -86 1.48512 36.406
    endloop
  endfacet
  facet normal 0 -0.427529 0.904001
    outer loop
      vertex -86 -1.3974 36.5476
      vertex 86 -1.69681 36.406
      vertex 86 -1.3974 36.5476
    endloop
  endfacet
  facet normal 0 -0.427529 0.904001
    outer loop
      vertex 86 -1.69681 36.406
      vertex -86 -1.3974 36.5476
      vertex -86 -1.69681 36.406
    endloop
  endfacet
  facet normal 0 -0.0492136 -0.998788
    outer loop
      vertex -86 -0.436653 30.0708
      vertex 86 -0.105845 30.0545
      vertex 86 -0.436653 30.0708
    endloop
  endfacet
  facet normal -0 -0.0492136 -0.998788
    outer loop
      vertex 86 -0.105845 30.0545
      vertex -86 -0.436653 30.0708
      vertex -86 -0.105845 30.0545
    endloop
  endfacet
  facet normal 0 0.146736 -0.989176
    outer loop
      vertex 57 0.224961 30.0708
      vertex 86 0.552584 30.1194
      vertex 86 0.224961 30.0708
    endloop
  endfacet
  facet normal 0 0.146736 -0.989176
    outer loop
      vertex 86 0.552584 30.1194
      vertex 57 0.224961 30.0708
      vertex 57 0.552584 30.1194
    endloop
  endfacet
  facet normal 0 -0.336681 -0.941619
    outer loop
      vertex -86 -1.3974 30.3114
      vertex 86 -1.08556 30.1999
      vertex 86 -1.3974 30.3114
    endloop
  endfacet
  facet normal -0 -0.336681 -0.941619
    outer loop
      vertex 86 -1.08556 30.1999
      vertex -86 -1.3974 30.3114
      vertex -86 -1.08556 30.1999
    endloop
  endfacet
  facet normal 0 -0.970032 -0.242976
    outer loop
      vertex -86 -3.33552 32.4498
      vertex 86 -3.416 32.7711
      vertex -86 -3.416 32.7711
    endloop
  endfacet
  facet normal 0 -0.970032 -0.242976
    outer loop
      vertex 86 -3.416 32.7711
      vertex -86 -3.33552 32.4498
      vertex 86 -3.33552 32.4498
    endloop
  endfacet
  facet normal 0 0.336676 -0.941621
    outer loop
      vertex 57 0.873865 30.1999
      vertex 86 1.18571 30.3114
      vertex 86 0.873865 30.1999
    endloop
  endfacet
  facet normal 0 0.336676 -0.941621
    outer loop
      vertex 86 1.18571 30.3114
      vertex 57 0.873865 30.1999
      vertex 57 1.18571 30.3114
    endloop
  endfacet
  facet normal 0 -0.0489124 0.998803
    outer loop
      vertex -86 -0.105845 36.8045
      vertex 86 -0.436653 36.7883
      vertex 86 -0.105845 36.8045
    endloop
  endfacet
  facet normal 0 -0.0489124 0.998803
    outer loop
      vertex 86 -0.436653 36.7883
      vertex -86 -0.105845 36.8045
      vertex -86 -0.436653 36.7883
    endloop
  endfacet
  facet normal 0 -0.146736 -0.989176
    outer loop
      vertex -86 -0.764275 30.1194
      vertex 86 -0.436653 30.0708
      vertex 86 -0.764275 30.1194
    endloop
  endfacet
  facet normal -0 -0.146736 -0.989176
    outer loop
      vertex 86 -0.436653 30.0708
      vertex -86 -0.764275 30.1194
      vertex -86 -0.436653 30.0708
    endloop
  endfacet
  facet normal 0 -0.740932 0.67158
    outer loop
      vertex -86 -2.71476 35.5706
      vertex 86 -2.49233 35.816
      vertex -86 -2.49233 35.816
    endloop
  endfacet
  facet normal 0 -0.740932 0.67158
    outer loop
      vertex 86 -2.49233 35.816
      vertex -86 -2.71476 35.5706
      vertex 86 -2.71476 35.5706
    endloop
  endfacet
  facet normal 0 -0.243044 -0.970015
    outer loop
      vertex -86 -1.08556 30.1999
      vertex 86 -0.764275 30.1194
      vertex 86 -1.08556 30.1999
    endloop
  endfacet
  facet normal -0 -0.243044 -0.970015
    outer loop
      vertex 86 -0.764275 30.1194
      vertex -86 -1.08556 30.1999
      vertex -86 -0.764275 30.1194
    endloop
  endfacet
  facet normal 0 0.427776 -0.903885
    outer loop
      vertex 57 1.18571 30.3114
      vertex 86 1.48512 30.4531
      vertex 86 1.18571 30.3114
    endloop
  endfacet
  facet normal 0 0.427776 -0.903885
    outer loop
      vertex 86 1.48512 30.4531
      vertex 57 1.18571 30.3114
      vertex 57 1.48512 30.4531
    endloop
  endfacet
  facet normal 0 0.740948 -0.671563
    outer loop
      vertex 86 2.28064 31.0431
      vertex -86 2.50306 31.2885
      vertex 86 2.50306 31.2885
    endloop
  endfacet
  facet normal 0 0.740948 -0.671563
    outer loop
      vertex -86 2.50306 31.2885
      vertex 86 2.28064 31.0431
      vertex -86 2.28064 31.0431
    endloop
  endfacet
  facet normal 0 0.67168 -0.740841
    outer loop
      vertex 57 2.03523 30.8206
      vertex 86 2.28064 31.0431
      vertex 86 2.03523 30.8206
    endloop
  endfacet
  facet normal 1.90345e-05 0.670445 -0.741959
    outer loop
      vertex 57 2.04353 30.8281
      vertex 86 2.28064 31.0431
      vertex 57 2.03523 30.8206
    endloop
  endfacet
  facet normal 0 0.671724 -0.740802
    outer loop
      vertex -86 2.28064 31.0431
      vertex 57 2.04353 30.8281
      vertex -86 2.04353 30.8281
    endloop
  endfacet
  facet normal 0 0.671724 -0.740802
    outer loop
      vertex 57 2.04353 30.8281
      vertex -86 2.28064 31.0431
      vertex 86 2.28064 31.0431
    endloop
  endfacet
  facet normal 0 0.941529 0.336933
    outer loop
      vertex 86 3.12383 34.4093
      vertex -86 3.01225 34.7211
      vertex 86 3.01225 34.7211
    endloop
  endfacet
  facet normal 0 0.941529 0.336933
    outer loop
      vertex -86 3.01225 34.7211
      vertex 86 3.12383 34.4093
      vertex -86 3.12383 34.4093
    endloop
  endfacet
  facet normal 0 -0.513932 -0.857831
    outer loop
      vertex -86 -1.9809 30.6233
      vertex 86 -1.69681 30.4531
      vertex 86 -1.9809 30.6233
    endloop
  endfacet
  facet normal -0 -0.513932 -0.857831
    outer loop
      vertex 86 -1.69681 30.4531
      vertex -86 -1.9809 30.6233
      vertex -86 -1.69681 30.4531
    endloop
  endfacet
  facet normal 0 0.903984 -0.427566
    outer loop
      vertex 86 2.87064 31.8386
      vertex -86 3.01225 32.138
      vertex 86 3.01225 32.138
    endloop
  endfacet
  facet normal 0 0.903984 -0.427566
    outer loop
      vertex -86 3.01225 32.138
      vertex 86 2.87064 31.8386
      vertex -86 2.87064 31.8386
    endloop
  endfacet
  facet normal 0 -0.989185 0.146672
    outer loop
      vertex -86 -3.46459 33.7603
      vertex 86 -3.416 34.088
      vertex -86 -3.416 34.088
    endloop
  endfacet
  facet normal 0 -0.989185 0.146672
    outer loop
      vertex 86 -3.416 34.088
      vertex -86 -3.46459 33.7603
      vertex 86 -3.46459 33.7603
    endloop
  endfacet
  facet normal 0 0.803177 0.59574
    outer loop
      vertex 86 2.70036 35.3046
      vertex -86 2.50306 35.5706
      vertex 86 2.50306 35.5706
    endloop
  endfacet
  facet normal 0 0.803177 0.59574
    outer loop
      vertex -86 2.50306 35.5706
      vertex 86 2.70036 35.3046
      vertex -86 2.70036 35.3046
    endloop
  endfacet
  facet normal 0 -0.998794 0.0490943
    outer loop
      vertex -86 -3.48085 33.4295
      vertex 86 -3.46459 33.7603
      vertex -86 -3.46459 33.7603
    endloop
  endfacet
  facet normal 0 -0.998794 0.0490943
    outer loop
      vertex 86 -3.46459 33.7603
      vertex -86 -3.48085 33.4295
      vertex 86 -3.48085 33.4295
    endloop
  endfacet
  facet normal 0 0.513945 -0.857823
    outer loop
      vertex 57 1.48512 30.4531
      vertex 86 1.7692 30.6233
      vertex 86 1.48512 30.4531
    endloop
  endfacet
  facet normal 0 0.513945 -0.857823
    outer loop
      vertex 86 1.7692 30.6233
      vertex 57 1.48512 30.4531
      vertex 57 1.7692 30.6233
    endloop
  endfacet
  facet normal -0 0.67168 0.740841
    outer loop
      vertex -86 2.28064 35.816
      vertex 86 2.03523 36.0385
      vertex 86 2.28064 35.816
    endloop
  endfacet
  facet normal 0 0.67168 0.740841
    outer loop
      vertex 86 2.03523 36.0385
      vertex -86 2.28064 35.816
      vertex -86 2.03523 36.0385
    endloop
  endfacet
  facet normal 0 -0.998794 -0.0490943
    outer loop
      vertex -86 -3.46459 33.0987
      vertex 86 -3.48085 33.4295
      vertex -86 -3.48085 33.4295
    endloop
  endfacet
  facet normal 0 -0.998794 -0.0490943
    outer loop
      vertex 86 -3.48085 33.4295
      vertex -86 -3.46459 33.0987
      vertex 86 -3.46459 33.0987
    endloop
  endfacet
  facet normal 0 0.989181 0.146702
    outer loop
      vertex 86 3.2529 33.7603
      vertex -86 3.2043 34.088
      vertex 86 3.2043 34.088
    endloop
  endfacet
  facet normal 0 0.989181 0.146702
    outer loop
      vertex -86 3.2043 34.088
      vertex 86 3.2529 33.7603
      vertex -86 3.2529 33.7603
    endloop
  endfacet
  facet normal 0 -0.243044 0.970015
    outer loop
      vertex -86 -0.764275 36.7397
      vertex 86 -1.08556 36.6592
      vertex 86 -0.764275 36.7397
    endloop
  endfacet
  facet normal 0 -0.243044 0.970015
    outer loop
      vertex 86 -1.08556 36.6592
      vertex -86 -0.764275 36.7397
      vertex -86 -1.08556 36.6592
    endloop
  endfacet
  facet normal 0 -0.970032 0.242976
    outer loop
      vertex -86 -3.416 34.088
      vertex 86 -3.33552 34.4093
      vertex -86 -3.33552 34.4093
    endloop
  endfacet
  facet normal 0 -0.970032 0.242976
    outer loop
      vertex 86 -3.33552 34.4093
      vertex -86 -3.416 34.088
      vertex 86 -3.416 34.088
    endloop
  endfacet
  facet normal 0 -0.740932 -0.67158
    outer loop
      vertex -86 -2.49233 31.0431
      vertex 86 -2.71476 31.2885
      vertex -86 -2.71476 31.2885
    endloop
  endfacet
  facet normal 0 -0.740932 -0.67158
    outer loop
      vertex 86 -2.71476 31.2885
      vertex -86 -2.49233 31.0431
      vertex 86 -2.49233 31.0431
    endloop
  endfacet
  facet normal 0 0.970039 -0.242948
    outer loop
      vertex 86 3.12383 32.4498
      vertex -86 3.2043 32.7711
      vertex 86 3.2043 32.7711
    endloop
  endfacet
  facet normal 0 0.970039 -0.242948
    outer loop
      vertex -86 3.2043 32.7711
      vertex 86 3.12383 32.4498
      vertex -86 3.12383 32.4498
    endloop
  endfacet
  facet normal 0 -0.67168 0.740841
    outer loop
      vertex -86 -2.24692 36.0385
      vertex 86 -2.49233 35.816
      vertex 86 -2.24692 36.0385
    endloop
  endfacet
  facet normal 0 -0.67168 0.740841
    outer loop
      vertex 86 -2.49233 35.816
      vertex -86 -2.24692 36.0385
      vertex -86 -2.49233 35.816
    endloop
  endfacet
  facet normal 0 0.998796 0.0490642
    outer loop
      vertex 86 3.26915 33.4295
      vertex -86 3.2529 33.7603
      vertex 86 3.2529 33.7603
    endloop
  endfacet
  facet normal 0 0.998796 0.0490642
    outer loop
      vertex -86 3.2529 33.7603
      vertex 86 3.26915 33.4295
      vertex -86 3.26915 33.4295
    endloop
  endfacet
  facet normal 0 -0.146736 0.989176
    outer loop
      vertex -86 -0.436653 36.7883
      vertex 86 -0.764275 36.7397
      vertex 86 -0.436653 36.7883
    endloop
  endfacet
  facet normal 0 -0.146736 0.989176
    outer loop
      vertex 86 -0.764275 36.7397
      vertex -86 -0.436653 36.7883
      vertex -86 -0.764275 36.7397
    endloop
  endfacet
  facet normal 0 -0.803177 -0.59574
    outer loop
      vertex -86 -2.71476 31.2885
      vertex 86 -2.91206 31.5545
      vertex -86 -2.91206 31.5545
    endloop
  endfacet
  facet normal 0 -0.803177 -0.59574
    outer loop
      vertex 86 -2.91206 31.5545
      vertex -86 -2.71476 31.2885
      vertex 86 -2.71476 31.2885
    endloop
  endfacet
  facet normal 1 0 0
    outer loop
      vertex 86 3.2529 33.7603
      vertex 86 3.2529 33.0987
      vertex 86 3.26915 33.4295
    endloop
  endfacet
  facet normal 1 0 0
    outer loop
      vertex 86 3.2043 34.088
      vertex 86 3.2529 33.0987
      vertex 86 3.2529 33.7603
    endloop
  endfacet
  facet normal 1 0 0
    outer loop
      vertex 86 3.2043 34.088
      vertex 86 3.2043 32.7711
      vertex 86 3.2529 33.0987
    endloop
  endfacet
  facet normal 1 0 0
    outer loop
      vertex 86 3.12383 34.4093
      vertex 86 3.2043 32.7711
      vertex 86 3.2043 34.088
    endloop
  endfacet
  facet normal 1 0 0
    outer loop
      vertex 86 3.12383 34.4093
      vertex 86 3.12383 32.4498
      vertex 86 3.2043 32.7711
    endloop
  endfacet
  facet normal 1 0 0
    outer loop
      vertex 86 3.01225 34.7211
      vertex 86 3.12383 32.4498
      vertex 86 3.12383 34.4093
    endloop
  endfacet
  facet normal 1 0 0
    outer loop
      vertex 86 3.01225 34.7211
      vertex 86 3.01225 32.138
      vertex 86 3.12383 32.4498
    endloop
  endfacet
  facet normal 1 0 0
    outer loop
      vertex 86 2.87064 35.0205
      vertex 86 3.01225 32.138
      vertex 86 3.01225 34.7211
    endloop
  endfacet
  facet normal 1 0 0
    outer loop
      vertex 86 2.87064 35.0205
      vertex 86 2.87064 31.8386
      vertex 86 3.01225 32.138
    endloop
  endfacet
  facet normal 1 0 0
    outer loop
      vertex 86 2.70036 35.3046
      vertex 86 2.87064 31.8386
      vertex 86 2.87064 35.0205
    endloop
  endfacet
  facet normal 1 0 0
    outer loop
      vertex 86 2.70036 35.3046
      vertex 86 2.70036 31.5545
      vertex 86 2.87064 31.8386
    endloop
  endfacet
  facet normal 1 0 0
    outer loop
      vertex 86 2.50306 35.5706
      vertex 86 2.70036 31.5545
      vertex 86 2.70036 35.3046
    endloop
  endfacet
  facet normal 1 0 0
    outer loop
      vertex 86 2.50306 35.5706
      vertex 86 2.50306 31.2885
      vertex 86 2.70036 31.5545
    endloop
  endfacet
  facet normal 1 0 0
    outer loop
      vertex 86 2.28064 35.816
      vertex 86 2.50306 31.2885
      vertex 86 2.50306 35.5706
    endloop
  endfacet
  facet normal 1 0 0
    outer loop
      vertex 86 2.28064 35.816
      vertex 86 2.28064 31.0431
      vertex 86 2.50306 31.2885
    endloop
  endfacet
  facet normal 1 0 0
    outer loop
      vertex 86 2.03523 36.0385
      vertex 86 2.28064 31.0431
      vertex 86 2.28064 35.816
    endloop
  endfacet
  facet normal 1 0 0
    outer loop
      vertex 86 2.03523 36.0385
      vertex 86 2.03523 30.8206
      vertex 86 2.28064 31.0431
    endloop
  endfacet
  facet normal 1 0 0
    outer loop
      vertex 86 1.7692 36.2358
      vertex 86 2.03523 30.8206
      vertex 86 2.03523 36.0385
    endloop
  endfacet
  facet normal 1 0 0
    outer loop
      vertex 86 1.7692 36.2358
      vertex 86 1.7692 30.6233
      vertex 86 2.03523 30.8206
    endloop
  endfacet
  facet normal 1 0 0
    outer loop
      vertex 86 1.48512 36.406
      vertex 86 1.7692 30.6233
      vertex 86 1.7692 36.2358
    endloop
  endfacet
  facet normal 1 0 0
    outer loop
      vertex 86 1.48512 36.406
      vertex 86 1.48512 30.4531
      vertex 86 1.7692 30.6233
    endloop
  endfacet
  facet normal 1 0 0
    outer loop
      vertex 86 1.18571 36.5476
      vertex 86 1.48512 30.4531
      vertex 86 1.48512 36.406
    endloop
  endfacet
  facet normal 1 0 0
    outer loop
      vertex 86 1.18571 36.5476
      vertex 86 1.18571 30.3114
      vertex 86 1.48512 30.4531
    endloop
  endfacet
  facet normal 1 0 0
    outer loop
      vertex 86 0.873865 36.6592
      vertex 86 1.18571 30.3114
      vertex 86 1.18571 36.5476
    endloop
  endfacet
  facet normal 1 0 0
    outer loop
      vertex 86 0.873865 36.6592
      vertex 86 0.873865 30.1999
      vertex 86 1.18571 30.3114
    endloop
  endfacet
  facet normal 1 0 0
    outer loop
      vertex 86 0.552584 36.7397
      vertex 86 0.873865 30.1999
      vertex 86 0.873865 36.6592
    endloop
  endfacet
  facet normal 1 0 0
    outer loop
      vertex 86 0.552584 36.7397
      vertex 86 0.552584 30.1194
      vertex 86 0.873865 30.1999
    endloop
  endfacet
  facet normal 1 0 0
    outer loop
      vertex 86 0.224961 36.7883
      vertex 86 0.552584 30.1194
      vertex 86 0.552584 36.7397
    endloop
  endfacet
  facet normal 1 0 0
    outer loop
      vertex 86 0.224961 36.7883
      vertex 86 0.224961 30.0708
      vertex 86 0.552584 30.1194
    endloop
  endfacet
  facet normal 1 0 0
    outer loop
      vertex 86 -0.105845 36.8045
      vertex 86 0.224961 30.0708
      vertex 86 0.224961 36.7883
    endloop
  endfacet
  facet normal 1 0 0
    outer loop
      vertex 86 -0.105845 36.8045
      vertex 86 -0.105845 30.0545
      vertex 86 0.224961 30.0708
    endloop
  endfacet
  facet normal 1 -0 0
    outer loop
      vertex 86 -0.436653 36.7883
      vertex 86 -0.105845 30.0545
      vertex 86 -0.105845 36.8045
    endloop
  endfacet
  facet normal 1 0 0
    outer loop
      vertex 86 -0.436653 36.7883
      vertex 86 -0.436653 30.0708
      vertex 86 -0.105845 30.0545
    endloop
  endfacet
  facet normal 1 -0 0
    outer loop
      vertex 86 -0.764275 36.7397
      vertex 86 -0.436653 30.0708
      vertex 86 -0.436653 36.7883
    endloop
  endfacet
  facet normal 1 0 0
    outer loop
      vertex 86 -0.764275 36.7397
      vertex 86 -0.764275 30.1194
      vertex 86 -0.436653 30.0708
    endloop
  endfacet
  facet normal 1 -0 0
    outer loop
      vertex 86 -1.08556 36.6592
      vertex 86 -0.764275 30.1194
      vertex 86 -0.764275 36.7397
    endloop
  endfacet
  facet normal 1 0 0
    outer loop
      vertex 86 -1.08556 36.6592
      vertex 86 -1.08556 30.1999
      vertex 86 -0.764275 30.1194
    endloop
  endfacet
  facet normal 1 -0 0
    outer loop
      vertex 86 -1.3974 36.5476
      vertex 86 -1.08556 30.1999
      vertex 86 -1.08556 36.6592
    endloop
  endfacet
  facet normal 1 0 0
    outer loop
      vertex 86 -1.3974 36.5476
      vertex 86 -1.3974 30.3114
      vertex 86 -1.08556 30.1999
    endloop
  endfacet
  facet normal 1 -0 0
    outer loop
      vertex 86 -1.69681 36.406
      vertex 86 -1.3974 30.3114
      vertex 86 -1.3974 36.5476
    endloop
  endfacet
  facet normal 1 0 0
    outer loop
      vertex 86 -1.69681 36.406
      vertex 86 -1.69681 30.4531
      vertex 86 -1.3974 30.3114
    endloop
  endfacet
  facet normal 1 -0 0
    outer loop
      vertex 86 -1.9809 36.2358
      vertex 86 -1.69681 30.4531
      vertex 86 -1.69681 36.406
    endloop
  endfacet
  facet normal 1 0 0
    outer loop
      vertex 86 -1.9809 36.2358
      vertex 86 -1.9809 30.6233
      vertex 86 -1.69681 30.4531
    endloop
  endfacet
  facet normal 1 -0 0
    outer loop
      vertex 86 -2.24692 36.0385
      vertex 86 -1.9809 30.6233
      vertex 86 -1.9809 36.2358
    endloop
  endfacet
  facet normal 1 0 0
    outer loop
      vertex 86 -2.24692 36.0385
      vertex 86 -2.24692 30.8206
      vertex 86 -1.9809 30.6233
    endloop
  endfacet
  facet normal 1 -0 0
    outer loop
      vertex 86 -2.49233 35.816
      vertex 86 -2.24692 30.8206
      vertex 86 -2.24692 36.0385
    endloop
  endfacet
  facet normal 1 0 0
    outer loop
      vertex 86 -2.49233 35.816
      vertex 86 -2.49233 31.0431
      vertex 86 -2.24692 30.8206
    endloop
  endfacet
  facet normal 1 -0 0
    outer loop
      vertex 86 -2.71476 35.5706
      vertex 86 -2.49233 31.0431
      vertex 86 -2.49233 35.816
    endloop
  endfacet
  facet normal 1 0 0
    outer loop
      vertex 86 -2.71476 35.5706
      vertex 86 -2.71476 31.2885
      vertex 86 -2.49233 31.0431
    endloop
  endfacet
  facet normal 1 -0 0
    outer loop
      vertex 86 -2.91206 35.3046
      vertex 86 -2.71476 31.2885
      vertex 86 -2.71476 35.5706
    endloop
  endfacet
  facet normal 1 0 0
    outer loop
      vertex 86 -2.91206 35.3046
      vertex 86 -2.91206 31.5545
      vertex 86 -2.71476 31.2885
    endloop
  endfacet
  facet normal 1 -0 0
    outer loop
      vertex 86 -3.08233 35.0205
      vertex 86 -2.91206 31.5545
      vertex 86 -2.91206 35.3046
    endloop
  endfacet
  facet normal 1 0 0
    outer loop
      vertex 86 -3.08233 35.0205
      vertex 86 -3.08233 31.8386
      vertex 86 -2.91206 31.5545
    endloop
  endfacet
  facet normal 1 -0 0
    outer loop
      vertex 86 -3.22394 34.7211
      vertex 86 -3.08233 31.8386
      vertex 86 -3.08233 35.0205
    endloop
  endfacet
  facet normal 1 0 0
    outer loop
      vertex 86 -3.22394 34.7211
      vertex 86 -3.22394 32.138
      vertex 86 -3.08233 31.8386
    endloop
  endfacet
  facet normal 1 -0 0
    outer loop
      vertex 86 -3.33552 34.4093
      vertex 86 -3.22394 32.138
      vertex 86 -3.22394 34.7211
    endloop
  endfacet
  facet normal 1 0 0
    outer loop
      vertex 86 -3.33552 34.4093
      vertex 86 -3.33552 32.4498
      vertex 86 -3.22394 32.138
    endloop
  endfacet
  facet normal 1 -0 0
    outer loop
      vertex 86 -3.416 34.088
      vertex 86 -3.33552 32.4498
      vertex 86 -3.33552 34.4093
    endloop
  endfacet
  facet normal 1 0 0
    outer loop
      vertex 86 -3.416 34.088
      vertex 86 -3.416 32.7711
      vertex 86 -3.33552 32.4498
    endloop
  endfacet
  facet normal 1 -0 0
    outer loop
      vertex 86 -3.46459 33.7603
      vertex 86 -3.416 32.7711
      vertex 86 -3.416 34.088
    endloop
  endfacet
  facet normal 1 0 0
    outer loop
      vertex 86 -3.46459 33.7603
      vertex 86 -3.46459 33.0987
      vertex 86 -3.416 32.7711
    endloop
  endfacet
  facet normal 1 0 -0
    outer loop
      vertex 86 -3.46459 33.0987
      vertex 86 -3.46459 33.7603
      vertex 86 -3.48085 33.4295
    endloop
  endfacet
  facet normal 0 -0.595711 0.803199
    outer loop
      vertex -86 -1.9809 36.2358
      vertex 86 -2.24692 36.0385
      vertex 86 -1.9809 36.2358
    endloop
  endfacet
  facet normal 0 -0.595711 0.803199
    outer loop
      vertex 86 -2.24692 36.0385
      vertex -86 -1.9809 36.2358
      vertex -86 -2.24692 36.0385
    endloop
  endfacet
  facet normal -0 0.0489127 0.998803
    outer loop
      vertex -86 0.224961 36.7883
      vertex 86 -0.105845 36.8045
      vertex 86 0.224961 36.7883
    endloop
  endfacet
  facet normal 0 0.0489127 0.998803
    outer loop
      vertex 86 -0.105845 36.8045
      vertex -86 0.224961 36.7883
      vertex -86 -0.105845 36.8045
    endloop
  endfacet
  facet normal 0 -0.67168 -0.740841
    outer loop
      vertex -86 -2.49233 31.0431
      vertex 86 -2.24692 30.8206
      vertex 86 -2.49233 31.0431
    endloop
  endfacet
  facet normal -0 -0.67168 -0.740841
    outer loop
      vertex 86 -2.24692 30.8206
      vertex -86 -2.49233 31.0431
      vertex -86 -2.24692 30.8206
    endloop
  endfacet
  facet normal 0 0.24282 -0.970071
    outer loop
      vertex 57 18.7555 43.3446
      vertex 86 19.0767 43.425
      vertex 86 18.7555 43.3446
    endloop
  endfacet
  facet normal 0 0.24282 -0.970071
    outer loop
      vertex 86 19.0767 43.425
      vertex 57 18.7555 43.3446
      vertex 57 19.0767 43.425
    endloop
  endfacet
  facet normal 0 0.941544 0.336891
    outer loop
      vertex 86 21.3267 47.6344
      vertex -86 21.2151 47.9463
      vertex 86 21.2151 47.9463
    endloop
  endfacet
  facet normal 0 0.941544 0.336891
    outer loop
      vertex -86 21.2151 47.9463
      vertex 86 21.3267 47.6344
      vertex -86 21.3267 47.6344
    endloop
  endfacet
  facet normal 0 0.857626 -0.514274
    outer loop
      vertex 86 20.9032 44.7797
      vertex -86 21.0735 45.0637
      vertex 86 21.0735 45.0637
    endloop
  endfacet
  facet normal 0 0.857626 -0.514274
    outer loop
      vertex -86 21.0735 45.0637
      vertex 86 20.9032 44.7797
      vertex -86 20.9032 44.7797
    endloop
  endfacet
  facet normal 0 -0.857759 -0.514052
    outer loop
      vertex -86 15.2908 44.7797
      vertex 86 15.1206 45.0637
      vertex -86 15.1206 45.0637
    endloop
  endfacet
  facet normal 0 -0.857759 -0.514052
    outer loop
      vertex 86 15.1206 45.0637
      vertex -86 15.2908 44.7797
      vertex 86 15.2908 44.7797
    endloop
  endfacet
  facet normal 0 -0.427541 -0.903996
    outer loop
      vertex -86 16.5061 43.6782
      vertex 86 16.8055 43.5366
      vertex 86 16.5061 43.6782
    endloop
  endfacet
  facet normal -0 -0.427541 -0.903996
    outer loop
      vertex 86 16.8055 43.5366
      vertex -86 16.5061 43.6782
      vertex -86 16.8055 43.5366
    endloop
  endfacet
  facet normal 2.0802e-06 0.0492148 -0.998788
    outer loop
      vertex 86 18.097 43.2797
      vertex 57 18.3032 43.2898
      vertex 86 18.4278 43.296
    endloop
  endfacet
  facet normal 0 0.0489229 -0.998803
    outer loop
      vertex -86 18.097 43.2797
      vertex 57 18.3032 43.2898
      vertex 86 18.097 43.2797
    endloop
  endfacet
  facet normal 0 0.0489229 -0.998803
    outer loop
      vertex 57 18.3032 43.2898
      vertex -86 18.097 43.2797
      vertex -86 18.3032 43.2898
    endloop
  endfacet
  facet normal 0 0.0496977 -0.998764
    outer loop
      vertex 86 18.4278 43.296
      vertex 57 18.3032 43.2898
      vertex 57 18.4278 43.296
    endloop
  endfacet
  facet normal 0 -0.970018 0.243033
    outer loop
      vertex -86 14.7869 47.3131
      vertex 86 14.8674 47.6344
      vertex -86 14.8674 47.6344
    endloop
  endfacet
  facet normal 0 -0.970018 0.243033
    outer loop
      vertex 86 14.8674 47.6344
      vertex -86 14.7869 47.3131
      vertex 86 14.7869 47.3131
    endloop
  endfacet
  facet normal 0 0.67153 -0.740978
    outer loop
      vertex 57 20.2381 44.0458
      vertex 86 20.4835 44.2682
      vertex 86 20.2381 44.0458
    endloop
  endfacet
  facet normal 1.67072e-05 0.670445 -0.741959
    outer loop
      vertex 57 20.2464 44.0533
      vertex 86 20.4835 44.2682
      vertex 57 20.2381 44.0458
    endloop
  endfacet
  facet normal 0 0.671568 -0.740943
    outer loop
      vertex -86 20.4835 44.2682
      vertex 57 20.2464 44.0533
      vertex -86 20.2464 44.0533
    endloop
  endfacet
  facet normal 0 0.671568 -0.740943
    outer loop
      vertex 57 20.2464 44.0533
      vertex -86 20.4835 44.2682
      vertex 86 20.4835 44.2682
    endloop
  endfacet
  facet normal -0 0.427541 0.903996
    outer loop
      vertex -86 19.688 49.6312
      vertex 86 19.3886 49.7728
      vertex 86 19.688 49.6312
    endloop
  endfacet
  facet normal 0 0.427541 0.903996
    outer loop
      vertex 86 19.3886 49.7728
      vertex -86 19.688 49.6312
      vertex -86 19.3886 49.7728
    endloop
  endfacet
  facet normal 0 -0.941605 -0.336719
    outer loop
      vertex -86 14.9789 45.3632
      vertex 86 14.8674 45.675
      vertex -86 14.8674 45.675
    endloop
  endfacet
  facet normal 0 -0.941605 -0.336719
    outer loop
      vertex 86 14.8674 45.675
      vertex -86 14.9789 45.3632
      vertex 86 14.9789 45.3632
    endloop
  endfacet
  facet normal 0 -0.903934 -0.427671
    outer loop
      vertex -86 15.1206 45.0637
      vertex 86 14.9789 45.3632
      vertex -86 14.9789 45.3632
    endloop
  endfacet
  facet normal 0 -0.903934 -0.427671
    outer loop
      vertex 86 14.9789 45.3632
      vertex -86 15.1206 45.0637
      vertex 86 15.1206 45.0637
    endloop
  endfacet
  facet normal 0 -0.740827 -0.671696
    outer loop
      vertex -86 15.7106 44.2682
      vertex 86 15.4881 44.5136
      vertex -86 15.4881 44.5136
    endloop
  endfacet
  facet normal 0 -0.740827 -0.671696
    outer loop
      vertex 86 15.4881 44.5136
      vertex -86 15.7106 44.2682
      vertex 86 15.7106 44.2682
    endloop
  endfacet
  facet normal 0 0.904051 -0.427424
    outer loop
      vertex 86 21.0735 45.0637
      vertex -86 21.2151 45.3632
      vertex 86 21.2151 45.3632
    endloop
  endfacet
  facet normal 0 0.904051 -0.427424
    outer loop
      vertex -86 21.2151 45.3632
      vertex 86 21.0735 45.0637
      vertex -86 21.0735 45.0637
    endloop
  endfacet
  facet normal 0 -0.243033 0.970018
    outer loop
      vertex -86 17.4386 49.9649
      vertex 86 17.1173 49.8844
      vertex 86 17.4386 49.9649
    endloop
  endfacet
  facet normal 0 -0.243033 0.970018
    outer loop
      vertex 86 17.1173 49.8844
      vertex -86 17.4386 49.9649
      vertex -86 17.1173 49.8844
    endloop
  endfacet
  facet normal 0 0.803284 -0.595596
    outer loop
      vertex 86 20.7059 44.5136
      vertex -86 20.9032 44.7797
      vertex 86 20.9032 44.7797
    endloop
  endfacet
  facet normal 0 0.803284 -0.595596
    outer loop
      vertex -86 20.9032 44.7797
      vertex 86 20.7059 44.5136
      vertex -86 20.7059 44.5136
    endloop
  endfacet
  facet normal 0 -0.903879 0.427788
    outer loop
      vertex -86 14.9789 47.9463
      vertex 86 15.1206 48.2457
      vertex -86 15.1206 48.2457
    endloop
  endfacet
  facet normal 0 -0.903879 0.427788
    outer loop
      vertex 86 15.1206 48.2457
      vertex -86 14.9789 47.9463
      vertex 86 14.9789 47.9463
    endloop
  endfacet
  facet normal 0 0.59574 -0.803177
    outer loop
      vertex 57 19.9721 43.8485
      vertex 86 20.2381 44.0458
      vertex 86 19.9721 43.8485
    endloop
  endfacet
  facet normal 0 0.59574 -0.803177
    outer loop
      vertex 86 20.2381 44.0458
      vertex 57 19.9721 43.8485
      vertex 57 20.2381 44.0458
    endloop
  endfacet
  facet normal 0 -0.970018 -0.243033
    outer loop
      vertex -86 14.8674 45.675
      vertex 86 14.7869 45.9963
      vertex -86 14.7869 45.9963
    endloop
  endfacet
  facet normal 0 -0.970018 -0.243033
    outer loop
      vertex 86 14.7869 45.9963
      vertex -86 14.8674 45.675
      vertex 86 14.8674 45.675
    endloop
  endfacet
  facet normal -0 0.67153 0.740978
    outer loop
      vertex -86 20.4835 49.0412
      vertex 86 20.2381 49.2636
      vertex 86 20.4835 49.0412
    endloop
  endfacet
  facet normal 0 0.67153 0.740978
    outer loop
      vertex 86 20.2381 49.2636
      vertex -86 20.4835 49.0412
      vertex -86 20.2381 49.2636
    endloop
  endfacet
  facet normal -0 0.243104 0.97
    outer loop
      vertex -86 19.0767 49.8844
      vertex 86 18.7555 49.9649
      vertex 86 19.0767 49.8844
    endloop
  endfacet
  facet normal 0 0.243104 0.97
    outer loop
      vertex 86 18.7555 49.9649
      vertex -86 19.0767 49.8844
      vertex -86 18.7555 49.9649
    endloop
  endfacet
  facet normal 0 0.427541 -0.903996
    outer loop
      vertex 57 19.3886 43.5366
      vertex 86 19.688 43.6782
      vertex 86 19.3886 43.5366
    endloop
  endfacet
  facet normal 0 0.427541 -0.903996
    outer loop
      vertex 86 19.688 43.6782
      vertex 57 19.3886 43.5366
      vertex 57 19.688 43.6782
    endloop
  endfacet
  facet normal 0 0.970018 -0.243033
    outer loop
      vertex 86 21.3267 45.675
      vertex -86 21.4072 45.9963
      vertex 86 21.4072 45.9963
    endloop
  endfacet
  facet normal 0 0.970018 -0.243033
    outer loop
      vertex -86 21.4072 45.9963
      vertex 86 21.3267 45.675
      vertex -86 21.3267 45.675
    endloop
  endfacet
  facet normal 0 -0.242749 -0.970089
    outer loop
      vertex -86 17.1173 43.425
      vertex 86 17.4386 43.3446
      vertex 86 17.1173 43.425
    endloop
  endfacet
  facet normal -0 -0.242749 -0.970089
    outer loop
      vertex 86 17.4386 43.3446
      vertex -86 17.1173 43.425
      vertex -86 17.4386 43.3446
    endloop
  endfacet
  facet normal 0 -0.427541 0.903996
    outer loop
      vertex -86 16.8055 49.7728
      vertex 86 16.5061 49.6312
      vertex 86 16.8055 49.7728
    endloop
  endfacet
  facet normal 0 -0.427541 0.903996
    outer loop
      vertex 86 16.5061 49.6312
      vertex -86 16.8055 49.7728
      vertex -86 16.5061 49.6312
    endloop
  endfacet
  facet normal 0 -0.803177 0.59574
    outer loop
      vertex -86 15.2908 48.5298
      vertex 86 15.4881 48.7958
      vertex -86 15.4881 48.7958
    endloop
  endfacet
  facet normal 0 -0.803177 0.59574
    outer loop
      vertex 86 15.4881 48.7958
      vertex -86 15.2908 48.5298
      vertex 86 15.2908 48.5298
    endloop
  endfacet
  facet normal 0 0.941509 -0.336987
    outer loop
      vertex 86 21.2151 45.3632
      vertex -86 21.3267 45.675
      vertex 86 21.3267 45.675
    endloop
  endfacet
  facet normal 0 0.941509 -0.336987
    outer loop
      vertex -86 21.3267 45.675
      vertex 86 21.2151 45.3632
      vertex -86 21.2151 45.3632
    endloop
  endfacet
  facet normal -0 0.146702 0.989181
    outer loop
      vertex -86 18.7555 49.9649
      vertex 86 18.4278 50.0135
      vertex 86 18.7555 49.9649
    endloop
  endfacet
  facet normal 0 0.146702 0.989181
    outer loop
      vertex 86 18.4278 50.0135
      vertex -86 18.7555 49.9649
      vertex -86 18.4278 50.0135
    endloop
  endfacet
  facet normal 0 0.146702 -0.989181
    outer loop
      vertex 57 18.4278 43.296
      vertex 86 18.7555 43.3446
      vertex 86 18.4278 43.296
    endloop
  endfacet
  facet normal 0 0.146702 -0.989181
    outer loop
      vertex 86 18.7555 43.3446
      vertex 57 18.4278 43.296
      vertex 57 18.7555 43.3446
    endloop
  endfacet
  facet normal 0 -0.514141 0.857706
    outer loop
      vertex -86 16.5061 49.6312
      vertex 86 16.222 49.4609
      vertex 86 16.5061 49.6312
    endloop
  endfacet
  facet normal 0 -0.514141 0.857706
    outer loop
      vertex 86 16.222 49.4609
      vertex -86 16.5061 49.6312
      vertex -86 16.222 49.4609
    endloop
  endfacet
  facet normal -0 0.514141 0.857706
    outer loop
      vertex -86 19.9721 49.4609
      vertex 86 19.688 49.6312
      vertex 86 19.9721 49.4609
    endloop
  endfacet
  facet normal 0 0.514141 0.857706
    outer loop
      vertex 86 19.688 49.6312
      vertex -86 19.9721 49.4609
      vertex -86 19.688 49.6312
    endloop
  endfacet
  facet normal 0 -0.989174 -0.146746
    outer loop
      vertex -86 14.7869 45.9963
      vertex 86 14.7383 46.3239
      vertex -86 14.7383 46.3239
    endloop
  endfacet
  facet normal 0 -0.989174 -0.146746
    outer loop
      vertex 86 14.7383 46.3239
      vertex -86 14.7869 45.9963
      vertex 86 14.7869 45.9963
    endloop
  endfacet
  facet normal -0 0.0489136 0.998803
    outer loop
      vertex -86 18.4278 50.0135
      vertex 86 18.097 50.0297
      vertex 86 18.4278 50.0135
    endloop
  endfacet
  facet normal 0 0.0489136 0.998803
    outer loop
      vertex 86 18.097 50.0297
      vertex -86 18.4278 50.0135
      vertex -86 18.097 50.0297
    endloop
  endfacet
  facet normal 0 -0.989174 0.146746
    outer loop
      vertex -86 14.7383 46.9855
      vertex 86 14.7869 47.3131
      vertex -86 14.7869 47.3131
    endloop
  endfacet
  facet normal 0 -0.989174 0.146746
    outer loop
      vertex 86 14.7869 47.3131
      vertex -86 14.7383 46.9855
      vertex 86 14.7383 46.9855
    endloop
  endfacet
  facet normal 0 0.998803 -0.0489136
    outer loop
      vertex 86 21.4558 46.3239
      vertex -86 21.472 46.6547
      vertex 86 21.472 46.6547
    endloop
  endfacet
  facet normal 0 0.998803 -0.0489136
    outer loop
      vertex -86 21.472 46.6547
      vertex 86 21.4558 46.3239
      vertex -86 21.4558 46.3239
    endloop
  endfacet
  facet normal 0 0.740978 0.67153
    outer loop
      vertex 86 20.7059 48.7958
      vertex -86 20.4835 49.0412
      vertex 86 20.4835 49.0412
    endloop
  endfacet
  facet normal 0 0.740978 0.67153
    outer loop
      vertex -86 20.4835 49.0412
      vertex 86 20.7059 48.7958
      vertex -86 20.7059 48.7958
    endloop
  endfacet
  facet normal 0 -0.514141 -0.857706
    outer loop
      vertex -86 16.222 43.8485
      vertex 86 16.5061 43.6782
      vertex 86 16.222 43.8485
    endloop
  endfacet
  facet normal -0 -0.514141 -0.857706
    outer loop
      vertex 86 16.5061 43.6782
      vertex -86 16.222 43.8485
      vertex -86 16.5061 43.6782
    endloop
  endfacet
  facet normal 0 -0.146746 -0.989174
    outer loop
      vertex -86 17.4386 43.3446
      vertex 86 17.7662 43.296
      vertex 86 17.4386 43.3446
    endloop
  endfacet
  facet normal -0 -0.146746 -0.989174
    outer loop
      vertex 86 17.7662 43.296
      vertex -86 17.4386 43.3446
      vertex -86 17.7662 43.296
    endloop
  endfacet
  facet normal 0 -0.0492148 -0.998788
    outer loop
      vertex -86 17.7662 43.296
      vertex 86 18.097 43.2797
      vertex 86 17.7662 43.296
    endloop
  endfacet
  facet normal -0 -0.0492148 -0.998788
    outer loop
      vertex 86 18.097 43.2797
      vertex -86 17.7662 43.296
      vertex -86 18.097 43.2797
    endloop
  endfacet
  facet normal 0 0.989174 0.146746
    outer loop
      vertex 86 21.4558 46.9855
      vertex -86 21.4072 47.3131
      vertex 86 21.4072 47.3131
    endloop
  endfacet
  facet normal 0 0.989174 0.146746
    outer loop
      vertex -86 21.4072 47.3131
      vertex 86 21.4558 46.9855
      vertex -86 21.4558 46.9855
    endloop
  endfacet
  facet normal 0 -0.59574 -0.803177
    outer loop
      vertex -86 15.956 44.0458
      vertex 86 16.222 43.8485
      vertex 86 15.956 44.0458
    endloop
  endfacet
  facet normal -0 -0.59574 -0.803177
    outer loop
      vertex 86 16.222 43.8485
      vertex -86 15.956 44.0458
      vertex -86 16.222 43.8485
    endloop
  endfacet
  facet normal 0 0.903996 0.427541
    outer loop
      vertex 86 21.2151 47.9463
      vertex -86 21.0735 48.2457
      vertex 86 21.0735 48.2457
    endloop
  endfacet
  facet normal 0 0.903996 0.427541
    outer loop
      vertex -86 21.0735 48.2457
      vertex 86 21.2151 47.9463
      vertex -86 21.2151 47.9463
    endloop
  endfacet
  facet normal 0 -0.67153 0.740978
    outer loop
      vertex -86 15.956 49.2636
      vertex 86 15.7106 49.0412
      vertex 86 15.956 49.2636
    endloop
  endfacet
  facet normal 0 -0.67153 0.740978
    outer loop
      vertex 86 15.7106 49.0412
      vertex -86 15.956 49.2636
      vertex -86 15.7106 49.0412
    endloop
  endfacet
  facet normal 0 0.336891 -0.941544
    outer loop
      vertex 57 19.0767 43.425
      vertex 86 19.3886 43.5366
      vertex 86 19.0767 43.425
    endloop
  endfacet
  facet normal 0 0.336891 -0.941544
    outer loop
      vertex 86 19.3886 43.5366
      vertex 57 19.0767 43.425
      vertex 57 19.3886 43.5366
    endloop
  endfacet
  facet normal 0 0.998803 0.0489136
    outer loop
      vertex 86 21.472 46.6547
      vertex -86 21.4558 46.9855
      vertex 86 21.4558 46.9855
    endloop
  endfacet
  facet normal 0 0.998803 0.0489136
    outer loop
      vertex -86 21.4558 46.9855
      vertex 86 21.472 46.6547
      vertex -86 21.472 46.6547
    endloop
  endfacet
  facet normal 0 0.514141 -0.857706
    outer loop
      vertex 57 19.688 43.6782
      vertex 86 19.9721 43.8485
      vertex 86 19.688 43.6782
    endloop
  endfacet
  facet normal 0 0.514141 -0.857706
    outer loop
      vertex 86 19.9721 43.8485
      vertex 57 19.688 43.6782
      vertex 57 19.9721 43.8485
    endloop
  endfacet
  facet normal 0 0.803177 0.59574
    outer loop
      vertex 86 20.9032 48.5298
      vertex -86 20.7059 48.7958
      vertex 86 20.7059 48.7958
    endloop
  endfacet
  facet normal 0 0.803177 0.59574
    outer loop
      vertex -86 20.7059 48.7958
      vertex 86 20.9032 48.5298
      vertex -86 20.9032 48.5298
    endloop
  endfacet
  facet normal 0 -0.998788 -0.0492148
    outer loop
      vertex -86 14.7383 46.3239
      vertex 86 14.722 46.6547
      vertex -86 14.722 46.6547
    endloop
  endfacet
  facet normal 0 -0.998788 -0.0492148
    outer loop
      vertex 86 14.722 46.6547
      vertex -86 14.7383 46.3239
      vertex 86 14.7383 46.3239
    endloop
  endfacet
  facet normal 0 -0.0489136 0.998803
    outer loop
      vertex -86 18.097 50.0297
      vertex 86 17.7662 50.0135
      vertex 86 18.097 50.0297
    endloop
  endfacet
  facet normal 0 -0.0489136 0.998803
    outer loop
      vertex 86 17.7662 50.0135
      vertex -86 18.097 50.0297
      vertex -86 17.7662 50.0135
    endloop
  endfacet
  facet normal -0 0.336891 0.941544
    outer loop
      vertex -86 19.3886 49.7728
      vertex 86 19.0767 49.8844
      vertex 86 19.3886 49.7728
    endloop
  endfacet
  facet normal 0 0.336891 0.941544
    outer loop
      vertex 86 19.0767 49.8844
      vertex -86 19.3886 49.7728
      vertex -86 19.0767 49.8844
    endloop
  endfacet
  facet normal 0 0.970018 0.243033
    outer loop
      vertex 86 21.4072 47.3131
      vertex -86 21.3267 47.6344
      vertex 86 21.3267 47.6344
    endloop
  endfacet
  facet normal 0 0.970018 0.243033
    outer loop
      vertex -86 21.3267 47.6344
      vertex 86 21.4072 47.3131
      vertex -86 21.4072 47.3131
    endloop
  endfacet
  facet normal 0 0.989174 -0.146746
    outer loop
      vertex 86 21.4072 45.9963
      vertex -86 21.4558 46.3239
      vertex 86 21.4558 46.3239
    endloop
  endfacet
  facet normal 0 0.989174 -0.146746
    outer loop
      vertex -86 21.4558 46.3239
      vertex 86 21.4072 45.9963
      vertex -86 21.4072 45.9963
    endloop
  endfacet
  facet normal -0 0.59574 0.803177
    outer loop
      vertex -86 20.2381 49.2636
      vertex 86 19.9721 49.4609
      vertex 86 20.2381 49.2636
    endloop
  endfacet
  facet normal 0 0.59574 0.803177
    outer loop
      vertex 86 19.9721 49.4609
      vertex -86 20.2381 49.2636
      vertex -86 19.9721 49.4609
    endloop
  endfacet
  facet normal 0 -0.336987 -0.941509
    outer loop
      vertex -86 16.8055 43.5366
      vertex 86 17.1173 43.425
      vertex 86 16.8055 43.5366
    endloop
  endfacet
  facet normal -0 -0.336987 -0.941509
    outer loop
      vertex 86 17.1173 43.425
      vertex -86 16.8055 43.5366
      vertex -86 17.1173 43.425
    endloop
  endfacet
  facet normal 0 -0.803284 -0.595596
    outer loop
      vertex -86 15.4881 44.5136
      vertex 86 15.2908 44.7797
      vertex -86 15.2908 44.7797
    endloop
  endfacet
  facet normal 0 -0.803284 -0.595596
    outer loop
      vertex 86 15.2908 44.7797
      vertex -86 15.4881 44.5136
      vertex 86 15.4881 44.5136
    endloop
  endfacet
  facet normal 0 -0.146746 0.989174
    outer loop
      vertex -86 17.7662 50.0135
      vertex 86 17.4386 49.9649
      vertex 86 17.7662 50.0135
    endloop
  endfacet
  facet normal 0 -0.146746 0.989174
    outer loop
      vertex 86 17.4386 49.9649
      vertex -86 17.7662 50.0135
      vertex -86 17.4386 49.9649
    endloop
  endfacet
  facet normal 0 0.740978 -0.67153
    outer loop
      vertex 86 20.4835 44.2682
      vertex -86 20.7059 44.5136
      vertex 86 20.7059 44.5136
    endloop
  endfacet
  facet normal 0 0.740978 -0.67153
    outer loop
      vertex -86 20.7059 44.5136
      vertex 86 20.4835 44.2682
      vertex -86 20.4835 44.2682
    endloop
  endfacet
  facet normal 0 -0.59574 0.803177
    outer loop
      vertex -86 16.222 49.4609
      vertex 86 15.956 49.2636
      vertex 86 16.222 49.4609
    endloop
  endfacet
  facet normal 0 -0.59574 0.803177
    outer loop
      vertex 86 15.956 49.2636
      vertex -86 16.222 49.4609
      vertex -86 15.956 49.2636
    endloop
  endfacet
  facet normal 0 -0.336987 0.941509
    outer loop
      vertex -86 17.1173 49.8844
      vertex 86 16.8055 49.7728
      vertex 86 17.1173 49.8844
    endloop
  endfacet
  facet normal 0 -0.336987 0.941509
    outer loop
      vertex 86 16.8055 49.7728
      vertex -86 17.1173 49.8844
      vertex -86 16.8055 49.7728
    endloop
  endfacet
  facet normal 1 0 0
    outer loop
      vertex 86 21.4558 46.9855
      vertex 86 21.4558 46.3239
      vertex 86 21.472 46.6547
    endloop
  endfacet
  facet normal 1 0 0
    outer loop
      vertex 86 21.4072 47.3131
      vertex 86 21.4558 46.3239
      vertex 86 21.4558 46.9855
    endloop
  endfacet
  facet normal 1 0 0
    outer loop
      vertex 86 21.4072 47.3131
      vertex 86 21.4072 45.9963
      vertex 86 21.4558 46.3239
    endloop
  endfacet
  facet normal 1 0 0
    outer loop
      vertex 86 21.3267 47.6344
      vertex 86 21.4072 45.9963
      vertex 86 21.4072 47.3131
    endloop
  endfacet
  facet normal 1 0 0
    outer loop
      vertex 86 21.3267 47.6344
      vertex 86 21.3267 45.675
      vertex 86 21.4072 45.9963
    endloop
  endfacet
  facet normal 1 0 0
    outer loop
      vertex 86 21.2151 47.9463
      vertex 86 21.3267 45.675
      vertex 86 21.3267 47.6344
    endloop
  endfacet
  facet normal 1 0 0
    outer loop
      vertex 86 21.2151 47.9463
      vertex 86 21.2151 45.3632
      vertex 86 21.3267 45.675
    endloop
  endfacet
  facet normal 1 0 0
    outer loop
      vertex 86 21.0735 48.2457
      vertex 86 21.2151 45.3632
      vertex 86 21.2151 47.9463
    endloop
  endfacet
  facet normal 1 0 0
    outer loop
      vertex 86 21.0735 48.2457
      vertex 86 21.0735 45.0637
      vertex 86 21.2151 45.3632
    endloop
  endfacet
  facet normal 1 0 0
    outer loop
      vertex 86 20.9032 48.5298
      vertex 86 21.0735 45.0637
      vertex 86 21.0735 48.2457
    endloop
  endfacet
  facet normal 1 0 0
    outer loop
      vertex 86 20.9032 48.5298
      vertex 86 20.9032 44.7797
      vertex 86 21.0735 45.0637
    endloop
  endfacet
  facet normal 1 0 0
    outer loop
      vertex 86 20.7059 48.7958
      vertex 86 20.9032 44.7797
      vertex 86 20.9032 48.5298
    endloop
  endfacet
  facet normal 1 0 0
    outer loop
      vertex 86 20.7059 48.7958
      vertex 86 20.7059 44.5136
      vertex 86 20.9032 44.7797
    endloop
  endfacet
  facet normal 1 0 0
    outer loop
      vertex 86 20.4835 49.0412
      vertex 86 20.7059 44.5136
      vertex 86 20.7059 48.7958
    endloop
  endfacet
  facet normal 1 0 0
    outer loop
      vertex 86 20.4835 49.0412
      vertex 86 20.4835 44.2682
      vertex 86 20.7059 44.5136
    endloop
  endfacet
  facet normal 1 0 0
    outer loop
      vertex 86 20.2381 49.2636
      vertex 86 20.4835 44.2682
      vertex 86 20.4835 49.0412
    endloop
  endfacet
  facet normal 1 0 0
    outer loop
      vertex 86 20.2381 49.2636
      vertex 86 20.2381 44.0458
      vertex 86 20.4835 44.2682
    endloop
  endfacet
  facet normal 1 0 0
    outer loop
      vertex 86 19.9721 49.4609
      vertex 86 20.2381 44.0458
      vertex 86 20.2381 49.2636
    endloop
  endfacet
  facet normal 1 0 0
    outer loop
      vertex 86 19.9721 49.4609
      vertex 86 19.9721 43.8485
      vertex 86 20.2381 44.0458
    endloop
  endfacet
  facet normal 1 0 0
    outer loop
      vertex 86 19.688 49.6312
      vertex 86 19.9721 43.8485
      vertex 86 19.9721 49.4609
    endloop
  endfacet
  facet normal 1 0 0
    outer loop
      vertex 86 19.688 49.6312
      vertex 86 19.688 43.6782
      vertex 86 19.9721 43.8485
    endloop
  endfacet
  facet normal 1 0 0
    outer loop
      vertex 86 19.3886 49.7728
      vertex 86 19.688 43.6782
      vertex 86 19.688 49.6312
    endloop
  endfacet
  facet normal 1 0 0
    outer loop
      vertex 86 19.3886 49.7728
      vertex 86 19.3886 43.5366
      vertex 86 19.688 43.6782
    endloop
  endfacet
  facet normal 1 0 0
    outer loop
      vertex 86 19.0767 49.8844
      vertex 86 19.3886 43.5366
      vertex 86 19.3886 49.7728
    endloop
  endfacet
  facet normal 1 0 0
    outer loop
      vertex 86 19.0767 49.8844
      vertex 86 19.0767 43.425
      vertex 86 19.3886 43.5366
    endloop
  endfacet
  facet normal 1 0 0
    outer loop
      vertex 86 18.7555 49.9649
      vertex 86 19.0767 43.425
      vertex 86 19.0767 49.8844
    endloop
  endfacet
  facet normal 1 0 0
    outer loop
      vertex 86 18.7555 49.9649
      vertex 86 18.7555 43.3446
      vertex 86 19.0767 43.425
    endloop
  endfacet
  facet normal 1 0 0
    outer loop
      vertex 86 18.4278 50.0135
      vertex 86 18.7555 43.3446
      vertex 86 18.7555 49.9649
    endloop
  endfacet
  facet normal 1 0 0
    outer loop
      vertex 86 18.4278 50.0135
      vertex 86 18.4278 43.296
      vertex 86 18.7555 43.3446
    endloop
  endfacet
  facet normal 1 0 0
    outer loop
      vertex 86 18.097 50.0297
      vertex 86 18.4278 43.296
      vertex 86 18.4278 50.0135
    endloop
  endfacet
  facet normal 1 0 0
    outer loop
      vertex 86 18.097 50.0297
      vertex 86 18.097 43.2797
      vertex 86 18.4278 43.296
    endloop
  endfacet
  facet normal 1 -0 0
    outer loop
      vertex 86 17.7662 50.0135
      vertex 86 18.097 43.2797
      vertex 86 18.097 50.0297
    endloop
  endfacet
  facet normal 1 0 0
    outer loop
      vertex 86 17.7662 50.0135
      vertex 86 17.7662 43.296
      vertex 86 18.097 43.2797
    endloop
  endfacet
  facet normal 1 -0 0
    outer loop
      vertex 86 17.4386 49.9649
      vertex 86 17.7662 43.296
      vertex 86 17.7662 50.0135
    endloop
  endfacet
  facet normal 1 0 0
    outer loop
      vertex 86 17.4386 49.9649
      vertex 86 17.4386 43.3446
      vertex 86 17.7662 43.296
    endloop
  endfacet
  facet normal 1 -0 0
    outer loop
      vertex 86 17.1173 49.8844
      vertex 86 17.4386 43.3446
      vertex 86 17.4386 49.9649
    endloop
  endfacet
  facet normal 1 0 0
    outer loop
      vertex 86 17.1173 49.8844
      vertex 86 17.1173 43.425
      vertex 86 17.4386 43.3446
    endloop
  endfacet
  facet normal 1 -0 0
    outer loop
      vertex 86 16.8055 49.7728
      vertex 86 17.1173 43.425
      vertex 86 17.1173 49.8844
    endloop
  endfacet
  facet normal 1 0 0
    outer loop
      vertex 86 16.8055 49.7728
      vertex 86 16.8055 43.5366
      vertex 86 17.1173 43.425
    endloop
  endfacet
  facet normal 1 -0 0
    outer loop
      vertex 86 16.5061 49.6312
      vertex 86 16.8055 43.5366
      vertex 86 16.8055 49.7728
    endloop
  endfacet
  facet normal 1 0 0
    outer loop
      vertex 86 16.5061 49.6312
      vertex 86 16.5061 43.6782
      vertex 86 16.8055 43.5366
    endloop
  endfacet
  facet normal 1 -0 0
    outer loop
      vertex 86 16.222 49.4609
      vertex 86 16.5061 43.6782
      vertex 86 16.5061 49.6312
    endloop
  endfacet
  facet normal 1 0 0
    outer loop
      vertex 86 16.222 49.4609
      vertex 86 16.222 43.8485
      vertex 86 16.5061 43.6782
    endloop
  endfacet
  facet normal 1 -0 0
    outer loop
      vertex 86 15.956 49.2636
      vertex 86 16.222 43.8485
      vertex 86 16.222 49.4609
    endloop
  endfacet
  facet normal 1 0 0
    outer loop
      vertex 86 15.956 49.2636
      vertex 86 15.956 44.0458
      vertex 86 16.222 43.8485
    endloop
  endfacet
  facet normal 1 -0 0
    outer loop
      vertex 86 15.7106 49.0412
      vertex 86 15.956 44.0458
      vertex 86 15.956 49.2636
    endloop
  endfacet
  facet normal 1 0 0
    outer loop
      vertex 86 15.7106 49.0412
      vertex 86 15.7106 44.2682
      vertex 86 15.956 44.0458
    endloop
  endfacet
  facet normal 1 -0 0
    outer loop
      vertex 86 15.4881 48.7958
      vertex 86 15.7106 44.2682
      vertex 86 15.7106 49.0412
    endloop
  endfacet
  facet normal 1 0 0
    outer loop
      vertex 86 15.4881 48.7958
      vertex 86 15.4881 44.5136
      vertex 86 15.7106 44.2682
    endloop
  endfacet
  facet normal 1 -0 0
    outer loop
      vertex 86 15.2908 48.5298
      vertex 86 15.4881 44.5136
      vertex 86 15.4881 48.7958
    endloop
  endfacet
  facet normal 1 0 0
    outer loop
      vertex 86 15.2908 48.5298
      vertex 86 15.2908 44.7797
      vertex 86 15.4881 44.5136
    endloop
  endfacet
  facet normal 1 -0 0
    outer loop
      vertex 86 15.1206 48.2457
      vertex 86 15.2908 44.7797
      vertex 86 15.2908 48.5298
    endloop
  endfacet
  facet normal 1 0 0
    outer loop
      vertex 86 15.1206 48.2457
      vertex 86 15.1206 45.0637
      vertex 86 15.2908 44.7797
    endloop
  endfacet
  facet normal 1 -0 0
    outer loop
      vertex 86 14.9789 47.9463
      vertex 86 15.1206 45.0637
      vertex 86 15.1206 48.2457
    endloop
  endfacet
  facet normal 1 0 0
    outer loop
      vertex 86 14.9789 47.9463
      vertex 86 14.9789 45.3632
      vertex 86 15.1206 45.0637
    endloop
  endfacet
  facet normal 1 -0 0
    outer loop
      vertex 86 14.8674 47.6344
      vertex 86 14.9789 45.3632
      vertex 86 14.9789 47.9463
    endloop
  endfacet
  facet normal 1 0 0
    outer loop
      vertex 86 14.8674 47.6344
      vertex 86 14.8674 45.675
      vertex 86 14.9789 45.3632
    endloop
  endfacet
  facet normal 1 -0 0
    outer loop
      vertex 86 14.7869 47.3131
      vertex 86 14.8674 45.675
      vertex 86 14.8674 47.6344
    endloop
  endfacet
  facet normal 1 0 0
    outer loop
      vertex 86 14.7869 47.3131
      vertex 86 14.7869 45.9963
      vertex 86 14.8674 45.675
    endloop
  endfacet
  facet normal 1 -0 0
    outer loop
      vertex 86 14.7383 46.9855
      vertex 86 14.7869 45.9963
      vertex 86 14.7869 47.3131
    endloop
  endfacet
  facet normal 1 0 0
    outer loop
      vertex 86 14.7383 46.9855
      vertex 86 14.7383 46.3239
      vertex 86 14.7869 45.9963
    endloop
  endfacet
  facet normal 1 0 -0
    outer loop
      vertex 86 14.7383 46.3239
      vertex 86 14.7383 46.9855
      vertex 86 14.722 46.6547
    endloop
  endfacet
  facet normal 0 -0.941639 0.336623
    outer loop
      vertex -86 14.8674 47.6344
      vertex 86 14.9789 47.9463
      vertex -86 14.9789 47.9463
    endloop
  endfacet
  facet normal 0 -0.941639 0.336623
    outer loop
      vertex 86 14.9789 47.9463
      vertex -86 14.8674 47.6344
      vertex 86 14.8674 47.6344
    endloop
  endfacet
  facet normal 0 0.857706 0.514141
    outer loop
      vertex 86 21.0735 48.2457
      vertex -86 20.9032 48.5298
      vertex 86 20.9032 48.5298
    endloop
  endfacet
  facet normal 0 0.857706 0.514141
    outer loop
      vertex -86 20.9032 48.5298
      vertex 86 21.0735 48.2457
      vertex -86 21.0735 48.2457
    endloop
  endfacet
  facet normal 0 -0.67153 -0.740978
    outer loop
      vertex -86 15.7106 44.2682
      vertex 86 15.956 44.0458
      vertex 86 15.7106 44.2682
    endloop
  endfacet
  facet normal -0 -0.67153 -0.740978
    outer loop
      vertex 86 15.956 44.0458
      vertex -86 15.7106 44.2682
      vertex -86 15.956 44.0458
    endloop
  endfacet
  facet normal 0 -0.740827 0.671696
    outer loop
      vertex -86 15.4881 48.7958
      vertex 86 15.7106 49.0412
      vertex -86 15.7106 49.0412
    endloop
  endfacet
  facet normal 0 -0.740827 0.671696
    outer loop
      vertex 86 15.7106 49.0412
      vertex -86 15.4881 48.7958
      vertex 86 15.4881 48.7958
    endloop
  endfacet
  facet normal 0 -0.998788 0.0492148
    outer loop
      vertex -86 14.722 46.6547
      vertex 86 14.7383 46.9855
      vertex -86 14.7383 46.9855
    endloop
  endfacet
  facet normal 0 -0.998788 0.0492148
    outer loop
      vertex 86 14.7383 46.9855
      vertex -86 14.722 46.6547
      vertex 86 14.722 46.6547
    endloop
  endfacet
  facet normal 0 -0.857839 0.513918
    outer loop
      vertex -86 15.1206 48.2457
      vertex 86 15.2908 48.5298
      vertex -86 15.2908 48.5298
    endloop
  endfacet
  facet normal 0 -0.857839 0.513918
    outer loop
      vertex 86 15.2908 48.5298
      vertex -86 15.1206 48.2457
      vertex 86 15.1206 48.2457
    endloop
  endfacet
endsolid OpenSCAD_Model
