solid OpenSCAD_Model
  facet normal 1 0 0
    outer loop
      vertex 86 12 6.46393
      vertex 86 8.76959 3.23352
      vertex 86 12 6
    endloop
  endfacet
  facet normal 1 -0 0
    outer loop
      vertex 86 12 6
      vertex 86 28 0
      vertex 86 28 6
    endloop
  endfacet
  facet normal 1 -0 0
    outer loop
      vertex 86 8.76959 3.23352
      vertex 86 28 0
      vertex 86 12 6
    endloop
  endfacet
  facet normal 1 -0 0
    outer loop
      vertex 86 8.76811 3.23189
      vertex 86 28 0
      vertex 86 8.76959 3.23352
    endloop
  endfacet
  facet normal 1 -0 0
    outer loop
      vertex 86 7.86647 2.41467
      vertex 86 28 0
      vertex 86 8.76811 3.23189
    endloop
  endfacet
  facet normal 1 -0 0
    outer loop
      vertex 86 6.88907 1.68979
      vertex 86 28 0
      vertex 86 7.86647 2.41467
    endloop
  endfacet
  facet normal 1 -0 0
    outer loop
      vertex 86 5.84531 1.06418
      vertex 86 28 0
      vertex 86 6.88907 1.68979
    endloop
  endfacet
  facet normal 1 -0 0
    outer loop
      vertex 86 4.74527 0.5439
      vertex 86 28 0
      vertex 86 5.84531 1.06418
    endloop
  endfacet
  facet normal 1 -0 0
    outer loop
      vertex 86 3.59952 0.133942
      vertex 86 28 0
      vertex 86 4.74527 0.5439
    endloop
  endfacet
  facet normal 1 0 0
    outer loop
      vertex 86 28 0
      vertex 86 3.59952 0.133942
      vertex 86 3.06478 0
    endloop
  endfacet
  facet normal 1 0 0
    outer loop
      vertex 86 -12 6
      vertex 86 -11.8661 8.40048
      vertex 86 -12 8.93522
    endloop
  endfacet
  facet normal 1 0 0
    outer loop
      vertex 86 -12 6
      vertex 86 -11.4561 7.25473
      vertex 86 -11.8661 8.40048
    endloop
  endfacet
  facet normal 1 0 0
    outer loop
      vertex 86 -12 6
      vertex 86 -10.9358 6.15469
      vertex 86 -11.4561 7.25473
    endloop
  endfacet
  facet normal 1 -0 0
    outer loop
      vertex 86 -12 6
      vertex 86 -10.3102 5.11093
      vertex 86 -10.9358 6.15469
    endloop
  endfacet
  facet normal 1 0 0
    outer loop
      vertex 86 -12 6
      vertex 86 -9.58533 4.13353
      vertex 86 -10.3102 5.11093
    endloop
  endfacet
  facet normal 1 0 0
    outer loop
      vertex 86 -28 0
      vertex 86 -9.58533 4.13353
      vertex 86 -12 6
    endloop
  endfacet
  facet normal 1 0 0
    outer loop
      vertex 86 -9.58533 4.13353
      vertex 86 -28 0
      vertex 86 -8.76811 3.23189
    endloop
  endfacet
  facet normal 1 0 0
    outer loop
      vertex 86 -28 0
      vertex 86 -12 6
      vertex 86 -28 6
    endloop
  endfacet
  facet normal 1 0 0
    outer loop
      vertex 86 -8.76811 3.23189
      vertex 86 -28 0
      vertex 86 -7.86647 2.41467
    endloop
  endfacet
  facet normal 1 0 0
    outer loop
      vertex 86 -7.86647 2.41467
      vertex 86 -28 0
      vertex 86 -6.88907 1.68979
    endloop
  endfacet
  facet normal 1 0 0
    outer loop
      vertex 86 -6.88907 1.68979
      vertex 86 -28 0
      vertex 86 -5.84531 1.06418
    endloop
  endfacet
  facet normal 1 0 0
    outer loop
      vertex 86 -5.84531 1.06418
      vertex 86 -28 0
      vertex 86 -4.74527 0.5439
    endloop
  endfacet
  facet normal 1 0 0
    outer loop
      vertex 86 -4.74527 0.5439
      vertex 86 -28 0
      vertex 86 -3.59952 0.133942
    endloop
  endfacet
  facet normal 1 0 0
    outer loop
      vertex 86 -3.59952 0.133942
      vertex 86 -28 0
      vertex 86 -3.06478 0
    endloop
  endfacet
  facet normal 1 0 0
    outer loop
      vertex 86 12 111.259
      vertex 86 8.76959 100.89
      vertex 86 12 97.6591
    endloop
  endfacet
  facet normal 1 0 0
    outer loop
      vertex 86 12 111.259
      vertex 86 8.76811 100.891
      vertex 86 8.76959 100.89
    endloop
  endfacet
  facet normal 1 0 0
    outer loop
      vertex 86 12 111.259
      vertex 86 7.86647 101.708
      vertex 86 8.76811 100.891
    endloop
  endfacet
  facet normal 1 0 0
    outer loop
      vertex 86 12 111.259
      vertex 86 6.88907 102.433
      vertex 86 7.86647 101.708
    endloop
  endfacet
  facet normal 1 0 0
    outer loop
      vertex 86 12 111.259
      vertex 86 5.84531 103.059
      vertex 86 6.88907 102.433
    endloop
  endfacet
  facet normal 1 0 0
    outer loop
      vertex 86 12 111.259
      vertex 86 4.74527 103.579
      vertex 86 5.84531 103.059
    endloop
  endfacet
  facet normal 1 0 0
    outer loop
      vertex 86 12 111.259
      vertex 86 3.59952 103.989
      vertex 86 4.74527 103.579
    endloop
  endfacet
  facet normal 1 0 0
    outer loop
      vertex 86 12 111.259
      vertex 86 2.41911 104.285
      vertex 86 3.59952 103.989
    endloop
  endfacet
  facet normal 1 0 0
    outer loop
      vertex 86 12 111.259
      vertex 86 1.21541 104.463
      vertex 86 2.41911 104.285
    endloop
  endfacet
  facet normal 1 0 0
    outer loop
      vertex 86 12 111.259
      vertex 86 0 104.523
      vertex 86 1.21541 104.463
    endloop
  endfacet
  facet normal 1 -0 0
    outer loop
      vertex 86 -12 111.259
      vertex 86 0 104.523
      vertex 86 12 111.259
    endloop
  endfacet
  facet normal 1 0 0
    outer loop
      vertex 86 0 104.523
      vertex 86 -12 111.259
      vertex 86 -1.21541 104.463
    endloop
  endfacet
  facet normal 1 0 0
    outer loop
      vertex 86 -1.21541 104.463
      vertex 86 -12 111.259
      vertex 86 -2.41911 104.285
    endloop
  endfacet
  facet normal 1 0 0
    outer loop
      vertex 86 -2.41911 104.285
      vertex 86 -12 111.259
      vertex 86 -3.59952 103.989
    endloop
  endfacet
  facet normal 1 0 0
    outer loop
      vertex 86 -3.59952 103.989
      vertex 86 -12 111.259
      vertex 86 -4.74527 103.579
    endloop
  endfacet
  facet normal 1 0 0
    outer loop
      vertex 86 -12 111.259
      vertex 86 -5.84531 103.059
      vertex 86 -4.74527 103.579
    endloop
  endfacet
  facet normal 1 0 0
    outer loop
      vertex 86 -12 111.259
      vertex 86 -6.88907 102.433
      vertex 86 -5.84531 103.059
    endloop
  endfacet
  facet normal 1 0 0
    outer loop
      vertex 86 -12 111.259
      vertex 86 -7.86647 101.708
      vertex 86 -6.88907 102.433
    endloop
  endfacet
  facet normal 1 0 0
    outer loop
      vertex 86 -12 111.259
      vertex 86 -8.76811 100.891
      vertex 86 -7.86647 101.708
    endloop
  endfacet
  facet normal 1 0 0
    outer loop
      vertex 86 -12 111.259
      vertex 86 -9.58533 99.9895
      vertex 86 -8.76811 100.891
    endloop
  endfacet
  facet normal 1 0 0
    outer loop
      vertex 86 -12 111.259
      vertex 86 -10.3102 99.0121
      vertex 86 -9.58533 99.9895
    endloop
  endfacet
  facet normal 1 0 0
    outer loop
      vertex 86 -12 111.259
      vertex 86 -10.9358 97.9683
      vertex 86 -10.3102 99.0121
    endloop
  endfacet
  facet normal 1 0 0
    outer loop
      vertex 86 -12 111.259
      vertex 86 -11.4561 96.8683
      vertex 86 -10.9358 97.9683
    endloop
  endfacet
  facet normal 1 0 0
    outer loop
      vertex 86 -12 111.259
      vertex 86 -11.8661 95.7226
      vertex 86 -11.4561 96.8683
    endloop
  endfacet
  facet normal 1 0 0
    outer loop
      vertex 86 -11.8661 95.7226
      vertex 86 -12 111.259
      vertex 86 -12 95.1878
    endloop
  endfacet
  facet normal 1 -0 0
    outer loop
      vertex 86 8.76959 29.9412
      vertex 86 12 17.5361
      vertex 86 12 33.1716
    endloop
  endfacet
  facet normal 1 0 0
    outer loop
      vertex 86 8.76959 29.9412
      vertex 86 8.76959 20.7665
      vertex 86 12 17.5361
    endloop
  endfacet
  facet normal 1 -0 0
    outer loop
      vertex 86 8.76811 29.9396
      vertex 86 8.76959 20.7665
      vertex 86 8.76959 29.9412
    endloop
  endfacet
  facet normal 1 0 0
    outer loop
      vertex 86 8.76811 29.9396
      vertex 86 8.76811 20.7681
      vertex 86 8.76959 20.7665
    endloop
  endfacet
  facet normal 1 -0 0
    outer loop
      vertex 86 7.86647 29.1224
      vertex 86 8.76811 20.7681
      vertex 86 8.76811 29.9396
    endloop
  endfacet
  facet normal 1 0 0
    outer loop
      vertex 86 7.86647 29.1224
      vertex 86 7.86647 21.5853
      vertex 86 8.76811 20.7681
    endloop
  endfacet
  facet normal 1 -0 0
    outer loop
      vertex 86 6.88907 28.3975
      vertex 86 7.86647 21.5853
      vertex 86 7.86647 29.1224
    endloop
  endfacet
  facet normal 1 0 0
    outer loop
      vertex 86 6.88907 28.3975
      vertex 86 6.88907 22.3102
      vertex 86 7.86647 21.5853
    endloop
  endfacet
  facet normal 1 -0 0
    outer loop
      vertex 86 5.84531 27.7719
      vertex 86 6.88907 22.3102
      vertex 86 6.88907 28.3975
    endloop
  endfacet
  facet normal 1 0 0
    outer loop
      vertex 86 5.84531 27.7719
      vertex 86 5.84531 22.9358
      vertex 86 6.88907 22.3102
    endloop
  endfacet
  facet normal 1 -0 0
    outer loop
      vertex 86 4.74527 27.2516
      vertex 86 5.84531 22.9358
      vertex 86 5.84531 27.7719
    endloop
  endfacet
  facet normal 1 0 0
    outer loop
      vertex 86 4.74527 27.2516
      vertex 86 4.74527 23.4561
      vertex 86 5.84531 22.9358
    endloop
  endfacet
  facet normal 1 -0 0
    outer loop
      vertex 86 3.59952 26.8416
      vertex 86 4.74527 23.4561
      vertex 86 4.74527 27.2516
    endloop
  endfacet
  facet normal 1 0 0
    outer loop
      vertex 86 3.59952 26.8416
      vertex 86 3.59952 23.8661
      vertex 86 4.74527 23.4561
    endloop
  endfacet
  facet normal 1 -0 0
    outer loop
      vertex 86 2.41911 26.546
      vertex 86 3.59952 23.8661
      vertex 86 3.59952 26.8416
    endloop
  endfacet
  facet normal 1 0 0
    outer loop
      vertex 86 2.41911 26.546
      vertex 86 2.41911 24.1617
      vertex 86 3.59952 23.8661
    endloop
  endfacet
  facet normal 1 -0 0
    outer loop
      vertex 86 1.21541 26.3674
      vertex 86 2.41911 24.1617
      vertex 86 2.41911 26.546
    endloop
  endfacet
  facet normal 1 0 0
    outer loop
      vertex 86 1.21541 26.3674
      vertex 86 1.21541 24.3403
      vertex 86 2.41911 24.1617
    endloop
  endfacet
  facet normal 1 -0 0
    outer loop
      vertex 86 0 26.3077
      vertex 86 1.21541 24.3403
      vertex 86 1.21541 26.3674
    endloop
  endfacet
  facet normal 1 0 0
    outer loop
      vertex 86 0 26.3077
      vertex 86 0 24.4
      vertex 86 1.21541 24.3403
    endloop
  endfacet
  facet normal 1 0 0
    outer loop
      vertex 86 -1.21541 26.3674
      vertex 86 0 24.4
      vertex 86 0 26.3077
    endloop
  endfacet
  facet normal 1 0 0
    outer loop
      vertex 86 -1.21541 26.3674
      vertex 86 -1.21541 24.3403
      vertex 86 0 24.4
    endloop
  endfacet
  facet normal 1 0 0
    outer loop
      vertex 86 -2.41911 26.546
      vertex 86 -1.21541 24.3403
      vertex 86 -1.21541 26.3674
    endloop
  endfacet
  facet normal 1 0 0
    outer loop
      vertex 86 -2.41911 26.546
      vertex 86 -2.41911 24.1617
      vertex 86 -1.21541 24.3403
    endloop
  endfacet
  facet normal 1 0 0
    outer loop
      vertex 86 -3.59952 26.8416
      vertex 86 -2.41911 24.1617
      vertex 86 -2.41911 26.546
    endloop
  endfacet
  facet normal 1 0 0
    outer loop
      vertex 86 -3.59952 26.8416
      vertex 86 -3.59952 23.8661
      vertex 86 -2.41911 24.1617
    endloop
  endfacet
  facet normal 1 0 0
    outer loop
      vertex 86 -4.74527 27.2516
      vertex 86 -3.59952 23.8661
      vertex 86 -3.59952 26.8416
    endloop
  endfacet
  facet normal 1 0 0
    outer loop
      vertex 86 -4.74527 27.2516
      vertex 86 -4.74527 23.4561
      vertex 86 -3.59952 23.8661
    endloop
  endfacet
  facet normal 1 0 0
    outer loop
      vertex 86 -5.84531 27.7719
      vertex 86 -4.74527 23.4561
      vertex 86 -4.74527 27.2516
    endloop
  endfacet
  facet normal 1 0 0
    outer loop
      vertex 86 -5.84531 27.7719
      vertex 86 -5.84531 22.9358
      vertex 86 -4.74527 23.4561
    endloop
  endfacet
  facet normal 1 0 0
    outer loop
      vertex 86 -6.88907 28.3975
      vertex 86 -5.84531 22.9358
      vertex 86 -5.84531 27.7719
    endloop
  endfacet
  facet normal 1 0 0
    outer loop
      vertex 86 -6.88907 28.3975
      vertex 86 -6.88907 22.3102
      vertex 86 -5.84531 22.9358
    endloop
  endfacet
  facet normal 1 0 0
    outer loop
      vertex 86 -7.86647 29.1224
      vertex 86 -6.88907 22.3102
      vertex 86 -6.88907 28.3975
    endloop
  endfacet
  facet normal 1 0 0
    outer loop
      vertex 86 -7.86647 29.1224
      vertex 86 -7.86647 21.5853
      vertex 86 -6.88907 22.3102
    endloop
  endfacet
  facet normal 1 0 0
    outer loop
      vertex 86 -8.76811 29.9396
      vertex 86 -7.86647 21.5853
      vertex 86 -7.86647 29.1224
    endloop
  endfacet
  facet normal 1 0 0
    outer loop
      vertex 86 -8.76811 29.9396
      vertex 86 -8.76811 20.7681
      vertex 86 -7.86647 21.5853
    endloop
  endfacet
  facet normal 1 0 0
    outer loop
      vertex 86 -9.58533 30.8412
      vertex 86 -8.76811 20.7681
      vertex 86 -8.76811 29.9396
    endloop
  endfacet
  facet normal 1 0 0
    outer loop
      vertex 86 -9.58533 30.8412
      vertex 86 -9.58533 19.8665
      vertex 86 -8.76811 20.7681
    endloop
  endfacet
  facet normal 1 0 0
    outer loop
      vertex 86 -10.3102 31.8186
      vertex 86 -9.58533 19.8665
      vertex 86 -9.58533 30.8412
    endloop
  endfacet
  facet normal 1 0 0
    outer loop
      vertex 86 -10.3102 31.8186
      vertex 86 -10.3102 18.8891
      vertex 86 -9.58533 19.8665
    endloop
  endfacet
  facet normal 1 0 0
    outer loop
      vertex 86 -10.9358 32.8624
      vertex 86 -10.3102 18.8891
      vertex 86 -10.3102 31.8186
    endloop
  endfacet
  facet normal 1 0 0
    outer loop
      vertex 86 -10.9358 32.8624
      vertex 86 -10.9358 17.8453
      vertex 86 -10.3102 18.8891
    endloop
  endfacet
  facet normal 1 0 0
    outer loop
      vertex 86 -11.4561 33.9624
      vertex 86 -10.9358 17.8453
      vertex 86 -10.9358 32.8624
    endloop
  endfacet
  facet normal 1 0 0
    outer loop
      vertex 86 -11.4561 33.9624
      vertex 86 -11.4561 16.7453
      vertex 86 -10.9358 17.8453
    endloop
  endfacet
  facet normal 1 0 0
    outer loop
      vertex 86 -11.8661 35.1082
      vertex 86 -11.4561 16.7453
      vertex 86 -11.4561 33.9624
    endloop
  endfacet
  facet normal 1 0 0
    outer loop
      vertex 86 -11.8661 35.1082
      vertex 86 -11.8661 15.5995
      vertex 86 -11.4561 16.7453
    endloop
  endfacet
  facet normal 1 0 0
    outer loop
      vertex 86 -12 35.6429
      vertex 86 -11.8661 15.5995
      vertex 86 -11.8661 35.1082
    endloop
  endfacet
  facet normal 1 0 0
    outer loop
      vertex 86 -11.8661 15.5995
      vertex 86 -12 35.6429
      vertex 86 -12 15.0648
    endloop
  endfacet
  facet normal 1 -0 0
    outer loop
      vertex 86 8.76959 56.6489
      vertex 86 12 44.2438
      vertex 86 12 59.8793
    endloop
  endfacet
  facet normal 1 0 0
    outer loop
      vertex 86 8.76959 56.6489
      vertex 86 8.76959 47.4742
      vertex 86 12 44.2438
    endloop
  endfacet
  facet normal 1 -0 0
    outer loop
      vertex 86 8.76811 56.6472
      vertex 86 8.76959 47.4742
      vertex 86 8.76959 56.6489
    endloop
  endfacet
  facet normal 1 0 0
    outer loop
      vertex 86 8.76811 56.6472
      vertex 86 8.76811 47.4758
      vertex 86 8.76959 47.4742
    endloop
  endfacet
  facet normal 1 -0 0
    outer loop
      vertex 86 7.86647 55.83
      vertex 86 8.76811 47.4758
      vertex 86 8.76811 56.6472
    endloop
  endfacet
  facet normal 1 0 0
    outer loop
      vertex 86 7.86647 55.83
      vertex 86 7.86647 48.293
      vertex 86 8.76811 47.4758
    endloop
  endfacet
  facet normal 1 -0 0
    outer loop
      vertex 86 6.88907 55.1051
      vertex 86 7.86647 48.293
      vertex 86 7.86647 55.83
    endloop
  endfacet
  facet normal 1 0 0
    outer loop
      vertex 86 6.88907 55.1051
      vertex 86 6.88907 49.0179
      vertex 86 7.86647 48.293
    endloop
  endfacet
  facet normal 1 -0 0
    outer loop
      vertex 86 5.84531 54.4795
      vertex 86 6.88907 49.0179
      vertex 86 6.88907 55.1051
    endloop
  endfacet
  facet normal 1 0 0
    outer loop
      vertex 86 5.84531 54.4795
      vertex 86 5.84531 49.6435
      vertex 86 6.88907 49.0179
    endloop
  endfacet
  facet normal 1 -0 0
    outer loop
      vertex 86 4.74527 53.9593
      vertex 86 5.84531 49.6435
      vertex 86 5.84531 54.4795
    endloop
  endfacet
  facet normal 1 0 0
    outer loop
      vertex 86 4.74527 53.9593
      vertex 86 4.74527 50.1638
      vertex 86 5.84531 49.6435
    endloop
  endfacet
  facet normal 1 -0 0
    outer loop
      vertex 86 3.59952 53.5493
      vertex 86 4.74527 50.1638
      vertex 86 4.74527 53.9593
    endloop
  endfacet
  facet normal 1 0 0
    outer loop
      vertex 86 3.59952 53.5493
      vertex 86 3.59952 50.5737
      vertex 86 4.74527 50.1638
    endloop
  endfacet
  facet normal 1 -0 0
    outer loop
      vertex 86 2.41911 53.2536
      vertex 86 3.59952 50.5737
      vertex 86 3.59952 53.5493
    endloop
  endfacet
  facet normal 1 0 0
    outer loop
      vertex 86 2.41911 53.2536
      vertex 86 2.41911 50.8694
      vertex 86 3.59952 50.5737
    endloop
  endfacet
  facet normal 1 -0 0
    outer loop
      vertex 86 1.21541 53.0751
      vertex 86 2.41911 50.8694
      vertex 86 2.41911 53.2536
    endloop
  endfacet
  facet normal 1 0 0
    outer loop
      vertex 86 1.21541 53.0751
      vertex 86 1.21541 51.048
      vertex 86 2.41911 50.8694
    endloop
  endfacet
  facet normal 1 -0 0
    outer loop
      vertex 86 0 53.0154
      vertex 86 1.21541 51.048
      vertex 86 1.21541 53.0751
    endloop
  endfacet
  facet normal 1 0 0
    outer loop
      vertex 86 0 53.0154
      vertex 86 0 51.1077
      vertex 86 1.21541 51.048
    endloop
  endfacet
  facet normal 1 0 0
    outer loop
      vertex 86 -1.21541 53.0751
      vertex 86 0 51.1077
      vertex 86 0 53.0154
    endloop
  endfacet
  facet normal 1 0 0
    outer loop
      vertex 86 -1.21541 53.0751
      vertex 86 -1.21541 51.048
      vertex 86 0 51.1077
    endloop
  endfacet
  facet normal 1 0 0
    outer loop
      vertex 86 -2.41911 53.2536
      vertex 86 -1.21541 51.048
      vertex 86 -1.21541 53.0751
    endloop
  endfacet
  facet normal 1 0 0
    outer loop
      vertex 86 -2.41911 53.2536
      vertex 86 -2.41911 50.8694
      vertex 86 -1.21541 51.048
    endloop
  endfacet
  facet normal 1 0 0
    outer loop
      vertex 86 -3.59952 53.5493
      vertex 86 -2.41911 50.8694
      vertex 86 -2.41911 53.2536
    endloop
  endfacet
  facet normal 1 0 0
    outer loop
      vertex 86 -3.59952 53.5493
      vertex 86 -3.59952 50.5737
      vertex 86 -2.41911 50.8694
    endloop
  endfacet
  facet normal 1 0 0
    outer loop
      vertex 86 -4.74527 53.9593
      vertex 86 -3.59952 50.5737
      vertex 86 -3.59952 53.5493
    endloop
  endfacet
  facet normal 1 0 0
    outer loop
      vertex 86 -4.74527 53.9593
      vertex 86 -4.74527 50.1638
      vertex 86 -3.59952 50.5737
    endloop
  endfacet
  facet normal 1 0 0
    outer loop
      vertex 86 -5.84531 54.4795
      vertex 86 -4.74527 50.1638
      vertex 86 -4.74527 53.9593
    endloop
  endfacet
  facet normal 1 0 0
    outer loop
      vertex 86 -5.84531 54.4795
      vertex 86 -5.84531 49.6435
      vertex 86 -4.74527 50.1638
    endloop
  endfacet
  facet normal 1 0 0
    outer loop
      vertex 86 -6.88907 55.1051
      vertex 86 -5.84531 49.6435
      vertex 86 -5.84531 54.4795
    endloop
  endfacet
  facet normal 1 0 0
    outer loop
      vertex 86 -6.88907 55.1051
      vertex 86 -6.88907 49.0179
      vertex 86 -5.84531 49.6435
    endloop
  endfacet
  facet normal 1 0 0
    outer loop
      vertex 86 -7.86647 55.83
      vertex 86 -6.88907 49.0179
      vertex 86 -6.88907 55.1051
    endloop
  endfacet
  facet normal 1 0 0
    outer loop
      vertex 86 -7.86647 55.83
      vertex 86 -7.86647 48.293
      vertex 86 -6.88907 49.0179
    endloop
  endfacet
  facet normal 1 0 0
    outer loop
      vertex 86 -8.76811 56.6472
      vertex 86 -7.86647 48.293
      vertex 86 -7.86647 55.83
    endloop
  endfacet
  facet normal 1 0 0
    outer loop
      vertex 86 -8.76811 56.6472
      vertex 86 -8.76811 47.4758
      vertex 86 -7.86647 48.293
    endloop
  endfacet
  facet normal 1 0 0
    outer loop
      vertex 86 -9.58533 57.5489
      vertex 86 -8.76811 47.4758
      vertex 86 -8.76811 56.6472
    endloop
  endfacet
  facet normal 1 0 0
    outer loop
      vertex 86 -9.58533 57.5489
      vertex 86 -9.58533 46.5742
      vertex 86 -8.76811 47.4758
    endloop
  endfacet
  facet normal 1 0 0
    outer loop
      vertex 86 -10.3102 58.5263
      vertex 86 -9.58533 46.5742
      vertex 86 -9.58533 57.5489
    endloop
  endfacet
  facet normal 1 0 0
    outer loop
      vertex 86 -10.3102 58.5263
      vertex 86 -10.3102 45.5967
      vertex 86 -9.58533 46.5742
    endloop
  endfacet
  facet normal 1 0 0
    outer loop
      vertex 86 -10.9358 59.5701
      vertex 86 -10.3102 45.5967
      vertex 86 -10.3102 58.5263
    endloop
  endfacet
  facet normal 1 0 0
    outer loop
      vertex 86 -10.9358 59.5701
      vertex 86 -10.9358 44.553
      vertex 86 -10.3102 45.5967
    endloop
  endfacet
  facet normal 1 0 0
    outer loop
      vertex 86 -11.4561 60.6701
      vertex 86 -10.9358 44.553
      vertex 86 -10.9358 59.5701
    endloop
  endfacet
  facet normal 1 0 0
    outer loop
      vertex 86 -11.4561 60.6701
      vertex 86 -11.4561 43.4529
      vertex 86 -10.9358 44.553
    endloop
  endfacet
  facet normal 1 0 0
    outer loop
      vertex 86 -11.8661 61.8158
      vertex 86 -11.4561 43.4529
      vertex 86 -11.4561 60.6701
    endloop
  endfacet
  facet normal 1 0 0
    outer loop
      vertex 86 -11.8661 61.8158
      vertex 86 -11.8661 42.3072
      vertex 86 -11.4561 43.4529
    endloop
  endfacet
  facet normal 1 0 0
    outer loop
      vertex 86 -12 62.3506
      vertex 86 -11.8661 42.3072
      vertex 86 -11.8661 61.8158
    endloop
  endfacet
  facet normal 1 0 0
    outer loop
      vertex 86 -11.8661 42.3072
      vertex 86 -12 62.3506
      vertex 86 -12 41.7725
    endloop
  endfacet
  facet normal 1 -0 0
    outer loop
      vertex 86 8.76959 83.3566
      vertex 86 12 70.9514
      vertex 86 12 86.587
    endloop
  endfacet
  facet normal 1 0 0
    outer loop
      vertex 86 8.76959 83.3566
      vertex 86 8.76959 74.1818
      vertex 86 12 70.9514
    endloop
  endfacet
  facet normal 1 -0 0
    outer loop
      vertex 86 8.76811 83.3549
      vertex 86 8.76959 74.1818
      vertex 86 8.76959 83.3566
    endloop
  endfacet
  facet normal 1 0 0
    outer loop
      vertex 86 8.76811 83.3549
      vertex 86 8.76811 74.1835
      vertex 86 8.76959 74.1818
    endloop
  endfacet
  facet normal 1 -0 0
    outer loop
      vertex 86 7.86647 82.5377
      vertex 86 8.76811 74.1835
      vertex 86 8.76811 83.3549
    endloop
  endfacet
  facet normal 1 0 0
    outer loop
      vertex 86 7.86647 82.5377
      vertex 86 7.86647 75.0007
      vertex 86 8.76811 74.1835
    endloop
  endfacet
  facet normal 1 -0 0
    outer loop
      vertex 86 6.88907 81.8128
      vertex 86 7.86647 75.0007
      vertex 86 7.86647 82.5377
    endloop
  endfacet
  facet normal 1 0 0
    outer loop
      vertex 86 6.88907 81.8128
      vertex 86 6.88907 75.7256
      vertex 86 7.86647 75.0007
    endloop
  endfacet
  facet normal 1 -0 0
    outer loop
      vertex 86 5.84531 81.1872
      vertex 86 6.88907 75.7256
      vertex 86 6.88907 81.8128
    endloop
  endfacet
  facet normal 1 0 0
    outer loop
      vertex 86 5.84531 81.1872
      vertex 86 5.84531 76.3512
      vertex 86 6.88907 75.7256
    endloop
  endfacet
  facet normal 1 -0 0
    outer loop
      vertex 86 4.74527 80.6669
      vertex 86 5.84531 76.3512
      vertex 86 5.84531 81.1872
    endloop
  endfacet
  facet normal 1 0 0
    outer loop
      vertex 86 4.74527 80.6669
      vertex 86 4.74527 76.8715
      vertex 86 5.84531 76.3512
    endloop
  endfacet
  facet normal 1 -0 0
    outer loop
      vertex 86 3.59952 80.257
      vertex 86 4.74527 76.8715
      vertex 86 4.74527 80.6669
    endloop
  endfacet
  facet normal 1 0 0
    outer loop
      vertex 86 3.59952 80.257
      vertex 86 3.59952 77.2814
      vertex 86 4.74527 76.8715
    endloop
  endfacet
  facet normal 1 -0 0
    outer loop
      vertex 86 2.41911 79.9613
      vertex 86 3.59952 77.2814
      vertex 86 3.59952 80.257
    endloop
  endfacet
  facet normal 1 0 0
    outer loop
      vertex 86 2.41911 79.9613
      vertex 86 2.41911 77.5771
      vertex 86 3.59952 77.2814
    endloop
  endfacet
  facet normal 1 -0 0
    outer loop
      vertex 86 1.21541 79.7828
      vertex 86 2.41911 77.5771
      vertex 86 2.41911 79.9613
    endloop
  endfacet
  facet normal 1 0 0
    outer loop
      vertex 86 1.21541 79.7828
      vertex 86 1.21541 77.7556
      vertex 86 2.41911 77.5771
    endloop
  endfacet
  facet normal 1 -0 0
    outer loop
      vertex 86 0 79.723
      vertex 86 1.21541 77.7556
      vertex 86 1.21541 79.7828
    endloop
  endfacet
  facet normal 1 0 0
    outer loop
      vertex 86 0 79.723
      vertex 86 0 77.8154
      vertex 86 1.21541 77.7556
    endloop
  endfacet
  facet normal 1 0 0
    outer loop
      vertex 86 -1.21541 79.7828
      vertex 86 0 77.8154
      vertex 86 0 79.723
    endloop
  endfacet
  facet normal 1 0 0
    outer loop
      vertex 86 -1.21541 79.7828
      vertex 86 -1.21541 77.7556
      vertex 86 0 77.8154
    endloop
  endfacet
  facet normal 1 0 0
    outer loop
      vertex 86 -2.41911 79.9613
      vertex 86 -1.21541 77.7556
      vertex 86 -1.21541 79.7828
    endloop
  endfacet
  facet normal 1 0 0
    outer loop
      vertex 86 -2.41911 79.9613
      vertex 86 -2.41911 77.5771
      vertex 86 -1.21541 77.7556
    endloop
  endfacet
  facet normal 1 0 0
    outer loop
      vertex 86 -3.59952 80.257
      vertex 86 -2.41911 77.5771
      vertex 86 -2.41911 79.9613
    endloop
  endfacet
  facet normal 1 0 0
    outer loop
      vertex 86 -3.59952 80.257
      vertex 86 -3.59952 77.2814
      vertex 86 -2.41911 77.5771
    endloop
  endfacet
  facet normal 1 0 0
    outer loop
      vertex 86 -4.74527 80.6669
      vertex 86 -3.59952 77.2814
      vertex 86 -3.59952 80.257
    endloop
  endfacet
  facet normal 1 0 0
    outer loop
      vertex 86 -4.74527 80.6669
      vertex 86 -4.74527 76.8715
      vertex 86 -3.59952 77.2814
    endloop
  endfacet
  facet normal 1 0 0
    outer loop
      vertex 86 -5.84531 81.1872
      vertex 86 -4.74527 76.8715
      vertex 86 -4.74527 80.6669
    endloop
  endfacet
  facet normal 1 0 0
    outer loop
      vertex 86 -5.84531 81.1872
      vertex 86 -5.84531 76.3512
      vertex 86 -4.74527 76.8715
    endloop
  endfacet
  facet normal 1 0 0
    outer loop
      vertex 86 -6.88907 81.8128
      vertex 86 -5.84531 76.3512
      vertex 86 -5.84531 81.1872
    endloop
  endfacet
  facet normal 1 0 0
    outer loop
      vertex 86 -6.88907 81.8128
      vertex 86 -6.88907 75.7256
      vertex 86 -5.84531 76.3512
    endloop
  endfacet
  facet normal 1 0 0
    outer loop
      vertex 86 -7.86647 82.5377
      vertex 86 -6.88907 75.7256
      vertex 86 -6.88907 81.8128
    endloop
  endfacet
  facet normal 1 0 0
    outer loop
      vertex 86 -7.86647 82.5377
      vertex 86 -7.86647 75.0007
      vertex 86 -6.88907 75.7256
    endloop
  endfacet
  facet normal 1 0 0
    outer loop
      vertex 86 -8.76811 83.3549
      vertex 86 -7.86647 75.0007
      vertex 86 -7.86647 82.5377
    endloop
  endfacet
  facet normal 1 0 0
    outer loop
      vertex 86 -8.76811 83.3549
      vertex 86 -8.76811 74.1835
      vertex 86 -7.86647 75.0007
    endloop
  endfacet
  facet normal 1 0 0
    outer loop
      vertex 86 -9.58533 84.2566
      vertex 86 -8.76811 74.1835
      vertex 86 -8.76811 83.3549
    endloop
  endfacet
  facet normal 1 0 0
    outer loop
      vertex 86 -9.58533 84.2566
      vertex 86 -9.58533 73.2818
      vertex 86 -8.76811 74.1835
    endloop
  endfacet
  facet normal 1 0 0
    outer loop
      vertex 86 -10.3102 85.234
      vertex 86 -9.58533 73.2818
      vertex 86 -9.58533 84.2566
    endloop
  endfacet
  facet normal 1 0 0
    outer loop
      vertex 86 -10.3102 85.234
      vertex 86 -10.3102 72.3044
      vertex 86 -9.58533 73.2818
    endloop
  endfacet
  facet normal 1 0 0
    outer loop
      vertex 86 -10.9358 86.2777
      vertex 86 -10.3102 72.3044
      vertex 86 -10.3102 85.234
    endloop
  endfacet
  facet normal 1 0 0
    outer loop
      vertex 86 -10.9358 86.2777
      vertex 86 -10.9358 71.2607
      vertex 86 -10.3102 72.3044
    endloop
  endfacet
  facet normal 1 0 0
    outer loop
      vertex 86 -11.4561 87.3778
      vertex 86 -10.9358 71.2607
      vertex 86 -10.9358 86.2777
    endloop
  endfacet
  facet normal 1 0 0
    outer loop
      vertex 86 -11.4561 87.3778
      vertex 86 -11.4561 70.1606
      vertex 86 -10.9358 71.2607
    endloop
  endfacet
  facet normal 1 0 0
    outer loop
      vertex 86 -11.8661 88.5235
      vertex 86 -11.4561 70.1606
      vertex 86 -11.4561 87.3778
    endloop
  endfacet
  facet normal 1 0 0
    outer loop
      vertex 86 -11.8661 88.5235
      vertex 86 -11.8661 69.0149
      vertex 86 -11.4561 70.1606
    endloop
  endfacet
  facet normal 1 0 0
    outer loop
      vertex 86 -12 89.0583
      vertex 86 -11.8661 69.0149
      vertex 86 -11.8661 88.5235
    endloop
  endfacet
  facet normal 1 0 0
    outer loop
      vertex 86 -11.8661 69.0149
      vertex 86 -12 89.0583
      vertex 86 -12 68.4801
    endloop
  endfacet
  facet normal -0 0 1
    outer loop
      vertex -86 28 6
      vertex 86 12 6
      vertex 86 28 6
    endloop
  endfacet
  facet normal 0 0 1
    outer loop
      vertex 86 12 6
      vertex -86 28 6
      vertex -86 12 6
    endloop
  endfacet
  facet normal -0 0 1
    outer loop
      vertex -86 -12 6
      vertex 86 -28 6
      vertex 86 -12 6
    endloop
  endfacet
  facet normal 0 0 1
    outer loop
      vertex 86 -28 6
      vertex -86 -12 6
      vertex -86 -28 6
    endloop
  endfacet
  facet normal 0 0 -1
    outer loop
      vertex 86 -28 0
      vertex 61 -3.06478 0
      vertex 86 -3.06478 0
    endloop
  endfacet
  facet normal -0 0 -1
    outer loop
      vertex 61 -3.06478 0
      vertex -86 -28 0
      vertex 61 3.06478 0
    endloop
  endfacet
  facet normal 0 0 -1
    outer loop
      vertex -86 -28 0
      vertex 61 -3.06478 0
      vertex 86 -28 0
    endloop
  endfacet
  facet normal 0 0 -1
    outer loop
      vertex 61 3.06478 0
      vertex 86 28 0
      vertex 86 3.06478 0
    endloop
  endfacet
  facet normal 0 0 -1
    outer loop
      vertex -86 28 0
      vertex 61 3.06478 0
      vertex -86 -28 0
    endloop
  endfacet
  facet normal 0 0 -1
    outer loop
      vertex 61 3.06478 0
      vertex -86 28 0
      vertex 86 28 0
    endloop
  endfacet
  facet normal -1 0 0
    outer loop
      vertex -86 28 0
      vertex -86 12 6
      vertex -86 28 6
    endloop
  endfacet
  facet normal -1 0 0
    outer loop
      vertex -86 12 6
      vertex -86 -12 6
      vertex -86 12 111.259
    endloop
  endfacet
  facet normal -1 0 0
    outer loop
      vertex -86 28 0
      vertex -86 -12 6
      vertex -86 12 6
    endloop
  endfacet
  facet normal -1 0 0
    outer loop
      vertex -86 -28 0
      vertex -86 -12 6
      vertex -86 28 0
    endloop
  endfacet
  facet normal -1 -0 0
    outer loop
      vertex -86 -12 6
      vertex -86 -28 0
      vertex -86 -28 6
    endloop
  endfacet
  facet normal -1 -0 0
    outer loop
      vertex -86 12 111.259
      vertex -86 -12 6
      vertex -86 -12 111.259
    endloop
  endfacet
  facet normal 0 1 -0
    outer loop
      vertex 86 28 0
      vertex -86 28 6
      vertex 86 28 6
    endloop
  endfacet
  facet normal 0 1 0
    outer loop
      vertex -86 28 6
      vertex 86 28 0
      vertex -86 28 0
    endloop
  endfacet
  facet normal 0 -1 0
    outer loop
      vertex -86 -28 0
      vertex 86 -28 6
      vertex -86 -28 6
    endloop
  endfacet
  facet normal 0 -1 -0
    outer loop
      vertex 86 -28 6
      vertex -86 -28 0
      vertex 86 -28 0
    endloop
  endfacet
  facet normal -0 0 1
    outer loop
      vertex -86 12 111.259
      vertex 86 -12 111.259
      vertex 86 12 111.259
    endloop
  endfacet
  facet normal 0 0 1
    outer loop
      vertex 86 -12 111.259
      vertex -86 12 111.259
      vertex -86 -12 111.259
    endloop
  endfacet
  facet normal 0 1 0
    outer loop
      vertex 86 12 6.46393
      vertex 86 12 6
      vertex 61 12 6.46393
    endloop
  endfacet
  facet normal 0 1 0
    outer loop
      vertex 61 12 9.29233
      vertex 61 12 6.46393
      vertex -82.5 12 9.29233
    endloop
  endfacet
  facet normal 0 1 0
    outer loop
      vertex 86 12 33.1716
      vertex 86 12 17.5361
      vertex 61 12 33.1716
    endloop
  endfacet
  facet normal 0 1 0
    outer loop
      vertex 61 12 36
      vertex 61 12 33.1716
      vertex -82.5 12 36
    endloop
  endfacet
  facet normal 0 1 0
    outer loop
      vertex 86 12 59.8793
      vertex 86 12 44.2438
      vertex 61 12 59.8793
    endloop
  endfacet
  facet normal 0 1 0
    outer loop
      vertex 61 12 62.7077
      vertex 61 12 59.8793
      vertex -82.5 12 62.7077
    endloop
  endfacet
  facet normal 0 1 0
    outer loop
      vertex 86 12 86.587
      vertex 86 12 70.9514
      vertex 61 12 86.587
    endloop
  endfacet
  facet normal 0 1 0
    outer loop
      vertex 61 12 89.4154
      vertex 61 12 86.587
      vertex -82.5 12 89.4154
    endloop
  endfacet
  facet normal 0 1 0
    outer loop
      vertex 61 12 97.6591
      vertex 86 12 111.259
      vertex 86 12 97.6591
    endloop
  endfacet
  facet normal 0 1 0
    outer loop
      vertex 86 12 111.259
      vertex 61 12 97.6591
      vertex -86 12 111.259
    endloop
  endfacet
  facet normal 0 1 0
    outer loop
      vertex -82.5 12 94.8307
      vertex 61 12 97.6591
      vertex 61 12 94.8307
    endloop
  endfacet
  facet normal 0 1 0
    outer loop
      vertex 61 12 97.6591
      vertex -82.5 12 94.8307
      vertex -86 12 111.259
    endloop
  endfacet
  facet normal 0 1 -0
    outer loop
      vertex -82.5 12 89.4154
      vertex -86 12 111.259
      vertex -82.5 12 94.8307
    endloop
  endfacet
  facet normal 0 1 0
    outer loop
      vertex 61 12 70.9514
      vertex 61 12 86.587
      vertex 86 12 70.9514
    endloop
  endfacet
  facet normal 0 1 0
    outer loop
      vertex 61 12 86.587
      vertex 61 12 70.9514
      vertex -82.5 12 89.4154
    endloop
  endfacet
  facet normal 0 1 0
    outer loop
      vertex -82.5 12 68.123
      vertex 61 12 70.9514
      vertex 61 12 68.123
    endloop
  endfacet
  facet normal 0 1 0
    outer loop
      vertex 61 12 70.9514
      vertex -82.5 12 68.123
      vertex -82.5 12 89.4154
    endloop
  endfacet
  facet normal 0 1 -0
    outer loop
      vertex -82.5 12 68.123
      vertex -86 12 111.259
      vertex -82.5 12 89.4154
    endloop
  endfacet
  facet normal 0 1 -0
    outer loop
      vertex -82.5 12 62.7077
      vertex -86 12 111.259
      vertex -82.5 12 68.123
    endloop
  endfacet
  facet normal 0 1 0
    outer loop
      vertex 61 12 44.2438
      vertex 61 12 59.8793
      vertex 86 12 44.2438
    endloop
  endfacet
  facet normal 0 1 0
    outer loop
      vertex 61 12 59.8793
      vertex 61 12 44.2438
      vertex -82.5 12 62.7077
    endloop
  endfacet
  facet normal 0 1 0
    outer loop
      vertex -82.5 12 41.4154
      vertex 61 12 44.2438
      vertex 61 12 41.4154
    endloop
  endfacet
  facet normal 0 1 0
    outer loop
      vertex 61 12 44.2438
      vertex -82.5 12 41.4154
      vertex -82.5 12 62.7077
    endloop
  endfacet
  facet normal 0 1 0
    outer loop
      vertex -86 12 6
      vertex -82.5 12 62.7077
      vertex -82.5 12 41.4154
    endloop
  endfacet
  facet normal 0 1 0
    outer loop
      vertex -86 12 6
      vertex -82.5 12 41.4154
      vertex -82.5 12 36
    endloop
  endfacet
  facet normal 0 1 0
    outer loop
      vertex 61 12 17.5361
      vertex 61 12 33.1716
      vertex 86 12 17.5361
    endloop
  endfacet
  facet normal 0 1 0
    outer loop
      vertex 61 12 33.1716
      vertex 61 12 17.5361
      vertex -82.5 12 36
    endloop
  endfacet
  facet normal 0 1 0
    outer loop
      vertex -82.5 12 14.7077
      vertex 61 12 17.5361
      vertex 61 12 14.7077
    endloop
  endfacet
  facet normal 0 1 0
    outer loop
      vertex 61 12 17.5361
      vertex -82.5 12 14.7077
      vertex -82.5 12 36
    endloop
  endfacet
  facet normal 0 1 0
    outer loop
      vertex -86 12 6
      vertex -82.5 12 36
      vertex -82.5 12 14.7077
    endloop
  endfacet
  facet normal 0 1 0
    outer loop
      vertex -86 12 6
      vertex -82.5 12 14.7077
      vertex -82.5 12 9.29233
    endloop
  endfacet
  facet normal 0 1 0
    outer loop
      vertex -82.5 12 62.7077
      vertex -86 12 6
      vertex -86 12 111.259
    endloop
  endfacet
  facet normal 0 1 0
    outer loop
      vertex 61 12 6.46393
      vertex -86 12 6
      vertex -82.5 12 9.29233
    endloop
  endfacet
  facet normal 0 1 0
    outer loop
      vertex -86 12 6
      vertex 61 12 6.46393
      vertex 86 12 6
    endloop
  endfacet
  facet normal 0 -1 0
    outer loop
      vertex -86 -12 111.259
      vertex 61 -12 95.1878
      vertex 86 -12 111.259
    endloop
  endfacet
  facet normal 0 -1 0
    outer loop
      vertex -86 -12 111.259
      vertex 61 -12 89.0583
      vertex 61 -12 95.1878
    endloop
  endfacet
  facet normal 0 -1 0
    outer loop
      vertex 61 -12 89.0583
      vertex 61 -12 68.4801
      vertex 86 -12 89.0583
    endloop
  endfacet
  facet normal 0 -1 0
    outer loop
      vertex -86 -12 111.259
      vertex 61 -12 68.4801
      vertex 61 -12 89.0583
    endloop
  endfacet
  facet normal 0 -1 0
    outer loop
      vertex -86 -12 111.259
      vertex 61 -12 62.3506
      vertex 61 -12 68.4801
    endloop
  endfacet
  facet normal 0 -1 0
    outer loop
      vertex 61 -12 62.3506
      vertex 61 -12 41.7725
      vertex 86 -12 62.3506
    endloop
  endfacet
  facet normal 0 -1 0
    outer loop
      vertex -86 -12 6
      vertex 61 -12 62.3506
      vertex -86 -12 111.259
    endloop
  endfacet
  facet normal 0 -1 -0
    outer loop
      vertex 61 -12 62.3506
      vertex -86 -12 6
      vertex 61 -12 41.7725
    endloop
  endfacet
  facet normal 0 -1 0
    outer loop
      vertex 61 -12 35.6429
      vertex 61 -12 15.0648
      vertex 86 -12 35.6429
    endloop
  endfacet
  facet normal 0 -1 -0
    outer loop
      vertex 61 -12 41.7725
      vertex -86 -12 6
      vertex 61 -12 35.6429
    endloop
  endfacet
  facet normal 0 -1 -0
    outer loop
      vertex 61 -12 35.6429
      vertex -86 -12 6
      vertex 61 -12 15.0648
    endloop
  endfacet
  facet normal 0 -1 -0
    outer loop
      vertex 61 -12 15.0648
      vertex -86 -12 6
      vertex 61 -12 8.93522
    endloop
  endfacet
  facet normal 0 -1 0
    outer loop
      vertex 86 -12 6
      vertex 61 -12 8.93522
      vertex -86 -12 6
    endloop
  endfacet
  facet normal 0 -1 0
    outer loop
      vertex 61 -12 8.93522
      vertex 86 -12 6
      vertex 86 -12 8.93522
    endloop
  endfacet
  facet normal 0 -1 -0
    outer loop
      vertex 86 -12 111.259
      vertex 61 -12 95.1878
      vertex 86 -12 95.1878
    endloop
  endfacet
  facet normal 0 -1 -0
    outer loop
      vertex 86 -12 89.0583
      vertex 61 -12 68.4801
      vertex 86 -12 68.4801
    endloop
  endfacet
  facet normal 0 -1 -0
    outer loop
      vertex 86 -12 62.3506
      vertex 61 -12 41.7725
      vertex 86 -12 41.7725
    endloop
  endfacet
  facet normal 0 -1 -0
    outer loop
      vertex 86 -12 35.6429
      vertex 61 -12 15.0648
      vertex 86 -12 15.0648
    endloop
  endfacet
  facet normal 1 0 0
    outer loop
      vertex -82.5 7.35507 19.3526
      vertex -82.5 12 9.29233
      vertex -82.5 12 14.7077
    endloop
  endfacet
  facet normal 1 0 0
    outer loop
      vertex -82.5 7.35507 19.3526
      vertex -82.5 7.35507 4.6474
      vertex -82.5 12 9.29233
    endloop
  endfacet
  facet normal 1 0 0
    outer loop
      vertex -82.5 6.59769 20.0393
      vertex -82.5 7.35507 19.3526
      vertex -82.5 7.3539 19.3539
    endloop
  endfacet
  facet normal 1 0 0
    outer loop
      vertex -82.5 7.35507 19.3526
      vertex -82.5 6.59769 20.0393
      vertex -82.5 7.35507 4.6474
    endloop
  endfacet
  facet normal 1 0 0
    outer loop
      vertex -82.5 6.59769 3.96069
      vertex -82.5 7.35507 4.6474
      vertex -82.5 6.59769 20.0393
    endloop
  endfacet
  facet normal 1 0 0
    outer loop
      vertex -82.5 7.35507 4.6474
      vertex -82.5 6.59769 3.96069
      vertex -82.5 7.3539 4.6461
    endloop
  endfacet
  facet normal 1 0 0
    outer loop
      vertex -82.5 5.77792 20.6473
      vertex -82.5 6.59769 3.96069
      vertex -82.5 6.59769 20.0393
    endloop
  endfacet
  facet normal 1 0 0
    outer loop
      vertex -82.5 5.77792 20.6473
      vertex -82.5 5.77792 3.35272
      vertex -82.5 6.59769 3.96069
    endloop
  endfacet
  facet normal 1 0 0
    outer loop
      vertex -82.5 4.90251 21.172
      vertex -82.5 5.77792 3.35272
      vertex -82.5 5.77792 20.6473
    endloop
  endfacet
  facet normal 1 0 0
    outer loop
      vertex -82.5 4.90251 21.172
      vertex -82.5 4.90251 2.82803
      vertex -82.5 5.77792 3.35272
    endloop
  endfacet
  facet normal 1 0 0
    outer loop
      vertex -82.5 3.9799 21.6083
      vertex -82.5 4.90251 2.82803
      vertex -82.5 4.90251 21.172
    endloop
  endfacet
  facet normal 1 0 0
    outer loop
      vertex -82.5 3.9799 21.6083
      vertex -82.5 3.9799 2.39166
      vertex -82.5 4.90251 2.82803
    endloop
  endfacet
  facet normal 1 0 0
    outer loop
      vertex -82.5 3.01895 21.9522
      vertex -82.5 3.9799 2.39166
      vertex -82.5 3.9799 21.6083
    endloop
  endfacet
  facet normal 1 0 0
    outer loop
      vertex -82.5 3.01895 21.9522
      vertex -82.5 3.01895 2.04782
      vertex -82.5 3.9799 2.39166
    endloop
  endfacet
  facet normal 1 0 0
    outer loop
      vertex -82.5 2.02893 22.2002
      vertex -82.5 3.01895 2.04782
      vertex -82.5 3.01895 21.9522
    endloop
  endfacet
  facet normal 1 0 0
    outer loop
      vertex -82.5 2.02893 22.2002
      vertex -82.5 2.02893 1.79984
      vertex -82.5 3.01895 2.04782
    endloop
  endfacet
  facet normal 1 0 0
    outer loop
      vertex -82.5 1.01936 22.3499
      vertex -82.5 2.02893 1.79984
      vertex -82.5 2.02893 22.2002
    endloop
  endfacet
  facet normal 1 0 0
    outer loop
      vertex -82.5 1.01936 22.3499
      vertex -82.5 1.01936 1.65009
      vertex -82.5 2.02893 1.79984
    endloop
  endfacet
  facet normal 1 0 0
    outer loop
      vertex -82.5 0 22.4
      vertex -82.5 1.01936 1.65009
      vertex -82.5 1.01936 22.3499
    endloop
  endfacet
  facet normal 1 0 0
    outer loop
      vertex -82.5 0 22.4
      vertex -82.5 0 1.60001
      vertex -82.5 1.01936 1.65009
    endloop
  endfacet
  facet normal 1 -0 0
    outer loop
      vertex -82.5 -1.01936 22.3499
      vertex -82.5 0 1.60001
      vertex -82.5 0 22.4
    endloop
  endfacet
  facet normal 1 0 0
    outer loop
      vertex -82.5 -1.01936 22.3499
      vertex -82.5 -1.01936 1.65009
      vertex -82.5 0 1.60001
    endloop
  endfacet
  facet normal 1 -0 0
    outer loop
      vertex -82.5 -2.02893 22.2002
      vertex -82.5 -1.01936 1.65009
      vertex -82.5 -1.01936 22.3499
    endloop
  endfacet
  facet normal 1 0 0
    outer loop
      vertex -82.5 -2.02893 22.2002
      vertex -82.5 -2.02893 1.79984
      vertex -82.5 -1.01936 1.65009
    endloop
  endfacet
  facet normal 1 -0 0
    outer loop
      vertex -82.5 -3.01895 21.9522
      vertex -82.5 -2.02893 1.79984
      vertex -82.5 -2.02893 22.2002
    endloop
  endfacet
  facet normal 1 0 0
    outer loop
      vertex -82.5 -3.01895 21.9522
      vertex -82.5 -3.01895 2.04782
      vertex -82.5 -2.02893 1.79984
    endloop
  endfacet
  facet normal 1 -0 0
    outer loop
      vertex -82.5 -3.9799 21.6083
      vertex -82.5 -3.01895 2.04782
      vertex -82.5 -3.01895 21.9522
    endloop
  endfacet
  facet normal 1 0 0
    outer loop
      vertex -82.5 -3.9799 21.6083
      vertex -82.5 -3.9799 2.39166
      vertex -82.5 -3.01895 2.04782
    endloop
  endfacet
  facet normal 1 -0 0
    outer loop
      vertex -82.5 -4.90251 21.172
      vertex -82.5 -3.9799 2.39166
      vertex -82.5 -3.9799 21.6083
    endloop
  endfacet
  facet normal 1 0 0
    outer loop
      vertex -82.5 -4.90251 21.172
      vertex -82.5 -4.90251 2.82803
      vertex -82.5 -3.9799 2.39166
    endloop
  endfacet
  facet normal 1 -0 0
    outer loop
      vertex -82.5 -5.77792 20.6473
      vertex -82.5 -4.90251 2.82803
      vertex -82.5 -4.90251 21.172
    endloop
  endfacet
  facet normal 1 0 0
    outer loop
      vertex -82.5 -5.77792 20.6473
      vertex -82.5 -5.77792 3.35272
      vertex -82.5 -4.90251 2.82803
    endloop
  endfacet
  facet normal 1 -0 0
    outer loop
      vertex -82.5 -6.59769 20.0393
      vertex -82.5 -5.77792 3.35272
      vertex -82.5 -5.77792 20.6473
    endloop
  endfacet
  facet normal 1 0 0
    outer loop
      vertex -82.5 -6.59769 20.0393
      vertex -82.5 -6.59769 3.96069
      vertex -82.5 -5.77792 3.35272
    endloop
  endfacet
  facet normal 1 -0 0
    outer loop
      vertex -82.5 -7.3539 19.3539
      vertex -82.5 -6.59769 3.96069
      vertex -82.5 -6.59769 20.0393
    endloop
  endfacet
  facet normal 1 0 0
    outer loop
      vertex -82.5 -7.3539 19.3539
      vertex -82.5 -7.3539 4.6461
      vertex -82.5 -6.59769 3.96069
    endloop
  endfacet
  facet normal 1 -0 0
    outer loop
      vertex -82.5 -8.03931 18.5977
      vertex -82.5 -7.3539 4.6461
      vertex -82.5 -7.3539 19.3539
    endloop
  endfacet
  facet normal 1 0 0
    outer loop
      vertex -82.5 -8.03931 18.5977
      vertex -82.5 -8.03931 5.40231
      vertex -82.5 -7.3539 4.6461
    endloop
  endfacet
  facet normal 1 -0 0
    outer loop
      vertex -82.5 -8.64728 17.7779
      vertex -82.5 -8.03931 5.40231
      vertex -82.5 -8.03931 18.5977
    endloop
  endfacet
  facet normal 1 0 0
    outer loop
      vertex -82.5 -8.64728 17.7779
      vertex -82.5 -8.64728 6.22208
      vertex -82.5 -8.03931 5.40231
    endloop
  endfacet
  facet normal 1 -0 0
    outer loop
      vertex -82.5 -9.17197 16.9025
      vertex -82.5 -8.64728 6.22208
      vertex -82.5 -8.64728 17.7779
    endloop
  endfacet
  facet normal 1 0 0
    outer loop
      vertex -82.5 -9.17197 16.9025
      vertex -82.5 -9.17197 7.09749
      vertex -82.5 -8.64728 6.22208
    endloop
  endfacet
  facet normal 1 -0 0
    outer loop
      vertex -82.5 -9.60834 15.9799
      vertex -82.5 -9.17197 7.09749
      vertex -82.5 -9.17197 16.9025
    endloop
  endfacet
  facet normal 1 0 0
    outer loop
      vertex -82.5 -9.60834 15.9799
      vertex -82.5 -9.60834 8.0201
      vertex -82.5 -9.17197 7.09749
    endloop
  endfacet
  facet normal 1 -0 0
    outer loop
      vertex -82.5 -9.95218 15.019
      vertex -82.5 -9.60834 8.0201
      vertex -82.5 -9.60834 15.9799
    endloop
  endfacet
  facet normal 1 0 0
    outer loop
      vertex -82.5 -9.95218 15.019
      vertex -82.5 -9.95218 8.98105
      vertex -82.5 -9.60834 8.0201
    endloop
  endfacet
  facet normal 1 -0 0
    outer loop
      vertex -82.5 -10.2002 14.0289
      vertex -82.5 -9.95218 8.98105
      vertex -82.5 -9.95218 15.019
    endloop
  endfacet
  facet normal 1 0 0
    outer loop
      vertex -82.5 -10.2002 14.0289
      vertex -82.5 -10.2002 9.97107
      vertex -82.5 -9.95218 8.98105
    endloop
  endfacet
  facet normal 1 -0 0
    outer loop
      vertex -82.5 -10.3499 13.0194
      vertex -82.5 -10.2002 9.97107
      vertex -82.5 -10.2002 14.0289
    endloop
  endfacet
  facet normal 1 0 0
    outer loop
      vertex -82.5 -10.3499 13.0194
      vertex -82.5 -10.3499 10.9806
      vertex -82.5 -10.2002 9.97107
    endloop
  endfacet
  facet normal 1 0 -0
    outer loop
      vertex -82.5 -10.3499 10.9806
      vertex -82.5 -10.3499 13.0194
      vertex -82.5 -10.4 12
    endloop
  endfacet
  facet normal 0 0.989184 0.146683
    outer loop
      vertex 61 -10.2002 9.97107
      vertex -82.5 -10.3499 10.9806
      vertex 61 -10.3499 10.9806
    endloop
  endfacet
  facet normal 0 0.989184 0.146683
    outer loop
      vertex -82.5 -10.3499 10.9806
      vertex 61 -10.2002 9.97107
      vertex -82.5 -10.2002 9.97107
    endloop
  endfacet
  facet normal 0 0.970024 0.243011
    outer loop
      vertex 61 -9.95218 8.98105
      vertex -82.5 -10.2002 9.97107
      vertex 61 -10.2002 9.97107
    endloop
  endfacet
  facet normal 0 0.970024 0.243011
    outer loop
      vertex -82.5 -10.2002 9.97107
      vertex 61 -9.95218 8.98105
      vertex -82.5 -9.95218 8.98105
    endloop
  endfacet
  facet normal 0 0.941542 0.336896
    outer loop
      vertex 61 -9.60834 8.0201
      vertex -82.5 -9.95218 8.98105
      vertex 61 -9.95218 8.98105
    endloop
  endfacet
  facet normal 0 0.941542 0.336896
    outer loop
      vertex -82.5 -9.95218 8.98105
      vertex 61 -9.60834 8.0201
      vertex -82.5 -9.60834 8.0201
    endloop
  endfacet
  facet normal 0 0.903986 0.427561
    outer loop
      vertex 61 -9.17197 7.09749
      vertex -82.5 -9.60834 8.0201
      vertex 61 -9.60834 8.0201
    endloop
  endfacet
  facet normal 0 0.903986 0.427561
    outer loop
      vertex -82.5 -9.60834 8.0201
      vertex 61 -9.17197 7.09749
      vertex -82.5 -9.17197 7.09749
    endloop
  endfacet
  facet normal 0 0.857733 0.514095
    outer loop
      vertex 61 -8.64728 6.22208
      vertex -82.5 -9.17197 7.09749
      vertex 61 -9.17197 7.09749
    endloop
  endfacet
  facet normal 0 0.857733 0.514095
    outer loop
      vertex -82.5 -9.17197 7.09749
      vertex 61 -8.64728 6.22208
      vertex -82.5 -8.64728 6.22208
    endloop
  endfacet
  facet normal 0 0.803214 0.595691
    outer loop
      vertex 61 -8.03931 5.40231
      vertex -82.5 -8.64728 6.22208
      vertex 61 -8.64728 6.22208
    endloop
  endfacet
  facet normal 0 0.803214 0.595691
    outer loop
      vertex -82.5 -8.64728 6.22208
      vertex 61 -8.03931 5.40231
      vertex -82.5 -8.03931 5.40231
    endloop
  endfacet
  facet normal 0 0.740941 0.67157
    outer loop
      vertex 61 -7.3539 4.6461
      vertex -82.5 -8.03931 5.40231
      vertex 61 -8.03931 5.40231
    endloop
  endfacet
  facet normal 0 0.740941 0.67157
    outer loop
      vertex -82.5 -8.03931 5.40231
      vertex 61 -7.3539 4.6461
      vertex -82.5 -7.3539 4.6461
    endloop
  endfacet
  facet normal -0 0.67157 0.740941
    outer loop
      vertex -82.5 -6.59769 3.96069
      vertex 61 -7.3539 4.6461
      vertex 61 -6.59769 3.96069
    endloop
  endfacet
  facet normal 0 0.67157 0.740941
    outer loop
      vertex 61 -7.3539 4.6461
      vertex -82.5 -6.59769 3.96069
      vertex -82.5 -7.3539 4.6461
    endloop
  endfacet
  facet normal -0 0.595691 0.803214
    outer loop
      vertex -82.5 -5.77792 3.35272
      vertex 61 -6.59769 3.96069
      vertex 61 -5.77792 3.35272
    endloop
  endfacet
  facet normal 0 0.595691 0.803214
    outer loop
      vertex 61 -6.59769 3.96069
      vertex -82.5 -5.77792 3.35272
      vertex -82.5 -6.59769 3.96069
    endloop
  endfacet
  facet normal -0 0.514095 0.857733
    outer loop
      vertex -82.5 -4.90251 2.82803
      vertex 61 -5.77792 3.35272
      vertex 61 -4.90251 2.82803
    endloop
  endfacet
  facet normal 0 0.514095 0.857733
    outer loop
      vertex 61 -5.77792 3.35272
      vertex -82.5 -4.90251 2.82803
      vertex -82.5 -5.77792 3.35272
    endloop
  endfacet
  facet normal -0 0.427561 0.903986
    outer loop
      vertex -82.5 -3.9799 2.39166
      vertex 61 -4.90251 2.82803
      vertex 61 -3.9799 2.39166
    endloop
  endfacet
  facet normal 0 0.427561 0.903986
    outer loop
      vertex 61 -4.90251 2.82803
      vertex -82.5 -3.9799 2.39166
      vertex -82.5 -4.90251 2.82803
    endloop
  endfacet
  facet normal -0 0.336896 0.941542
    outer loop
      vertex -82.5 -3.01895 2.04782
      vertex 61 -3.9799 2.39166
      vertex 61 -3.01895 2.04782
    endloop
  endfacet
  facet normal 0 0.336896 0.941542
    outer loop
      vertex 61 -3.9799 2.39166
      vertex -82.5 -3.01895 2.04782
      vertex -82.5 -3.9799 2.39166
    endloop
  endfacet
  facet normal -0 0.242974 0.970033
    outer loop
      vertex -82.5 -2.02893 1.79984
      vertex 61 -3.01895 2.04782
      vertex 61 -2.02893 1.79984
    endloop
  endfacet
  facet normal 0 0.242974 0.970033
    outer loop
      vertex 61 -3.01895 2.04782
      vertex -82.5 -2.02893 1.79984
      vertex -82.5 -3.01895 2.04782
    endloop
  endfacet
  facet normal -0 0.146725 0.989177
    outer loop
      vertex -82.5 -1.01936 1.65009
      vertex 61 -2.02893 1.79984
      vertex 61 -1.01936 1.65009
    endloop
  endfacet
  facet normal 0 0.146725 0.989177
    outer loop
      vertex 61 -2.02893 1.79984
      vertex -82.5 -1.01936 1.65009
      vertex -82.5 -2.02893 1.79984
    endloop
  endfacet
  facet normal -0 0.0490697 0.998795
    outer loop
      vertex -82.5 0 1.60001
      vertex 61 -1.01936 1.65009
      vertex 61 0 1.60001
    endloop
  endfacet
  facet normal 0 0.0490697 0.998795
    outer loop
      vertex 61 -1.01936 1.65009
      vertex -82.5 0 1.60001
      vertex -82.5 -1.01936 1.65009
    endloop
  endfacet
  facet normal 0 -0.0490697 0.998795
    outer loop
      vertex -82.5 1.01936 1.65009
      vertex 61 0 1.60001
      vertex 61 1.01936 1.65009
    endloop
  endfacet
  facet normal 0 -0.0490697 0.998795
    outer loop
      vertex 61 0 1.60001
      vertex -82.5 1.01936 1.65009
      vertex -82.5 0 1.60001
    endloop
  endfacet
  facet normal 0 -0.146725 0.989177
    outer loop
      vertex -82.5 2.02893 1.79984
      vertex 61 1.01936 1.65009
      vertex 61 2.02893 1.79984
    endloop
  endfacet
  facet normal 0 -0.146725 0.989177
    outer loop
      vertex 61 1.01936 1.65009
      vertex -82.5 2.02893 1.79984
      vertex -82.5 1.01936 1.65009
    endloop
  endfacet
  facet normal 0 -0.242974 0.970033
    outer loop
      vertex -82.5 3.01895 2.04782
      vertex 61 2.02893 1.79984
      vertex 61 3.01895 2.04782
    endloop
  endfacet
  facet normal 0 -0.242974 0.970033
    outer loop
      vertex 61 2.02893 1.79984
      vertex -82.5 3.01895 2.04782
      vertex -82.5 2.02893 1.79984
    endloop
  endfacet
  facet normal 0 -0.336896 0.941542
    outer loop
      vertex -82.5 3.9799 2.39166
      vertex 61 3.01895 2.04782
      vertex 61 3.9799 2.39166
    endloop
  endfacet
  facet normal 0 -0.336896 0.941542
    outer loop
      vertex 61 3.01895 2.04782
      vertex -82.5 3.9799 2.39166
      vertex -82.5 3.01895 2.04782
    endloop
  endfacet
  facet normal 0 -0.427561 0.903986
    outer loop
      vertex -82.5 4.90251 2.82803
      vertex 61 3.9799 2.39166
      vertex 61 4.90251 2.82803
    endloop
  endfacet
  facet normal 0 -0.427561 0.903986
    outer loop
      vertex 61 3.9799 2.39166
      vertex -82.5 4.90251 2.82803
      vertex -82.5 3.9799 2.39166
    endloop
  endfacet
  facet normal 0 -0.514095 0.857733
    outer loop
      vertex -82.5 5.77792 3.35272
      vertex 61 4.90251 2.82803
      vertex 61 5.77792 3.35272
    endloop
  endfacet
  facet normal 0 -0.514095 0.857733
    outer loop
      vertex 61 4.90251 2.82803
      vertex -82.5 5.77792 3.35272
      vertex -82.5 4.90251 2.82803
    endloop
  endfacet
  facet normal 0 -0.595691 0.803214
    outer loop
      vertex -82.5 6.59769 3.96069
      vertex 61 5.77792 3.35272
      vertex 61 6.59769 3.96069
    endloop
  endfacet
  facet normal 0 -0.595691 0.803214
    outer loop
      vertex 61 5.77792 3.35272
      vertex -82.5 6.59769 3.96069
      vertex -82.5 5.77792 3.35272
    endloop
  endfacet
  facet normal 0 -0.67157 0.740941
    outer loop
      vertex -82.5 7.3539 4.6461
      vertex 61 6.59769 3.96069
      vertex 61 7.3539 4.6461
    endloop
  endfacet
  facet normal 0 -0.67157 0.740941
    outer loop
      vertex 61 6.59769 3.96069
      vertex -82.5 7.3539 4.6461
      vertex -82.5 6.59769 3.96069
    endloop
  endfacet
  facet normal 0 -0.743294 0.668965
    outer loop
      vertex -82.5 7.3539 4.6461
      vertex 61 7.35507 4.6474
      vertex -82.5 7.35507 4.6474
    endloop
  endfacet
  facet normal 0 -0.743294 0.668965
    outer loop
      vertex 61 7.35507 4.6474
      vertex -82.5 7.3539 4.6461
      vertex 61 7.3539 4.6461
    endloop
  endfacet
  facet normal 0 -0.707107 0.707107
    outer loop
      vertex -82.5 7.35507 4.6474
      vertex 61 12 9.29233
      vertex -82.5 12 9.29233
    endloop
  endfacet
  facet normal 0 -0.707107 0.707107
    outer loop
      vertex 61 12 9.29233
      vertex -82.5 7.35507 4.6474
      vertex 61 7.35507 4.6474
    endloop
  endfacet
  facet normal 0 -0.707104 -0.707109
    outer loop
      vertex -82.5 12 14.7077
      vertex 61 7.35507 19.3526
      vertex -82.5 7.35507 19.3526
    endloop
  endfacet
  facet normal 0 -0.707104 -0.707109
    outer loop
      vertex 61 7.35507 19.3526
      vertex -82.5 12 14.7077
      vertex 61 12 14.7077
    endloop
  endfacet
  facet normal 0 -0.743294 -0.668965
    outer loop
      vertex -82.5 7.35507 19.3526
      vertex 61 7.3539 19.3539
      vertex -82.5 7.3539 19.3539
    endloop
  endfacet
  facet normal 0 -0.743294 -0.668965
    outer loop
      vertex 61 7.3539 19.3539
      vertex -82.5 7.35507 19.3526
      vertex 61 7.35507 19.3526
    endloop
  endfacet
  facet normal 0 -0.671565 -0.740946
    outer loop
      vertex -82.5 6.59769 20.0393
      vertex 61 7.3539 19.3539
      vertex 61 6.59769 20.0393
    endloop
  endfacet
  facet normal -0 -0.671565 -0.740946
    outer loop
      vertex 61 7.3539 19.3539
      vertex -82.5 6.59769 20.0393
      vertex -82.5 7.3539 19.3539
    endloop
  endfacet
  facet normal 0 -0.59571 -0.8032
    outer loop
      vertex -82.5 5.77792 20.6473
      vertex 61 6.59769 20.0393
      vertex 61 5.77792 20.6473
    endloop
  endfacet
  facet normal -0 -0.59571 -0.8032
    outer loop
      vertex 61 6.59769 20.0393
      vertex -82.5 5.77792 20.6473
      vertex -82.5 6.59769 20.0393
    endloop
  endfacet
  facet normal 0 -0.514102 -0.857729
    outer loop
      vertex -82.5 4.90251 21.172
      vertex 61 5.77792 20.6473
      vertex 61 4.90251 21.172
    endloop
  endfacet
  facet normal -0 -0.514102 -0.857729
    outer loop
      vertex 61 5.77792 20.6473
      vertex -82.5 4.90251 21.172
      vertex -82.5 5.77792 20.6473
    endloop
  endfacet
  facet normal 0 -0.427505 -0.904013
    outer loop
      vertex -82.5 3.9799 21.6083
      vertex 61 4.90251 21.172
      vertex 61 3.9799 21.6083
    endloop
  endfacet
  facet normal -0 -0.427505 -0.904013
    outer loop
      vertex 61 4.90251 21.172
      vertex -82.5 3.9799 21.6083
      vertex -82.5 4.90251 21.172
    endloop
  endfacet
  facet normal 0 -0.336948 -0.941523
    outer loop
      vertex -82.5 3.01895 21.9522
      vertex 61 3.9799 21.6083
      vertex 61 3.01895 21.9522
    endloop
  endfacet
  facet normal -0 -0.336948 -0.941523
    outer loop
      vertex 61 3.9799 21.6083
      vertex -82.5 3.01895 21.9522
      vertex -82.5 3.9799 21.6083
    endloop
  endfacet
  facet normal 0 -0.242992 -0.970028
    outer loop
      vertex -82.5 2.02893 22.2002
      vertex 61 3.01895 21.9522
      vertex 61 2.02893 22.2002
    endloop
  endfacet
  facet normal -0 -0.242992 -0.970028
    outer loop
      vertex 61 3.01895 21.9522
      vertex -82.5 2.02893 22.2002
      vertex -82.5 3.01895 21.9522
    endloop
  endfacet
  facet normal 0 -0.146677 -0.989184
    outer loop
      vertex -82.5 1.01936 22.3499
      vertex 61 2.02893 22.2002
      vertex 61 1.01936 22.3499
    endloop
  endfacet
  facet normal -0 -0.146677 -0.989184
    outer loop
      vertex 61 2.02893 22.2002
      vertex -82.5 1.01936 22.3499
      vertex -82.5 2.02893 22.2002
    endloop
  endfacet
  facet normal 0 -0.0490892 -0.998794
    outer loop
      vertex -82.5 0 22.4
      vertex 61 1.01936 22.3499
      vertex 61 0 22.4
    endloop
  endfacet
  facet normal -0 -0.0490892 -0.998794
    outer loop
      vertex 61 1.01936 22.3499
      vertex -82.5 0 22.4
      vertex -82.5 1.01936 22.3499
    endloop
  endfacet
  facet normal 0 0.0490892 -0.998794
    outer loop
      vertex -82.5 -1.01936 22.3499
      vertex 61 0 22.4
      vertex 61 -1.01936 22.3499
    endloop
  endfacet
  facet normal 0 0.0490892 -0.998794
    outer loop
      vertex 61 0 22.4
      vertex -82.5 -1.01936 22.3499
      vertex -82.5 0 22.4
    endloop
  endfacet
  facet normal 0 0.146677 -0.989184
    outer loop
      vertex -82.5 -2.02893 22.2002
      vertex 61 -1.01936 22.3499
      vertex 61 -2.02893 22.2002
    endloop
  endfacet
  facet normal 0 0.146677 -0.989184
    outer loop
      vertex 61 -1.01936 22.3499
      vertex -82.5 -2.02893 22.2002
      vertex -82.5 -1.01936 22.3499
    endloop
  endfacet
  facet normal 0 0.242992 -0.970028
    outer loop
      vertex -82.5 -3.01895 21.9522
      vertex 61 -2.02893 22.2002
      vertex 61 -3.01895 21.9522
    endloop
  endfacet
  facet normal 0 0.242992 -0.970028
    outer loop
      vertex 61 -2.02893 22.2002
      vertex -82.5 -3.01895 21.9522
      vertex -82.5 -2.02893 22.2002
    endloop
  endfacet
  facet normal 0 0.336948 -0.941523
    outer loop
      vertex -82.5 -3.9799 21.6083
      vertex 61 -3.01895 21.9522
      vertex 61 -3.9799 21.6083
    endloop
  endfacet
  facet normal 0 0.336948 -0.941523
    outer loop
      vertex 61 -3.01895 21.9522
      vertex -82.5 -3.9799 21.6083
      vertex -82.5 -3.01895 21.9522
    endloop
  endfacet
  facet normal 0 0.427505 -0.904013
    outer loop
      vertex -82.5 -4.90251 21.172
      vertex 61 -3.9799 21.6083
      vertex 61 -4.90251 21.172
    endloop
  endfacet
  facet normal 0 0.427505 -0.904013
    outer loop
      vertex 61 -3.9799 21.6083
      vertex -82.5 -4.90251 21.172
      vertex -82.5 -3.9799 21.6083
    endloop
  endfacet
  facet normal 0 0.514102 -0.857729
    outer loop
      vertex -82.5 -5.77792 20.6473
      vertex 61 -4.90251 21.172
      vertex 61 -5.77792 20.6473
    endloop
  endfacet
  facet normal 0 0.514102 -0.857729
    outer loop
      vertex 61 -4.90251 21.172
      vertex -82.5 -5.77792 20.6473
      vertex -82.5 -4.90251 21.172
    endloop
  endfacet
  facet normal 0 0.59571 -0.8032
    outer loop
      vertex -82.5 -6.59769 20.0393
      vertex 61 -5.77792 20.6473
      vertex 61 -6.59769 20.0393
    endloop
  endfacet
  facet normal 0 0.59571 -0.8032
    outer loop
      vertex 61 -5.77792 20.6473
      vertex -82.5 -6.59769 20.0393
      vertex -82.5 -5.77792 20.6473
    endloop
  endfacet
  facet normal 0 0.671565 -0.740946
    outer loop
      vertex -82.5 -7.3539 19.3539
      vertex 61 -6.59769 20.0393
      vertex 61 -7.3539 19.3539
    endloop
  endfacet
  facet normal 0 0.671565 -0.740946
    outer loop
      vertex 61 -6.59769 20.0393
      vertex -82.5 -7.3539 19.3539
      vertex -82.5 -6.59769 20.0393
    endloop
  endfacet
  facet normal 0 0.740936 -0.671575
    outer loop
      vertex 61 -8.03931 18.5977
      vertex -82.5 -7.3539 19.3539
      vertex 61 -7.3539 19.3539
    endloop
  endfacet
  facet normal 0 0.740936 -0.671575
    outer loop
      vertex -82.5 -7.3539 19.3539
      vertex 61 -8.03931 18.5977
      vertex -82.5 -8.03931 18.5977
    endloop
  endfacet
  facet normal 0 0.803224 -0.595677
    outer loop
      vertex 61 -8.64728 17.7779
      vertex -82.5 -8.03931 18.5977
      vertex 61 -8.03931 18.5977
    endloop
  endfacet
  facet normal 0 0.803224 -0.595677
    outer loop
      vertex -82.5 -8.03931 18.5977
      vertex 61 -8.64728 17.7779
      vertex -82.5 -8.64728 17.7779
    endloop
  endfacet
  facet normal 0 0.857731 -0.514099
    outer loop
      vertex 61 -9.17197 16.9025
      vertex -82.5 -8.64728 17.7779
      vertex 61 -8.64728 17.7779
    endloop
  endfacet
  facet normal 0 0.857731 -0.514099
    outer loop
      vertex -82.5 -8.64728 17.7779
      vertex 61 -9.17197 16.9025
      vertex -82.5 -9.17197 16.9025
    endloop
  endfacet
  facet normal 0 0.903984 -0.427565
    outer loop
      vertex 61 -9.60834 15.9799
      vertex -82.5 -9.17197 16.9025
      vertex 61 -9.17197 16.9025
    endloop
  endfacet
  facet normal 0 0.903984 -0.427565
    outer loop
      vertex -82.5 -9.17197 16.9025
      vertex 61 -9.60834 15.9799
      vertex -82.5 -9.60834 15.9799
    endloop
  endfacet
  facet normal 0 0.941536 -0.336911
    outer loop
      vertex 61 -9.95218 15.019
      vertex -82.5 -9.60834 15.9799
      vertex 61 -9.60834 15.9799
    endloop
  endfacet
  facet normal 0 0.941536 -0.336911
    outer loop
      vertex -82.5 -9.60834 15.9799
      vertex 61 -9.95218 15.019
      vertex -82.5 -9.95218 15.019
    endloop
  endfacet
  facet normal 0 0.970028 -0.242992
    outer loop
      vertex 61 -10.2002 14.0289
      vertex -82.5 -9.95218 15.019
      vertex 61 -9.95218 15.019
    endloop
  endfacet
  facet normal 0 0.970028 -0.242992
    outer loop
      vertex -82.5 -9.95218 15.019
      vertex 61 -10.2002 14.0289
      vertex -82.5 -10.2002 14.0289
    endloop
  endfacet
  facet normal 0 0.989183 -0.146687
    outer loop
      vertex 61 -10.3499 13.0194
      vertex -82.5 -10.2002 14.0289
      vertex 61 -10.2002 14.0289
    endloop
  endfacet
  facet normal 0 0.989183 -0.146687
    outer loop
      vertex -82.5 -10.2002 14.0289
      vertex 61 -10.3499 13.0194
      vertex -82.5 -10.3499 13.0194
    endloop
  endfacet
  facet normal 0 0.998794 -0.0490873
    outer loop
      vertex 61 -10.4 12
      vertex -82.5 -10.3499 13.0194
      vertex 61 -10.3499 13.0194
    endloop
  endfacet
  facet normal 0 0.998794 -0.0490873
    outer loop
      vertex -82.5 -10.3499 13.0194
      vertex 61 -10.4 12
      vertex -82.5 -10.4 12
    endloop
  endfacet
  facet normal 0 0.998794 0.0490873
    outer loop
      vertex 61 -10.3499 10.9806
      vertex -82.5 -10.4 12
      vertex 61 -10.4 12
    endloop
  endfacet
  facet normal 0 0.998794 0.0490873
    outer loop
      vertex -82.5 -10.4 12
      vertex 61 -10.3499 10.9806
      vertex -82.5 -10.3499 10.9806
    endloop
  endfacet
  facet normal 1 -0 0
    outer loop
      vertex 61 7.35507 19.3526
      vertex 61 12 17.5361
      vertex 61 8.76959 20.7665
    endloop
  endfacet
  facet normal 1 0 0
    outer loop
      vertex 61 7.3539 19.3539
      vertex 61 8.76959 20.7665
      vertex 61 8.76811 20.7681
    endloop
  endfacet
  facet normal 1 0 0
    outer loop
      vertex 61 7.3539 19.3539
      vertex 61 8.76811 20.7681
      vertex 61 7.86647 21.5853
    endloop
  endfacet
  facet normal 1 0 0
    outer loop
      vertex 61 12 17.5361
      vertex 61 7.35507 19.3526
      vertex 61 12 14.7077
    endloop
  endfacet
  facet normal 1 0 0
    outer loop
      vertex 61 8.76959 20.7665
      vertex 61 7.3539 19.3539
      vertex 61 7.35507 19.3526
    endloop
  endfacet
  facet normal 1 0 0
    outer loop
      vertex 61 6.59769 20.0393
      vertex 61 7.86647 21.5853
      vertex 61 6.88907 22.3102
    endloop
  endfacet
  facet normal 1 0 0
    outer loop
      vertex 61 7.86647 21.5853
      vertex 61 6.59769 20.0393
      vertex 61 7.3539 19.3539
    endloop
  endfacet
  facet normal 1 0 0
    outer loop
      vertex 61 5.77792 20.6473
      vertex 61 6.88907 22.3102
      vertex 61 5.84531 22.9358
    endloop
  endfacet
  facet normal 1 0 0
    outer loop
      vertex 61 6.88907 22.3102
      vertex 61 5.77792 20.6473
      vertex 61 6.59769 20.0393
    endloop
  endfacet
  facet normal 1 0 0
    outer loop
      vertex 61 5.84531 22.9358
      vertex 61 4.90251 21.172
      vertex 61 5.77792 20.6473
    endloop
  endfacet
  facet normal 1 0 0
    outer loop
      vertex 61 4.74527 23.4561
      vertex 61 4.90251 21.172
      vertex 61 5.84531 22.9358
    endloop
  endfacet
  facet normal 1 0 0
    outer loop
      vertex 61 4.74527 23.4561
      vertex 61 3.9799 21.6083
      vertex 61 4.90251 21.172
    endloop
  endfacet
  facet normal 1 0 0
    outer loop
      vertex 61 3.59952 23.8661
      vertex 61 3.9799 21.6083
      vertex 61 4.74527 23.4561
    endloop
  endfacet
  facet normal 1 0 0
    outer loop
      vertex 61 3.59952 23.8661
      vertex 61 3.01895 21.9522
      vertex 61 3.9799 21.6083
    endloop
  endfacet
  facet normal 1 0 0
    outer loop
      vertex 61 2.41911 24.1617
      vertex 61 3.01895 21.9522
      vertex 61 3.59952 23.8661
    endloop
  endfacet
  facet normal 1 0 0
    outer loop
      vertex 61 2.41911 24.1617
      vertex 61 2.02893 22.2002
      vertex 61 3.01895 21.9522
    endloop
  endfacet
  facet normal 1 0 0
    outer loop
      vertex 61 1.21541 24.3403
      vertex 61 2.02893 22.2002
      vertex 61 2.41911 24.1617
    endloop
  endfacet
  facet normal 1 0 0
    outer loop
      vertex 61 1.21541 24.3403
      vertex 61 1.01936 22.3499
      vertex 61 2.02893 22.2002
    endloop
  endfacet
  facet normal 1 0 0
    outer loop
      vertex 61 0 24.4
      vertex 61 1.01936 22.3499
      vertex 61 1.21541 24.3403
    endloop
  endfacet
  facet normal 1 0 0
    outer loop
      vertex 61 0 24.4
      vertex 61 0 22.4
      vertex 61 1.01936 22.3499
    endloop
  endfacet
  facet normal 1 0 0
    outer loop
      vertex 61 0 24.4
      vertex 61 -1.01936 22.3499
      vertex 61 0 22.4
    endloop
  endfacet
  facet normal 1 -0 0
    outer loop
      vertex 61 -1.21541 24.3403
      vertex 61 -1.01936 22.3499
      vertex 61 0 24.4
    endloop
  endfacet
  facet normal 1 0 0
    outer loop
      vertex 61 -1.21541 24.3403
      vertex 61 -2.02893 22.2002
      vertex 61 -1.01936 22.3499
    endloop
  endfacet
  facet normal 1 -0 0
    outer loop
      vertex 61 -2.41911 24.1617
      vertex 61 -2.02893 22.2002
      vertex 61 -1.21541 24.3403
    endloop
  endfacet
  facet normal 1 0 0
    outer loop
      vertex 61 -2.41911 24.1617
      vertex 61 -3.01895 21.9522
      vertex 61 -2.02893 22.2002
    endloop
  endfacet
  facet normal 1 -0 0
    outer loop
      vertex 61 -3.59952 23.8661
      vertex 61 -3.01895 21.9522
      vertex 61 -2.41911 24.1617
    endloop
  endfacet
  facet normal 1 0 0
    outer loop
      vertex 61 -3.59952 23.8661
      vertex 61 -3.9799 21.6083
      vertex 61 -3.01895 21.9522
    endloop
  endfacet
  facet normal 1 -0 0
    outer loop
      vertex 61 -4.74527 23.4561
      vertex 61 -3.9799 21.6083
      vertex 61 -3.59952 23.8661
    endloop
  endfacet
  facet normal 1 0 0
    outer loop
      vertex 61 -4.74527 23.4561
      vertex 61 -4.90251 21.172
      vertex 61 -3.9799 21.6083
    endloop
  endfacet
  facet normal 1 -0 0
    outer loop
      vertex 61 -5.84531 22.9358
      vertex 61 -4.90251 21.172
      vertex 61 -4.74527 23.4561
    endloop
  endfacet
  facet normal 1 0 0
    outer loop
      vertex 61 -4.90251 21.172
      vertex 61 -5.84531 22.9358
      vertex 61 -5.77792 20.6473
    endloop
  endfacet
  facet normal 1 -0 0
    outer loop
      vertex 61 -6.88907 22.3102
      vertex 61 -5.77792 20.6473
      vertex 61 -5.84531 22.9358
    endloop
  endfacet
  facet normal 1 0 0
    outer loop
      vertex 61 -5.77792 20.6473
      vertex 61 -6.88907 22.3102
      vertex 61 -6.59769 20.0393
    endloop
  endfacet
  facet normal 1 -0 0
    outer loop
      vertex 61 -7.86647 21.5853
      vertex 61 -6.59769 20.0393
      vertex 61 -6.88907 22.3102
    endloop
  endfacet
  facet normal 1 0 0
    outer loop
      vertex 61 -6.59769 20.0393
      vertex 61 -7.86647 21.5853
      vertex 61 -7.3539 19.3539
    endloop
  endfacet
  facet normal 1 -0 0
    outer loop
      vertex 61 -8.76811 20.7681
      vertex 61 -7.3539 19.3539
      vertex 61 -7.86647 21.5853
    endloop
  endfacet
  facet normal 1 0 0
    outer loop
      vertex 61 -7.3539 19.3539
      vertex 61 -8.76811 20.7681
      vertex 61 -8.03931 18.5977
    endloop
  endfacet
  facet normal 1 -0 0
    outer loop
      vertex 61 -9.58533 19.8665
      vertex 61 -8.03931 18.5977
      vertex 61 -8.76811 20.7681
    endloop
  endfacet
  facet normal 1 0 0
    outer loop
      vertex 61 -8.03931 18.5977
      vertex 61 -9.58533 19.8665
      vertex 61 -8.64728 17.7779
    endloop
  endfacet
  facet normal 1 -0 0
    outer loop
      vertex 61 -10.3102 18.8891
      vertex 61 -8.64728 17.7779
      vertex 61 -9.58533 19.8665
    endloop
  endfacet
  facet normal 1 0 0
    outer loop
      vertex 61 -8.64728 17.7779
      vertex 61 -10.3102 18.8891
      vertex 61 -9.17197 16.9025
    endloop
  endfacet
  facet normal 1 -0 0
    outer loop
      vertex 61 -10.9358 17.8453
      vertex 61 -9.17197 16.9025
      vertex 61 -10.3102 18.8891
    endloop
  endfacet
  facet normal 1 0 0
    outer loop
      vertex 61 -9.17197 16.9025
      vertex 61 -10.9358 17.8453
      vertex 61 -9.60834 15.9799
    endloop
  endfacet
  facet normal 1 -0 0
    outer loop
      vertex 61 -11.4561 16.7453
      vertex 61 -9.60834 15.9799
      vertex 61 -10.9358 17.8453
    endloop
  endfacet
  facet normal 1 0 0
    outer loop
      vertex 61 -9.60834 15.9799
      vertex 61 -11.4561 16.7453
      vertex 61 -9.95218 15.019
    endloop
  endfacet
  facet normal 1 -0 0
    outer loop
      vertex 61 -11.8661 15.5995
      vertex 61 -9.95218 15.019
      vertex 61 -11.4561 16.7453
    endloop
  endfacet
  facet normal 1 -0 0
    outer loop
      vertex 61 -12 15.0648
      vertex 61 -9.95218 15.019
      vertex 61 -11.8661 15.5995
    endloop
  endfacet
  facet normal 1 0 0
    outer loop
      vertex 61 7.35507 4.6474
      vertex 61 12 6.46393
      vertex 61 12 9.29233
    endloop
  endfacet
  facet normal 1 0 0
    outer loop
      vertex 61 12 6.46393
      vertex 61 7.35507 4.6474
      vertex 61 8.76959 3.23352
    endloop
  endfacet
  facet normal 1 -0 0
    outer loop
      vertex 61 7.3539 4.6461
      vertex 61 8.76959 3.23352
      vertex 61 7.35507 4.6474
    endloop
  endfacet
  facet normal 1 0 0
    outer loop
      vertex 61 8.76959 3.23352
      vertex 61 7.3539 4.6461
      vertex 61 8.76811 3.23189
    endloop
  endfacet
  facet normal 1 0 0
    outer loop
      vertex 61 8.76811 3.23189
      vertex 61 7.3539 4.6461
      vertex 61 7.86647 2.41467
    endloop
  endfacet
  facet normal 1 -0 0
    outer loop
      vertex 61 6.59769 3.96069
      vertex 61 7.86647 2.41467
      vertex 61 7.3539 4.6461
    endloop
  endfacet
  facet normal 1 0 0
    outer loop
      vertex 61 7.86647 2.41467
      vertex 61 6.59769 3.96069
      vertex 61 6.88907 1.68979
    endloop
  endfacet
  facet normal 1 -0 0
    outer loop
      vertex 61 5.77792 3.35272
      vertex 61 6.88907 1.68979
      vertex 61 6.59769 3.96069
    endloop
  endfacet
  facet normal 1 0 0
    outer loop
      vertex 61 6.88907 1.68979
      vertex 61 5.77792 3.35272
      vertex 61 5.84531 1.06418
    endloop
  endfacet
  facet normal 1 -0 0
    outer loop
      vertex 61 4.90251 2.82803
      vertex 61 5.84531 1.06418
      vertex 61 5.77792 3.35272
    endloop
  endfacet
  facet normal 1 0 0
    outer loop
      vertex 61 4.90251 2.82803
      vertex 61 4.74527 0.5439
      vertex 61 5.84531 1.06418
    endloop
  endfacet
  facet normal 1 -0 0
    outer loop
      vertex 61 3.9799 2.39166
      vertex 61 4.74527 0.5439
      vertex 61 4.90251 2.82803
    endloop
  endfacet
  facet normal 1 0 0
    outer loop
      vertex 61 3.9799 2.39166
      vertex 61 3.59952 0.133942
      vertex 61 4.74527 0.5439
    endloop
  endfacet
  facet normal 1 -0 0
    outer loop
      vertex 61 3.01895 2.04782
      vertex 61 3.59952 0.133942
      vertex 61 3.9799 2.39166
    endloop
  endfacet
  facet normal 1 0 0
    outer loop
      vertex 61 3.59952 0.133942
      vertex 61 3.01895 2.04782
      vertex 61 3.06478 0
    endloop
  endfacet
  facet normal 1 -0 0
    outer loop
      vertex 61 2.02893 1.79984
      vertex 61 3.06478 0
      vertex 61 3.01895 2.04782
    endloop
  endfacet
  facet normal 1 -0 0
    outer loop
      vertex 61 1.01936 1.65009
      vertex 61 3.06478 0
      vertex 61 2.02893 1.79984
    endloop
  endfacet
  facet normal 1 -0 0
    outer loop
      vertex 61 0 1.60001
      vertex 61 3.06478 0
      vertex 61 1.01936 1.65009
    endloop
  endfacet
  facet normal 1 0 0
    outer loop
      vertex 61 -3.06478 0
      vertex 61 0 1.60001
      vertex 61 -1.01936 1.65009
    endloop
  endfacet
  facet normal 1 0 0
    outer loop
      vertex 61 -3.06478 0
      vertex 61 -1.01936 1.65009
      vertex 61 -2.02893 1.79984
    endloop
  endfacet
  facet normal 1 0 0
    outer loop
      vertex 61 -3.06478 0
      vertex 61 -2.02893 1.79984
      vertex 61 -3.01895 2.04782
    endloop
  endfacet
  facet normal 1 0 0
    outer loop
      vertex 61 0 1.60001
      vertex 61 -3.06478 0
      vertex 61 3.06478 0
    endloop
  endfacet
  facet normal 1 0 0
    outer loop
      vertex 61 -3.01895 2.04782
      vertex 61 -3.59952 0.133942
      vertex 61 -3.06478 0
    endloop
  endfacet
  facet normal 1 0 0
    outer loop
      vertex 61 -3.9799 2.39166
      vertex 61 -3.59952 0.133942
      vertex 61 -3.01895 2.04782
    endloop
  endfacet
  facet normal 1 0 0
    outer loop
      vertex 61 -3.9799 2.39166
      vertex 61 -4.74527 0.5439
      vertex 61 -3.59952 0.133942
    endloop
  endfacet
  facet normal 1 0 0
    outer loop
      vertex 61 -4.90251 2.82803
      vertex 61 -4.74527 0.5439
      vertex 61 -3.9799 2.39166
    endloop
  endfacet
  facet normal 1 0 0
    outer loop
      vertex 61 -5.84531 1.06418
      vertex 61 -4.90251 2.82803
      vertex 61 -5.77792 3.35272
    endloop
  endfacet
  facet normal 1 0 0
    outer loop
      vertex 61 -4.90251 2.82803
      vertex 61 -5.84531 1.06418
      vertex 61 -4.74527 0.5439
    endloop
  endfacet
  facet normal 1 0 0
    outer loop
      vertex 61 -6.88907 1.68979
      vertex 61 -5.77792 3.35272
      vertex 61 -6.59769 3.96069
    endloop
  endfacet
  facet normal 1 0 0
    outer loop
      vertex 61 -5.77792 3.35272
      vertex 61 -6.88907 1.68979
      vertex 61 -5.84531 1.06418
    endloop
  endfacet
  facet normal 1 0 0
    outer loop
      vertex 61 -7.86647 2.41467
      vertex 61 -6.59769 3.96069
      vertex 61 -7.3539 4.6461
    endloop
  endfacet
  facet normal 1 0 0
    outer loop
      vertex 61 -6.59769 3.96069
      vertex 61 -7.86647 2.41467
      vertex 61 -6.88907 1.68979
    endloop
  endfacet
  facet normal 1 0 0
    outer loop
      vertex 61 -8.76811 3.23189
      vertex 61 -7.3539 4.6461
      vertex 61 -8.03931 5.40231
    endloop
  endfacet
  facet normal 1 0 0
    outer loop
      vertex 61 -9.58533 4.13353
      vertex 61 -8.03931 5.40231
      vertex 61 -8.64728 6.22208
    endloop
  endfacet
  facet normal 1 0 0
    outer loop
      vertex 61 -7.3539 4.6461
      vertex 61 -8.76811 3.23189
      vertex 61 -7.86647 2.41467
    endloop
  endfacet
  facet normal 1 0 0
    outer loop
      vertex 61 -10.3102 5.11093
      vertex 61 -8.64728 6.22208
      vertex 61 -9.17197 7.09749
    endloop
  endfacet
  facet normal 1 0 0
    outer loop
      vertex 61 -8.03931 5.40231
      vertex 61 -9.58533 4.13353
      vertex 61 -8.76811 3.23189
    endloop
  endfacet
  facet normal 1 0 0
    outer loop
      vertex 61 -10.9358 6.15469
      vertex 61 -9.17197 7.09749
      vertex 61 -9.60834 8.0201
    endloop
  endfacet
  facet normal 1 0 0
    outer loop
      vertex 61 -11.4561 7.25473
      vertex 61 -9.60834 8.0201
      vertex 61 -9.95218 8.98105
    endloop
  endfacet
  facet normal 1 0 0
    outer loop
      vertex 61 -12 8.93522
      vertex 61 -9.95218 8.98105
      vertex 61 -10.2002 9.97107
    endloop
  endfacet
  facet normal 1 0 0
    outer loop
      vertex 61 -8.64728 6.22208
      vertex 61 -10.3102 5.11093
      vertex 61 -9.58533 4.13353
    endloop
  endfacet
  facet normal 1 0 0
    outer loop
      vertex 61 -12 8.93522
      vertex 61 -10.2002 9.97107
      vertex 61 -10.3499 10.9806
    endloop
  endfacet
  facet normal 1 0 0
    outer loop
      vertex 61 -12 8.93522
      vertex 61 -10.3499 10.9806
      vertex 61 -10.4 12
    endloop
  endfacet
  facet normal 1 0 0
    outer loop
      vertex 61 -9.95218 15.019
      vertex 61 -12 15.0648
      vertex 61 -10.2002 14.0289
    endloop
  endfacet
  facet normal 1 0 0
    outer loop
      vertex 61 -9.17197 7.09749
      vertex 61 -10.9358 6.15469
      vertex 61 -10.3102 5.11093
    endloop
  endfacet
  facet normal 1 0 0
    outer loop
      vertex 61 -10.2002 14.0289
      vertex 61 -12 15.0648
      vertex 61 -10.3499 13.0194
    endloop
  endfacet
  facet normal 1 0 0
    outer loop
      vertex 61 -12 8.93522
      vertex 61 -10.4 12
      vertex 61 -12 15.0648
    endloop
  endfacet
  facet normal 1 0 0
    outer loop
      vertex 61 -10.3499 13.0194
      vertex 61 -12 15.0648
      vertex 61 -10.4 12
    endloop
  endfacet
  facet normal 1 0 0
    outer loop
      vertex 61 -9.60834 8.0201
      vertex 61 -11.4561 7.25473
      vertex 61 -10.9358 6.15469
    endloop
  endfacet
  facet normal 1 0 0
    outer loop
      vertex 61 -9.95218 8.98105
      vertex 61 -12 8.93522
      vertex 61 -11.8661 8.40048
    endloop
  endfacet
  facet normal 1 0 0
    outer loop
      vertex 61 -9.95218 8.98105
      vertex 61 -11.8661 8.40048
      vertex 61 -11.4561 7.25473
    endloop
  endfacet
  facet normal 0 0.970051 0.242903
    outer loop
      vertex 86 -11.8661 8.40048
      vertex 61 -12 8.93522
      vertex 86 -12 8.93522
    endloop
  endfacet
  facet normal 0 0.970051 0.242903
    outer loop
      vertex 61 -12 8.93522
      vertex 86 -11.8661 8.40048
      vertex 61 -11.8661 8.40048
    endloop
  endfacet
  facet normal 0 0.941533 0.336922
    outer loop
      vertex 86 -11.4561 7.25473
      vertex 61 -11.8661 8.40048
      vertex 86 -11.8661 8.40048
    endloop
  endfacet
  facet normal 0 0.941533 0.336922
    outer loop
      vertex 61 -11.8661 8.40048
      vertex 86 -11.4561 7.25473
      vertex 61 -11.4561 7.25473
    endloop
  endfacet
  facet normal 0 0.903983 0.427568
    outer loop
      vertex 86 -10.9358 6.15469
      vertex 61 -11.4561 7.25473
      vertex 86 -11.4561 7.25473
    endloop
  endfacet
  facet normal 0 0.903983 0.427568
    outer loop
      vertex 61 -11.4561 7.25473
      vertex 86 -10.9358 6.15469
      vertex 61 -10.9358 6.15469
    endloop
  endfacet
  facet normal 0 0.857731 0.514099
    outer loop
      vertex 86 -10.3102 5.11093
      vertex 61 -10.9358 6.15469
      vertex 86 -10.9358 6.15469
    endloop
  endfacet
  facet normal 0 0.857731 0.514099
    outer loop
      vertex 61 -10.9358 6.15469
      vertex 86 -10.3102 5.11093
      vertex 61 -10.3102 5.11093
    endloop
  endfacet
  facet normal 0 0.803215 0.595689
    outer loop
      vertex 86 -9.58533 4.13353
      vertex 61 -10.3102 5.11093
      vertex 86 -10.3102 5.11093
    endloop
  endfacet
  facet normal 0 0.803215 0.595689
    outer loop
      vertex 61 -10.3102 5.11093
      vertex 86 -9.58533 4.13353
      vertex 61 -9.58533 4.13353
    endloop
  endfacet
  facet normal 0 0.740942 0.671568
    outer loop
      vertex 86 -8.76811 3.23189
      vertex 61 -9.58533 4.13353
      vertex 86 -9.58533 4.13353
    endloop
  endfacet
  facet normal 0 0.740942 0.671568
    outer loop
      vertex 61 -9.58533 4.13353
      vertex 86 -8.76811 3.23189
      vertex 61 -8.76811 3.23189
    endloop
  endfacet
  facet normal -0 0.671568 0.740942
    outer loop
      vertex 61 -7.86647 2.41467
      vertex 86 -8.76811 3.23189
      vertex 86 -7.86647 2.41467
    endloop
  endfacet
  facet normal 0 0.671568 0.740942
    outer loop
      vertex 86 -8.76811 3.23189
      vertex 61 -7.86647 2.41467
      vertex 61 -8.76811 3.23189
    endloop
  endfacet
  facet normal -0 0.595694 0.803211
    outer loop
      vertex 61 -6.88907 1.68979
      vertex 86 -7.86647 2.41467
      vertex 86 -6.88907 1.68979
    endloop
  endfacet
  facet normal 0 0.595694 0.803211
    outer loop
      vertex 86 -7.86647 2.41467
      vertex 61 -6.88907 1.68979
      vertex 61 -7.86647 2.41467
    endloop
  endfacet
  facet normal -0 0.514105 0.857727
    outer loop
      vertex 61 -5.84531 1.06418
      vertex 86 -6.88907 1.68979
      vertex 86 -5.84531 1.06418
    endloop
  endfacet
  facet normal 0 0.514105 0.857727
    outer loop
      vertex 86 -6.88907 1.68979
      vertex 61 -5.84531 1.06418
      vertex 61 -6.88907 1.68979
    endloop
  endfacet
  facet normal -0 0.427555 0.903989
    outer loop
      vertex 61 -4.74527 0.5439
      vertex 86 -5.84531 1.06418
      vertex 86 -4.74527 0.5439
    endloop
  endfacet
  facet normal 0 0.427555 0.903989
    outer loop
      vertex 86 -5.84531 1.06418
      vertex 61 -4.74527 0.5439
      vertex 61 -5.84531 1.06418
    endloop
  endfacet
  facet normal -0 0.336891 0.941544
    outer loop
      vertex 61 -3.59952 0.133942
      vertex 86 -4.74527 0.5439
      vertex 86 -3.59952 0.133942
    endloop
  endfacet
  facet normal 0 0.336891 0.941544
    outer loop
      vertex 86 -4.74527 0.5439
      vertex 61 -3.59952 0.133942
      vertex 61 -4.74527 0.5439
    endloop
  endfacet
  facet normal -0 0.242974 0.970033
    outer loop
      vertex 61 -3.06478 0
      vertex 86 -3.59952 0.133942
      vertex 86 -3.06478 0
    endloop
  endfacet
  facet normal 0 0.242974 0.970033
    outer loop
      vertex 86 -3.59952 0.133942
      vertex 61 -3.06478 0
      vertex 61 -3.59952 0.133942
    endloop
  endfacet
  facet normal 0 -0.242974 0.970033
    outer loop
      vertex 61 3.59952 0.133942
      vertex 86 3.06478 0
      vertex 86 3.59952 0.133942
    endloop
  endfacet
  facet normal 0 -0.242974 0.970033
    outer loop
      vertex 86 3.06478 0
      vertex 61 3.59952 0.133942
      vertex 61 3.06478 0
    endloop
  endfacet
  facet normal 0 -0.336891 0.941544
    outer loop
      vertex 61 4.74527 0.5439
      vertex 86 3.59952 0.133942
      vertex 86 4.74527 0.5439
    endloop
  endfacet
  facet normal 0 -0.336891 0.941544
    outer loop
      vertex 86 3.59952 0.133942
      vertex 61 4.74527 0.5439
      vertex 61 3.59952 0.133942
    endloop
  endfacet
  facet normal 0 -0.427555 0.903989
    outer loop
      vertex 61 5.84531 1.06418
      vertex 86 4.74527 0.5439
      vertex 86 5.84531 1.06418
    endloop
  endfacet
  facet normal 0 -0.427555 0.903989
    outer loop
      vertex 86 4.74527 0.5439
      vertex 61 5.84531 1.06418
      vertex 61 4.74527 0.5439
    endloop
  endfacet
  facet normal 0 -0.514105 0.857727
    outer loop
      vertex 61 6.88907 1.68979
      vertex 86 5.84531 1.06418
      vertex 86 6.88907 1.68979
    endloop
  endfacet
  facet normal 0 -0.514105 0.857727
    outer loop
      vertex 86 5.84531 1.06418
      vertex 61 6.88907 1.68979
      vertex 61 5.84531 1.06418
    endloop
  endfacet
  facet normal 0 -0.595694 0.803211
    outer loop
      vertex 61 7.86647 2.41467
      vertex 86 6.88907 1.68979
      vertex 86 7.86647 2.41467
    endloop
  endfacet
  facet normal 0 -0.595694 0.803211
    outer loop
      vertex 86 6.88907 1.68979
      vertex 61 7.86647 2.41467
      vertex 61 6.88907 1.68979
    endloop
  endfacet
  facet normal 0 -0.671568 0.740942
    outer loop
      vertex 61 8.76811 3.23189
      vertex 86 7.86647 2.41467
      vertex 86 8.76811 3.23189
    endloop
  endfacet
  facet normal 0 -0.671568 0.740942
    outer loop
      vertex 86 7.86647 2.41467
      vertex 61 8.76811 3.23189
      vertex 61 7.86647 2.41467
    endloop
  endfacet
  facet normal 0 -0.740351 0.672221
    outer loop
      vertex 61 8.76811 3.23189
      vertex 86 8.76959 3.23352
      vertex 61 8.76959 3.23352
    endloop
  endfacet
  facet normal 0 -0.740351 0.672221
    outer loop
      vertex 86 8.76959 3.23352
      vertex 61 8.76811 3.23189
      vertex 86 8.76811 3.23189
    endloop
  endfacet
  facet normal 0 -0.707107 0.707107
    outer loop
      vertex 61 8.76959 3.23352
      vertex 86 12 6.46393
      vertex 61 12 6.46393
    endloop
  endfacet
  facet normal 0 -0.707107 0.707107
    outer loop
      vertex 86 12 6.46393
      vertex 61 8.76959 3.23352
      vertex 86 8.76959 3.23352
    endloop
  endfacet
  facet normal 0 -0.707106 -0.707108
    outer loop
      vertex 61 12 17.5361
      vertex 86 8.76959 20.7665
      vertex 61 8.76959 20.7665
    endloop
  endfacet
  facet normal 0 -0.707106 -0.707108
    outer loop
      vertex 86 8.76959 20.7665
      vertex 61 12 17.5361
      vertex 86 12 17.5361
    endloop
  endfacet
  facet normal 0 -0.734099 -0.679042
    outer loop
      vertex 61 8.76959 20.7665
      vertex 86 8.76811 20.7681
      vertex 61 8.76811 20.7681
    endloop
  endfacet
  facet normal 0 -0.734099 -0.679042
    outer loop
      vertex 86 8.76811 20.7681
      vertex 61 8.76959 20.7665
      vertex 86 8.76959 20.7665
    endloop
  endfacet
  facet normal 0 -0.671559 -0.740951
    outer loop
      vertex 61 7.86647 21.5853
      vertex 86 8.76811 20.7681
      vertex 86 7.86647 21.5853
    endloop
  endfacet
  facet normal -0 -0.671559 -0.740951
    outer loop
      vertex 86 8.76811 20.7681
      vertex 61 7.86647 21.5853
      vertex 61 8.76811 20.7681
    endloop
  endfacet
  facet normal 0 -0.595705 -0.803203
    outer loop
      vertex 61 6.88907 22.3102
      vertex 86 7.86647 21.5853
      vertex 86 6.88907 22.3102
    endloop
  endfacet
  facet normal -0 -0.595705 -0.803203
    outer loop
      vertex 86 7.86647 21.5853
      vertex 61 6.88907 22.3102
      vertex 61 7.86647 21.5853
    endloop
  endfacet
  facet normal 0 -0.514099 -0.857731
    outer loop
      vertex 61 5.84531 22.9358
      vertex 86 6.88907 22.3102
      vertex 86 5.84531 22.9358
    endloop
  endfacet
  facet normal -0 -0.514099 -0.857731
    outer loop
      vertex 86 6.88907 22.3102
      vertex 61 5.84531 22.9358
      vertex 61 6.88907 22.3102
    endloop
  endfacet
  facet normal 0 -0.427568 -0.903983
    outer loop
      vertex 61 4.74527 23.4561
      vertex 86 5.84531 22.9358
      vertex 86 4.74527 23.4561
    endloop
  endfacet
  facet normal -0 -0.427568 -0.903983
    outer loop
      vertex 86 5.84531 22.9358
      vertex 61 4.74527 23.4561
      vertex 61 5.84531 22.9358
    endloop
  endfacet
  facet normal 0 -0.336922 -0.941533
    outer loop
      vertex 61 3.59952 23.8661
      vertex 86 4.74527 23.4561
      vertex 86 3.59952 23.8661
    endloop
  endfacet
  facet normal -0 -0.336922 -0.941533
    outer loop
      vertex 86 4.74527 23.4561
      vertex 61 3.59952 23.8661
      vertex 61 4.74527 23.4561
    endloop
  endfacet
  facet normal 0 -0.24292 -0.970046
    outer loop
      vertex 61 2.41911 24.1617
      vertex 86 3.59952 23.8661
      vertex 86 2.41911 24.1617
    endloop
  endfacet
  facet normal -0 -0.24292 -0.970046
    outer loop
      vertex 86 3.59952 23.8661
      vertex 61 2.41911 24.1617
      vertex 61 3.59952 23.8661
    endloop
  endfacet
  facet normal 0 -0.146769 -0.989171
    outer loop
      vertex 61 1.21541 24.3403
      vertex 86 2.41911 24.1617
      vertex 86 1.21541 24.3403
    endloop
  endfacet
  facet normal -0 -0.146769 -0.989171
    outer loop
      vertex 86 2.41911 24.1617
      vertex 61 1.21541 24.3403
      vertex 61 2.41911 24.1617
    endloop
  endfacet
  facet normal 0 -0.0490601 -0.998796
    outer loop
      vertex 61 0 24.4
      vertex 86 1.21541 24.3403
      vertex 86 0 24.4
    endloop
  endfacet
  facet normal -0 -0.0490601 -0.998796
    outer loop
      vertex 86 1.21541 24.3403
      vertex 61 0 24.4
      vertex 61 1.21541 24.3403
    endloop
  endfacet
  facet normal 0 0.0490601 -0.998796
    outer loop
      vertex 61 -1.21541 24.3403
      vertex 86 0 24.4
      vertex 86 -1.21541 24.3403
    endloop
  endfacet
  facet normal 0 0.0490601 -0.998796
    outer loop
      vertex 86 0 24.4
      vertex 61 -1.21541 24.3403
      vertex 61 0 24.4
    endloop
  endfacet
  facet normal 0 0.146769 -0.989171
    outer loop
      vertex 61 -2.41911 24.1617
      vertex 86 -1.21541 24.3403
      vertex 86 -2.41911 24.1617
    endloop
  endfacet
  facet normal 0 0.146769 -0.989171
    outer loop
      vertex 86 -1.21541 24.3403
      vertex 61 -2.41911 24.1617
      vertex 61 -1.21541 24.3403
    endloop
  endfacet
  facet normal 0 0.24292 -0.970046
    outer loop
      vertex 61 -3.59952 23.8661
      vertex 86 -2.41911 24.1617
      vertex 86 -3.59952 23.8661
    endloop
  endfacet
  facet normal 0 0.24292 -0.970046
    outer loop
      vertex 86 -2.41911 24.1617
      vertex 61 -3.59952 23.8661
      vertex 61 -2.41911 24.1617
    endloop
  endfacet
  facet normal 0 0.336922 -0.941533
    outer loop
      vertex 61 -4.74527 23.4561
      vertex 86 -3.59952 23.8661
      vertex 86 -4.74527 23.4561
    endloop
  endfacet
  facet normal 0 0.336922 -0.941533
    outer loop
      vertex 86 -3.59952 23.8661
      vertex 61 -4.74527 23.4561
      vertex 61 -3.59952 23.8661
    endloop
  endfacet
  facet normal 0 0.427568 -0.903983
    outer loop
      vertex 61 -5.84531 22.9358
      vertex 86 -4.74527 23.4561
      vertex 86 -5.84531 22.9358
    endloop
  endfacet
  facet normal 0 0.427568 -0.903983
    outer loop
      vertex 86 -4.74527 23.4561
      vertex 61 -5.84531 22.9358
      vertex 61 -4.74527 23.4561
    endloop
  endfacet
  facet normal 0 0.514099 -0.857731
    outer loop
      vertex 61 -6.88907 22.3102
      vertex 86 -5.84531 22.9358
      vertex 86 -6.88907 22.3102
    endloop
  endfacet
  facet normal 0 0.514099 -0.857731
    outer loop
      vertex 86 -5.84531 22.9358
      vertex 61 -6.88907 22.3102
      vertex 61 -5.84531 22.9358
    endloop
  endfacet
  facet normal 0 0.595705 -0.803203
    outer loop
      vertex 61 -7.86647 21.5853
      vertex 86 -6.88907 22.3102
      vertex 86 -7.86647 21.5853
    endloop
  endfacet
  facet normal 0 0.595705 -0.803203
    outer loop
      vertex 86 -6.88907 22.3102
      vertex 61 -7.86647 21.5853
      vertex 61 -6.88907 22.3102
    endloop
  endfacet
  facet normal 0 0.671559 -0.740951
    outer loop
      vertex 61 -8.76811 20.7681
      vertex 86 -7.86647 21.5853
      vertex 86 -8.76811 20.7681
    endloop
  endfacet
  facet normal 0 0.671559 -0.740951
    outer loop
      vertex 86 -7.86647 21.5853
      vertex 61 -8.76811 20.7681
      vertex 61 -7.86647 21.5853
    endloop
  endfacet
  facet normal 0 0.740928 -0.671585
    outer loop
      vertex 86 -9.58533 19.8665
      vertex 61 -8.76811 20.7681
      vertex 86 -8.76811 20.7681
    endloop
  endfacet
  facet normal 0 0.740928 -0.671585
    outer loop
      vertex 61 -8.76811 20.7681
      vertex 86 -9.58533 19.8665
      vertex 61 -9.58533 19.8665
    endloop
  endfacet
  facet normal 0 0.803215 -0.595689
    outer loop
      vertex 86 -10.3102 18.8891
      vertex 61 -9.58533 19.8665
      vertex 86 -9.58533 19.8665
    endloop
  endfacet
  facet normal 0 0.803215 -0.595689
    outer loop
      vertex 61 -9.58533 19.8665
      vertex 86 -10.3102 18.8891
      vertex 61 -10.3102 18.8891
    endloop
  endfacet
  facet normal 0 0.857739 -0.514085
    outer loop
      vertex 86 -10.9358 17.8453
      vertex 61 -10.3102 18.8891
      vertex 86 -10.3102 18.8891
    endloop
  endfacet
  facet normal 0 0.857739 -0.514085
    outer loop
      vertex 61 -10.3102 18.8891
      vertex 86 -10.9358 17.8453
      vertex 61 -10.9358 17.8453
    endloop
  endfacet
  facet normal 0 0.903977 -0.427581
    outer loop
      vertex 86 -11.4561 16.7453
      vertex 61 -10.9358 17.8453
      vertex 86 -10.9358 17.8453
    endloop
  endfacet
  facet normal 0 0.903977 -0.427581
    outer loop
      vertex 61 -10.9358 17.8453
      vertex 86 -11.4561 16.7453
      vertex 61 -11.4561 16.7453
    endloop
  endfacet
  facet normal 0 0.941537 -0.336909
    outer loop
      vertex 86 -11.8661 15.5995
      vertex 61 -11.4561 16.7453
      vertex 86 -11.4561 16.7453
    endloop
  endfacet
  facet normal 0 0.941537 -0.336909
    outer loop
      vertex 61 -11.4561 16.7453
      vertex 86 -11.8661 15.5995
      vertex 61 -11.8661 15.5995
    endloop
  endfacet
  facet normal 0 0.970046 -0.24292
    outer loop
      vertex 86 -12 15.0648
      vertex 61 -11.8661 15.5995
      vertex 86 -11.8661 15.5995
    endloop
  endfacet
  facet normal 0 0.970046 -0.24292
    outer loop
      vertex 61 -11.8661 15.5995
      vertex 86 -12 15.0648
      vertex 61 -12 15.0648
    endloop
  endfacet
  facet normal 1 0 0
    outer loop
      vertex -82.5 7.35507 46.0603
      vertex -82.5 12 36
      vertex -82.5 12 41.4154
    endloop
  endfacet
  facet normal 1 0 0
    outer loop
      vertex -82.5 7.35507 46.0603
      vertex -82.5 7.35507 31.3551
      vertex -82.5 12 36
    endloop
  endfacet
  facet normal 1 0 0
    outer loop
      vertex -82.5 6.59769 46.747
      vertex -82.5 7.35507 46.0603
      vertex -82.5 7.3539 46.0616
    endloop
  endfacet
  facet normal 1 0 0
    outer loop
      vertex -82.5 7.35507 46.0603
      vertex -82.5 6.59769 46.747
      vertex -82.5 7.35507 31.3551
    endloop
  endfacet
  facet normal 1 0 0
    outer loop
      vertex -82.5 6.59769 30.6684
      vertex -82.5 7.35507 31.3551
      vertex -82.5 6.59769 46.747
    endloop
  endfacet
  facet normal 1 0 0
    outer loop
      vertex -82.5 7.35507 31.3551
      vertex -82.5 6.59769 30.6684
      vertex -82.5 7.3539 31.3538
    endloop
  endfacet
  facet normal 1 0 0
    outer loop
      vertex -82.5 5.77792 47.355
      vertex -82.5 6.59769 30.6684
      vertex -82.5 6.59769 46.747
    endloop
  endfacet
  facet normal 1 0 0
    outer loop
      vertex -82.5 5.77792 47.355
      vertex -82.5 5.77792 30.0604
      vertex -82.5 6.59769 30.6684
    endloop
  endfacet
  facet normal 1 0 0
    outer loop
      vertex -82.5 4.90251 47.8796
      vertex -82.5 5.77792 30.0604
      vertex -82.5 5.77792 47.355
    endloop
  endfacet
  facet normal 1 0 0
    outer loop
      vertex -82.5 4.90251 47.8796
      vertex -82.5 4.90251 29.5357
      vertex -82.5 5.77792 30.0604
    endloop
  endfacet
  facet normal 1 0 0
    outer loop
      vertex -82.5 3.9799 48.316
      vertex -82.5 4.90251 29.5357
      vertex -82.5 4.90251 47.8796
    endloop
  endfacet
  facet normal 1 0 0
    outer loop
      vertex -82.5 3.9799 48.316
      vertex -82.5 3.9799 29.0993
      vertex -82.5 4.90251 29.5357
    endloop
  endfacet
  facet normal 1 0 0
    outer loop
      vertex -82.5 3.01895 48.6599
      vertex -82.5 3.9799 29.0993
      vertex -82.5 3.9799 48.316
    endloop
  endfacet
  facet normal 1 0 0
    outer loop
      vertex -82.5 3.01895 48.6599
      vertex -82.5 3.01895 28.7555
      vertex -82.5 3.9799 29.0993
    endloop
  endfacet
  facet normal 1 0 0
    outer loop
      vertex -82.5 2.02893 48.9078
      vertex -82.5 3.01895 28.7555
      vertex -82.5 3.01895 48.6599
    endloop
  endfacet
  facet normal 1 0 0
    outer loop
      vertex -82.5 2.02893 48.9078
      vertex -82.5 2.02893 28.5075
      vertex -82.5 3.01895 28.7555
    endloop
  endfacet
  facet normal 1 0 0
    outer loop
      vertex -82.5 1.01936 49.0576
      vertex -82.5 2.02893 28.5075
      vertex -82.5 2.02893 48.9078
    endloop
  endfacet
  facet normal 1 0 0
    outer loop
      vertex -82.5 1.01936 49.0576
      vertex -82.5 1.01936 28.3578
      vertex -82.5 2.02893 28.5075
    endloop
  endfacet
  facet normal 1 0 0
    outer loop
      vertex -82.5 0 49.1077
      vertex -82.5 1.01936 28.3578
      vertex -82.5 1.01936 49.0576
    endloop
  endfacet
  facet normal 1 0 0
    outer loop
      vertex -82.5 0 49.1077
      vertex -82.5 0 28.3077
      vertex -82.5 1.01936 28.3578
    endloop
  endfacet
  facet normal 1 -0 0
    outer loop
      vertex -82.5 -1.01936 49.0576
      vertex -82.5 0 28.3077
      vertex -82.5 0 49.1077
    endloop
  endfacet
  facet normal 1 0 0
    outer loop
      vertex -82.5 -1.01936 49.0576
      vertex -82.5 -1.01936 28.3578
      vertex -82.5 0 28.3077
    endloop
  endfacet
  facet normal 1 -0 0
    outer loop
      vertex -82.5 -2.02893 48.9078
      vertex -82.5 -1.01936 28.3578
      vertex -82.5 -1.01936 49.0576
    endloop
  endfacet
  facet normal 1 0 0
    outer loop
      vertex -82.5 -2.02893 48.9078
      vertex -82.5 -2.02893 28.5075
      vertex -82.5 -1.01936 28.3578
    endloop
  endfacet
  facet normal 1 -0 0
    outer loop
      vertex -82.5 -3.01895 48.6599
      vertex -82.5 -2.02893 28.5075
      vertex -82.5 -2.02893 48.9078
    endloop
  endfacet
  facet normal 1 0 0
    outer loop
      vertex -82.5 -3.01895 48.6599
      vertex -82.5 -3.01895 28.7555
      vertex -82.5 -2.02893 28.5075
    endloop
  endfacet
  facet normal 1 -0 0
    outer loop
      vertex -82.5 -3.9799 48.316
      vertex -82.5 -3.01895 28.7555
      vertex -82.5 -3.01895 48.6599
    endloop
  endfacet
  facet normal 1 0 0
    outer loop
      vertex -82.5 -3.9799 48.316
      vertex -82.5 -3.9799 29.0993
      vertex -82.5 -3.01895 28.7555
    endloop
  endfacet
  facet normal 1 -0 0
    outer loop
      vertex -82.5 -4.90251 47.8796
      vertex -82.5 -3.9799 29.0993
      vertex -82.5 -3.9799 48.316
    endloop
  endfacet
  facet normal 1 0 0
    outer loop
      vertex -82.5 -4.90251 47.8796
      vertex -82.5 -4.90251 29.5357
      vertex -82.5 -3.9799 29.0993
    endloop
  endfacet
  facet normal 1 -0 0
    outer loop
      vertex -82.5 -5.77792 47.355
      vertex -82.5 -4.90251 29.5357
      vertex -82.5 -4.90251 47.8796
    endloop
  endfacet
  facet normal 1 0 0
    outer loop
      vertex -82.5 -5.77792 47.355
      vertex -82.5 -5.77792 30.0604
      vertex -82.5 -4.90251 29.5357
    endloop
  endfacet
  facet normal 1 -0 0
    outer loop
      vertex -82.5 -6.59769 46.747
      vertex -82.5 -5.77792 30.0604
      vertex -82.5 -5.77792 47.355
    endloop
  endfacet
  facet normal 1 0 0
    outer loop
      vertex -82.5 -6.59769 46.747
      vertex -82.5 -6.59769 30.6684
      vertex -82.5 -5.77792 30.0604
    endloop
  endfacet
  facet normal 1 -0 0
    outer loop
      vertex -82.5 -7.3539 46.0616
      vertex -82.5 -6.59769 30.6684
      vertex -82.5 -6.59769 46.747
    endloop
  endfacet
  facet normal 1 0 0
    outer loop
      vertex -82.5 -7.3539 46.0616
      vertex -82.5 -7.3539 31.3538
      vertex -82.5 -6.59769 30.6684
    endloop
  endfacet
  facet normal 1 -0 0
    outer loop
      vertex -82.5 -8.03931 45.3054
      vertex -82.5 -7.3539 31.3538
      vertex -82.5 -7.3539 46.0616
    endloop
  endfacet
  facet normal 1 0 0
    outer loop
      vertex -82.5 -8.03931 45.3054
      vertex -82.5 -8.03931 32.11
      vertex -82.5 -7.3539 31.3538
    endloop
  endfacet
  facet normal 1 -0 0
    outer loop
      vertex -82.5 -8.64728 44.4856
      vertex -82.5 -8.03931 32.11
      vertex -82.5 -8.03931 45.3054
    endloop
  endfacet
  facet normal 1 0 0
    outer loop
      vertex -82.5 -8.64728 44.4856
      vertex -82.5 -8.64728 32.9298
      vertex -82.5 -8.03931 32.11
    endloop
  endfacet
  facet normal 1 -0 0
    outer loop
      vertex -82.5 -9.17197 43.6102
      vertex -82.5 -8.64728 32.9298
      vertex -82.5 -8.64728 44.4856
    endloop
  endfacet
  facet normal 1 0 0
    outer loop
      vertex -82.5 -9.17197 43.6102
      vertex -82.5 -9.17197 33.8052
      vertex -82.5 -8.64728 32.9298
    endloop
  endfacet
  facet normal 1 -0 0
    outer loop
      vertex -82.5 -9.60834 42.6876
      vertex -82.5 -9.17197 33.8052
      vertex -82.5 -9.17197 43.6102
    endloop
  endfacet
  facet normal 1 0 0
    outer loop
      vertex -82.5 -9.60834 42.6876
      vertex -82.5 -9.60834 34.7278
      vertex -82.5 -9.17197 33.8052
    endloop
  endfacet
  facet normal 1 -0 0
    outer loop
      vertex -82.5 -9.95218 41.7266
      vertex -82.5 -9.60834 34.7278
      vertex -82.5 -9.60834 42.6876
    endloop
  endfacet
  facet normal 1 0 0
    outer loop
      vertex -82.5 -9.95218 41.7266
      vertex -82.5 -9.95218 35.6887
      vertex -82.5 -9.60834 34.7278
    endloop
  endfacet
  facet normal 1 -0 0
    outer loop
      vertex -82.5 -10.2002 40.7366
      vertex -82.5 -9.95218 35.6887
      vertex -82.5 -9.95218 41.7266
    endloop
  endfacet
  facet normal 1 0 0
    outer loop
      vertex -82.5 -10.2002 40.7366
      vertex -82.5 -10.2002 36.6787
      vertex -82.5 -9.95218 35.6887
    endloop
  endfacet
  facet normal 1 -0 0
    outer loop
      vertex -82.5 -10.3499 39.727
      vertex -82.5 -10.2002 36.6787
      vertex -82.5 -10.2002 40.7366
    endloop
  endfacet
  facet normal 1 0 0
    outer loop
      vertex -82.5 -10.3499 39.727
      vertex -82.5 -10.3499 37.6883
      vertex -82.5 -10.2002 36.6787
    endloop
  endfacet
  facet normal 1 0 -0
    outer loop
      vertex -82.5 -10.3499 37.6883
      vertex -82.5 -10.3499 39.727
      vertex -82.5 -10.4 38.7077
    endloop
  endfacet
  facet normal 0 0.989185 0.146673
    outer loop
      vertex 61 -10.2002 36.6787
      vertex -82.5 -10.3499 37.6883
      vertex 61 -10.3499 37.6883
    endloop
  endfacet
  facet normal 0 0.989185 0.146673
    outer loop
      vertex -82.5 -10.3499 37.6883
      vertex 61 -10.2002 36.6787
      vertex -82.5 -10.2002 36.6787
    endloop
  endfacet
  facet normal 0 0.970022 0.243015
    outer loop
      vertex 61 -9.95218 35.6887
      vertex -82.5 -10.2002 36.6787
      vertex 61 -10.2002 36.6787
    endloop
  endfacet
  facet normal 0 0.970022 0.243015
    outer loop
      vertex -82.5 -10.2002 36.6787
      vertex 61 -9.95218 35.6887
      vertex -82.5 -9.95218 35.6887
    endloop
  endfacet
  facet normal 0 0.941536 0.336911
    outer loop
      vertex 61 -9.60834 34.7278
      vertex -82.5 -9.95218 35.6887
      vertex 61 -9.95218 35.6887
    endloop
  endfacet
  facet normal 0 0.941536 0.336911
    outer loop
      vertex -82.5 -9.95218 35.6887
      vertex 61 -9.60834 34.7278
      vertex -82.5 -9.60834 34.7278
    endloop
  endfacet
  facet normal 0 0.903984 0.427565
    outer loop
      vertex 61 -9.17197 33.8052
      vertex -82.5 -9.60834 34.7278
      vertex 61 -9.60834 34.7278
    endloop
  endfacet
  facet normal 0 0.903984 0.427565
    outer loop
      vertex -82.5 -9.60834 34.7278
      vertex 61 -9.17197 33.8052
      vertex -82.5 -9.17197 33.8052
    endloop
  endfacet
  facet normal 0 0.857731 0.514099
    outer loop
      vertex 61 -8.64728 32.9298
      vertex -82.5 -9.17197 33.8052
      vertex 61 -9.17197 33.8052
    endloop
  endfacet
  facet normal 0 0.857731 0.514099
    outer loop
      vertex -82.5 -9.17197 33.8052
      vertex 61 -8.64728 32.9298
      vertex -82.5 -8.64728 32.9298
    endloop
  endfacet
  facet normal 0 0.803224 0.595677
    outer loop
      vertex 61 -8.03931 32.11
      vertex -82.5 -8.64728 32.9298
      vertex 61 -8.64728 32.9298
    endloop
  endfacet
  facet normal 0 0.803224 0.595677
    outer loop
      vertex -82.5 -8.64728 32.9298
      vertex 61 -8.03931 32.11
      vertex -82.5 -8.03931 32.11
    endloop
  endfacet
  facet normal 0 0.740936 0.671575
    outer loop
      vertex 61 -7.3539 31.3538
      vertex -82.5 -8.03931 32.11
      vertex 61 -8.03931 32.11
    endloop
  endfacet
  facet normal 0 0.740936 0.671575
    outer loop
      vertex -82.5 -8.03931 32.11
      vertex 61 -7.3539 31.3538
      vertex -82.5 -7.3539 31.3538
    endloop
  endfacet
  facet normal -0 0.671565 0.740946
    outer loop
      vertex -82.5 -6.59769 30.6684
      vertex 61 -7.3539 31.3538
      vertex 61 -6.59769 30.6684
    endloop
  endfacet
  facet normal 0 0.671565 0.740946
    outer loop
      vertex 61 -7.3539 31.3538
      vertex -82.5 -6.59769 30.6684
      vertex -82.5 -7.3539 31.3538
    endloop
  endfacet
  facet normal -0 0.59571 0.8032
    outer loop
      vertex -82.5 -5.77792 30.0604
      vertex 61 -6.59769 30.6684
      vertex 61 -5.77792 30.0604
    endloop
  endfacet
  facet normal 0 0.59571 0.8032
    outer loop
      vertex 61 -6.59769 30.6684
      vertex -82.5 -5.77792 30.0604
      vertex -82.5 -6.59769 30.6684
    endloop
  endfacet
  facet normal -0 0.514102 0.857729
    outer loop
      vertex -82.5 -4.90251 29.5357
      vertex 61 -5.77792 30.0604
      vertex 61 -4.90251 29.5357
    endloop
  endfacet
  facet normal 0 0.514102 0.857729
    outer loop
      vertex 61 -5.77792 30.0604
      vertex -82.5 -4.90251 29.5357
      vertex -82.5 -5.77792 30.0604
    endloop
  endfacet
  facet normal -0 0.427585 0.903975
    outer loop
      vertex -82.5 -3.9799 29.0993
      vertex 61 -4.90251 29.5357
      vertex 61 -3.9799 29.0993
    endloop
  endfacet
  facet normal 0 0.427585 0.903975
    outer loop
      vertex 61 -4.90251 29.5357
      vertex -82.5 -3.9799 29.0993
      vertex -82.5 -4.90251 29.5357
    endloop
  endfacet
  facet normal -0 0.336861 0.941554
    outer loop
      vertex -82.5 -3.01895 28.7555
      vertex 61 -3.9799 29.0993
      vertex 61 -3.01895 28.7555
    endloop
  endfacet
  facet normal 0 0.336861 0.941554
    outer loop
      vertex 61 -3.9799 29.0993
      vertex -82.5 -3.01895 28.7555
      vertex -82.5 -3.9799 29.0993
    endloop
  endfacet
  facet normal -0 0.242992 0.970028
    outer loop
      vertex -82.5 -2.02893 28.5075
      vertex 61 -3.01895 28.7555
      vertex 61 -2.02893 28.5075
    endloop
  endfacet
  facet normal 0 0.242992 0.970028
    outer loop
      vertex 61 -3.01895 28.7555
      vertex -82.5 -2.02893 28.5075
      vertex -82.5 -3.01895 28.7555
    endloop
  endfacet
  facet normal -0 0.146677 0.989184
    outer loop
      vertex -82.5 -1.01936 28.3578
      vertex 61 -2.02893 28.5075
      vertex 61 -1.01936 28.3578
    endloop
  endfacet
  facet normal 0 0.146677 0.989184
    outer loop
      vertex 61 -2.02893 28.5075
      vertex -82.5 -1.01936 28.3578
      vertex -82.5 -2.02893 28.5075
    endloop
  endfacet
  facet normal -0 0.0490892 0.998794
    outer loop
      vertex -82.5 0 28.3077
      vertex 61 -1.01936 28.3578
      vertex 61 0 28.3077
    endloop
  endfacet
  facet normal 0 0.0490892 0.998794
    outer loop
      vertex 61 -1.01936 28.3578
      vertex -82.5 0 28.3077
      vertex -82.5 -1.01936 28.3578
    endloop
  endfacet
  facet normal 0 -0.0490892 0.998794
    outer loop
      vertex -82.5 1.01936 28.3578
      vertex 61 0 28.3077
      vertex 61 1.01936 28.3578
    endloop
  endfacet
  facet normal 0 -0.0490892 0.998794
    outer loop
      vertex 61 0 28.3077
      vertex -82.5 1.01936 28.3578
      vertex -82.5 0 28.3077
    endloop
  endfacet
  facet normal 0 -0.146677 0.989184
    outer loop
      vertex -82.5 2.02893 28.5075
      vertex 61 1.01936 28.3578
      vertex 61 2.02893 28.5075
    endloop
  endfacet
  facet normal 0 -0.146677 0.989184
    outer loop
      vertex 61 1.01936 28.3578
      vertex -82.5 2.02893 28.5075
      vertex -82.5 1.01936 28.3578
    endloop
  endfacet
  facet normal 0 -0.242992 0.970028
    outer loop
      vertex -82.5 3.01895 28.7555
      vertex 61 2.02893 28.5075
      vertex 61 3.01895 28.7555
    endloop
  endfacet
  facet normal 0 -0.242992 0.970028
    outer loop
      vertex 61 2.02893 28.5075
      vertex -82.5 3.01895 28.7555
      vertex -82.5 2.02893 28.5075
    endloop
  endfacet
  facet normal 0 -0.336861 0.941554
    outer loop
      vertex -82.5 3.9799 29.0993
      vertex 61 3.01895 28.7555
      vertex 61 3.9799 29.0993
    endloop
  endfacet
  facet normal 0 -0.336861 0.941554
    outer loop
      vertex 61 3.01895 28.7555
      vertex -82.5 3.9799 29.0993
      vertex -82.5 3.01895 28.7555
    endloop
  endfacet
  facet normal 0 -0.427585 0.903975
    outer loop
      vertex -82.5 4.90251 29.5357
      vertex 61 3.9799 29.0993
      vertex 61 4.90251 29.5357
    endloop
  endfacet
  facet normal 0 -0.427585 0.903975
    outer loop
      vertex 61 3.9799 29.0993
      vertex -82.5 4.90251 29.5357
      vertex -82.5 3.9799 29.0993
    endloop
  endfacet
  facet normal 0 -0.514102 0.857729
    outer loop
      vertex -82.5 5.77792 30.0604
      vertex 61 4.90251 29.5357
      vertex 61 5.77792 30.0604
    endloop
  endfacet
  facet normal 0 -0.514102 0.857729
    outer loop
      vertex 61 4.90251 29.5357
      vertex -82.5 5.77792 30.0604
      vertex -82.5 4.90251 29.5357
    endloop
  endfacet
  facet normal 0 -0.59571 0.8032
    outer loop
      vertex -82.5 6.59769 30.6684
      vertex 61 5.77792 30.0604
      vertex 61 6.59769 30.6684
    endloop
  endfacet
  facet normal 0 -0.59571 0.8032
    outer loop
      vertex 61 5.77792 30.0604
      vertex -82.5 6.59769 30.6684
      vertex -82.5 5.77792 30.0604
    endloop
  endfacet
  facet normal 0 -0.671565 0.740946
    outer loop
      vertex -82.5 7.3539 31.3538
      vertex 61 6.59769 30.6684
      vertex 61 7.3539 31.3538
    endloop
  endfacet
  facet normal 0 -0.671565 0.740946
    outer loop
      vertex 61 6.59769 30.6684
      vertex -82.5 7.3539 31.3538
      vertex -82.5 6.59769 30.6684
    endloop
  endfacet
  facet normal 0 -0.743294 0.668965
    outer loop
      vertex -82.5 7.3539 31.3538
      vertex 61 7.35507 31.3551
      vertex -82.5 7.35507 31.3551
    endloop
  endfacet
  facet normal 0 -0.743294 0.668965
    outer loop
      vertex 61 7.35507 31.3551
      vertex -82.5 7.3539 31.3538
      vertex 61 7.3539 31.3538
    endloop
  endfacet
  facet normal 0 -0.707104 0.707109
    outer loop
      vertex -82.5 7.35507 31.3551
      vertex 61 12 36
      vertex -82.5 12 36
    endloop
  endfacet
  facet normal 0 -0.707104 0.707109
    outer loop
      vertex 61 12 36
      vertex -82.5 7.35507 31.3551
      vertex 61 7.35507 31.3551
    endloop
  endfacet
  facet normal 0 -0.707104 -0.707109
    outer loop
      vertex -82.5 12 41.4154
      vertex 61 7.35507 46.0603
      vertex -82.5 7.35507 46.0603
    endloop
  endfacet
  facet normal 0 -0.707104 -0.707109
    outer loop
      vertex 61 7.35507 46.0603
      vertex -82.5 12 41.4154
      vertex 61 12 41.4154
    endloop
  endfacet
  facet normal 0 -0.743294 -0.668965
    outer loop
      vertex -82.5 7.35507 46.0603
      vertex 61 7.3539 46.0616
      vertex -82.5 7.3539 46.0616
    endloop
  endfacet
  facet normal 0 -0.743294 -0.668965
    outer loop
      vertex 61 7.3539 46.0616
      vertex -82.5 7.35507 46.0603
      vertex 61 7.35507 46.0603
    endloop
  endfacet
  facet normal 0 -0.671565 -0.740946
    outer loop
      vertex -82.5 6.59769 46.747
      vertex 61 7.3539 46.0616
      vertex 61 6.59769 46.747
    endloop
  endfacet
  facet normal -0 -0.671565 -0.740946
    outer loop
      vertex 61 7.3539 46.0616
      vertex -82.5 6.59769 46.747
      vertex -82.5 7.3539 46.0616
    endloop
  endfacet
  facet normal 0 -0.59571 -0.8032
    outer loop
      vertex -82.5 5.77792 47.355
      vertex 61 6.59769 46.747
      vertex 61 5.77792 47.355
    endloop
  endfacet
  facet normal -0 -0.59571 -0.8032
    outer loop
      vertex 61 6.59769 46.747
      vertex -82.5 5.77792 47.355
      vertex -82.5 6.59769 46.747
    endloop
  endfacet
  facet normal 0 -0.51403 -0.857772
    outer loop
      vertex -82.5 4.90251 47.8796
      vertex 61 5.77792 47.355
      vertex 61 4.90251 47.8796
    endloop
  endfacet
  facet normal -0 -0.51403 -0.857772
    outer loop
      vertex 61 5.77792 47.355
      vertex -82.5 4.90251 47.8796
      vertex -82.5 5.77792 47.355
    endloop
  endfacet
  facet normal 0 -0.427585 -0.903975
    outer loop
      vertex -82.5 3.9799 48.316
      vertex 61 4.90251 47.8796
      vertex 61 3.9799 48.316
    endloop
  endfacet
  facet normal -0 -0.427585 -0.903975
    outer loop
      vertex 61 4.90251 47.8796
      vertex -82.5 3.9799 48.316
      vertex -82.5 4.90251 47.8796
    endloop
  endfacet
  facet normal 0 -0.336948 -0.941523
    outer loop
      vertex -82.5 3.01895 48.6599
      vertex 61 3.9799 48.316
      vertex 61 3.01895 48.6599
    endloop
  endfacet
  facet normal -0 -0.336948 -0.941523
    outer loop
      vertex 61 3.9799 48.316
      vertex -82.5 3.01895 48.6599
      vertex -82.5 3.9799 48.316
    endloop
  endfacet
  facet normal 0 -0.2429 -0.970051
    outer loop
      vertex -82.5 2.02893 48.9078
      vertex 61 3.01895 48.6599
      vertex 61 2.02893 48.9078
    endloop
  endfacet
  facet normal -0 -0.2429 -0.970051
    outer loop
      vertex 61 3.01895 48.6599
      vertex -82.5 2.02893 48.9078
      vertex -82.5 3.01895 48.6599
    endloop
  endfacet
  facet normal 0 -0.146773 -0.98917
    outer loop
      vertex -82.5 1.01936 49.0576
      vertex 61 2.02893 48.9078
      vertex 61 1.01936 49.0576
    endloop
  endfacet
  facet normal -0 -0.146773 -0.98917
    outer loop
      vertex 61 2.02893 48.9078
      vertex -82.5 1.01936 49.0576
      vertex -82.5 2.02893 48.9078
    endloop
  endfacet
  facet normal 0 -0.0490892 -0.998794
    outer loop
      vertex -82.5 0 49.1077
      vertex 61 1.01936 49.0576
      vertex 61 0 49.1077
    endloop
  endfacet
  facet normal -0 -0.0490892 -0.998794
    outer loop
      vertex 61 1.01936 49.0576
      vertex -82.5 0 49.1077
      vertex -82.5 1.01936 49.0576
    endloop
  endfacet
  facet normal 0 0.0490892 -0.998794
    outer loop
      vertex -82.5 -1.01936 49.0576
      vertex 61 0 49.1077
      vertex 61 -1.01936 49.0576
    endloop
  endfacet
  facet normal 0 0.0490892 -0.998794
    outer loop
      vertex 61 0 49.1077
      vertex -82.5 -1.01936 49.0576
      vertex -82.5 0 49.1077
    endloop
  endfacet
  facet normal 0 0.146773 -0.98917
    outer loop
      vertex -82.5 -2.02893 48.9078
      vertex 61 -1.01936 49.0576
      vertex 61 -2.02893 48.9078
    endloop
  endfacet
  facet normal 0 0.146773 -0.98917
    outer loop
      vertex 61 -1.01936 49.0576
      vertex -82.5 -2.02893 48.9078
      vertex -82.5 -1.01936 49.0576
    endloop
  endfacet
  facet normal 0 0.2429 -0.970051
    outer loop
      vertex -82.5 -3.01895 48.6599
      vertex 61 -2.02893 48.9078
      vertex 61 -3.01895 48.6599
    endloop
  endfacet
  facet normal 0 0.2429 -0.970051
    outer loop
      vertex 61 -2.02893 48.9078
      vertex -82.5 -3.01895 48.6599
      vertex -82.5 -2.02893 48.9078
    endloop
  endfacet
  facet normal 0 0.336948 -0.941523
    outer loop
      vertex -82.5 -3.9799 48.316
      vertex 61 -3.01895 48.6599
      vertex 61 -3.9799 48.316
    endloop
  endfacet
  facet normal 0 0.336948 -0.941523
    outer loop
      vertex 61 -3.01895 48.6599
      vertex -82.5 -3.9799 48.316
      vertex -82.5 -3.01895 48.6599
    endloop
  endfacet
  facet normal 0 0.427585 -0.903975
    outer loop
      vertex -82.5 -4.90251 47.8796
      vertex 61 -3.9799 48.316
      vertex 61 -4.90251 47.8796
    endloop
  endfacet
  facet normal 0 0.427585 -0.903975
    outer loop
      vertex 61 -3.9799 48.316
      vertex -82.5 -4.90251 47.8796
      vertex -82.5 -3.9799 48.316
    endloop
  endfacet
  facet normal 0 0.51403 -0.857772
    outer loop
      vertex -82.5 -5.77792 47.355
      vertex 61 -4.90251 47.8796
      vertex 61 -5.77792 47.355
    endloop
  endfacet
  facet normal 0 0.51403 -0.857772
    outer loop
      vertex 61 -4.90251 47.8796
      vertex -82.5 -5.77792 47.355
      vertex -82.5 -4.90251 47.8796
    endloop
  endfacet
  facet normal 0 0.59571 -0.8032
    outer loop
      vertex -82.5 -6.59769 46.747
      vertex 61 -5.77792 47.355
      vertex 61 -6.59769 46.747
    endloop
  endfacet
  facet normal 0 0.59571 -0.8032
    outer loop
      vertex 61 -5.77792 47.355
      vertex -82.5 -6.59769 46.747
      vertex -82.5 -5.77792 47.355
    endloop
  endfacet
  facet normal 0 0.671565 -0.740946
    outer loop
      vertex -82.5 -7.3539 46.0616
      vertex 61 -6.59769 46.747
      vertex 61 -7.3539 46.0616
    endloop
  endfacet
  facet normal 0 0.671565 -0.740946
    outer loop
      vertex 61 -6.59769 46.747
      vertex -82.5 -7.3539 46.0616
      vertex -82.5 -6.59769 46.747
    endloop
  endfacet
  facet normal 0 0.740936 -0.671575
    outer loop
      vertex 61 -8.03931 45.3054
      vertex -82.5 -7.3539 46.0616
      vertex 61 -7.3539 46.0616
    endloop
  endfacet
  facet normal 0 0.740936 -0.671575
    outer loop
      vertex -82.5 -7.3539 46.0616
      vertex 61 -8.03931 45.3054
      vertex -82.5 -8.03931 45.3054
    endloop
  endfacet
  facet normal 0 0.803224 -0.595677
    outer loop
      vertex 61 -8.64728 44.4856
      vertex -82.5 -8.03931 45.3054
      vertex 61 -8.03931 45.3054
    endloop
  endfacet
  facet normal 0 0.803224 -0.595677
    outer loop
      vertex -82.5 -8.03931 45.3054
      vertex 61 -8.64728 44.4856
      vertex -82.5 -8.64728 44.4856
    endloop
  endfacet
  facet normal 0 0.857731 -0.514099
    outer loop
      vertex 61 -9.17197 43.6102
      vertex -82.5 -8.64728 44.4856
      vertex 61 -8.64728 44.4856
    endloop
  endfacet
  facet normal 0 0.857731 -0.514099
    outer loop
      vertex -82.5 -8.64728 44.4856
      vertex 61 -9.17197 43.6102
      vertex -82.5 -9.17197 43.6102
    endloop
  endfacet
  facet normal 0 0.903984 -0.427565
    outer loop
      vertex 61 -9.60834 42.6876
      vertex -82.5 -9.17197 43.6102
      vertex 61 -9.17197 43.6102
    endloop
  endfacet
  facet normal 0 0.903984 -0.427565
    outer loop
      vertex -82.5 -9.17197 43.6102
      vertex 61 -9.60834 42.6876
      vertex -82.5 -9.60834 42.6876
    endloop
  endfacet
  facet normal 0 0.941548 -0.33688
    outer loop
      vertex 61 -9.95218 41.7266
      vertex -82.5 -9.60834 42.6876
      vertex 61 -9.60834 42.6876
    endloop
  endfacet
  facet normal 0 0.941548 -0.33688
    outer loop
      vertex -82.5 -9.60834 42.6876
      vertex 61 -9.95218 41.7266
      vertex -82.5 -9.95218 41.7266
    endloop
  endfacet
  facet normal 0 0.970022 -0.243015
    outer loop
      vertex 61 -10.2002 40.7366
      vertex -82.5 -9.95218 41.7266
      vertex 61 -9.95218 41.7266
    endloop
  endfacet
  facet normal 0 0.970022 -0.243015
    outer loop
      vertex -82.5 -9.95218 41.7266
      vertex 61 -10.2002 40.7366
      vertex -82.5 -10.2002 40.7366
    endloop
  endfacet
  facet normal 0 0.989185 -0.146673
    outer loop
      vertex 61 -10.3499 39.727
      vertex -82.5 -10.2002 40.7366
      vertex 61 -10.2002 40.7366
    endloop
  endfacet
  facet normal 0 0.989185 -0.146673
    outer loop
      vertex -82.5 -10.2002 40.7366
      vertex 61 -10.3499 39.727
      vertex -82.5 -10.3499 39.727
    endloop
  endfacet
  facet normal 0 0.998794 -0.0490921
    outer loop
      vertex 61 -10.4 38.7077
      vertex -82.5 -10.3499 39.727
      vertex 61 -10.3499 39.727
    endloop
  endfacet
  facet normal 0 0.998794 -0.0490921
    outer loop
      vertex -82.5 -10.3499 39.727
      vertex 61 -10.4 38.7077
      vertex -82.5 -10.4 38.7077
    endloop
  endfacet
  facet normal 0 0.998794 0.0490873
    outer loop
      vertex 61 -10.3499 37.6883
      vertex -82.5 -10.4 38.7077
      vertex 61 -10.4 38.7077
    endloop
  endfacet
  facet normal 0 0.998794 0.0490873
    outer loop
      vertex -82.5 -10.4 38.7077
      vertex 61 -10.3499 37.6883
      vertex -82.5 -10.3499 37.6883
    endloop
  endfacet
  facet normal 1 -0 0
    outer loop
      vertex 61 7.35507 46.0603
      vertex 61 12 44.2438
      vertex 61 8.76959 47.4742
    endloop
  endfacet
  facet normal 1 0 0
    outer loop
      vertex 61 7.3539 46.0616
      vertex 61 8.76959 47.4742
      vertex 61 8.76811 47.4758
    endloop
  endfacet
  facet normal 1 0 0
    outer loop
      vertex 61 7.3539 46.0616
      vertex 61 8.76811 47.4758
      vertex 61 7.86647 48.293
    endloop
  endfacet
  facet normal 1 0 0
    outer loop
      vertex 61 12 44.2438
      vertex 61 7.35507 46.0603
      vertex 61 12 41.4154
    endloop
  endfacet
  facet normal 1 0 0
    outer loop
      vertex 61 8.76959 47.4742
      vertex 61 7.3539 46.0616
      vertex 61 7.35507 46.0603
    endloop
  endfacet
  facet normal 1 0 0
    outer loop
      vertex 61 6.59769 46.747
      vertex 61 7.86647 48.293
      vertex 61 6.88907 49.0179
    endloop
  endfacet
  facet normal 1 0 0
    outer loop
      vertex 61 7.86647 48.293
      vertex 61 6.59769 46.747
      vertex 61 7.3539 46.0616
    endloop
  endfacet
  facet normal 1 0 0
    outer loop
      vertex 61 5.77792 47.355
      vertex 61 6.88907 49.0179
      vertex 61 5.84531 49.6435
    endloop
  endfacet
  facet normal 1 0 0
    outer loop
      vertex 61 6.88907 49.0179
      vertex 61 5.77792 47.355
      vertex 61 6.59769 46.747
    endloop
  endfacet
  facet normal 1 0 0
    outer loop
      vertex 61 5.84531 49.6435
      vertex 61 4.90251 47.8796
      vertex 61 5.77792 47.355
    endloop
  endfacet
  facet normal 1 0 0
    outer loop
      vertex 61 4.74527 50.1638
      vertex 61 4.90251 47.8796
      vertex 61 5.84531 49.6435
    endloop
  endfacet
  facet normal 1 0 0
    outer loop
      vertex 61 4.74527 50.1638
      vertex 61 3.9799 48.316
      vertex 61 4.90251 47.8796
    endloop
  endfacet
  facet normal 1 0 0
    outer loop
      vertex 61 3.59952 50.5737
      vertex 61 3.9799 48.316
      vertex 61 4.74527 50.1638
    endloop
  endfacet
  facet normal 1 0 0
    outer loop
      vertex 61 3.59952 50.5737
      vertex 61 3.01895 48.6599
      vertex 61 3.9799 48.316
    endloop
  endfacet
  facet normal 1 0 0
    outer loop
      vertex 61 2.41911 50.8694
      vertex 61 3.01895 48.6599
      vertex 61 3.59952 50.5737
    endloop
  endfacet
  facet normal 1 0 0
    outer loop
      vertex 61 2.41911 50.8694
      vertex 61 2.02893 48.9078
      vertex 61 3.01895 48.6599
    endloop
  endfacet
  facet normal 1 0 0
    outer loop
      vertex 61 1.21541 51.048
      vertex 61 2.02893 48.9078
      vertex 61 2.41911 50.8694
    endloop
  endfacet
  facet normal 1 0 0
    outer loop
      vertex 61 1.21541 51.048
      vertex 61 1.01936 49.0576
      vertex 61 2.02893 48.9078
    endloop
  endfacet
  facet normal 1 0 0
    outer loop
      vertex 61 0 51.1077
      vertex 61 1.01936 49.0576
      vertex 61 1.21541 51.048
    endloop
  endfacet
  facet normal 1 0 0
    outer loop
      vertex 61 0 51.1077
      vertex 61 0 49.1077
      vertex 61 1.01936 49.0576
    endloop
  endfacet
  facet normal 1 0 0
    outer loop
      vertex 61 0 51.1077
      vertex 61 -1.01936 49.0576
      vertex 61 0 49.1077
    endloop
  endfacet
  facet normal 1 -0 0
    outer loop
      vertex 61 -1.21541 51.048
      vertex 61 -1.01936 49.0576
      vertex 61 0 51.1077
    endloop
  endfacet
  facet normal 1 0 0
    outer loop
      vertex 61 -1.21541 51.048
      vertex 61 -2.02893 48.9078
      vertex 61 -1.01936 49.0576
    endloop
  endfacet
  facet normal 1 -0 0
    outer loop
      vertex 61 -2.41911 50.8694
      vertex 61 -2.02893 48.9078
      vertex 61 -1.21541 51.048
    endloop
  endfacet
  facet normal 1 0 0
    outer loop
      vertex 61 -2.41911 50.8694
      vertex 61 -3.01895 48.6599
      vertex 61 -2.02893 48.9078
    endloop
  endfacet
  facet normal 1 -0 0
    outer loop
      vertex 61 -3.59952 50.5737
      vertex 61 -3.01895 48.6599
      vertex 61 -2.41911 50.8694
    endloop
  endfacet
  facet normal 1 0 0
    outer loop
      vertex 61 -3.59952 50.5737
      vertex 61 -3.9799 48.316
      vertex 61 -3.01895 48.6599
    endloop
  endfacet
  facet normal 1 -0 0
    outer loop
      vertex 61 -4.74527 50.1638
      vertex 61 -3.9799 48.316
      vertex 61 -3.59952 50.5737
    endloop
  endfacet
  facet normal 1 0 0
    outer loop
      vertex 61 -4.74527 50.1638
      vertex 61 -4.90251 47.8796
      vertex 61 -3.9799 48.316
    endloop
  endfacet
  facet normal 1 -0 0
    outer loop
      vertex 61 -5.84531 49.6435
      vertex 61 -4.90251 47.8796
      vertex 61 -4.74527 50.1638
    endloop
  endfacet
  facet normal 1 0 0
    outer loop
      vertex 61 -4.90251 47.8796
      vertex 61 -5.84531 49.6435
      vertex 61 -5.77792 47.355
    endloop
  endfacet
  facet normal 1 -0 0
    outer loop
      vertex 61 -6.88907 49.0179
      vertex 61 -5.77792 47.355
      vertex 61 -5.84531 49.6435
    endloop
  endfacet
  facet normal 1 0 0
    outer loop
      vertex 61 -5.77792 47.355
      vertex 61 -6.88907 49.0179
      vertex 61 -6.59769 46.747
    endloop
  endfacet
  facet normal 1 -0 0
    outer loop
      vertex 61 -7.86647 48.293
      vertex 61 -6.59769 46.747
      vertex 61 -6.88907 49.0179
    endloop
  endfacet
  facet normal 1 0 0
    outer loop
      vertex 61 -6.59769 46.747
      vertex 61 -7.86647 48.293
      vertex 61 -7.3539 46.0616
    endloop
  endfacet
  facet normal 1 -0 0
    outer loop
      vertex 61 -8.76811 47.4758
      vertex 61 -7.3539 46.0616
      vertex 61 -7.86647 48.293
    endloop
  endfacet
  facet normal 1 0 0
    outer loop
      vertex 61 -7.3539 46.0616
      vertex 61 -8.76811 47.4758
      vertex 61 -8.03931 45.3054
    endloop
  endfacet
  facet normal 1 -0 0
    outer loop
      vertex 61 -9.58533 46.5742
      vertex 61 -8.03931 45.3054
      vertex 61 -8.76811 47.4758
    endloop
  endfacet
  facet normal 1 0 0
    outer loop
      vertex 61 -8.03931 45.3054
      vertex 61 -9.58533 46.5742
      vertex 61 -8.64728 44.4856
    endloop
  endfacet
  facet normal 1 -0 0
    outer loop
      vertex 61 -10.3102 45.5967
      vertex 61 -8.64728 44.4856
      vertex 61 -9.58533 46.5742
    endloop
  endfacet
  facet normal 1 0 0
    outer loop
      vertex 61 -8.64728 44.4856
      vertex 61 -10.3102 45.5967
      vertex 61 -9.17197 43.6102
    endloop
  endfacet
  facet normal 1 -0 0
    outer loop
      vertex 61 -10.9358 44.553
      vertex 61 -9.17197 43.6102
      vertex 61 -10.3102 45.5967
    endloop
  endfacet
  facet normal 1 0 0
    outer loop
      vertex 61 -9.17197 43.6102
      vertex 61 -10.9358 44.553
      vertex 61 -9.60834 42.6876
    endloop
  endfacet
  facet normal 1 -0 0
    outer loop
      vertex 61 -11.4561 43.4529
      vertex 61 -9.60834 42.6876
      vertex 61 -10.9358 44.553
    endloop
  endfacet
  facet normal 1 0 0
    outer loop
      vertex 61 -9.60834 42.6876
      vertex 61 -11.4561 43.4529
      vertex 61 -9.95218 41.7266
    endloop
  endfacet
  facet normal 1 -0 0
    outer loop
      vertex 61 -11.8661 42.3072
      vertex 61 -9.95218 41.7266
      vertex 61 -11.4561 43.4529
    endloop
  endfacet
  facet normal 1 -0 0
    outer loop
      vertex 61 -12 41.7725
      vertex 61 -9.95218 41.7266
      vertex 61 -11.8661 42.3072
    endloop
  endfacet
  facet normal 1 0 0
    outer loop
      vertex 61 7.35507 31.3551
      vertex 61 12 33.1716
      vertex 61 12 36
    endloop
  endfacet
  facet normal 1 0 0
    outer loop
      vertex 61 12 33.1716
      vertex 61 7.35507 31.3551
      vertex 61 8.76959 29.9412
    endloop
  endfacet
  facet normal 1 -0 0
    outer loop
      vertex 61 7.3539 31.3538
      vertex 61 8.76959 29.9412
      vertex 61 7.35507 31.3551
    endloop
  endfacet
  facet normal 1 0 0
    outer loop
      vertex 61 8.76959 29.9412
      vertex 61 7.3539 31.3538
      vertex 61 8.76811 29.9396
    endloop
  endfacet
  facet normal 1 0 0
    outer loop
      vertex 61 8.76811 29.9396
      vertex 61 7.3539 31.3538
      vertex 61 7.86647 29.1224
    endloop
  endfacet
  facet normal 1 -0 0
    outer loop
      vertex 61 6.59769 30.6684
      vertex 61 7.86647 29.1224
      vertex 61 7.3539 31.3538
    endloop
  endfacet
  facet normal 1 0 0
    outer loop
      vertex 61 7.86647 29.1224
      vertex 61 6.59769 30.6684
      vertex 61 6.88907 28.3975
    endloop
  endfacet
  facet normal 1 -0 0
    outer loop
      vertex 61 5.77792 30.0604
      vertex 61 6.88907 28.3975
      vertex 61 6.59769 30.6684
    endloop
  endfacet
  facet normal 1 0 0
    outer loop
      vertex 61 6.88907 28.3975
      vertex 61 5.77792 30.0604
      vertex 61 5.84531 27.7719
    endloop
  endfacet
  facet normal 1 -0 0
    outer loop
      vertex 61 4.90251 29.5357
      vertex 61 5.84531 27.7719
      vertex 61 5.77792 30.0604
    endloop
  endfacet
  facet normal 1 0 0
    outer loop
      vertex 61 4.90251 29.5357
      vertex 61 4.74527 27.2516
      vertex 61 5.84531 27.7719
    endloop
  endfacet
  facet normal 1 -0 0
    outer loop
      vertex 61 3.9799 29.0993
      vertex 61 4.74527 27.2516
      vertex 61 4.90251 29.5357
    endloop
  endfacet
  facet normal 1 0 0
    outer loop
      vertex 61 3.9799 29.0993
      vertex 61 3.59952 26.8416
      vertex 61 4.74527 27.2516
    endloop
  endfacet
  facet normal 1 -0 0
    outer loop
      vertex 61 3.01895 28.7555
      vertex 61 3.59952 26.8416
      vertex 61 3.9799 29.0993
    endloop
  endfacet
  facet normal 1 0 0
    outer loop
      vertex 61 3.01895 28.7555
      vertex 61 2.41911 26.546
      vertex 61 3.59952 26.8416
    endloop
  endfacet
  facet normal 1 -0 0
    outer loop
      vertex 61 2.02893 28.5075
      vertex 61 2.41911 26.546
      vertex 61 3.01895 28.7555
    endloop
  endfacet
  facet normal 1 0 0
    outer loop
      vertex 61 2.02893 28.5075
      vertex 61 1.21541 26.3674
      vertex 61 2.41911 26.546
    endloop
  endfacet
  facet normal 1 -0 0
    outer loop
      vertex 61 1.01936 28.3578
      vertex 61 1.21541 26.3674
      vertex 61 2.02893 28.5075
    endloop
  endfacet
  facet normal 1 -0 0
    outer loop
      vertex 61 0 28.3077
      vertex 61 1.21541 26.3674
      vertex 61 1.01936 28.3578
    endloop
  endfacet
  facet normal 1 0 0
    outer loop
      vertex 61 0 28.3077
      vertex 61 0 26.3077
      vertex 61 1.21541 26.3674
    endloop
  endfacet
  facet normal 1 0 0
    outer loop
      vertex 61 -1.01936 28.3578
      vertex 61 0 26.3077
      vertex 61 0 28.3077
    endloop
  endfacet
  facet normal 1 0 0
    outer loop
      vertex 61 -1.01936 28.3578
      vertex 61 -1.21541 26.3674
      vertex 61 0 26.3077
    endloop
  endfacet
  facet normal 1 0 0
    outer loop
      vertex 61 -2.02893 28.5075
      vertex 61 -1.21541 26.3674
      vertex 61 -1.01936 28.3578
    endloop
  endfacet
  facet normal 1 0 0
    outer loop
      vertex 61 -2.02893 28.5075
      vertex 61 -2.41911 26.546
      vertex 61 -1.21541 26.3674
    endloop
  endfacet
  facet normal 1 0 0
    outer loop
      vertex 61 -3.01895 28.7555
      vertex 61 -2.41911 26.546
      vertex 61 -2.02893 28.5075
    endloop
  endfacet
  facet normal 1 0 0
    outer loop
      vertex 61 -3.01895 28.7555
      vertex 61 -3.59952 26.8416
      vertex 61 -2.41911 26.546
    endloop
  endfacet
  facet normal 1 0 0
    outer loop
      vertex 61 -3.9799 29.0993
      vertex 61 -3.59952 26.8416
      vertex 61 -3.01895 28.7555
    endloop
  endfacet
  facet normal 1 0 0
    outer loop
      vertex 61 -3.9799 29.0993
      vertex 61 -4.74527 27.2516
      vertex 61 -3.59952 26.8416
    endloop
  endfacet
  facet normal 1 0 0
    outer loop
      vertex 61 -4.90251 29.5357
      vertex 61 -4.74527 27.2516
      vertex 61 -3.9799 29.0993
    endloop
  endfacet
  facet normal 1 0 0
    outer loop
      vertex 61 -5.84531 27.7719
      vertex 61 -4.90251 29.5357
      vertex 61 -5.77792 30.0604
    endloop
  endfacet
  facet normal 1 0 0
    outer loop
      vertex 61 -4.90251 29.5357
      vertex 61 -5.84531 27.7719
      vertex 61 -4.74527 27.2516
    endloop
  endfacet
  facet normal 1 0 0
    outer loop
      vertex 61 -6.88907 28.3975
      vertex 61 -5.77792 30.0604
      vertex 61 -6.59769 30.6684
    endloop
  endfacet
  facet normal 1 0 0
    outer loop
      vertex 61 -5.77792 30.0604
      vertex 61 -6.88907 28.3975
      vertex 61 -5.84531 27.7719
    endloop
  endfacet
  facet normal 1 0 0
    outer loop
      vertex 61 -7.86647 29.1224
      vertex 61 -6.59769 30.6684
      vertex 61 -7.3539 31.3538
    endloop
  endfacet
  facet normal 1 0 0
    outer loop
      vertex 61 -6.59769 30.6684
      vertex 61 -7.86647 29.1224
      vertex 61 -6.88907 28.3975
    endloop
  endfacet
  facet normal 1 0 0
    outer loop
      vertex 61 -8.76811 29.9396
      vertex 61 -7.3539 31.3538
      vertex 61 -8.03931 32.11
    endloop
  endfacet
  facet normal 1 0 0
    outer loop
      vertex 61 -9.58533 30.8412
      vertex 61 -8.03931 32.11
      vertex 61 -8.64728 32.9298
    endloop
  endfacet
  facet normal 1 0 0
    outer loop
      vertex 61 -7.3539 31.3538
      vertex 61 -8.76811 29.9396
      vertex 61 -7.86647 29.1224
    endloop
  endfacet
  facet normal 1 0 0
    outer loop
      vertex 61 -10.3102 31.8186
      vertex 61 -8.64728 32.9298
      vertex 61 -9.17197 33.8052
    endloop
  endfacet
  facet normal 1 0 0
    outer loop
      vertex 61 -8.03931 32.11
      vertex 61 -9.58533 30.8412
      vertex 61 -8.76811 29.9396
    endloop
  endfacet
  facet normal 1 0 0
    outer loop
      vertex 61 -10.9358 32.8624
      vertex 61 -9.17197 33.8052
      vertex 61 -9.60834 34.7278
    endloop
  endfacet
  facet normal 1 0 0
    outer loop
      vertex 61 -11.4561 33.9624
      vertex 61 -9.60834 34.7278
      vertex 61 -9.95218 35.6887
    endloop
  endfacet
  facet normal 1 0 0
    outer loop
      vertex 61 -12 35.6429
      vertex 61 -9.95218 35.6887
      vertex 61 -10.2002 36.6787
    endloop
  endfacet
  facet normal 1 0 0
    outer loop
      vertex 61 -8.64728 32.9298
      vertex 61 -10.3102 31.8186
      vertex 61 -9.58533 30.8412
    endloop
  endfacet
  facet normal 1 0 0
    outer loop
      vertex 61 -12 35.6429
      vertex 61 -10.2002 36.6787
      vertex 61 -10.3499 37.6883
    endloop
  endfacet
  facet normal 1 0 0
    outer loop
      vertex 61 -12 35.6429
      vertex 61 -10.3499 37.6883
      vertex 61 -10.4 38.7077
    endloop
  endfacet
  facet normal 1 0 0
    outer loop
      vertex 61 -9.95218 41.7266
      vertex 61 -12 41.7725
      vertex 61 -10.2002 40.7366
    endloop
  endfacet
  facet normal 1 0 0
    outer loop
      vertex 61 -9.17197 33.8052
      vertex 61 -10.9358 32.8624
      vertex 61 -10.3102 31.8186
    endloop
  endfacet
  facet normal 1 0 0
    outer loop
      vertex 61 -10.2002 40.7366
      vertex 61 -12 41.7725
      vertex 61 -10.3499 39.727
    endloop
  endfacet
  facet normal 1 0 0
    outer loop
      vertex 61 -12 35.6429
      vertex 61 -10.4 38.7077
      vertex 61 -12 41.7725
    endloop
  endfacet
  facet normal 1 0 0
    outer loop
      vertex 61 -10.3499 39.727
      vertex 61 -12 41.7725
      vertex 61 -10.4 38.7077
    endloop
  endfacet
  facet normal 1 0 0
    outer loop
      vertex 61 -9.60834 34.7278
      vertex 61 -11.4561 33.9624
      vertex 61 -10.9358 32.8624
    endloop
  endfacet
  facet normal 1 0 0
    outer loop
      vertex 61 -9.95218 35.6887
      vertex 61 -12 35.6429
      vertex 61 -11.8661 35.1082
    endloop
  endfacet
  facet normal 1 0 0
    outer loop
      vertex 61 -9.95218 35.6887
      vertex 61 -11.8661 35.1082
      vertex 61 -11.4561 33.9624
    endloop
  endfacet
  facet normal 0 0.970046 0.24292
    outer loop
      vertex 86 -11.8661 35.1082
      vertex 61 -12 35.6429
      vertex 86 -12 35.6429
    endloop
  endfacet
  facet normal 0 0.970046 0.24292
    outer loop
      vertex 61 -12 35.6429
      vertex 86 -11.8661 35.1082
      vertex 61 -11.8661 35.1082
    endloop
  endfacet
  facet normal 0 0.941537 0.336909
    outer loop
      vertex 86 -11.4561 33.9624
      vertex 61 -11.8661 35.1082
      vertex 86 -11.8661 35.1082
    endloop
  endfacet
  facet normal 0 0.941537 0.336909
    outer loop
      vertex 61 -11.8661 35.1082
      vertex 86 -11.4561 33.9624
      vertex 61 -11.4561 33.9624
    endloop
  endfacet
  facet normal 0 0.903977 0.427581
    outer loop
      vertex 86 -10.9358 32.8624
      vertex 61 -11.4561 33.9624
      vertex 86 -11.4561 33.9624
    endloop
  endfacet
  facet normal 0 0.903977 0.427581
    outer loop
      vertex 61 -11.4561 33.9624
      vertex 86 -10.9358 32.8624
      vertex 61 -10.9358 32.8624
    endloop
  endfacet
  facet normal 0 0.857739 0.514085
    outer loop
      vertex 86 -10.3102 31.8186
      vertex 61 -10.9358 32.8624
      vertex 86 -10.9358 32.8624
    endloop
  endfacet
  facet normal 0 0.857739 0.514085
    outer loop
      vertex 61 -10.9358 32.8624
      vertex 86 -10.3102 31.8186
      vertex 61 -10.3102 31.8186
    endloop
  endfacet
  facet normal 0 0.803215 0.595689
    outer loop
      vertex 86 -9.58533 30.8412
      vertex 61 -10.3102 31.8186
      vertex 86 -10.3102 31.8186
    endloop
  endfacet
  facet normal 0 0.803215 0.595689
    outer loop
      vertex 61 -10.3102 31.8186
      vertex 86 -9.58533 30.8412
      vertex 61 -9.58533 30.8412
    endloop
  endfacet
  facet normal 0 0.740928 0.671585
    outer loop
      vertex 86 -8.76811 29.9396
      vertex 61 -9.58533 30.8412
      vertex 86 -9.58533 30.8412
    endloop
  endfacet
  facet normal 0 0.740928 0.671585
    outer loop
      vertex 61 -9.58533 30.8412
      vertex 86 -8.76811 29.9396
      vertex 61 -8.76811 29.9396
    endloop
  endfacet
  facet normal -0 0.671559 0.740951
    outer loop
      vertex 61 -7.86647 29.1224
      vertex 86 -8.76811 29.9396
      vertex 86 -7.86647 29.1224
    endloop
  endfacet
  facet normal 0 0.671559 0.740951
    outer loop
      vertex 86 -8.76811 29.9396
      vertex 61 -7.86647 29.1224
      vertex 61 -8.76811 29.9396
    endloop
  endfacet
  facet normal -0 0.595705 0.803203
    outer loop
      vertex 61 -6.88907 28.3975
      vertex 86 -7.86647 29.1224
      vertex 86 -6.88907 28.3975
    endloop
  endfacet
  facet normal 0 0.595705 0.803203
    outer loop
      vertex 86 -7.86647 29.1224
      vertex 61 -6.88907 28.3975
      vertex 61 -7.86647 29.1224
    endloop
  endfacet
  facet normal -0 0.514099 0.857731
    outer loop
      vertex 61 -5.84531 27.7719
      vertex 86 -6.88907 28.3975
      vertex 86 -5.84531 27.7719
    endloop
  endfacet
  facet normal 0 0.514099 0.857731
    outer loop
      vertex 86 -6.88907 28.3975
      vertex 61 -5.84531 27.7719
      vertex 61 -6.88907 28.3975
    endloop
  endfacet
  facet normal -0 0.427568 0.903983
    outer loop
      vertex 61 -4.74527 27.2516
      vertex 86 -5.84531 27.7719
      vertex 86 -4.74527 27.2516
    endloop
  endfacet
  facet normal 0 0.427568 0.903983
    outer loop
      vertex 86 -5.84531 27.7719
      vertex 61 -4.74527 27.2516
      vertex 61 -5.84531 27.7719
    endloop
  endfacet
  facet normal -0 0.336922 0.941533
    outer loop
      vertex 61 -3.59952 26.8416
      vertex 86 -4.74527 27.2516
      vertex 86 -3.59952 26.8416
    endloop
  endfacet
  facet normal 0 0.336922 0.941533
    outer loop
      vertex 86 -4.74527 27.2516
      vertex 61 -3.59952 26.8416
      vertex 61 -4.74527 27.2516
    endloop
  endfacet
  facet normal -0 0.24292 0.970046
    outer loop
      vertex 61 -2.41911 26.546
      vertex 86 -3.59952 26.8416
      vertex 86 -2.41911 26.546
    endloop
  endfacet
  facet normal 0 0.24292 0.970046
    outer loop
      vertex 86 -3.59952 26.8416
      vertex 61 -2.41911 26.546
      vertex 61 -3.59952 26.8416
    endloop
  endfacet
  facet normal -0 0.146769 0.989171
    outer loop
      vertex 61 -1.21541 26.3674
      vertex 86 -2.41911 26.546
      vertex 86 -1.21541 26.3674
    endloop
  endfacet
  facet normal 0 0.146769 0.989171
    outer loop
      vertex 86 -2.41911 26.546
      vertex 61 -1.21541 26.3674
      vertex 61 -2.41911 26.546
    endloop
  endfacet
  facet normal -0 0.0490601 0.998796
    outer loop
      vertex 61 0 26.3077
      vertex 86 -1.21541 26.3674
      vertex 86 0 26.3077
    endloop
  endfacet
  facet normal 0 0.0490601 0.998796
    outer loop
      vertex 86 -1.21541 26.3674
      vertex 61 0 26.3077
      vertex 61 -1.21541 26.3674
    endloop
  endfacet
  facet normal 0 -0.0490601 0.998796
    outer loop
      vertex 61 1.21541 26.3674
      vertex 86 0 26.3077
      vertex 86 1.21541 26.3674
    endloop
  endfacet
  facet normal 0 -0.0490601 0.998796
    outer loop
      vertex 86 0 26.3077
      vertex 61 1.21541 26.3674
      vertex 61 0 26.3077
    endloop
  endfacet
  facet normal 0 -0.146769 0.989171
    outer loop
      vertex 61 2.41911 26.546
      vertex 86 1.21541 26.3674
      vertex 86 2.41911 26.546
    endloop
  endfacet
  facet normal 0 -0.146769 0.989171
    outer loop
      vertex 86 1.21541 26.3674
      vertex 61 2.41911 26.546
      vertex 61 1.21541 26.3674
    endloop
  endfacet
  facet normal 0 -0.24292 0.970046
    outer loop
      vertex 61 3.59952 26.8416
      vertex 86 2.41911 26.546
      vertex 86 3.59952 26.8416
    endloop
  endfacet
  facet normal 0 -0.24292 0.970046
    outer loop
      vertex 86 2.41911 26.546
      vertex 61 3.59952 26.8416
      vertex 61 2.41911 26.546
    endloop
  endfacet
  facet normal 0 -0.336922 0.941533
    outer loop
      vertex 61 4.74527 27.2516
      vertex 86 3.59952 26.8416
      vertex 86 4.74527 27.2516
    endloop
  endfacet
  facet normal 0 -0.336922 0.941533
    outer loop
      vertex 86 3.59952 26.8416
      vertex 61 4.74527 27.2516
      vertex 61 3.59952 26.8416
    endloop
  endfacet
  facet normal 0 -0.427568 0.903983
    outer loop
      vertex 61 5.84531 27.7719
      vertex 86 4.74527 27.2516
      vertex 86 5.84531 27.7719
    endloop
  endfacet
  facet normal 0 -0.427568 0.903983
    outer loop
      vertex 86 4.74527 27.2516
      vertex 61 5.84531 27.7719
      vertex 61 4.74527 27.2516
    endloop
  endfacet
  facet normal 0 -0.514099 0.857731
    outer loop
      vertex 61 6.88907 28.3975
      vertex 86 5.84531 27.7719
      vertex 86 6.88907 28.3975
    endloop
  endfacet
  facet normal 0 -0.514099 0.857731
    outer loop
      vertex 86 5.84531 27.7719
      vertex 61 6.88907 28.3975
      vertex 61 5.84531 27.7719
    endloop
  endfacet
  facet normal 0 -0.595705 0.803203
    outer loop
      vertex 61 7.86647 29.1224
      vertex 86 6.88907 28.3975
      vertex 86 7.86647 29.1224
    endloop
  endfacet
  facet normal 0 -0.595705 0.803203
    outer loop
      vertex 86 6.88907 28.3975
      vertex 61 7.86647 29.1224
      vertex 61 6.88907 28.3975
    endloop
  endfacet
  facet normal 0 -0.671559 0.740951
    outer loop
      vertex 61 8.76811 29.9396
      vertex 86 7.86647 29.1224
      vertex 86 8.76811 29.9396
    endloop
  endfacet
  facet normal 0 -0.671559 0.740951
    outer loop
      vertex 86 7.86647 29.1224
      vertex 61 8.76811 29.9396
      vertex 61 7.86647 29.1224
    endloop
  endfacet
  facet normal 0 -0.734099 0.679042
    outer loop
      vertex 61 8.76811 29.9396
      vertex 86 8.76959 29.9412
      vertex 61 8.76959 29.9412
    endloop
  endfacet
  facet normal 0 -0.734099 0.679042
    outer loop
      vertex 86 8.76959 29.9412
      vertex 61 8.76811 29.9396
      vertex 86 8.76811 29.9396
    endloop
  endfacet
  facet normal 0 -0.707106 0.707108
    outer loop
      vertex 61 8.76959 29.9412
      vertex 86 12 33.1716
      vertex 61 12 33.1716
    endloop
  endfacet
  facet normal 0 -0.707106 0.707108
    outer loop
      vertex 86 12 33.1716
      vertex 61 8.76959 29.9412
      vertex 86 8.76959 29.9412
    endloop
  endfacet
  facet normal 0 -0.707106 -0.707108
    outer loop
      vertex 61 12 44.2438
      vertex 86 8.76959 47.4742
      vertex 61 8.76959 47.4742
    endloop
  endfacet
  facet normal 0 -0.707106 -0.707108
    outer loop
      vertex 86 8.76959 47.4742
      vertex 61 12 44.2438
      vertex 86 12 44.2438
    endloop
  endfacet
  facet normal 0 -0.734099 -0.679042
    outer loop
      vertex 61 8.76959 47.4742
      vertex 86 8.76811 47.4758
      vertex 61 8.76811 47.4758
    endloop
  endfacet
  facet normal 0 -0.734099 -0.679042
    outer loop
      vertex 86 8.76811 47.4758
      vertex 61 8.76959 47.4742
      vertex 86 8.76959 47.4742
    endloop
  endfacet
  facet normal 0 -0.671559 -0.740951
    outer loop
      vertex 61 7.86647 48.293
      vertex 86 8.76811 47.4758
      vertex 86 7.86647 48.293
    endloop
  endfacet
  facet normal -0 -0.671559 -0.740951
    outer loop
      vertex 86 8.76811 47.4758
      vertex 61 7.86647 48.293
      vertex 61 8.76811 47.4758
    endloop
  endfacet
  facet normal 0 -0.595705 -0.803203
    outer loop
      vertex 61 6.88907 49.0179
      vertex 86 7.86647 48.293
      vertex 86 6.88907 49.0179
    endloop
  endfacet
  facet normal -0 -0.595705 -0.803203
    outer loop
      vertex 86 7.86647 48.293
      vertex 61 6.88907 49.0179
      vertex 61 7.86647 48.293
    endloop
  endfacet
  facet normal 0 -0.514099 -0.857731
    outer loop
      vertex 61 5.84531 49.6435
      vertex 86 6.88907 49.0179
      vertex 86 5.84531 49.6435
    endloop
  endfacet
  facet normal -0 -0.514099 -0.857731
    outer loop
      vertex 86 6.88907 49.0179
      vertex 61 5.84531 49.6435
      vertex 61 6.88907 49.0179
    endloop
  endfacet
  facet normal 0 -0.427568 -0.903983
    outer loop
      vertex 61 4.74527 50.1638
      vertex 86 5.84531 49.6435
      vertex 86 4.74527 50.1638
    endloop
  endfacet
  facet normal -0 -0.427568 -0.903983
    outer loop
      vertex 86 5.84531 49.6435
      vertex 61 4.74527 50.1638
      vertex 61 5.84531 49.6435
    endloop
  endfacet
  facet normal 0 -0.336849 -0.941559
    outer loop
      vertex 61 3.59952 50.5737
      vertex 86 4.74527 50.1638
      vertex 86 3.59952 50.5737
    endloop
  endfacet
  facet normal -0 -0.336849 -0.941559
    outer loop
      vertex 86 4.74527 50.1638
      vertex 61 3.59952 50.5737
      vertex 61 4.74527 50.1638
    endloop
  endfacet
  facet normal 0 -0.242998 -0.970027
    outer loop
      vertex 61 2.41911 50.8694
      vertex 86 3.59952 50.5737
      vertex 86 2.41911 50.8694
    endloop
  endfacet
  facet normal -0 -0.242998 -0.970027
    outer loop
      vertex 86 3.59952 50.5737
      vertex 61 2.41911 50.8694
      vertex 61 3.59952 50.5737
    endloop
  endfacet
  facet normal 0 -0.146769 -0.989171
    outer loop
      vertex 61 1.21541 51.048
      vertex 86 2.41911 50.8694
      vertex 86 1.21541 51.048
    endloop
  endfacet
  facet normal -0 -0.146769 -0.989171
    outer loop
      vertex 86 2.41911 50.8694
      vertex 61 1.21541 51.048
      vertex 61 2.41911 50.8694
    endloop
  endfacet
  facet normal 0 -0.0490601 -0.998796
    outer loop
      vertex 61 0 51.1077
      vertex 86 1.21541 51.048
      vertex 86 0 51.1077
    endloop
  endfacet
  facet normal -0 -0.0490601 -0.998796
    outer loop
      vertex 86 1.21541 51.048
      vertex 61 0 51.1077
      vertex 61 1.21541 51.048
    endloop
  endfacet
  facet normal 0 0.0490601 -0.998796
    outer loop
      vertex 61 -1.21541 51.048
      vertex 86 0 51.1077
      vertex 86 -1.21541 51.048
    endloop
  endfacet
  facet normal 0 0.0490601 -0.998796
    outer loop
      vertex 86 0 51.1077
      vertex 61 -1.21541 51.048
      vertex 61 0 51.1077
    endloop
  endfacet
  facet normal 0 0.146769 -0.989171
    outer loop
      vertex 61 -2.41911 50.8694
      vertex 86 -1.21541 51.048
      vertex 86 -2.41911 50.8694
    endloop
  endfacet
  facet normal 0 0.146769 -0.989171
    outer loop
      vertex 86 -1.21541 51.048
      vertex 61 -2.41911 50.8694
      vertex 61 -1.21541 51.048
    endloop
  endfacet
  facet normal 0 0.242998 -0.970027
    outer loop
      vertex 61 -3.59952 50.5737
      vertex 86 -2.41911 50.8694
      vertex 86 -3.59952 50.5737
    endloop
  endfacet
  facet normal 0 0.242998 -0.970027
    outer loop
      vertex 86 -2.41911 50.8694
      vertex 61 -3.59952 50.5737
      vertex 61 -2.41911 50.8694
    endloop
  endfacet
  facet normal 0 0.336849 -0.941559
    outer loop
      vertex 61 -4.74527 50.1638
      vertex 86 -3.59952 50.5737
      vertex 86 -4.74527 50.1638
    endloop
  endfacet
  facet normal 0 0.336849 -0.941559
    outer loop
      vertex 86 -3.59952 50.5737
      vertex 61 -4.74527 50.1638
      vertex 61 -3.59952 50.5737
    endloop
  endfacet
  facet normal 0 0.427568 -0.903983
    outer loop
      vertex 61 -5.84531 49.6435
      vertex 86 -4.74527 50.1638
      vertex 86 -5.84531 49.6435
    endloop
  endfacet
  facet normal 0 0.427568 -0.903983
    outer loop
      vertex 86 -4.74527 50.1638
      vertex 61 -5.84531 49.6435
      vertex 61 -4.74527 50.1638
    endloop
  endfacet
  facet normal 0 0.514099 -0.857731
    outer loop
      vertex 61 -6.88907 49.0179
      vertex 86 -5.84531 49.6435
      vertex 86 -6.88907 49.0179
    endloop
  endfacet
  facet normal 0 0.514099 -0.857731
    outer loop
      vertex 86 -5.84531 49.6435
      vertex 61 -6.88907 49.0179
      vertex 61 -5.84531 49.6435
    endloop
  endfacet
  facet normal 0 0.595705 -0.803203
    outer loop
      vertex 61 -7.86647 48.293
      vertex 86 -6.88907 49.0179
      vertex 86 -7.86647 48.293
    endloop
  endfacet
  facet normal 0 0.595705 -0.803203
    outer loop
      vertex 86 -6.88907 49.0179
      vertex 61 -7.86647 48.293
      vertex 61 -6.88907 49.0179
    endloop
  endfacet
  facet normal 0 0.671559 -0.740951
    outer loop
      vertex 61 -8.76811 47.4758
      vertex 86 -7.86647 48.293
      vertex 86 -8.76811 47.4758
    endloop
  endfacet
  facet normal 0 0.671559 -0.740951
    outer loop
      vertex 86 -7.86647 48.293
      vertex 61 -8.76811 47.4758
      vertex 61 -7.86647 48.293
    endloop
  endfacet
  facet normal 0 0.740928 -0.671585
    outer loop
      vertex 86 -9.58533 46.5742
      vertex 61 -8.76811 47.4758
      vertex 86 -8.76811 47.4758
    endloop
  endfacet
  facet normal 0 0.740928 -0.671585
    outer loop
      vertex 61 -8.76811 47.4758
      vertex 86 -9.58533 46.5742
      vertex 61 -9.58533 46.5742
    endloop
  endfacet
  facet normal 0 0.803244 -0.59565
    outer loop
      vertex 86 -10.3102 45.5967
      vertex 61 -9.58533 46.5742
      vertex 86 -9.58533 46.5742
    endloop
  endfacet
  facet normal 0 0.803244 -0.59565
    outer loop
      vertex 61 -9.58533 46.5742
      vertex 86 -10.3102 45.5967
      vertex 61 -10.3102 45.5967
    endloop
  endfacet
  facet normal 0 0.857718 -0.514121
    outer loop
      vertex 86 -10.9358 44.553
      vertex 61 -10.3102 45.5967
      vertex 86 -10.3102 45.5967
    endloop
  endfacet
  facet normal 0 0.857718 -0.514121
    outer loop
      vertex 61 -10.3102 45.5967
      vertex 86 -10.9358 44.553
      vertex 61 -10.9358 44.553
    endloop
  endfacet
  facet normal 0 0.903992 -0.427549
    outer loop
      vertex 86 -11.4561 43.4529
      vertex 61 -10.9358 44.553
      vertex 86 -10.9358 44.553
    endloop
  endfacet
  facet normal 0 0.903992 -0.427549
    outer loop
      vertex 61 -10.9358 44.553
      vertex 86 -11.4561 43.4529
      vertex 61 -11.4561 43.4529
    endloop
  endfacet
  facet normal 0 0.941528 -0.336935
    outer loop
      vertex 86 -11.8661 42.3072
      vertex 61 -11.4561 43.4529
      vertex 86 -11.4561 43.4529
    endloop
  endfacet
  facet normal 0 0.941528 -0.336935
    outer loop
      vertex 61 -11.4561 43.4529
      vertex 86 -11.8661 42.3072
      vertex 61 -11.8661 42.3072
    endloop
  endfacet
  facet normal 0 0.970046 -0.24292
    outer loop
      vertex 86 -12 41.7725
      vertex 61 -11.8661 42.3072
      vertex 86 -11.8661 42.3072
    endloop
  endfacet
  facet normal 0 0.970046 -0.24292
    outer loop
      vertex 61 -11.8661 42.3072
      vertex 86 -12 41.7725
      vertex 61 -12 41.7725
    endloop
  endfacet
  facet normal 1 0 0
    outer loop
      vertex -82.5 7.35507 72.768
      vertex -82.5 12 62.7077
      vertex -82.5 12 68.123
    endloop
  endfacet
  facet normal 1 0 0
    outer loop
      vertex -82.5 7.35507 72.768
      vertex -82.5 7.35507 58.0628
      vertex -82.5 12 62.7077
    endloop
  endfacet
  facet normal 1 0 0
    outer loop
      vertex -82.5 6.59769 73.4547
      vertex -82.5 7.35507 72.768
      vertex -82.5 7.3539 72.7693
    endloop
  endfacet
  facet normal 1 0 0
    outer loop
      vertex -82.5 7.35507 72.768
      vertex -82.5 6.59769 73.4547
      vertex -82.5 7.35507 58.0628
    endloop
  endfacet
  facet normal 1 0 0
    outer loop
      vertex -82.5 6.59769 57.3761
      vertex -82.5 7.35507 58.0628
      vertex -82.5 6.59769 73.4547
    endloop
  endfacet
  facet normal 1 0 0
    outer loop
      vertex -82.5 7.35507 58.0628
      vertex -82.5 6.59769 57.3761
      vertex -82.5 7.3539 58.0615
    endloop
  endfacet
  facet normal 1 0 0
    outer loop
      vertex -82.5 5.77792 74.0626
      vertex -82.5 6.59769 57.3761
      vertex -82.5 6.59769 73.4547
    endloop
  endfacet
  facet normal 1 0 0
    outer loop
      vertex -82.5 5.77792 74.0626
      vertex -82.5 5.77792 56.7681
      vertex -82.5 6.59769 57.3761
    endloop
  endfacet
  facet normal 1 0 0
    outer loop
      vertex -82.5 4.90251 74.5873
      vertex -82.5 5.77792 56.7681
      vertex -82.5 5.77792 74.0626
    endloop
  endfacet
  facet normal 1 0 0
    outer loop
      vertex -82.5 4.90251 74.5873
      vertex -82.5 4.90251 56.2434
      vertex -82.5 5.77792 56.7681
    endloop
  endfacet
  facet normal 1 0 0
    outer loop
      vertex -82.5 3.9799 75.0237
      vertex -82.5 4.90251 56.2434
      vertex -82.5 4.90251 74.5873
    endloop
  endfacet
  facet normal 1 0 0
    outer loop
      vertex -82.5 3.9799 75.0237
      vertex -82.5 3.9799 55.807
      vertex -82.5 4.90251 56.2434
    endloop
  endfacet
  facet normal 1 0 0
    outer loop
      vertex -82.5 3.01895 75.3675
      vertex -82.5 3.9799 55.807
      vertex -82.5 3.9799 75.0237
    endloop
  endfacet
  facet normal 1 0 0
    outer loop
      vertex -82.5 3.01895 75.3675
      vertex -82.5 3.01895 55.4632
      vertex -82.5 3.9799 55.807
    endloop
  endfacet
  facet normal 1 0 0
    outer loop
      vertex -82.5 2.02893 75.6155
      vertex -82.5 3.01895 55.4632
      vertex -82.5 3.01895 75.3675
    endloop
  endfacet
  facet normal 1 0 0
    outer loop
      vertex -82.5 2.02893 75.6155
      vertex -82.5 2.02893 55.2152
      vertex -82.5 3.01895 55.4632
    endloop
  endfacet
  facet normal 1 0 0
    outer loop
      vertex -82.5 1.01936 75.7653
      vertex -82.5 2.02893 55.2152
      vertex -82.5 2.02893 75.6155
    endloop
  endfacet
  facet normal 1 0 0
    outer loop
      vertex -82.5 1.01936 75.7653
      vertex -82.5 1.01936 55.0654
      vertex -82.5 2.02893 55.2152
    endloop
  endfacet
  facet normal 1 0 0
    outer loop
      vertex -82.5 0 75.8154
      vertex -82.5 1.01936 55.0654
      vertex -82.5 1.01936 75.7653
    endloop
  endfacet
  facet normal 1 0 0
    outer loop
      vertex -82.5 0 75.8154
      vertex -82.5 0 55.0154
      vertex -82.5 1.01936 55.0654
    endloop
  endfacet
  facet normal 1 -0 0
    outer loop
      vertex -82.5 -1.01936 75.7653
      vertex -82.5 0 55.0154
      vertex -82.5 0 75.8154
    endloop
  endfacet
  facet normal 1 0 0
    outer loop
      vertex -82.5 -1.01936 75.7653
      vertex -82.5 -1.01936 55.0654
      vertex -82.5 0 55.0154
    endloop
  endfacet
  facet normal 1 -0 0
    outer loop
      vertex -82.5 -2.02893 75.6155
      vertex -82.5 -1.01936 55.0654
      vertex -82.5 -1.01936 75.7653
    endloop
  endfacet
  facet normal 1 0 0
    outer loop
      vertex -82.5 -2.02893 75.6155
      vertex -82.5 -2.02893 55.2152
      vertex -82.5 -1.01936 55.0654
    endloop
  endfacet
  facet normal 1 -0 0
    outer loop
      vertex -82.5 -3.01895 75.3675
      vertex -82.5 -2.02893 55.2152
      vertex -82.5 -2.02893 75.6155
    endloop
  endfacet
  facet normal 1 0 0
    outer loop
      vertex -82.5 -3.01895 75.3675
      vertex -82.5 -3.01895 55.4632
      vertex -82.5 -2.02893 55.2152
    endloop
  endfacet
  facet normal 1 -0 0
    outer loop
      vertex -82.5 -3.9799 75.0237
      vertex -82.5 -3.01895 55.4632
      vertex -82.5 -3.01895 75.3675
    endloop
  endfacet
  facet normal 1 0 0
    outer loop
      vertex -82.5 -3.9799 75.0237
      vertex -82.5 -3.9799 55.807
      vertex -82.5 -3.01895 55.4632
    endloop
  endfacet
  facet normal 1 -0 0
    outer loop
      vertex -82.5 -4.90251 74.5873
      vertex -82.5 -3.9799 55.807
      vertex -82.5 -3.9799 75.0237
    endloop
  endfacet
  facet normal 1 0 0
    outer loop
      vertex -82.5 -4.90251 74.5873
      vertex -82.5 -4.90251 56.2434
      vertex -82.5 -3.9799 55.807
    endloop
  endfacet
  facet normal 1 -0 0
    outer loop
      vertex -82.5 -5.77792 74.0626
      vertex -82.5 -4.90251 56.2434
      vertex -82.5 -4.90251 74.5873
    endloop
  endfacet
  facet normal 1 0 0
    outer loop
      vertex -82.5 -5.77792 74.0626
      vertex -82.5 -5.77792 56.7681
      vertex -82.5 -4.90251 56.2434
    endloop
  endfacet
  facet normal 1 -0 0
    outer loop
      vertex -82.5 -6.59769 73.4547
      vertex -82.5 -5.77792 56.7681
      vertex -82.5 -5.77792 74.0626
    endloop
  endfacet
  facet normal 1 0 0
    outer loop
      vertex -82.5 -6.59769 73.4547
      vertex -82.5 -6.59769 57.3761
      vertex -82.5 -5.77792 56.7681
    endloop
  endfacet
  facet normal 1 -0 0
    outer loop
      vertex -82.5 -7.3539 72.7693
      vertex -82.5 -6.59769 57.3761
      vertex -82.5 -6.59769 73.4547
    endloop
  endfacet
  facet normal 1 0 0
    outer loop
      vertex -82.5 -7.3539 72.7693
      vertex -82.5 -7.3539 58.0615
      vertex -82.5 -6.59769 57.3761
    endloop
  endfacet
  facet normal 1 -0 0
    outer loop
      vertex -82.5 -8.03931 72.013
      vertex -82.5 -7.3539 58.0615
      vertex -82.5 -7.3539 72.7693
    endloop
  endfacet
  facet normal 1 0 0
    outer loop
      vertex -82.5 -8.03931 72.013
      vertex -82.5 -8.03931 58.8177
      vertex -82.5 -7.3539 58.0615
    endloop
  endfacet
  facet normal 1 -0 0
    outer loop
      vertex -82.5 -8.64728 71.1933
      vertex -82.5 -8.03931 58.8177
      vertex -82.5 -8.03931 72.013
    endloop
  endfacet
  facet normal 1 0 0
    outer loop
      vertex -82.5 -8.64728 71.1933
      vertex -82.5 -8.64728 59.6374
      vertex -82.5 -8.03931 58.8177
    endloop
  endfacet
  facet normal 1 -0 0
    outer loop
      vertex -82.5 -9.17197 70.3179
      vertex -82.5 -8.64728 59.6374
      vertex -82.5 -8.64728 71.1933
    endloop
  endfacet
  facet normal 1 0 0
    outer loop
      vertex -82.5 -9.17197 70.3179
      vertex -82.5 -9.17197 60.5128
      vertex -82.5 -8.64728 59.6374
    endloop
  endfacet
  facet normal 1 -0 0
    outer loop
      vertex -82.5 -9.60834 69.3953
      vertex -82.5 -9.17197 60.5128
      vertex -82.5 -9.17197 70.3179
    endloop
  endfacet
  facet normal 1 0 0
    outer loop
      vertex -82.5 -9.60834 69.3953
      vertex -82.5 -9.60834 61.4355
      vertex -82.5 -9.17197 60.5128
    endloop
  endfacet
  facet normal 1 -0 0
    outer loop
      vertex -82.5 -9.95218 68.4343
      vertex -82.5 -9.60834 61.4355
      vertex -82.5 -9.60834 69.3953
    endloop
  endfacet
  facet normal 1 0 0
    outer loop
      vertex -82.5 -9.95218 68.4343
      vertex -82.5 -9.95218 62.3964
      vertex -82.5 -9.60834 61.4355
    endloop
  endfacet
  facet normal 1 -0 0
    outer loop
      vertex -82.5 -10.2002 67.4443
      vertex -82.5 -9.95218 62.3964
      vertex -82.5 -9.95218 68.4343
    endloop
  endfacet
  facet normal 1 0 0
    outer loop
      vertex -82.5 -10.2002 67.4443
      vertex -82.5 -10.2002 63.3864
      vertex -82.5 -9.95218 62.3964
    endloop
  endfacet
  facet normal 1 -0 0
    outer loop
      vertex -82.5 -10.3499 66.4347
      vertex -82.5 -10.2002 63.3864
      vertex -82.5 -10.2002 67.4443
    endloop
  endfacet
  facet normal 1 0 0
    outer loop
      vertex -82.5 -10.3499 66.4347
      vertex -82.5 -10.3499 64.396
      vertex -82.5 -10.2002 63.3864
    endloop
  endfacet
  facet normal 1 0 -0
    outer loop
      vertex -82.5 -10.3499 64.396
      vertex -82.5 -10.3499 66.4347
      vertex -82.5 -10.4 65.4154
    endloop
  endfacet
  facet normal 0 0.989185 0.146673
    outer loop
      vertex 61 -10.2002 63.3864
      vertex -82.5 -10.3499 64.396
      vertex 61 -10.3499 64.396
    endloop
  endfacet
  facet normal 0 0.989185 0.146673
    outer loop
      vertex -82.5 -10.3499 64.396
      vertex 61 -10.2002 63.3864
      vertex -82.5 -10.2002 63.3864
    endloop
  endfacet
  facet normal 0 0.970022 0.243015
    outer loop
      vertex 61 -9.95218 62.3964
      vertex -82.5 -10.2002 63.3864
      vertex 61 -10.2002 63.3864
    endloop
  endfacet
  facet normal 0 0.970022 0.243015
    outer loop
      vertex -82.5 -10.2002 63.3864
      vertex 61 -9.95218 62.3964
      vertex -82.5 -9.95218 62.3964
    endloop
  endfacet
  facet normal 0 0.941536 0.336911
    outer loop
      vertex 61 -9.60834 61.4355
      vertex -82.5 -9.95218 62.3964
      vertex 61 -9.95218 62.3964
    endloop
  endfacet
  facet normal 0 0.941536 0.336911
    outer loop
      vertex -82.5 -9.95218 62.3964
      vertex 61 -9.60834 61.4355
      vertex -82.5 -9.60834 61.4355
    endloop
  endfacet
  facet normal 0 0.904002 0.427527
    outer loop
      vertex 61 -9.17197 60.5128
      vertex -82.5 -9.60834 61.4355
      vertex 61 -9.60834 61.4355
    endloop
  endfacet
  facet normal 0 0.904002 0.427527
    outer loop
      vertex -82.5 -9.60834 61.4355
      vertex 61 -9.17197 60.5128
      vertex -82.5 -9.17197 60.5128
    endloop
  endfacet
  facet normal 0 0.857731 0.514099
    outer loop
      vertex 61 -8.64728 59.6374
      vertex -82.5 -9.17197 60.5128
      vertex 61 -9.17197 60.5128
    endloop
  endfacet
  facet normal 0 0.857731 0.514099
    outer loop
      vertex -82.5 -9.17197 60.5128
      vertex 61 -8.64728 59.6374
      vertex -82.5 -8.64728 59.6374
    endloop
  endfacet
  facet normal 0 0.803189 0.595724
    outer loop
      vertex 61 -8.03931 58.8177
      vertex -82.5 -8.64728 59.6374
      vertex 61 -8.64728 59.6374
    endloop
  endfacet
  facet normal 0 0.803189 0.595724
    outer loop
      vertex -82.5 -8.64728 59.6374
      vertex 61 -8.03931 58.8177
      vertex -82.5 -8.03931 58.8177
    endloop
  endfacet
  facet normal 0 0.740936 0.671575
    outer loop
      vertex 61 -7.3539 58.0615
      vertex -82.5 -8.03931 58.8177
      vertex 61 -8.03931 58.8177
    endloop
  endfacet
  facet normal 0 0.740936 0.671575
    outer loop
      vertex -82.5 -8.03931 58.8177
      vertex 61 -7.3539 58.0615
      vertex -82.5 -7.3539 58.0615
    endloop
  endfacet
  facet normal -0 0.671565 0.740946
    outer loop
      vertex -82.5 -6.59769 57.3761
      vertex 61 -7.3539 58.0615
      vertex 61 -6.59769 57.3761
    endloop
  endfacet
  facet normal 0 0.671565 0.740946
    outer loop
      vertex 61 -7.3539 58.0615
      vertex -82.5 -6.59769 57.3761
      vertex -82.5 -7.3539 58.0615
    endloop
  endfacet
  facet normal -0 0.59571 0.8032
    outer loop
      vertex -82.5 -5.77792 56.7681
      vertex 61 -6.59769 57.3761
      vertex 61 -5.77792 56.7681
    endloop
  endfacet
  facet normal 0 0.59571 0.8032
    outer loop
      vertex 61 -6.59769 57.3761
      vertex -82.5 -5.77792 56.7681
      vertex -82.5 -6.59769 57.3761
    endloop
  endfacet
  facet normal -0 0.514102 0.857729
    outer loop
      vertex -82.5 -4.90251 56.2434
      vertex 61 -5.77792 56.7681
      vertex 61 -4.90251 56.2434
    endloop
  endfacet
  facet normal 0 0.514102 0.857729
    outer loop
      vertex 61 -5.77792 56.7681
      vertex -82.5 -4.90251 56.2434
      vertex -82.5 -5.77792 56.7681
    endloop
  endfacet
  facet normal -0 0.427585 0.903975
    outer loop
      vertex -82.5 -3.9799 55.807
      vertex 61 -4.90251 56.2434
      vertex 61 -3.9799 55.807
    endloop
  endfacet
  facet normal 0 0.427585 0.903975
    outer loop
      vertex 61 -4.90251 56.2434
      vertex -82.5 -3.9799 55.807
      vertex -82.5 -4.90251 56.2434
    endloop
  endfacet
  facet normal -0 0.336861 0.941554
    outer loop
      vertex -82.5 -3.01895 55.4632
      vertex 61 -3.9799 55.807
      vertex 61 -3.01895 55.4632
    endloop
  endfacet
  facet normal 0 0.336861 0.941554
    outer loop
      vertex 61 -3.9799 55.807
      vertex -82.5 -3.01895 55.4632
      vertex -82.5 -3.9799 55.807
    endloop
  endfacet
  facet normal -0 0.242992 0.970028
    outer loop
      vertex -82.5 -2.02893 55.2152
      vertex 61 -3.01895 55.4632
      vertex 61 -2.02893 55.2152
    endloop
  endfacet
  facet normal 0 0.242992 0.970028
    outer loop
      vertex 61 -3.01895 55.4632
      vertex -82.5 -2.02893 55.2152
      vertex -82.5 -3.01895 55.4632
    endloop
  endfacet
  facet normal -0 0.146773 0.98917
    outer loop
      vertex -82.5 -1.01936 55.0654
      vertex 61 -2.02893 55.2152
      vertex 61 -1.01936 55.0654
    endloop
  endfacet
  facet normal 0 0.146773 0.98917
    outer loop
      vertex 61 -2.02893 55.2152
      vertex -82.5 -1.01936 55.0654
      vertex -82.5 -2.02893 55.2152
    endloop
  endfacet
  facet normal -0 0.0489915 0.998799
    outer loop
      vertex -82.5 0 55.0154
      vertex 61 -1.01936 55.0654
      vertex 61 0 55.0154
    endloop
  endfacet
  facet normal 0 0.0489915 0.998799
    outer loop
      vertex 61 -1.01936 55.0654
      vertex -82.5 0 55.0154
      vertex -82.5 -1.01936 55.0654
    endloop
  endfacet
  facet normal 0 -0.0489915 0.998799
    outer loop
      vertex -82.5 1.01936 55.0654
      vertex 61 0 55.0154
      vertex 61 1.01936 55.0654
    endloop
  endfacet
  facet normal 0 -0.0489915 0.998799
    outer loop
      vertex 61 0 55.0154
      vertex -82.5 1.01936 55.0654
      vertex -82.5 0 55.0154
    endloop
  endfacet
  facet normal 0 -0.146773 0.98917
    outer loop
      vertex -82.5 2.02893 55.2152
      vertex 61 1.01936 55.0654
      vertex 61 2.02893 55.2152
    endloop
  endfacet
  facet normal 0 -0.146773 0.98917
    outer loop
      vertex 61 1.01936 55.0654
      vertex -82.5 2.02893 55.2152
      vertex -82.5 1.01936 55.0654
    endloop
  endfacet
  facet normal 0 -0.242992 0.970028
    outer loop
      vertex -82.5 3.01895 55.4632
      vertex 61 2.02893 55.2152
      vertex 61 3.01895 55.4632
    endloop
  endfacet
  facet normal 0 -0.242992 0.970028
    outer loop
      vertex 61 2.02893 55.2152
      vertex -82.5 3.01895 55.4632
      vertex -82.5 2.02893 55.2152
    endloop
  endfacet
  facet normal 0 -0.336861 0.941554
    outer loop
      vertex -82.5 3.9799 55.807
      vertex 61 3.01895 55.4632
      vertex 61 3.9799 55.807
    endloop
  endfacet
  facet normal 0 -0.336861 0.941554
    outer loop
      vertex 61 3.01895 55.4632
      vertex -82.5 3.9799 55.807
      vertex -82.5 3.01895 55.4632
    endloop
  endfacet
  facet normal 0 -0.427585 0.903975
    outer loop
      vertex -82.5 4.90251 56.2434
      vertex 61 3.9799 55.807
      vertex 61 4.90251 56.2434
    endloop
  endfacet
  facet normal 0 -0.427585 0.903975
    outer loop
      vertex 61 3.9799 55.807
      vertex -82.5 4.90251 56.2434
      vertex -82.5 3.9799 55.807
    endloop
  endfacet
  facet normal 0 -0.514102 0.857729
    outer loop
      vertex -82.5 5.77792 56.7681
      vertex 61 4.90251 56.2434
      vertex 61 5.77792 56.7681
    endloop
  endfacet
  facet normal 0 -0.514102 0.857729
    outer loop
      vertex 61 4.90251 56.2434
      vertex -82.5 5.77792 56.7681
      vertex -82.5 4.90251 56.2434
    endloop
  endfacet
  facet normal 0 -0.59571 0.8032
    outer loop
      vertex -82.5 6.59769 57.3761
      vertex 61 5.77792 56.7681
      vertex 61 6.59769 57.3761
    endloop
  endfacet
  facet normal 0 -0.59571 0.8032
    outer loop
      vertex 61 5.77792 56.7681
      vertex -82.5 6.59769 57.3761
      vertex -82.5 5.77792 56.7681
    endloop
  endfacet
  facet normal 0 -0.671565 0.740946
    outer loop
      vertex -82.5 7.3539 58.0615
      vertex 61 6.59769 57.3761
      vertex 61 7.3539 58.0615
    endloop
  endfacet
  facet normal 0 -0.671565 0.740946
    outer loop
      vertex 61 6.59769 57.3761
      vertex -82.5 7.3539 58.0615
      vertex -82.5 6.59769 57.3761
    endloop
  endfacet
  facet normal 0 -0.743294 0.668965
    outer loop
      vertex -82.5 7.3539 58.0615
      vertex 61 7.35507 58.0628
      vertex -82.5 7.35507 58.0628
    endloop
  endfacet
  facet normal 0 -0.743294 0.668965
    outer loop
      vertex 61 7.35507 58.0628
      vertex -82.5 7.3539 58.0615
      vertex 61 7.3539 58.0615
    endloop
  endfacet
  facet normal 0 -0.707104 0.707109
    outer loop
      vertex -82.5 7.35507 58.0628
      vertex 61 12 62.7077
      vertex -82.5 12 62.7077
    endloop
  endfacet
  facet normal 0 -0.707104 0.707109
    outer loop
      vertex 61 12 62.7077
      vertex -82.5 7.35507 58.0628
      vertex 61 7.35507 58.0628
    endloop
  endfacet
  facet normal 0 -0.707112 -0.707101
    outer loop
      vertex -82.5 12 68.123
      vertex 61 7.35507 72.768
      vertex -82.5 7.35507 72.768
    endloop
  endfacet
  facet normal 0 -0.707112 -0.707101
    outer loop
      vertex 61 7.35507 72.768
      vertex -82.5 12 68.123
      vertex 61 12 68.123
    endloop
  endfacet
  facet normal 0 -0.743294 -0.668965
    outer loop
      vertex -82.5 7.35507 72.768
      vertex 61 7.3539 72.7693
      vertex -82.5 7.3539 72.7693
    endloop
  endfacet
  facet normal 0 -0.743294 -0.668965
    outer loop
      vertex 61 7.3539 72.7693
      vertex -82.5 7.35507 72.768
      vertex 61 7.35507 72.768
    endloop
  endfacet
  facet normal 0 -0.671565 -0.740946
    outer loop
      vertex -82.5 6.59769 73.4547
      vertex 61 7.3539 72.7693
      vertex 61 6.59769 73.4547
    endloop
  endfacet
  facet normal -0 -0.671565 -0.740946
    outer loop
      vertex 61 7.3539 72.7693
      vertex -82.5 6.59769 73.4547
      vertex -82.5 7.3539 72.7693
    endloop
  endfacet
  facet normal 0 -0.595647 -0.803246
    outer loop
      vertex -82.5 5.77792 74.0626
      vertex 61 6.59769 73.4547
      vertex 61 5.77792 74.0626
    endloop
  endfacet
  facet normal -0 -0.595647 -0.803246
    outer loop
      vertex 61 6.59769 73.4547
      vertex -82.5 5.77792 74.0626
      vertex -82.5 6.59769 73.4547
    endloop
  endfacet
  facet normal 0 -0.514102 -0.857729
    outer loop
      vertex -82.5 4.90251 74.5873
      vertex 61 5.77792 74.0626
      vertex 61 4.90251 74.5873
    endloop
  endfacet
  facet normal -0 -0.514102 -0.857729
    outer loop
      vertex 61 5.77792 74.0626
      vertex -82.5 4.90251 74.5873
      vertex -82.5 5.77792 74.0626
    endloop
  endfacet
  facet normal 0 -0.427585 -0.903975
    outer loop
      vertex -82.5 3.9799 75.0237
      vertex 61 4.90251 74.5873
      vertex 61 3.9799 75.0237
    endloop
  endfacet
  facet normal -0 -0.427585 -0.903975
    outer loop
      vertex 61 4.90251 74.5873
      vertex -82.5 3.9799 75.0237
      vertex -82.5 4.90251 74.5873
    endloop
  endfacet
  facet normal 0 -0.336861 -0.941554
    outer loop
      vertex -82.5 3.01895 75.3675
      vertex 61 3.9799 75.0237
      vertex 61 3.01895 75.3675
    endloop
  endfacet
  facet normal -0 -0.336861 -0.941554
    outer loop
      vertex 61 3.9799 75.0237
      vertex -82.5 3.01895 75.3675
      vertex -82.5 3.9799 75.0237
    endloop
  endfacet
  facet normal 0 -0.242992 -0.970028
    outer loop
      vertex -82.5 2.02893 75.6155
      vertex 61 3.01895 75.3675
      vertex 61 2.02893 75.6155
    endloop
  endfacet
  facet normal -0 -0.242992 -0.970028
    outer loop
      vertex 61 3.01895 75.3675
      vertex -82.5 2.02893 75.6155
      vertex -82.5 3.01895 75.3675
    endloop
  endfacet
  facet normal 0 -0.146773 -0.98917
    outer loop
      vertex -82.5 1.01936 75.7653
      vertex 61 2.02893 75.6155
      vertex 61 1.01936 75.7653
    endloop
  endfacet
  facet normal -0 -0.146773 -0.98917
    outer loop
      vertex 61 2.02893 75.6155
      vertex -82.5 1.01936 75.7653
      vertex -82.5 2.02893 75.6155
    endloop
  endfacet
  facet normal 0 -0.0490892 -0.998794
    outer loop
      vertex -82.5 0 75.8154
      vertex 61 1.01936 75.7653
      vertex 61 0 75.8154
    endloop
  endfacet
  facet normal -0 -0.0490892 -0.998794
    outer loop
      vertex 61 1.01936 75.7653
      vertex -82.5 0 75.8154
      vertex -82.5 1.01936 75.7653
    endloop
  endfacet
  facet normal 0 0.0490892 -0.998794
    outer loop
      vertex -82.5 -1.01936 75.7653
      vertex 61 0 75.8154
      vertex 61 -1.01936 75.7653
    endloop
  endfacet
  facet normal 0 0.0490892 -0.998794
    outer loop
      vertex 61 0 75.8154
      vertex -82.5 -1.01936 75.7653
      vertex -82.5 0 75.8154
    endloop
  endfacet
  facet normal 0 0.146773 -0.98917
    outer loop
      vertex -82.5 -2.02893 75.6155
      vertex 61 -1.01936 75.7653
      vertex 61 -2.02893 75.6155
    endloop
  endfacet
  facet normal 0 0.146773 -0.98917
    outer loop
      vertex 61 -1.01936 75.7653
      vertex -82.5 -2.02893 75.6155
      vertex -82.5 -1.01936 75.7653
    endloop
  endfacet
  facet normal 0 0.242992 -0.970028
    outer loop
      vertex -82.5 -3.01895 75.3675
      vertex 61 -2.02893 75.6155
      vertex 61 -3.01895 75.3675
    endloop
  endfacet
  facet normal 0 0.242992 -0.970028
    outer loop
      vertex 61 -2.02893 75.6155
      vertex -82.5 -3.01895 75.3675
      vertex -82.5 -2.02893 75.6155
    endloop
  endfacet
  facet normal 0 0.336861 -0.941554
    outer loop
      vertex -82.5 -3.9799 75.0237
      vertex 61 -3.01895 75.3675
      vertex 61 -3.9799 75.0237
    endloop
  endfacet
  facet normal 0 0.336861 -0.941554
    outer loop
      vertex 61 -3.01895 75.3675
      vertex -82.5 -3.9799 75.0237
      vertex -82.5 -3.01895 75.3675
    endloop
  endfacet
  facet normal 0 0.427585 -0.903975
    outer loop
      vertex -82.5 -4.90251 74.5873
      vertex 61 -3.9799 75.0237
      vertex 61 -4.90251 74.5873
    endloop
  endfacet
  facet normal 0 0.427585 -0.903975
    outer loop
      vertex 61 -3.9799 75.0237
      vertex -82.5 -4.90251 74.5873
      vertex -82.5 -3.9799 75.0237
    endloop
  endfacet
  facet normal 0 0.514102 -0.857729
    outer loop
      vertex -82.5 -5.77792 74.0626
      vertex 61 -4.90251 74.5873
      vertex 61 -5.77792 74.0626
    endloop
  endfacet
  facet normal 0 0.514102 -0.857729
    outer loop
      vertex 61 -4.90251 74.5873
      vertex -82.5 -5.77792 74.0626
      vertex -82.5 -4.90251 74.5873
    endloop
  endfacet
  facet normal 0 0.595647 -0.803246
    outer loop
      vertex -82.5 -6.59769 73.4547
      vertex 61 -5.77792 74.0626
      vertex 61 -6.59769 73.4547
    endloop
  endfacet
  facet normal 0 0.595647 -0.803246
    outer loop
      vertex 61 -5.77792 74.0626
      vertex -82.5 -6.59769 73.4547
      vertex -82.5 -5.77792 74.0626
    endloop
  endfacet
  facet normal 0 0.671565 -0.740946
    outer loop
      vertex -82.5 -7.3539 72.7693
      vertex 61 -6.59769 73.4547
      vertex 61 -7.3539 72.7693
    endloop
  endfacet
  facet normal 0 0.671565 -0.740946
    outer loop
      vertex 61 -6.59769 73.4547
      vertex -82.5 -7.3539 72.7693
      vertex -82.5 -6.59769 73.4547
    endloop
  endfacet
  facet normal 0 0.740981 -0.671526
    outer loop
      vertex 61 -8.03931 72.013
      vertex -82.5 -7.3539 72.7693
      vertex 61 -7.3539 72.7693
    endloop
  endfacet
  facet normal 0 0.740981 -0.671526
    outer loop
      vertex -82.5 -7.3539 72.7693
      vertex 61 -8.03931 72.013
      vertex -82.5 -8.03931 72.013
    endloop
  endfacet
  facet normal 0 0.803189 -0.595724
    outer loop
      vertex 61 -8.64728 71.1933
      vertex -82.5 -8.03931 72.013
      vertex 61 -8.03931 72.013
    endloop
  endfacet
  facet normal 0 0.803189 -0.595724
    outer loop
      vertex -82.5 -8.03931 72.013
      vertex 61 -8.64728 71.1933
      vertex -82.5 -8.64728 71.1933
    endloop
  endfacet
  facet normal 0 0.857731 -0.514099
    outer loop
      vertex 61 -9.17197 70.3179
      vertex -82.5 -8.64728 71.1933
      vertex 61 -8.64728 71.1933
    endloop
  endfacet
  facet normal 0 0.857731 -0.514099
    outer loop
      vertex -82.5 -8.64728 71.1933
      vertex 61 -9.17197 70.3179
      vertex -82.5 -9.17197 70.3179
    endloop
  endfacet
  facet normal 0 0.903984 -0.427565
    outer loop
      vertex 61 -9.60834 69.3953
      vertex -82.5 -9.17197 70.3179
      vertex 61 -9.17197 70.3179
    endloop
  endfacet
  facet normal 0 0.903984 -0.427565
    outer loop
      vertex -82.5 -9.17197 70.3179
      vertex 61 -9.60834 69.3953
      vertex -82.5 -9.60834 69.3953
    endloop
  endfacet
  facet normal 0 0.941548 -0.33688
    outer loop
      vertex 61 -9.95218 68.4343
      vertex -82.5 -9.60834 69.3953
      vertex 61 -9.60834 69.3953
    endloop
  endfacet
  facet normal 0 0.941548 -0.33688
    outer loop
      vertex -82.5 -9.60834 69.3953
      vertex 61 -9.95218 68.4343
      vertex -82.5 -9.95218 68.4343
    endloop
  endfacet
  facet normal 0 0.970022 -0.243015
    outer loop
      vertex 61 -10.2002 67.4443
      vertex -82.5 -9.95218 68.4343
      vertex 61 -9.95218 68.4343
    endloop
  endfacet
  facet normal 0 0.970022 -0.243015
    outer loop
      vertex -82.5 -9.95218 68.4343
      vertex 61 -10.2002 67.4443
      vertex -82.5 -10.2002 67.4443
    endloop
  endfacet
  facet normal 0 0.989185 -0.146673
    outer loop
      vertex 61 -10.3499 66.4347
      vertex -82.5 -10.2002 67.4443
      vertex 61 -10.2002 67.4443
    endloop
  endfacet
  facet normal 0 0.989185 -0.146673
    outer loop
      vertex -82.5 -10.2002 67.4443
      vertex 61 -10.3499 66.4347
      vertex -82.5 -10.3499 66.4347
    endloop
  endfacet
  facet normal 0 0.998794 -0.0490921
    outer loop
      vertex 61 -10.4 65.4154
      vertex -82.5 -10.3499 66.4347
      vertex 61 -10.3499 66.4347
    endloop
  endfacet
  facet normal 0 0.998794 -0.0490921
    outer loop
      vertex -82.5 -10.3499 66.4347
      vertex 61 -10.4 65.4154
      vertex -82.5 -10.4 65.4154
    endloop
  endfacet
  facet normal 0 0.998794 0.0490873
    outer loop
      vertex 61 -10.3499 64.396
      vertex -82.5 -10.4 65.4154
      vertex 61 -10.4 65.4154
    endloop
  endfacet
  facet normal 0 0.998794 0.0490873
    outer loop
      vertex -82.5 -10.4 65.4154
      vertex 61 -10.3499 64.396
      vertex -82.5 -10.3499 64.396
    endloop
  endfacet
  facet normal 1 -0 0
    outer loop
      vertex 61 7.35507 72.768
      vertex 61 12 70.9514
      vertex 61 8.76959 74.1818
    endloop
  endfacet
  facet normal 1 0 0
    outer loop
      vertex 61 7.3539 72.7693
      vertex 61 8.76959 74.1818
      vertex 61 8.76811 74.1835
    endloop
  endfacet
  facet normal 1 0 0
    outer loop
      vertex 61 7.3539 72.7693
      vertex 61 8.76811 74.1835
      vertex 61 7.86647 75.0007
    endloop
  endfacet
  facet normal 1 0 0
    outer loop
      vertex 61 12 70.9514
      vertex 61 7.35507 72.768
      vertex 61 12 68.123
    endloop
  endfacet
  facet normal 1 0 0
    outer loop
      vertex 61 8.76959 74.1818
      vertex 61 7.3539 72.7693
      vertex 61 7.35507 72.768
    endloop
  endfacet
  facet normal 1 0 0
    outer loop
      vertex 61 6.59769 73.4547
      vertex 61 7.86647 75.0007
      vertex 61 6.88907 75.7256
    endloop
  endfacet
  facet normal 1 0 0
    outer loop
      vertex 61 7.86647 75.0007
      vertex 61 6.59769 73.4547
      vertex 61 7.3539 72.7693
    endloop
  endfacet
  facet normal 1 0 0
    outer loop
      vertex 61 5.77792 74.0626
      vertex 61 6.88907 75.7256
      vertex 61 5.84531 76.3512
    endloop
  endfacet
  facet normal 1 0 0
    outer loop
      vertex 61 6.88907 75.7256
      vertex 61 5.77792 74.0626
      vertex 61 6.59769 73.4547
    endloop
  endfacet
  facet normal 1 0 0
    outer loop
      vertex 61 5.84531 76.3512
      vertex 61 4.90251 74.5873
      vertex 61 5.77792 74.0626
    endloop
  endfacet
  facet normal 1 0 0
    outer loop
      vertex 61 4.74527 76.8715
      vertex 61 4.90251 74.5873
      vertex 61 5.84531 76.3512
    endloop
  endfacet
  facet normal 1 0 0
    outer loop
      vertex 61 4.74527 76.8715
      vertex 61 3.9799 75.0237
      vertex 61 4.90251 74.5873
    endloop
  endfacet
  facet normal 1 0 0
    outer loop
      vertex 61 3.59952 77.2814
      vertex 61 3.9799 75.0237
      vertex 61 4.74527 76.8715
    endloop
  endfacet
  facet normal 1 0 0
    outer loop
      vertex 61 3.59952 77.2814
      vertex 61 3.01895 75.3675
      vertex 61 3.9799 75.0237
    endloop
  endfacet
  facet normal 1 0 0
    outer loop
      vertex 61 2.41911 77.5771
      vertex 61 3.01895 75.3675
      vertex 61 3.59952 77.2814
    endloop
  endfacet
  facet normal 1 0 0
    outer loop
      vertex 61 2.41911 77.5771
      vertex 61 2.02893 75.6155
      vertex 61 3.01895 75.3675
    endloop
  endfacet
  facet normal 1 0 0
    outer loop
      vertex 61 1.21541 77.7556
      vertex 61 2.02893 75.6155
      vertex 61 2.41911 77.5771
    endloop
  endfacet
  facet normal 1 0 0
    outer loop
      vertex 61 1.21541 77.7556
      vertex 61 1.01936 75.7653
      vertex 61 2.02893 75.6155
    endloop
  endfacet
  facet normal 1 0 0
    outer loop
      vertex 61 0 77.8154
      vertex 61 1.01936 75.7653
      vertex 61 1.21541 77.7556
    endloop
  endfacet
  facet normal 1 0 0
    outer loop
      vertex 61 0 77.8154
      vertex 61 0 75.8154
      vertex 61 1.01936 75.7653
    endloop
  endfacet
  facet normal 1 0 0
    outer loop
      vertex 61 0 77.8154
      vertex 61 -1.01936 75.7653
      vertex 61 0 75.8154
    endloop
  endfacet
  facet normal 1 -0 0
    outer loop
      vertex 61 -1.21541 77.7556
      vertex 61 -1.01936 75.7653
      vertex 61 0 77.8154
    endloop
  endfacet
  facet normal 1 0 0
    outer loop
      vertex 61 -1.21541 77.7556
      vertex 61 -2.02893 75.6155
      vertex 61 -1.01936 75.7653
    endloop
  endfacet
  facet normal 1 -0 0
    outer loop
      vertex 61 -2.41911 77.5771
      vertex 61 -2.02893 75.6155
      vertex 61 -1.21541 77.7556
    endloop
  endfacet
  facet normal 1 0 0
    outer loop
      vertex 61 -2.41911 77.5771
      vertex 61 -3.01895 75.3675
      vertex 61 -2.02893 75.6155
    endloop
  endfacet
  facet normal 1 -0 0
    outer loop
      vertex 61 -3.59952 77.2814
      vertex 61 -3.01895 75.3675
      vertex 61 -2.41911 77.5771
    endloop
  endfacet
  facet normal 1 0 0
    outer loop
      vertex 61 -3.59952 77.2814
      vertex 61 -3.9799 75.0237
      vertex 61 -3.01895 75.3675
    endloop
  endfacet
  facet normal 1 -0 0
    outer loop
      vertex 61 -4.74527 76.8715
      vertex 61 -3.9799 75.0237
      vertex 61 -3.59952 77.2814
    endloop
  endfacet
  facet normal 1 0 0
    outer loop
      vertex 61 -4.74527 76.8715
      vertex 61 -4.90251 74.5873
      vertex 61 -3.9799 75.0237
    endloop
  endfacet
  facet normal 1 -0 0
    outer loop
      vertex 61 -5.84531 76.3512
      vertex 61 -4.90251 74.5873
      vertex 61 -4.74527 76.8715
    endloop
  endfacet
  facet normal 1 0 0
    outer loop
      vertex 61 -4.90251 74.5873
      vertex 61 -5.84531 76.3512
      vertex 61 -5.77792 74.0626
    endloop
  endfacet
  facet normal 1 -0 0
    outer loop
      vertex 61 -6.88907 75.7256
      vertex 61 -5.77792 74.0626
      vertex 61 -5.84531 76.3512
    endloop
  endfacet
  facet normal 1 0 0
    outer loop
      vertex 61 -5.77792 74.0626
      vertex 61 -6.88907 75.7256
      vertex 61 -6.59769 73.4547
    endloop
  endfacet
  facet normal 1 -0 0
    outer loop
      vertex 61 -7.86647 75.0007
      vertex 61 -6.59769 73.4547
      vertex 61 -6.88907 75.7256
    endloop
  endfacet
  facet normal 1 0 0
    outer loop
      vertex 61 -6.59769 73.4547
      vertex 61 -7.86647 75.0007
      vertex 61 -7.3539 72.7693
    endloop
  endfacet
  facet normal 1 -0 0
    outer loop
      vertex 61 -8.76811 74.1835
      vertex 61 -7.3539 72.7693
      vertex 61 -7.86647 75.0007
    endloop
  endfacet
  facet normal 1 0 0
    outer loop
      vertex 61 -7.3539 72.7693
      vertex 61 -8.76811 74.1835
      vertex 61 -8.03931 72.013
    endloop
  endfacet
  facet normal 1 -0 0
    outer loop
      vertex 61 -9.58533 73.2818
      vertex 61 -8.03931 72.013
      vertex 61 -8.76811 74.1835
    endloop
  endfacet
  facet normal 1 0 0
    outer loop
      vertex 61 -8.03931 72.013
      vertex 61 -9.58533 73.2818
      vertex 61 -8.64728 71.1933
    endloop
  endfacet
  facet normal 1 -0 0
    outer loop
      vertex 61 -10.3102 72.3044
      vertex 61 -8.64728 71.1933
      vertex 61 -9.58533 73.2818
    endloop
  endfacet
  facet normal 1 0 0
    outer loop
      vertex 61 -8.64728 71.1933
      vertex 61 -10.3102 72.3044
      vertex 61 -9.17197 70.3179
    endloop
  endfacet
  facet normal 1 -0 0
    outer loop
      vertex 61 -10.9358 71.2607
      vertex 61 -9.17197 70.3179
      vertex 61 -10.3102 72.3044
    endloop
  endfacet
  facet normal 1 0 0
    outer loop
      vertex 61 -9.17197 70.3179
      vertex 61 -10.9358 71.2607
      vertex 61 -9.60834 69.3953
    endloop
  endfacet
  facet normal 1 -0 0
    outer loop
      vertex 61 -11.4561 70.1606
      vertex 61 -9.60834 69.3953
      vertex 61 -10.9358 71.2607
    endloop
  endfacet
  facet normal 1 0 0
    outer loop
      vertex 61 -9.60834 69.3953
      vertex 61 -11.4561 70.1606
      vertex 61 -9.95218 68.4343
    endloop
  endfacet
  facet normal 1 -0 0
    outer loop
      vertex 61 -11.8661 69.0149
      vertex 61 -9.95218 68.4343
      vertex 61 -11.4561 70.1606
    endloop
  endfacet
  facet normal 1 -0 0
    outer loop
      vertex 61 -12 68.4801
      vertex 61 -9.95218 68.4343
      vertex 61 -11.8661 69.0149
    endloop
  endfacet
  facet normal 1 0 0
    outer loop
      vertex 61 7.35507 58.0628
      vertex 61 12 59.8793
      vertex 61 12 62.7077
    endloop
  endfacet
  facet normal 1 0 0
    outer loop
      vertex 61 12 59.8793
      vertex 61 7.35507 58.0628
      vertex 61 8.76959 56.6489
    endloop
  endfacet
  facet normal 1 -0 0
    outer loop
      vertex 61 7.3539 58.0615
      vertex 61 8.76959 56.6489
      vertex 61 7.35507 58.0628
    endloop
  endfacet
  facet normal 1 0 0
    outer loop
      vertex 61 8.76959 56.6489
      vertex 61 7.3539 58.0615
      vertex 61 8.76811 56.6472
    endloop
  endfacet
  facet normal 1 0 0
    outer loop
      vertex 61 8.76811 56.6472
      vertex 61 7.3539 58.0615
      vertex 61 7.86647 55.83
    endloop
  endfacet
  facet normal 1 -0 0
    outer loop
      vertex 61 6.59769 57.3761
      vertex 61 7.86647 55.83
      vertex 61 7.3539 58.0615
    endloop
  endfacet
  facet normal 1 0 0
    outer loop
      vertex 61 7.86647 55.83
      vertex 61 6.59769 57.3761
      vertex 61 6.88907 55.1051
    endloop
  endfacet
  facet normal 1 -0 0
    outer loop
      vertex 61 5.77792 56.7681
      vertex 61 6.88907 55.1051
      vertex 61 6.59769 57.3761
    endloop
  endfacet
  facet normal 1 0 0
    outer loop
      vertex 61 6.88907 55.1051
      vertex 61 5.77792 56.7681
      vertex 61 5.84531 54.4795
    endloop
  endfacet
  facet normal 1 -0 0
    outer loop
      vertex 61 4.90251 56.2434
      vertex 61 5.84531 54.4795
      vertex 61 5.77792 56.7681
    endloop
  endfacet
  facet normal 1 0 0
    outer loop
      vertex 61 4.90251 56.2434
      vertex 61 4.74527 53.9593
      vertex 61 5.84531 54.4795
    endloop
  endfacet
  facet normal 1 -0 0
    outer loop
      vertex 61 3.9799 55.807
      vertex 61 4.74527 53.9593
      vertex 61 4.90251 56.2434
    endloop
  endfacet
  facet normal 1 0 0
    outer loop
      vertex 61 3.9799 55.807
      vertex 61 3.59952 53.5493
      vertex 61 4.74527 53.9593
    endloop
  endfacet
  facet normal 1 -0 0
    outer loop
      vertex 61 3.01895 55.4632
      vertex 61 3.59952 53.5493
      vertex 61 3.9799 55.807
    endloop
  endfacet
  facet normal 1 0 0
    outer loop
      vertex 61 3.01895 55.4632
      vertex 61 2.41911 53.2536
      vertex 61 3.59952 53.5493
    endloop
  endfacet
  facet normal 1 -0 0
    outer loop
      vertex 61 2.02893 55.2152
      vertex 61 2.41911 53.2536
      vertex 61 3.01895 55.4632
    endloop
  endfacet
  facet normal 1 0 0
    outer loop
      vertex 61 2.02893 55.2152
      vertex 61 1.21541 53.0751
      vertex 61 2.41911 53.2536
    endloop
  endfacet
  facet normal 1 -0 0
    outer loop
      vertex 61 1.01936 55.0654
      vertex 61 1.21541 53.0751
      vertex 61 2.02893 55.2152
    endloop
  endfacet
  facet normal 1 -0 0
    outer loop
      vertex 61 0 55.0154
      vertex 61 1.21541 53.0751
      vertex 61 1.01936 55.0654
    endloop
  endfacet
  facet normal 1 0 0
    outer loop
      vertex 61 0 55.0154
      vertex 61 0 53.0154
      vertex 61 1.21541 53.0751
    endloop
  endfacet
  facet normal 1 0 0
    outer loop
      vertex 61 -1.01936 55.0654
      vertex 61 0 53.0154
      vertex 61 0 55.0154
    endloop
  endfacet
  facet normal 1 0 0
    outer loop
      vertex 61 -1.01936 55.0654
      vertex 61 -1.21541 53.0751
      vertex 61 0 53.0154
    endloop
  endfacet
  facet normal 1 0 0
    outer loop
      vertex 61 -2.02893 55.2152
      vertex 61 -1.21541 53.0751
      vertex 61 -1.01936 55.0654
    endloop
  endfacet
  facet normal 1 0 0
    outer loop
      vertex 61 -2.02893 55.2152
      vertex 61 -2.41911 53.2536
      vertex 61 -1.21541 53.0751
    endloop
  endfacet
  facet normal 1 0 0
    outer loop
      vertex 61 -3.01895 55.4632
      vertex 61 -2.41911 53.2536
      vertex 61 -2.02893 55.2152
    endloop
  endfacet
  facet normal 1 0 0
    outer loop
      vertex 61 -3.01895 55.4632
      vertex 61 -3.59952 53.5493
      vertex 61 -2.41911 53.2536
    endloop
  endfacet
  facet normal 1 0 0
    outer loop
      vertex 61 -3.9799 55.807
      vertex 61 -3.59952 53.5493
      vertex 61 -3.01895 55.4632
    endloop
  endfacet
  facet normal 1 0 0
    outer loop
      vertex 61 -3.9799 55.807
      vertex 61 -4.74527 53.9593
      vertex 61 -3.59952 53.5493
    endloop
  endfacet
  facet normal 1 0 0
    outer loop
      vertex 61 -4.90251 56.2434
      vertex 61 -4.74527 53.9593
      vertex 61 -3.9799 55.807
    endloop
  endfacet
  facet normal 1 0 0
    outer loop
      vertex 61 -5.84531 54.4795
      vertex 61 -4.90251 56.2434
      vertex 61 -5.77792 56.7681
    endloop
  endfacet
  facet normal 1 0 0
    outer loop
      vertex 61 -4.90251 56.2434
      vertex 61 -5.84531 54.4795
      vertex 61 -4.74527 53.9593
    endloop
  endfacet
  facet normal 1 0 0
    outer loop
      vertex 61 -6.88907 55.1051
      vertex 61 -5.77792 56.7681
      vertex 61 -6.59769 57.3761
    endloop
  endfacet
  facet normal 1 0 0
    outer loop
      vertex 61 -5.77792 56.7681
      vertex 61 -6.88907 55.1051
      vertex 61 -5.84531 54.4795
    endloop
  endfacet
  facet normal 1 0 0
    outer loop
      vertex 61 -7.86647 55.83
      vertex 61 -6.59769 57.3761
      vertex 61 -7.3539 58.0615
    endloop
  endfacet
  facet normal 1 0 0
    outer loop
      vertex 61 -6.59769 57.3761
      vertex 61 -7.86647 55.83
      vertex 61 -6.88907 55.1051
    endloop
  endfacet
  facet normal 1 0 0
    outer loop
      vertex 61 -8.76811 56.6472
      vertex 61 -7.3539 58.0615
      vertex 61 -8.03931 58.8177
    endloop
  endfacet
  facet normal 1 0 0
    outer loop
      vertex 61 -9.58533 57.5489
      vertex 61 -8.03931 58.8177
      vertex 61 -8.64728 59.6374
    endloop
  endfacet
  facet normal 1 0 0
    outer loop
      vertex 61 -7.3539 58.0615
      vertex 61 -8.76811 56.6472
      vertex 61 -7.86647 55.83
    endloop
  endfacet
  facet normal 1 0 0
    outer loop
      vertex 61 -10.3102 58.5263
      vertex 61 -8.64728 59.6374
      vertex 61 -9.17197 60.5128
    endloop
  endfacet
  facet normal 1 0 0
    outer loop
      vertex 61 -8.03931 58.8177
      vertex 61 -9.58533 57.5489
      vertex 61 -8.76811 56.6472
    endloop
  endfacet
  facet normal 1 0 0
    outer loop
      vertex 61 -10.9358 59.5701
      vertex 61 -9.17197 60.5128
      vertex 61 -9.60834 61.4355
    endloop
  endfacet
  facet normal 1 0 0
    outer loop
      vertex 61 -11.4561 60.6701
      vertex 61 -9.60834 61.4355
      vertex 61 -9.95218 62.3964
    endloop
  endfacet
  facet normal 1 0 0
    outer loop
      vertex 61 -12 62.3506
      vertex 61 -9.95218 62.3964
      vertex 61 -10.2002 63.3864
    endloop
  endfacet
  facet normal 1 0 0
    outer loop
      vertex 61 -8.64728 59.6374
      vertex 61 -10.3102 58.5263
      vertex 61 -9.58533 57.5489
    endloop
  endfacet
  facet normal 1 0 0
    outer loop
      vertex 61 -12 62.3506
      vertex 61 -10.2002 63.3864
      vertex 61 -10.3499 64.396
    endloop
  endfacet
  facet normal 1 0 0
    outer loop
      vertex 61 -12 62.3506
      vertex 61 -10.3499 64.396
      vertex 61 -10.4 65.4154
    endloop
  endfacet
  facet normal 1 0 0
    outer loop
      vertex 61 -9.95218 68.4343
      vertex 61 -12 68.4801
      vertex 61 -10.2002 67.4443
    endloop
  endfacet
  facet normal 1 0 0
    outer loop
      vertex 61 -9.17197 60.5128
      vertex 61 -10.9358 59.5701
      vertex 61 -10.3102 58.5263
    endloop
  endfacet
  facet normal 1 0 0
    outer loop
      vertex 61 -10.2002 67.4443
      vertex 61 -12 68.4801
      vertex 61 -10.3499 66.4347
    endloop
  endfacet
  facet normal 1 0 0
    outer loop
      vertex 61 -12 62.3506
      vertex 61 -10.4 65.4154
      vertex 61 -12 68.4801
    endloop
  endfacet
  facet normal 1 0 0
    outer loop
      vertex 61 -10.3499 66.4347
      vertex 61 -12 68.4801
      vertex 61 -10.4 65.4154
    endloop
  endfacet
  facet normal 1 0 0
    outer loop
      vertex 61 -9.60834 61.4355
      vertex 61 -11.4561 60.6701
      vertex 61 -10.9358 59.5701
    endloop
  endfacet
  facet normal 1 0 0
    outer loop
      vertex 61 -9.95218 62.3964
      vertex 61 -12 62.3506
      vertex 61 -11.8661 61.8158
    endloop
  endfacet
  facet normal 1 0 0
    outer loop
      vertex 61 -9.95218 62.3964
      vertex 61 -11.8661 61.8158
      vertex 61 -11.4561 60.6701
    endloop
  endfacet
  facet normal 0 0.970057 0.242877
    outer loop
      vertex 86 -11.8661 61.8158
      vertex 61 -12 62.3506
      vertex 86 -12 62.3506
    endloop
  endfacet
  facet normal 0 0.970057 0.242877
    outer loop
      vertex 61 -12 62.3506
      vertex 86 -11.8661 61.8158
      vertex 61 -11.8661 61.8158
    endloop
  endfacet
  facet normal 0 0.941528 0.336935
    outer loop
      vertex 86 -11.4561 60.6701
      vertex 61 -11.8661 61.8158
      vertex 86 -11.8661 61.8158
    endloop
  endfacet
  facet normal 0 0.941528 0.336935
    outer loop
      vertex 61 -11.8661 61.8158
      vertex 86 -11.4561 60.6701
      vertex 61 -11.4561 60.6701
    endloop
  endfacet
  facet normal 0 0.903977 0.427581
    outer loop
      vertex 86 -10.9358 59.5701
      vertex 61 -11.4561 60.6701
      vertex 86 -11.4561 60.6701
    endloop
  endfacet
  facet normal 0 0.903977 0.427581
    outer loop
      vertex 61 -11.4561 60.6701
      vertex 86 -10.9358 59.5701
      vertex 61 -10.9358 59.5701
    endloop
  endfacet
  facet normal 0 0.857739 0.514085
    outer loop
      vertex 86 -10.3102 58.5263
      vertex 61 -10.9358 59.5701
      vertex 86 -10.9358 59.5701
    endloop
  endfacet
  facet normal 0 0.857739 0.514085
    outer loop
      vertex 61 -10.9358 59.5701
      vertex 86 -10.3102 58.5263
      vertex 61 -10.3102 58.5263
    endloop
  endfacet
  facet normal 0 0.803215 0.595689
    outer loop
      vertex 86 -9.58533 57.5489
      vertex 61 -10.3102 58.5263
      vertex 86 -10.3102 58.5263
    endloop
  endfacet
  facet normal 0 0.803215 0.595689
    outer loop
      vertex 61 -10.3102 58.5263
      vertex 86 -9.58533 57.5489
      vertex 61 -9.58533 57.5489
    endloop
  endfacet
  facet normal 0 0.740965 0.671544
    outer loop
      vertex 86 -8.76811 56.6472
      vertex 61 -9.58533 57.5489
      vertex 86 -9.58533 57.5489
    endloop
  endfacet
  facet normal 0 0.740965 0.671544
    outer loop
      vertex 61 -9.58533 57.5489
      vertex 86 -8.76811 56.6472
      vertex 61 -8.76811 56.6472
    endloop
  endfacet
  facet normal -0 0.671559 0.740951
    outer loop
      vertex 61 -7.86647 55.83
      vertex 86 -8.76811 56.6472
      vertex 86 -7.86647 55.83
    endloop
  endfacet
  facet normal 0 0.671559 0.740951
    outer loop
      vertex 86 -8.76811 56.6472
      vertex 61 -7.86647 55.83
      vertex 61 -8.76811 56.6472
    endloop
  endfacet
  facet normal -0 0.595705 0.803203
    outer loop
      vertex 61 -6.88907 55.1051
      vertex 86 -7.86647 55.83
      vertex 86 -6.88907 55.1051
    endloop
  endfacet
  facet normal 0 0.595705 0.803203
    outer loop
      vertex 86 -7.86647 55.83
      vertex 61 -6.88907 55.1051
      vertex 61 -7.86647 55.83
    endloop
  endfacet
  facet normal -0 0.514099 0.857731
    outer loop
      vertex 61 -5.84531 54.4795
      vertex 86 -6.88907 55.1051
      vertex 86 -5.84531 54.4795
    endloop
  endfacet
  facet normal 0 0.514099 0.857731
    outer loop
      vertex 86 -6.88907 55.1051
      vertex 61 -5.84531 54.4795
      vertex 61 -6.88907 55.1051
    endloop
  endfacet
  facet normal -0 0.427501 0.904015
    outer loop
      vertex 61 -4.74527 53.9593
      vertex 86 -5.84531 54.4795
      vertex 86 -4.74527 53.9593
    endloop
  endfacet
  facet normal 0 0.427501 0.904015
    outer loop
      vertex 86 -5.84531 54.4795
      vertex 61 -4.74527 53.9593
      vertex 61 -5.84531 54.4795
    endloop
  endfacet
  facet normal -0 0.336922 0.941533
    outer loop
      vertex 61 -3.59952 53.5493
      vertex 86 -4.74527 53.9593
      vertex 86 -3.59952 53.5493
    endloop
  endfacet
  facet normal 0 0.336922 0.941533
    outer loop
      vertex 86 -4.74527 53.9593
      vertex 61 -3.59952 53.5493
      vertex 61 -4.74527 53.9593
    endloop
  endfacet
  facet normal -0 0.242998 0.970027
    outer loop
      vertex 61 -2.41911 53.2536
      vertex 86 -3.59952 53.5493
      vertex 86 -2.41911 53.2536
    endloop
  endfacet
  facet normal 0 0.242998 0.970027
    outer loop
      vertex 86 -3.59952 53.5493
      vertex 61 -2.41911 53.2536
      vertex 61 -3.59952 53.5493
    endloop
  endfacet
  facet normal -0 0.146689 0.989183
    outer loop
      vertex 61 -1.21541 53.0751
      vertex 86 -2.41911 53.2536
      vertex 86 -1.21541 53.0751
    endloop
  endfacet
  facet normal 0 0.146689 0.989183
    outer loop
      vertex 86 -2.41911 53.2536
      vertex 61 -1.21541 53.0751
      vertex 61 -2.41911 53.2536
    endloop
  endfacet
  facet normal -0 0.0490601 0.998796
    outer loop
      vertex 61 0 53.0154
      vertex 86 -1.21541 53.0751
      vertex 86 0 53.0154
    endloop
  endfacet
  facet normal 0 0.0490601 0.998796
    outer loop
      vertex 86 -1.21541 53.0751
      vertex 61 0 53.0154
      vertex 61 -1.21541 53.0751
    endloop
  endfacet
  facet normal 0 -0.0490601 0.998796
    outer loop
      vertex 61 1.21541 53.0751
      vertex 86 0 53.0154
      vertex 86 1.21541 53.0751
    endloop
  endfacet
  facet normal 0 -0.0490601 0.998796
    outer loop
      vertex 86 0 53.0154
      vertex 61 1.21541 53.0751
      vertex 61 0 53.0154
    endloop
  endfacet
  facet normal 0 -0.146689 0.989183
    outer loop
      vertex 61 2.41911 53.2536
      vertex 86 1.21541 53.0751
      vertex 86 2.41911 53.2536
    endloop
  endfacet
  facet normal 0 -0.146689 0.989183
    outer loop
      vertex 86 1.21541 53.0751
      vertex 61 2.41911 53.2536
      vertex 61 1.21541 53.0751
    endloop
  endfacet
  facet normal 0 -0.242998 0.970027
    outer loop
      vertex 61 3.59952 53.5493
      vertex 86 2.41911 53.2536
      vertex 86 3.59952 53.5493
    endloop
  endfacet
  facet normal 0 -0.242998 0.970027
    outer loop
      vertex 86 2.41911 53.2536
      vertex 61 3.59952 53.5493
      vertex 61 2.41911 53.2536
    endloop
  endfacet
  facet normal 0 -0.336922 0.941533
    outer loop
      vertex 61 4.74527 53.9593
      vertex 86 3.59952 53.5493
      vertex 86 4.74527 53.9593
    endloop
  endfacet
  facet normal 0 -0.336922 0.941533
    outer loop
      vertex 86 3.59952 53.5493
      vertex 61 4.74527 53.9593
      vertex 61 3.59952 53.5493
    endloop
  endfacet
  facet normal 0 -0.427501 0.904015
    outer loop
      vertex 61 5.84531 54.4795
      vertex 86 4.74527 53.9593
      vertex 86 5.84531 54.4795
    endloop
  endfacet
  facet normal 0 -0.427501 0.904015
    outer loop
      vertex 86 4.74527 53.9593
      vertex 61 5.84531 54.4795
      vertex 61 4.74527 53.9593
    endloop
  endfacet
  facet normal 0 -0.514099 0.857731
    outer loop
      vertex 61 6.88907 55.1051
      vertex 86 5.84531 54.4795
      vertex 86 6.88907 55.1051
    endloop
  endfacet
  facet normal 0 -0.514099 0.857731
    outer loop
      vertex 86 5.84531 54.4795
      vertex 61 6.88907 55.1051
      vertex 61 5.84531 54.4795
    endloop
  endfacet
  facet normal 0 -0.595705 0.803203
    outer loop
      vertex 61 7.86647 55.83
      vertex 86 6.88907 55.1051
      vertex 86 7.86647 55.83
    endloop
  endfacet
  facet normal 0 -0.595705 0.803203
    outer loop
      vertex 86 6.88907 55.1051
      vertex 61 7.86647 55.83
      vertex 61 6.88907 55.1051
    endloop
  endfacet
  facet normal 0 -0.671559 0.740951
    outer loop
      vertex 61 8.76811 56.6472
      vertex 86 7.86647 55.83
      vertex 86 8.76811 56.6472
    endloop
  endfacet
  facet normal 0 -0.671559 0.740951
    outer loop
      vertex 86 7.86647 55.83
      vertex 61 8.76811 56.6472
      vertex 61 7.86647 55.83
    endloop
  endfacet
  facet normal 0 -0.754223 0.656618
    outer loop
      vertex 61 8.76811 56.6472
      vertex 86 8.76959 56.6489
      vertex 61 8.76959 56.6489
    endloop
  endfacet
  facet normal 0 -0.754223 0.656618
    outer loop
      vertex 86 8.76959 56.6489
      vertex 61 8.76811 56.6472
      vertex 86 8.76811 56.6472
    endloop
  endfacet
  facet normal 0 -0.707106 0.707108
    outer loop
      vertex 61 8.76959 56.6489
      vertex 86 12 59.8793
      vertex 61 12 59.8793
    endloop
  endfacet
  facet normal 0 -0.707106 0.707108
    outer loop
      vertex 86 12 59.8793
      vertex 61 8.76959 56.6489
      vertex 86 8.76959 56.6489
    endloop
  endfacet
  facet normal 0 -0.707106 -0.707108
    outer loop
      vertex 61 12 70.9514
      vertex 86 8.76959 74.1818
      vertex 61 8.76959 74.1818
    endloop
  endfacet
  facet normal 0 -0.707106 -0.707108
    outer loop
      vertex 86 8.76959 74.1818
      vertex 61 12 70.9514
      vertex 86 12 70.9514
    endloop
  endfacet
  facet normal 0 -0.754223 -0.656618
    outer loop
      vertex 61 8.76959 74.1818
      vertex 86 8.76811 74.1835
      vertex 61 8.76811 74.1835
    endloop
  endfacet
  facet normal 0 -0.754223 -0.656618
    outer loop
      vertex 86 8.76811 74.1835
      vertex 61 8.76959 74.1818
      vertex 86 8.76959 74.1818
    endloop
  endfacet
  facet normal 0 -0.671559 -0.740951
    outer loop
      vertex 61 7.86647 75.0007
      vertex 86 8.76811 74.1835
      vertex 86 7.86647 75.0007
    endloop
  endfacet
  facet normal -0 -0.671559 -0.740951
    outer loop
      vertex 86 8.76811 74.1835
      vertex 61 7.86647 75.0007
      vertex 61 8.76811 74.1835
    endloop
  endfacet
  facet normal 0 -0.595705 -0.803203
    outer loop
      vertex 61 6.88907 75.7256
      vertex 86 7.86647 75.0007
      vertex 86 6.88907 75.7256
    endloop
  endfacet
  facet normal -0 -0.595705 -0.803203
    outer loop
      vertex 86 7.86647 75.0007
      vertex 61 6.88907 75.7256
      vertex 61 7.86647 75.0007
    endloop
  endfacet
  facet normal 0 -0.514099 -0.857731
    outer loop
      vertex 61 5.84531 76.3512
      vertex 86 6.88907 75.7256
      vertex 86 5.84531 76.3512
    endloop
  endfacet
  facet normal -0 -0.514099 -0.857731
    outer loop
      vertex 86 6.88907 75.7256
      vertex 61 5.84531 76.3512
      vertex 61 6.88907 75.7256
    endloop
  endfacet
  facet normal 0 -0.427568 -0.903983
    outer loop
      vertex 61 4.74527 76.8715
      vertex 86 5.84531 76.3512
      vertex 86 4.74527 76.8715
    endloop
  endfacet
  facet normal -0 -0.427568 -0.903983
    outer loop
      vertex 86 5.84531 76.3512
      vertex 61 4.74527 76.8715
      vertex 61 5.84531 76.3512
    endloop
  endfacet
  facet normal 0 -0.336849 -0.941559
    outer loop
      vertex 61 3.59952 77.2814
      vertex 86 4.74527 76.8715
      vertex 86 3.59952 77.2814
    endloop
  endfacet
  facet normal -0 -0.336849 -0.941559
    outer loop
      vertex 86 4.74527 76.8715
      vertex 61 3.59952 77.2814
      vertex 61 4.74527 76.8715
    endloop
  endfacet
  facet normal 0 -0.242998 -0.970027
    outer loop
      vertex 61 2.41911 77.5771
      vertex 86 3.59952 77.2814
      vertex 86 2.41911 77.5771
    endloop
  endfacet
  facet normal -0 -0.242998 -0.970027
    outer loop
      vertex 86 3.59952 77.2814
      vertex 61 2.41911 77.5771
      vertex 61 3.59952 77.2814
    endloop
  endfacet
  facet normal 0 -0.146689 -0.989183
    outer loop
      vertex 61 1.21541 77.7556
      vertex 86 2.41911 77.5771
      vertex 86 1.21541 77.7556
    endloop
  endfacet
  facet normal -0 -0.146689 -0.989183
    outer loop
      vertex 86 2.41911 77.5771
      vertex 61 1.21541 77.7556
      vertex 61 2.41911 77.5771
    endloop
  endfacet
  facet normal 0 -0.0491421 -0.998792
    outer loop
      vertex 61 0 77.8154
      vertex 86 1.21541 77.7556
      vertex 86 0 77.8154
    endloop
  endfacet
  facet normal -0 -0.0491421 -0.998792
    outer loop
      vertex 86 1.21541 77.7556
      vertex 61 0 77.8154
      vertex 61 1.21541 77.7556
    endloop
  endfacet
  facet normal 0 0.0491421 -0.998792
    outer loop
      vertex 61 -1.21541 77.7556
      vertex 86 0 77.8154
      vertex 86 -1.21541 77.7556
    endloop
  endfacet
  facet normal 0 0.0491421 -0.998792
    outer loop
      vertex 86 0 77.8154
      vertex 61 -1.21541 77.7556
      vertex 61 0 77.8154
    endloop
  endfacet
  facet normal 0 0.146689 -0.989183
    outer loop
      vertex 61 -2.41911 77.5771
      vertex 86 -1.21541 77.7556
      vertex 86 -2.41911 77.5771
    endloop
  endfacet
  facet normal 0 0.146689 -0.989183
    outer loop
      vertex 86 -1.21541 77.7556
      vertex 61 -2.41911 77.5771
      vertex 61 -1.21541 77.7556
    endloop
  endfacet
  facet normal 0 0.242998 -0.970027
    outer loop
      vertex 61 -3.59952 77.2814
      vertex 86 -2.41911 77.5771
      vertex 86 -3.59952 77.2814
    endloop
  endfacet
  facet normal 0 0.242998 -0.970027
    outer loop
      vertex 86 -2.41911 77.5771
      vertex 61 -3.59952 77.2814
      vertex 61 -2.41911 77.5771
    endloop
  endfacet
  facet normal 0 0.336849 -0.941559
    outer loop
      vertex 61 -4.74527 76.8715
      vertex 86 -3.59952 77.2814
      vertex 86 -4.74527 76.8715
    endloop
  endfacet
  facet normal 0 0.336849 -0.941559
    outer loop
      vertex 86 -3.59952 77.2814
      vertex 61 -4.74527 76.8715
      vertex 61 -3.59952 77.2814
    endloop
  endfacet
  facet normal 0 0.427568 -0.903983
    outer loop
      vertex 61 -5.84531 76.3512
      vertex 86 -4.74527 76.8715
      vertex 86 -5.84531 76.3512
    endloop
  endfacet
  facet normal 0 0.427568 -0.903983
    outer loop
      vertex 86 -4.74527 76.8715
      vertex 61 -5.84531 76.3512
      vertex 61 -4.74527 76.8715
    endloop
  endfacet
  facet normal 0 0.514099 -0.857731
    outer loop
      vertex 61 -6.88907 75.7256
      vertex 86 -5.84531 76.3512
      vertex 86 -6.88907 75.7256
    endloop
  endfacet
  facet normal 0 0.514099 -0.857731
    outer loop
      vertex 86 -5.84531 76.3512
      vertex 61 -6.88907 75.7256
      vertex 61 -5.84531 76.3512
    endloop
  endfacet
  facet normal 0 0.595705 -0.803203
    outer loop
      vertex 61 -7.86647 75.0007
      vertex 86 -6.88907 75.7256
      vertex 86 -7.86647 75.0007
    endloop
  endfacet
  facet normal 0 0.595705 -0.803203
    outer loop
      vertex 86 -6.88907 75.7256
      vertex 61 -7.86647 75.0007
      vertex 61 -6.88907 75.7256
    endloop
  endfacet
  facet normal 0 0.671559 -0.740951
    outer loop
      vertex 61 -8.76811 74.1835
      vertex 86 -7.86647 75.0007
      vertex 86 -8.76811 74.1835
    endloop
  endfacet
  facet normal 0 0.671559 -0.740951
    outer loop
      vertex 86 -7.86647 75.0007
      vertex 61 -8.76811 74.1835
      vertex 61 -7.86647 75.0007
    endloop
  endfacet
  facet normal 0 0.740965 -0.671544
    outer loop
      vertex 86 -9.58533 73.2818
      vertex 61 -8.76811 74.1835
      vertex 86 -8.76811 74.1835
    endloop
  endfacet
  facet normal 0 0.740965 -0.671544
    outer loop
      vertex 61 -8.76811 74.1835
      vertex 86 -9.58533 73.2818
      vertex 61 -9.58533 73.2818
    endloop
  endfacet
  facet normal 0 0.803215 -0.595689
    outer loop
      vertex 86 -10.3102 72.3044
      vertex 61 -9.58533 73.2818
      vertex 86 -9.58533 73.2818
    endloop
  endfacet
  facet normal 0 0.803215 -0.595689
    outer loop
      vertex 61 -9.58533 73.2818
      vertex 86 -10.3102 72.3044
      vertex 61 -10.3102 72.3044
    endloop
  endfacet
  facet normal 0 0.857718 -0.514121
    outer loop
      vertex 86 -10.9358 71.2607
      vertex 61 -10.3102 72.3044
      vertex 86 -10.3102 72.3044
    endloop
  endfacet
  facet normal 0 0.857718 -0.514121
    outer loop
      vertex 61 -10.3102 72.3044
      vertex 86 -10.9358 71.2607
      vertex 61 -10.9358 71.2607
    endloop
  endfacet
  facet normal 0 0.903992 -0.427549
    outer loop
      vertex 86 -11.4561 70.1606
      vertex 61 -10.9358 71.2607
      vertex 86 -10.9358 71.2607
    endloop
  endfacet
  facet normal 0 0.903992 -0.427549
    outer loop
      vertex 61 -10.9358 71.2607
      vertex 86 -11.4561 70.1606
      vertex 61 -11.4561 70.1606
    endloop
  endfacet
  facet normal 0 0.941528 -0.336935
    outer loop
      vertex 86 -11.8661 69.0149
      vertex 61 -11.4561 70.1606
      vertex 86 -11.4561 70.1606
    endloop
  endfacet
  facet normal 0 0.941528 -0.336935
    outer loop
      vertex 61 -11.4561 70.1606
      vertex 86 -11.8661 69.0149
      vertex 61 -11.8661 69.0149
    endloop
  endfacet
  facet normal 0 0.970057 -0.242877
    outer loop
      vertex 86 -12 68.4801
      vertex 61 -11.8661 69.0149
      vertex 86 -11.8661 69.0149
    endloop
  endfacet
  facet normal 0 0.970057 -0.242877
    outer loop
      vertex 61 -11.8661 69.0149
      vertex 86 -12 68.4801
      vertex 61 -12 68.4801
    endloop
  endfacet
  facet normal 1 0 0
    outer loop
      vertex -82.5 7.35507 99.4756
      vertex -82.5 12 89.4154
      vertex -82.5 12 94.8307
    endloop
  endfacet
  facet normal 1 0 0
    outer loop
      vertex -82.5 7.35507 99.4756
      vertex -82.5 7.35507 84.7704
      vertex -82.5 12 89.4154
    endloop
  endfacet
  facet normal 1 0 0
    outer loop
      vertex -82.5 6.59769 100.162
      vertex -82.5 7.35507 99.4756
      vertex -82.5 7.3539 99.4769
    endloop
  endfacet
  facet normal 1 0 0
    outer loop
      vertex -82.5 7.35507 99.4756
      vertex -82.5 6.59769 100.162
      vertex -82.5 7.35507 84.7704
    endloop
  endfacet
  facet normal 1 0 0
    outer loop
      vertex -82.5 6.59769 84.0837
      vertex -82.5 7.35507 84.7704
      vertex -82.5 6.59769 100.162
    endloop
  endfacet
  facet normal 1 0 0
    outer loop
      vertex -82.5 7.35507 84.7704
      vertex -82.5 6.59769 84.0837
      vertex -82.5 7.3539 84.7691
    endloop
  endfacet
  facet normal 1 0 0
    outer loop
      vertex -82.5 5.77792 100.77
      vertex -82.5 6.59769 84.0837
      vertex -82.5 6.59769 100.162
    endloop
  endfacet
  facet normal 1 0 0
    outer loop
      vertex -82.5 5.77792 100.77
      vertex -82.5 5.77792 83.4758
      vertex -82.5 6.59769 84.0837
    endloop
  endfacet
  facet normal 1 0 0
    outer loop
      vertex -82.5 4.90251 101.295
      vertex -82.5 5.77792 83.4758
      vertex -82.5 5.77792 100.77
    endloop
  endfacet
  facet normal 1 0 0
    outer loop
      vertex -82.5 4.90251 101.295
      vertex -82.5 4.90251 82.9511
      vertex -82.5 5.77792 83.4758
    endloop
  endfacet
  facet normal 1 0 0
    outer loop
      vertex -82.5 3.9799 101.731
      vertex -82.5 4.90251 82.9511
      vertex -82.5 4.90251 101.295
    endloop
  endfacet
  facet normal 1 0 0
    outer loop
      vertex -82.5 3.9799 101.731
      vertex -82.5 3.9799 82.5147
      vertex -82.5 4.90251 82.9511
    endloop
  endfacet
  facet normal 1 0 0
    outer loop
      vertex -82.5 3.01895 102.075
      vertex -82.5 3.9799 82.5147
      vertex -82.5 3.9799 101.731
    endloop
  endfacet
  facet normal 1 0 0
    outer loop
      vertex -82.5 3.01895 102.075
      vertex -82.5 3.01895 82.1709
      vertex -82.5 3.9799 82.5147
    endloop
  endfacet
  facet normal 1 0 0
    outer loop
      vertex -82.5 2.02893 102.323
      vertex -82.5 3.01895 82.1709
      vertex -82.5 3.01895 102.075
    endloop
  endfacet
  facet normal 1 0 0
    outer loop
      vertex -82.5 2.02893 102.323
      vertex -82.5 2.02893 81.9229
      vertex -82.5 3.01895 82.1709
    endloop
  endfacet
  facet normal 1 0 0
    outer loop
      vertex -82.5 1.01936 102.473
      vertex -82.5 2.02893 81.9229
      vertex -82.5 2.02893 102.323
    endloop
  endfacet
  facet normal 1 0 0
    outer loop
      vertex -82.5 1.01936 102.473
      vertex -82.5 1.01936 81.7731
      vertex -82.5 2.02893 81.9229
    endloop
  endfacet
  facet normal 1 0 0
    outer loop
      vertex -82.5 0 102.523
      vertex -82.5 1.01936 81.7731
      vertex -82.5 1.01936 102.473
    endloop
  endfacet
  facet normal 1 0 0
    outer loop
      vertex -82.5 0 102.523
      vertex -82.5 0 81.723
      vertex -82.5 1.01936 81.7731
    endloop
  endfacet
  facet normal 1 -0 0
    outer loop
      vertex -82.5 -1.01936 102.473
      vertex -82.5 0 81.723
      vertex -82.5 0 102.523
    endloop
  endfacet
  facet normal 1 0 0
    outer loop
      vertex -82.5 -1.01936 102.473
      vertex -82.5 -1.01936 81.7731
      vertex -82.5 0 81.723
    endloop
  endfacet
  facet normal 1 -0 0
    outer loop
      vertex -82.5 -2.02893 102.323
      vertex -82.5 -1.01936 81.7731
      vertex -82.5 -1.01936 102.473
    endloop
  endfacet
  facet normal 1 0 0
    outer loop
      vertex -82.5 -2.02893 102.323
      vertex -82.5 -2.02893 81.9229
      vertex -82.5 -1.01936 81.7731
    endloop
  endfacet
  facet normal 1 -0 0
    outer loop
      vertex -82.5 -3.01895 102.075
      vertex -82.5 -2.02893 81.9229
      vertex -82.5 -2.02893 102.323
    endloop
  endfacet
  facet normal 1 0 0
    outer loop
      vertex -82.5 -3.01895 102.075
      vertex -82.5 -3.01895 82.1709
      vertex -82.5 -2.02893 81.9229
    endloop
  endfacet
  facet normal 1 -0 0
    outer loop
      vertex -82.5 -3.9799 101.731
      vertex -82.5 -3.01895 82.1709
      vertex -82.5 -3.01895 102.075
    endloop
  endfacet
  facet normal 1 0 0
    outer loop
      vertex -82.5 -3.9799 101.731
      vertex -82.5 -3.9799 82.5147
      vertex -82.5 -3.01895 82.1709
    endloop
  endfacet
  facet normal 1 -0 0
    outer loop
      vertex -82.5 -4.90251 101.295
      vertex -82.5 -3.9799 82.5147
      vertex -82.5 -3.9799 101.731
    endloop
  endfacet
  facet normal 1 0 0
    outer loop
      vertex -82.5 -4.90251 101.295
      vertex -82.5 -4.90251 82.9511
      vertex -82.5 -3.9799 82.5147
    endloop
  endfacet
  facet normal 1 -0 0
    outer loop
      vertex -82.5 -5.77792 100.77
      vertex -82.5 -4.90251 82.9511
      vertex -82.5 -4.90251 101.295
    endloop
  endfacet
  facet normal 1 0 0
    outer loop
      vertex -82.5 -5.77792 100.77
      vertex -82.5 -5.77792 83.4758
      vertex -82.5 -4.90251 82.9511
    endloop
  endfacet
  facet normal 1 -0 0
    outer loop
      vertex -82.5 -6.59769 100.162
      vertex -82.5 -5.77792 83.4758
      vertex -82.5 -5.77792 100.77
    endloop
  endfacet
  facet normal 1 0 0
    outer loop
      vertex -82.5 -6.59769 100.162
      vertex -82.5 -6.59769 84.0837
      vertex -82.5 -5.77792 83.4758
    endloop
  endfacet
  facet normal 1 -0 0
    outer loop
      vertex -82.5 -7.3539 99.4769
      vertex -82.5 -6.59769 84.0837
      vertex -82.5 -6.59769 100.162
    endloop
  endfacet
  facet normal 1 0 0
    outer loop
      vertex -82.5 -7.3539 99.4769
      vertex -82.5 -7.3539 84.7691
      vertex -82.5 -6.59769 84.0837
    endloop
  endfacet
  facet normal 1 -0 0
    outer loop
      vertex -82.5 -8.03931 98.7207
      vertex -82.5 -7.3539 84.7691
      vertex -82.5 -7.3539 99.4769
    endloop
  endfacet
  facet normal 1 0 0
    outer loop
      vertex -82.5 -8.03931 98.7207
      vertex -82.5 -8.03931 85.5254
      vertex -82.5 -7.3539 84.7691
    endloop
  endfacet
  facet normal 1 -0 0
    outer loop
      vertex -82.5 -8.64728 97.901
      vertex -82.5 -8.03931 85.5254
      vertex -82.5 -8.03931 98.7207
    endloop
  endfacet
  facet normal 1 0 0
    outer loop
      vertex -82.5 -8.64728 97.901
      vertex -82.5 -8.64728 86.3451
      vertex -82.5 -8.03931 85.5254
    endloop
  endfacet
  facet normal 1 -0 0
    outer loop
      vertex -82.5 -9.17197 97.0256
      vertex -82.5 -8.64728 86.3451
      vertex -82.5 -8.64728 97.901
    endloop
  endfacet
  facet normal 1 0 0
    outer loop
      vertex -82.5 -9.17197 97.0256
      vertex -82.5 -9.17197 87.2205
      vertex -82.5 -8.64728 86.3451
    endloop
  endfacet
  facet normal 1 -0 0
    outer loop
      vertex -82.5 -9.60834 96.1029
      vertex -82.5 -9.17197 87.2205
      vertex -82.5 -9.17197 97.0256
    endloop
  endfacet
  facet normal 1 0 0
    outer loop
      vertex -82.5 -9.60834 96.1029
      vertex -82.5 -9.60834 88.1431
      vertex -82.5 -9.17197 87.2205
    endloop
  endfacet
  facet normal 1 -0 0
    outer loop
      vertex -82.5 -9.95218 95.142
      vertex -82.5 -9.60834 88.1431
      vertex -82.5 -9.60834 96.1029
    endloop
  endfacet
  facet normal 1 0 0
    outer loop
      vertex -82.5 -9.95218 95.142
      vertex -82.5 -9.95218 89.1041
      vertex -82.5 -9.60834 88.1431
    endloop
  endfacet
  facet normal 1 -0 0
    outer loop
      vertex -82.5 -10.2002 94.152
      vertex -82.5 -9.95218 89.1041
      vertex -82.5 -9.95218 95.142
    endloop
  endfacet
  facet normal 1 0 0
    outer loop
      vertex -82.5 -10.2002 94.152
      vertex -82.5 -10.2002 90.0941
      vertex -82.5 -9.95218 89.1041
    endloop
  endfacet
  facet normal 1 -0 0
    outer loop
      vertex -82.5 -10.3499 93.1424
      vertex -82.5 -10.2002 90.0941
      vertex -82.5 -10.2002 94.152
    endloop
  endfacet
  facet normal 1 0 0
    outer loop
      vertex -82.5 -10.3499 93.1424
      vertex -82.5 -10.3499 91.1037
      vertex -82.5 -10.2002 90.0941
    endloop
  endfacet
  facet normal 1 0 -0
    outer loop
      vertex -82.5 -10.3499 91.1037
      vertex -82.5 -10.3499 93.1424
      vertex -82.5 -10.4 92.123
    endloop
  endfacet
  facet normal 0 0.989185 0.146673
    outer loop
      vertex 61 -10.2002 90.0941
      vertex -82.5 -10.3499 91.1037
      vertex 61 -10.3499 91.1037
    endloop
  endfacet
  facet normal 0 0.989185 0.146673
    outer loop
      vertex -82.5 -10.3499 91.1037
      vertex 61 -10.2002 90.0941
      vertex -82.5 -10.2002 90.0941
    endloop
  endfacet
  facet normal 0 0.970022 0.243015
    outer loop
      vertex 61 -9.95218 89.1041
      vertex -82.5 -10.2002 90.0941
      vertex 61 -10.2002 90.0941
    endloop
  endfacet
  facet normal 0 0.970022 0.243015
    outer loop
      vertex -82.5 -10.2002 90.0941
      vertex 61 -9.95218 89.1041
      vertex -82.5 -9.95218 89.1041
    endloop
  endfacet
  facet normal 0 0.941548 0.33688
    outer loop
      vertex 61 -9.60834 88.1431
      vertex -82.5 -9.95218 89.1041
      vertex 61 -9.95218 89.1041
    endloop
  endfacet
  facet normal 0 0.941548 0.33688
    outer loop
      vertex -82.5 -9.95218 89.1041
      vertex 61 -9.60834 88.1431
      vertex -82.5 -9.60834 88.1431
    endloop
  endfacet
  facet normal 0 0.903984 0.427565
    outer loop
      vertex 61 -9.17197 87.2205
      vertex -82.5 -9.60834 88.1431
      vertex 61 -9.60834 88.1431
    endloop
  endfacet
  facet normal 0 0.903984 0.427565
    outer loop
      vertex -82.5 -9.60834 88.1431
      vertex 61 -9.17197 87.2205
      vertex -82.5 -9.17197 87.2205
    endloop
  endfacet
  facet normal 0 0.857731 0.514099
    outer loop
      vertex 61 -8.64728 86.3451
      vertex -82.5 -9.17197 87.2205
      vertex 61 -9.17197 87.2205
    endloop
  endfacet
  facet normal 0 0.857731 0.514099
    outer loop
      vertex -82.5 -9.17197 87.2205
      vertex 61 -8.64728 86.3451
      vertex -82.5 -8.64728 86.3451
    endloop
  endfacet
  facet normal 0 0.803189 0.595724
    outer loop
      vertex 61 -8.03931 85.5254
      vertex -82.5 -8.64728 86.3451
      vertex 61 -8.64728 86.3451
    endloop
  endfacet
  facet normal 0 0.803189 0.595724
    outer loop
      vertex -82.5 -8.64728 86.3451
      vertex 61 -8.03931 85.5254
      vertex -82.5 -8.03931 85.5254
    endloop
  endfacet
  facet normal 0 0.740981 0.671526
    outer loop
      vertex 61 -7.3539 84.7691
      vertex -82.5 -8.03931 85.5254
      vertex 61 -8.03931 85.5254
    endloop
  endfacet
  facet normal 0 0.740981 0.671526
    outer loop
      vertex -82.5 -8.03931 85.5254
      vertex 61 -7.3539 84.7691
      vertex -82.5 -7.3539 84.7691
    endloop
  endfacet
  facet normal -0 0.671565 0.740946
    outer loop
      vertex -82.5 -6.59769 84.0837
      vertex 61 -7.3539 84.7691
      vertex 61 -6.59769 84.0837
    endloop
  endfacet
  facet normal 0 0.671565 0.740946
    outer loop
      vertex 61 -7.3539 84.7691
      vertex -82.5 -6.59769 84.0837
      vertex -82.5 -7.3539 84.7691
    endloop
  endfacet
  facet normal -0 0.595647 0.803246
    outer loop
      vertex -82.5 -5.77792 83.4758
      vertex 61 -6.59769 84.0837
      vertex 61 -5.77792 83.4758
    endloop
  endfacet
  facet normal 0 0.595647 0.803246
    outer loop
      vertex 61 -6.59769 84.0837
      vertex -82.5 -5.77792 83.4758
      vertex -82.5 -6.59769 84.0837
    endloop
  endfacet
  facet normal -0 0.514102 0.857729
    outer loop
      vertex -82.5 -4.90251 82.9511
      vertex 61 -5.77792 83.4758
      vertex 61 -4.90251 82.9511
    endloop
  endfacet
  facet normal 0 0.514102 0.857729
    outer loop
      vertex 61 -5.77792 83.4758
      vertex -82.5 -4.90251 82.9511
      vertex -82.5 -5.77792 83.4758
    endloop
  endfacet
  facet normal -0 0.427585 0.903975
    outer loop
      vertex -82.5 -3.9799 82.5147
      vertex 61 -4.90251 82.9511
      vertex 61 -3.9799 82.5147
    endloop
  endfacet
  facet normal 0 0.427585 0.903975
    outer loop
      vertex 61 -4.90251 82.9511
      vertex -82.5 -3.9799 82.5147
      vertex -82.5 -4.90251 82.9511
    endloop
  endfacet
  facet normal -0 0.336861 0.941554
    outer loop
      vertex -82.5 -3.01895 82.1709
      vertex 61 -3.9799 82.5147
      vertex 61 -3.01895 82.1709
    endloop
  endfacet
  facet normal 0 0.336861 0.941554
    outer loop
      vertex 61 -3.9799 82.5147
      vertex -82.5 -3.01895 82.1709
      vertex -82.5 -3.9799 82.5147
    endloop
  endfacet
  facet normal -0 0.242992 0.970028
    outer loop
      vertex -82.5 -2.02893 81.9229
      vertex 61 -3.01895 82.1709
      vertex 61 -2.02893 81.9229
    endloop
  endfacet
  facet normal 0 0.242992 0.970028
    outer loop
      vertex 61 -3.01895 82.1709
      vertex -82.5 -2.02893 81.9229
      vertex -82.5 -3.01895 82.1709
    endloop
  endfacet
  facet normal -0 0.146773 0.98917
    outer loop
      vertex -82.5 -1.01936 81.7731
      vertex 61 -2.02893 81.9229
      vertex 61 -1.01936 81.7731
    endloop
  endfacet
  facet normal 0 0.146773 0.98917
    outer loop
      vertex 61 -2.02893 81.9229
      vertex -82.5 -1.01936 81.7731
      vertex -82.5 -2.02893 81.9229
    endloop
  endfacet
  facet normal -0 0.0490892 0.998794
    outer loop
      vertex -82.5 0 81.723
      vertex 61 -1.01936 81.7731
      vertex 61 0 81.723
    endloop
  endfacet
  facet normal 0 0.0490892 0.998794
    outer loop
      vertex 61 -1.01936 81.7731
      vertex -82.5 0 81.723
      vertex -82.5 -1.01936 81.7731
    endloop
  endfacet
  facet normal 0 -0.0490892 0.998794
    outer loop
      vertex -82.5 1.01936 81.7731
      vertex 61 0 81.723
      vertex 61 1.01936 81.7731
    endloop
  endfacet
  facet normal 0 -0.0490892 0.998794
    outer loop
      vertex 61 0 81.723
      vertex -82.5 1.01936 81.7731
      vertex -82.5 0 81.723
    endloop
  endfacet
  facet normal 0 -0.146773 0.98917
    outer loop
      vertex -82.5 2.02893 81.9229
      vertex 61 1.01936 81.7731
      vertex 61 2.02893 81.9229
    endloop
  endfacet
  facet normal 0 -0.146773 0.98917
    outer loop
      vertex 61 1.01936 81.7731
      vertex -82.5 2.02893 81.9229
      vertex -82.5 1.01936 81.7731
    endloop
  endfacet
  facet normal 0 -0.242992 0.970028
    outer loop
      vertex -82.5 3.01895 82.1709
      vertex 61 2.02893 81.9229
      vertex 61 3.01895 82.1709
    endloop
  endfacet
  facet normal 0 -0.242992 0.970028
    outer loop
      vertex 61 2.02893 81.9229
      vertex -82.5 3.01895 82.1709
      vertex -82.5 2.02893 81.9229
    endloop
  endfacet
  facet normal 0 -0.336861 0.941554
    outer loop
      vertex -82.5 3.9799 82.5147
      vertex 61 3.01895 82.1709
      vertex 61 3.9799 82.5147
    endloop
  endfacet
  facet normal 0 -0.336861 0.941554
    outer loop
      vertex 61 3.01895 82.1709
      vertex -82.5 3.9799 82.5147
      vertex -82.5 3.01895 82.1709
    endloop
  endfacet
  facet normal 0 -0.427585 0.903975
    outer loop
      vertex -82.5 4.90251 82.9511
      vertex 61 3.9799 82.5147
      vertex 61 4.90251 82.9511
    endloop
  endfacet
  facet normal 0 -0.427585 0.903975
    outer loop
      vertex 61 3.9799 82.5147
      vertex -82.5 4.90251 82.9511
      vertex -82.5 3.9799 82.5147
    endloop
  endfacet
  facet normal 0 -0.514102 0.857729
    outer loop
      vertex -82.5 5.77792 83.4758
      vertex 61 4.90251 82.9511
      vertex 61 5.77792 83.4758
    endloop
  endfacet
  facet normal 0 -0.514102 0.857729
    outer loop
      vertex 61 4.90251 82.9511
      vertex -82.5 5.77792 83.4758
      vertex -82.5 4.90251 82.9511
    endloop
  endfacet
  facet normal 0 -0.595647 0.803246
    outer loop
      vertex -82.5 6.59769 84.0837
      vertex 61 5.77792 83.4758
      vertex 61 6.59769 84.0837
    endloop
  endfacet
  facet normal 0 -0.595647 0.803246
    outer loop
      vertex 61 5.77792 83.4758
      vertex -82.5 6.59769 84.0837
      vertex -82.5 5.77792 83.4758
    endloop
  endfacet
  facet normal 0 -0.671565 0.740946
    outer loop
      vertex -82.5 7.3539 84.7691
      vertex 61 6.59769 84.0837
      vertex 61 7.3539 84.7691
    endloop
  endfacet
  facet normal 0 -0.671565 0.740946
    outer loop
      vertex 61 6.59769 84.0837
      vertex -82.5 7.3539 84.7691
      vertex -82.5 6.59769 84.0837
    endloop
  endfacet
  facet normal 0 -0.743294 0.668965
    outer loop
      vertex -82.5 7.3539 84.7691
      vertex 61 7.35507 84.7704
      vertex -82.5 7.35507 84.7704
    endloop
  endfacet
  facet normal 0 -0.743294 0.668965
    outer loop
      vertex 61 7.35507 84.7704
      vertex -82.5 7.3539 84.7691
      vertex 61 7.3539 84.7691
    endloop
  endfacet
  facet normal 0 -0.707112 0.707101
    outer loop
      vertex -82.5 7.35507 84.7704
      vertex 61 12 89.4154
      vertex -82.5 12 89.4154
    endloop
  endfacet
  facet normal 0 -0.707112 0.707101
    outer loop
      vertex 61 12 89.4154
      vertex -82.5 7.35507 84.7704
      vertex 61 7.35507 84.7704
    endloop
  endfacet
  facet normal 0 -0.707104 -0.707109
    outer loop
      vertex -82.5 12 94.8307
      vertex 61 7.35507 99.4756
      vertex -82.5 7.35507 99.4756
    endloop
  endfacet
  facet normal 0 -0.707104 -0.707109
    outer loop
      vertex 61 7.35507 99.4756
      vertex -82.5 12 94.8307
      vertex 61 12 94.8307
    endloop
  endfacet
  facet normal 0 -0.743294 -0.668965
    outer loop
      vertex -82.5 7.35507 99.4756
      vertex 61 7.3539 99.4769
      vertex -82.5 7.3539 99.4769
    endloop
  endfacet
  facet normal 0 -0.743294 -0.668965
    outer loop
      vertex 61 7.3539 99.4769
      vertex -82.5 7.35507 99.4756
      vertex 61 7.35507 99.4756
    endloop
  endfacet
  facet normal 0 -0.671404 -0.741092
    outer loop
      vertex -82.5 6.59769 100.162
      vertex 61 7.3539 99.4769
      vertex 61 6.59769 100.162
    endloop
  endfacet
  facet normal -0 -0.671404 -0.741092
    outer loop
      vertex 61 7.3539 99.4769
      vertex -82.5 6.59769 100.162
      vertex -82.5 7.3539 99.4769
    endloop
  endfacet
  facet normal 0 -0.59571 -0.8032
    outer loop
      vertex -82.5 5.77792 100.77
      vertex 61 6.59769 100.162
      vertex 61 5.77792 100.77
    endloop
  endfacet
  facet normal -0 -0.59571 -0.8032
    outer loop
      vertex 61 6.59769 100.162
      vertex -82.5 5.77792 100.77
      vertex -82.5 6.59769 100.162
    endloop
  endfacet
  facet normal 0 -0.514319 -0.857599
    outer loop
      vertex -82.5 4.90251 101.295
      vertex 61 5.77792 100.77
      vertex 61 4.90251 101.295
    endloop
  endfacet
  facet normal -0 -0.514319 -0.857599
    outer loop
      vertex 61 5.77792 100.77
      vertex -82.5 4.90251 101.295
      vertex -82.5 5.77792 100.77
    endloop
  endfacet
  facet normal 0 -0.427265 -0.904126
    outer loop
      vertex -82.5 3.9799 101.731
      vertex 61 4.90251 101.295
      vertex 61 3.9799 101.731
    endloop
  endfacet
  facet normal -0 -0.427265 -0.904126
    outer loop
      vertex 61 4.90251 101.295
      vertex -82.5 3.9799 101.731
      vertex -82.5 4.90251 101.295
    endloop
  endfacet
  facet normal 0 -0.337035 -0.941492
    outer loop
      vertex -82.5 3.01895 102.075
      vertex 61 3.9799 101.731
      vertex 61 3.01895 102.075
    endloop
  endfacet
  facet normal -0 -0.337035 -0.941492
    outer loop
      vertex 61 3.9799 101.731
      vertex -82.5 3.01895 102.075
      vertex -82.5 3.9799 101.731
    endloop
  endfacet
  facet normal 0 -0.242992 -0.970028
    outer loop
      vertex -82.5 2.02893 102.323
      vertex 61 3.01895 102.075
      vertex 61 2.02893 102.323
    endloop
  endfacet
  facet normal -0 -0.242992 -0.970028
    outer loop
      vertex 61 3.01895 102.075
      vertex -82.5 2.02893 102.323
      vertex -82.5 3.01895 102.075
    endloop
  endfacet
  facet normal 0 -0.146965 -0.989142
    outer loop
      vertex -82.5 1.01936 102.473
      vertex 61 2.02893 102.323
      vertex 61 1.01936 102.473
    endloop
  endfacet
  facet normal -0 -0.146965 -0.989142
    outer loop
      vertex 61 2.02893 102.323
      vertex -82.5 1.01936 102.473
      vertex -82.5 2.02893 102.323
    endloop
  endfacet
  facet normal 0 -0.0489915 -0.998799
    outer loop
      vertex -82.5 0 102.523
      vertex 61 1.01936 102.473
      vertex 61 0 102.523
    endloop
  endfacet
  facet normal -0 -0.0489915 -0.998799
    outer loop
      vertex 61 1.01936 102.473
      vertex -82.5 0 102.523
      vertex -82.5 1.01936 102.473
    endloop
  endfacet
  facet normal 0 0.0489915 -0.998799
    outer loop
      vertex -82.5 -1.01936 102.473
      vertex 61 0 102.523
      vertex 61 -1.01936 102.473
    endloop
  endfacet
  facet normal 0 0.0489915 -0.998799
    outer loop
      vertex 61 0 102.523
      vertex -82.5 -1.01936 102.473
      vertex -82.5 0 102.523
    endloop
  endfacet
  facet normal 0 0.146965 -0.989142
    outer loop
      vertex -82.5 -2.02893 102.323
      vertex 61 -1.01936 102.473
      vertex 61 -2.02893 102.323
    endloop
  endfacet
  facet normal 0 0.146965 -0.989142
    outer loop
      vertex 61 -1.01936 102.473
      vertex -82.5 -2.02893 102.323
      vertex -82.5 -1.01936 102.473
    endloop
  endfacet
  facet normal 0 0.242992 -0.970028
    outer loop
      vertex -82.5 -3.01895 102.075
      vertex 61 -2.02893 102.323
      vertex 61 -3.01895 102.075
    endloop
  endfacet
  facet normal 0 0.242992 -0.970028
    outer loop
      vertex 61 -2.02893 102.323
      vertex -82.5 -3.01895 102.075
      vertex -82.5 -2.02893 102.323
    endloop
  endfacet
  facet normal 0 0.337035 -0.941492
    outer loop
      vertex -82.5 -3.9799 101.731
      vertex 61 -3.01895 102.075
      vertex 61 -3.9799 101.731
    endloop
  endfacet
  facet normal 0 0.337035 -0.941492
    outer loop
      vertex 61 -3.01895 102.075
      vertex -82.5 -3.9799 101.731
      vertex -82.5 -3.01895 102.075
    endloop
  endfacet
  facet normal 0 0.427265 -0.904126
    outer loop
      vertex -82.5 -4.90251 101.295
      vertex 61 -3.9799 101.731
      vertex 61 -4.90251 101.295
    endloop
  endfacet
  facet normal 0 0.427265 -0.904126
    outer loop
      vertex 61 -3.9799 101.731
      vertex -82.5 -4.90251 101.295
      vertex -82.5 -3.9799 101.731
    endloop
  endfacet
  facet normal 0 0.514319 -0.857599
    outer loop
      vertex -82.5 -5.77792 100.77
      vertex 61 -4.90251 101.295
      vertex 61 -5.77792 100.77
    endloop
  endfacet
  facet normal 0 0.514319 -0.857599
    outer loop
      vertex 61 -4.90251 101.295
      vertex -82.5 -5.77792 100.77
      vertex -82.5 -4.90251 101.295
    endloop
  endfacet
  facet normal 0 0.59571 -0.8032
    outer loop
      vertex -82.5 -6.59769 100.162
      vertex 61 -5.77792 100.77
      vertex 61 -6.59769 100.162
    endloop
  endfacet
  facet normal 0 0.59571 -0.8032
    outer loop
      vertex 61 -5.77792 100.77
      vertex -82.5 -6.59769 100.162
      vertex -82.5 -5.77792 100.77
    endloop
  endfacet
  facet normal 0 0.671404 -0.741092
    outer loop
      vertex -82.5 -7.3539 99.4769
      vertex 61 -6.59769 100.162
      vertex 61 -7.3539 99.4769
    endloop
  endfacet
  facet normal 0 0.671404 -0.741092
    outer loop
      vertex 61 -6.59769 100.162
      vertex -82.5 -7.3539 99.4769
      vertex -82.5 -6.59769 100.162
    endloop
  endfacet
  facet normal 0 0.740936 -0.671575
    outer loop
      vertex 61 -8.03931 98.7207
      vertex -82.5 -7.3539 99.4769
      vertex 61 -7.3539 99.4769
    endloop
  endfacet
  facet normal 0 0.740936 -0.671575
    outer loop
      vertex -82.5 -7.3539 99.4769
      vertex 61 -8.03931 98.7207
      vertex -82.5 -8.03931 98.7207
    endloop
  endfacet
  facet normal 0 0.803189 -0.595724
    outer loop
      vertex 61 -8.64728 97.901
      vertex -82.5 -8.03931 98.7207
      vertex 61 -8.03931 98.7207
    endloop
  endfacet
  facet normal 0 0.803189 -0.595724
    outer loop
      vertex -82.5 -8.03931 98.7207
      vertex 61 -8.64728 97.901
      vertex -82.5 -8.64728 97.901
    endloop
  endfacet
  facet normal 0 0.857731 -0.514099
    outer loop
      vertex 61 -9.17197 97.0256
      vertex -82.5 -8.64728 97.901
      vertex 61 -8.64728 97.901
    endloop
  endfacet
  facet normal 0 0.857731 -0.514099
    outer loop
      vertex -82.5 -8.64728 97.901
      vertex 61 -9.17197 97.0256
      vertex -82.5 -9.17197 97.0256
    endloop
  endfacet
  facet normal 0 0.904002 -0.427527
    outer loop
      vertex 61 -9.60834 96.1029
      vertex -82.5 -9.17197 97.0256
      vertex 61 -9.17197 97.0256
    endloop
  endfacet
  facet normal 0 0.904002 -0.427527
    outer loop
      vertex -82.5 -9.17197 97.0256
      vertex 61 -9.60834 96.1029
      vertex -82.5 -9.60834 96.1029
    endloop
  endfacet
  facet normal 0 0.941536 -0.336911
    outer loop
      vertex 61 -9.95218 95.142
      vertex -82.5 -9.60834 96.1029
      vertex 61 -9.60834 96.1029
    endloop
  endfacet
  facet normal 0 0.941536 -0.336911
    outer loop
      vertex -82.5 -9.60834 96.1029
      vertex 61 -9.95218 95.142
      vertex -82.5 -9.95218 95.142
    endloop
  endfacet
  facet normal 0 0.970022 -0.243015
    outer loop
      vertex 61 -10.2002 94.152
      vertex -82.5 -9.95218 95.142
      vertex 61 -9.95218 95.142
    endloop
  endfacet
  facet normal 0 0.970022 -0.243015
    outer loop
      vertex -82.5 -9.95218 95.142
      vertex 61 -10.2002 94.152
      vertex -82.5 -10.2002 94.152
    endloop
  endfacet
  facet normal 0 0.989185 -0.146673
    outer loop
      vertex 61 -10.3499 93.1424
      vertex -82.5 -10.2002 94.152
      vertex 61 -10.2002 94.152
    endloop
  endfacet
  facet normal 0 0.989185 -0.146673
    outer loop
      vertex -82.5 -10.2002 94.152
      vertex 61 -10.3499 93.1424
      vertex -82.5 -10.3499 93.1424
    endloop
  endfacet
  facet normal 0 0.998794 -0.0490873
    outer loop
      vertex 61 -10.4 92.123
      vertex -82.5 -10.3499 93.1424
      vertex 61 -10.3499 93.1424
    endloop
  endfacet
  facet normal 0 0.998794 -0.0490873
    outer loop
      vertex -82.5 -10.3499 93.1424
      vertex 61 -10.4 92.123
      vertex -82.5 -10.4 92.123
    endloop
  endfacet
  facet normal 0 0.998794 0.0490921
    outer loop
      vertex 61 -10.3499 91.1037
      vertex -82.5 -10.4 92.123
      vertex 61 -10.4 92.123
    endloop
  endfacet
  facet normal 0 0.998794 0.0490921
    outer loop
      vertex -82.5 -10.4 92.123
      vertex 61 -10.3499 91.1037
      vertex -82.5 -10.3499 91.1037
    endloop
  endfacet
  facet normal 1 -0 0
    outer loop
      vertex 61 7.35507 99.4756
      vertex 61 12 97.6591
      vertex 61 8.76959 100.89
    endloop
  endfacet
  facet normal 1 0 0
    outer loop
      vertex 61 7.3539 99.4769
      vertex 61 8.76959 100.89
      vertex 61 8.76811 100.891
    endloop
  endfacet
  facet normal 1 0 0
    outer loop
      vertex 61 7.3539 99.4769
      vertex 61 8.76811 100.891
      vertex 61 7.86647 101.708
    endloop
  endfacet
  facet normal 1 0 0
    outer loop
      vertex 61 12 97.6591
      vertex 61 7.35507 99.4756
      vertex 61 12 94.8307
    endloop
  endfacet
  facet normal 1 0 0
    outer loop
      vertex 61 8.76959 100.89
      vertex 61 7.3539 99.4769
      vertex 61 7.35507 99.4756
    endloop
  endfacet
  facet normal 1 0 0
    outer loop
      vertex 61 6.59769 100.162
      vertex 61 7.86647 101.708
      vertex 61 6.88907 102.433
    endloop
  endfacet
  facet normal 1 0 0
    outer loop
      vertex 61 7.86647 101.708
      vertex 61 6.59769 100.162
      vertex 61 7.3539 99.4769
    endloop
  endfacet
  facet normal 1 0 0
    outer loop
      vertex 61 5.77792 100.77
      vertex 61 6.88907 102.433
      vertex 61 5.84531 103.059
    endloop
  endfacet
  facet normal 1 0 0
    outer loop
      vertex 61 6.88907 102.433
      vertex 61 5.77792 100.77
      vertex 61 6.59769 100.162
    endloop
  endfacet
  facet normal 1 0 0
    outer loop
      vertex 61 5.84531 103.059
      vertex 61 4.90251 101.295
      vertex 61 5.77792 100.77
    endloop
  endfacet
  facet normal 1 0 0
    outer loop
      vertex 61 4.74527 103.579
      vertex 61 4.90251 101.295
      vertex 61 5.84531 103.059
    endloop
  endfacet
  facet normal 1 0 0
    outer loop
      vertex 61 4.74527 103.579
      vertex 61 3.9799 101.731
      vertex 61 4.90251 101.295
    endloop
  endfacet
  facet normal 1 0 0
    outer loop
      vertex 61 3.59952 103.989
      vertex 61 3.9799 101.731
      vertex 61 4.74527 103.579
    endloop
  endfacet
  facet normal 1 0 0
    outer loop
      vertex 61 3.59952 103.989
      vertex 61 3.01895 102.075
      vertex 61 3.9799 101.731
    endloop
  endfacet
  facet normal 1 0 0
    outer loop
      vertex 61 2.41911 104.285
      vertex 61 3.01895 102.075
      vertex 61 3.59952 103.989
    endloop
  endfacet
  facet normal 1 0 0
    outer loop
      vertex 61 2.41911 104.285
      vertex 61 2.02893 102.323
      vertex 61 3.01895 102.075
    endloop
  endfacet
  facet normal 1 0 0
    outer loop
      vertex 61 1.21541 104.463
      vertex 61 2.02893 102.323
      vertex 61 2.41911 104.285
    endloop
  endfacet
  facet normal 1 0 0
    outer loop
      vertex 61 1.21541 104.463
      vertex 61 1.01936 102.473
      vertex 61 2.02893 102.323
    endloop
  endfacet
  facet normal 1 0 0
    outer loop
      vertex 61 0 104.523
      vertex 61 1.01936 102.473
      vertex 61 1.21541 104.463
    endloop
  endfacet
  facet normal 1 0 0
    outer loop
      vertex 61 0 104.523
      vertex 61 0 102.523
      vertex 61 1.01936 102.473
    endloop
  endfacet
  facet normal 1 0 0
    outer loop
      vertex 61 0 104.523
      vertex 61 -1.01936 102.473
      vertex 61 0 102.523
    endloop
  endfacet
  facet normal 1 -0 0
    outer loop
      vertex 61 -1.21541 104.463
      vertex 61 -1.01936 102.473
      vertex 61 0 104.523
    endloop
  endfacet
  facet normal 1 0 0
    outer loop
      vertex 61 -1.21541 104.463
      vertex 61 -2.02893 102.323
      vertex 61 -1.01936 102.473
    endloop
  endfacet
  facet normal 1 -0 0
    outer loop
      vertex 61 -2.41911 104.285
      vertex 61 -2.02893 102.323
      vertex 61 -1.21541 104.463
    endloop
  endfacet
  facet normal 1 0 0
    outer loop
      vertex 61 -2.41911 104.285
      vertex 61 -3.01895 102.075
      vertex 61 -2.02893 102.323
    endloop
  endfacet
  facet normal 1 -0 0
    outer loop
      vertex 61 -3.59952 103.989
      vertex 61 -3.01895 102.075
      vertex 61 -2.41911 104.285
    endloop
  endfacet
  facet normal 1 0 0
    outer loop
      vertex 61 -3.59952 103.989
      vertex 61 -3.9799 101.731
      vertex 61 -3.01895 102.075
    endloop
  endfacet
  facet normal 1 -0 0
    outer loop
      vertex 61 -4.74527 103.579
      vertex 61 -3.9799 101.731
      vertex 61 -3.59952 103.989
    endloop
  endfacet
  facet normal 1 0 0
    outer loop
      vertex 61 -4.74527 103.579
      vertex 61 -4.90251 101.295
      vertex 61 -3.9799 101.731
    endloop
  endfacet
  facet normal 1 -0 0
    outer loop
      vertex 61 -5.84531 103.059
      vertex 61 -4.90251 101.295
      vertex 61 -4.74527 103.579
    endloop
  endfacet
  facet normal 1 0 0
    outer loop
      vertex 61 -4.90251 101.295
      vertex 61 -5.84531 103.059
      vertex 61 -5.77792 100.77
    endloop
  endfacet
  facet normal 1 -0 0
    outer loop
      vertex 61 -6.88907 102.433
      vertex 61 -5.77792 100.77
      vertex 61 -5.84531 103.059
    endloop
  endfacet
  facet normal 1 0 0
    outer loop
      vertex 61 -5.77792 100.77
      vertex 61 -6.88907 102.433
      vertex 61 -6.59769 100.162
    endloop
  endfacet
  facet normal 1 -0 0
    outer loop
      vertex 61 -7.86647 101.708
      vertex 61 -6.59769 100.162
      vertex 61 -6.88907 102.433
    endloop
  endfacet
  facet normal 1 0 0
    outer loop
      vertex 61 -6.59769 100.162
      vertex 61 -7.86647 101.708
      vertex 61 -7.3539 99.4769
    endloop
  endfacet
  facet normal 1 -0 0
    outer loop
      vertex 61 -8.76811 100.891
      vertex 61 -7.3539 99.4769
      vertex 61 -7.86647 101.708
    endloop
  endfacet
  facet normal 1 0 0
    outer loop
      vertex 61 -7.3539 99.4769
      vertex 61 -8.76811 100.891
      vertex 61 -8.03931 98.7207
    endloop
  endfacet
  facet normal 1 -0 0
    outer loop
      vertex 61 -9.58533 99.9895
      vertex 61 -8.03931 98.7207
      vertex 61 -8.76811 100.891
    endloop
  endfacet
  facet normal 1 0 0
    outer loop
      vertex 61 -8.03931 98.7207
      vertex 61 -9.58533 99.9895
      vertex 61 -8.64728 97.901
    endloop
  endfacet
  facet normal 1 -0 0
    outer loop
      vertex 61 -10.3102 99.0121
      vertex 61 -8.64728 97.901
      vertex 61 -9.58533 99.9895
    endloop
  endfacet
  facet normal 1 0 0
    outer loop
      vertex 61 -8.64728 97.901
      vertex 61 -10.3102 99.0121
      vertex 61 -9.17197 97.0256
    endloop
  endfacet
  facet normal 1 -0 0
    outer loop
      vertex 61 -10.9358 97.9683
      vertex 61 -9.17197 97.0256
      vertex 61 -10.3102 99.0121
    endloop
  endfacet
  facet normal 1 0 0
    outer loop
      vertex 61 -9.17197 97.0256
      vertex 61 -10.9358 97.9683
      vertex 61 -9.60834 96.1029
    endloop
  endfacet
  facet normal 1 -0 0
    outer loop
      vertex 61 -11.4561 96.8683
      vertex 61 -9.60834 96.1029
      vertex 61 -10.9358 97.9683
    endloop
  endfacet
  facet normal 1 0 0
    outer loop
      vertex 61 -9.60834 96.1029
      vertex 61 -11.4561 96.8683
      vertex 61 -9.95218 95.142
    endloop
  endfacet
  facet normal 1 -0 0
    outer loop
      vertex 61 -11.8661 95.7226
      vertex 61 -9.95218 95.142
      vertex 61 -11.4561 96.8683
    endloop
  endfacet
  facet normal 1 -0 0
    outer loop
      vertex 61 -12 95.1878
      vertex 61 -9.95218 95.142
      vertex 61 -11.8661 95.7226
    endloop
  endfacet
  facet normal 1 0 0
    outer loop
      vertex 61 7.35507 84.7704
      vertex 61 12 86.587
      vertex 61 12 89.4154
    endloop
  endfacet
  facet normal 1 0 0
    outer loop
      vertex 61 12 86.587
      vertex 61 7.35507 84.7704
      vertex 61 8.76959 83.3566
    endloop
  endfacet
  facet normal 1 -0 0
    outer loop
      vertex 61 7.3539 84.7691
      vertex 61 8.76959 83.3566
      vertex 61 7.35507 84.7704
    endloop
  endfacet
  facet normal 1 0 0
    outer loop
      vertex 61 8.76959 83.3566
      vertex 61 7.3539 84.7691
      vertex 61 8.76811 83.3549
    endloop
  endfacet
  facet normal 1 0 0
    outer loop
      vertex 61 8.76811 83.3549
      vertex 61 7.3539 84.7691
      vertex 61 7.86647 82.5377
    endloop
  endfacet
  facet normal 1 -0 0
    outer loop
      vertex 61 6.59769 84.0837
      vertex 61 7.86647 82.5377
      vertex 61 7.3539 84.7691
    endloop
  endfacet
  facet normal 1 0 0
    outer loop
      vertex 61 7.86647 82.5377
      vertex 61 6.59769 84.0837
      vertex 61 6.88907 81.8128
    endloop
  endfacet
  facet normal 1 -0 0
    outer loop
      vertex 61 5.77792 83.4758
      vertex 61 6.88907 81.8128
      vertex 61 6.59769 84.0837
    endloop
  endfacet
  facet normal 1 0 0
    outer loop
      vertex 61 6.88907 81.8128
      vertex 61 5.77792 83.4758
      vertex 61 5.84531 81.1872
    endloop
  endfacet
  facet normal 1 -0 0
    outer loop
      vertex 61 4.90251 82.9511
      vertex 61 5.84531 81.1872
      vertex 61 5.77792 83.4758
    endloop
  endfacet
  facet normal 1 0 0
    outer loop
      vertex 61 4.90251 82.9511
      vertex 61 4.74527 80.6669
      vertex 61 5.84531 81.1872
    endloop
  endfacet
  facet normal 1 -0 0
    outer loop
      vertex 61 3.9799 82.5147
      vertex 61 4.74527 80.6669
      vertex 61 4.90251 82.9511
    endloop
  endfacet
  facet normal 1 0 0
    outer loop
      vertex 61 3.9799 82.5147
      vertex 61 3.59952 80.257
      vertex 61 4.74527 80.6669
    endloop
  endfacet
  facet normal 1 -0 0
    outer loop
      vertex 61 3.01895 82.1709
      vertex 61 3.59952 80.257
      vertex 61 3.9799 82.5147
    endloop
  endfacet
  facet normal 1 0 0
    outer loop
      vertex 61 3.01895 82.1709
      vertex 61 2.41911 79.9613
      vertex 61 3.59952 80.257
    endloop
  endfacet
  facet normal 1 -0 0
    outer loop
      vertex 61 2.02893 81.9229
      vertex 61 2.41911 79.9613
      vertex 61 3.01895 82.1709
    endloop
  endfacet
  facet normal 1 0 0
    outer loop
      vertex 61 2.02893 81.9229
      vertex 61 1.21541 79.7828
      vertex 61 2.41911 79.9613
    endloop
  endfacet
  facet normal 1 -0 0
    outer loop
      vertex 61 1.01936 81.7731
      vertex 61 1.21541 79.7828
      vertex 61 2.02893 81.9229
    endloop
  endfacet
  facet normal 1 -0 0
    outer loop
      vertex 61 0 81.723
      vertex 61 1.21541 79.7828
      vertex 61 1.01936 81.7731
    endloop
  endfacet
  facet normal 1 0 0
    outer loop
      vertex 61 0 81.723
      vertex 61 0 79.723
      vertex 61 1.21541 79.7828
    endloop
  endfacet
  facet normal 1 0 0
    outer loop
      vertex 61 -1.01936 81.7731
      vertex 61 0 79.723
      vertex 61 0 81.723
    endloop
  endfacet
  facet normal 1 0 0
    outer loop
      vertex 61 -1.01936 81.7731
      vertex 61 -1.21541 79.7828
      vertex 61 0 79.723
    endloop
  endfacet
  facet normal 1 0 0
    outer loop
      vertex 61 -2.02893 81.9229
      vertex 61 -1.21541 79.7828
      vertex 61 -1.01936 81.7731
    endloop
  endfacet
  facet normal 1 0 0
    outer loop
      vertex 61 -2.02893 81.9229
      vertex 61 -2.41911 79.9613
      vertex 61 -1.21541 79.7828
    endloop
  endfacet
  facet normal 1 0 0
    outer loop
      vertex 61 -3.01895 82.1709
      vertex 61 -2.41911 79.9613
      vertex 61 -2.02893 81.9229
    endloop
  endfacet
  facet normal 1 0 0
    outer loop
      vertex 61 -3.01895 82.1709
      vertex 61 -3.59952 80.257
      vertex 61 -2.41911 79.9613
    endloop
  endfacet
  facet normal 1 0 0
    outer loop
      vertex 61 -3.9799 82.5147
      vertex 61 -3.59952 80.257
      vertex 61 -3.01895 82.1709
    endloop
  endfacet
  facet normal 1 0 0
    outer loop
      vertex 61 -3.9799 82.5147
      vertex 61 -4.74527 80.6669
      vertex 61 -3.59952 80.257
    endloop
  endfacet
  facet normal 1 0 0
    outer loop
      vertex 61 -4.90251 82.9511
      vertex 61 -4.74527 80.6669
      vertex 61 -3.9799 82.5147
    endloop
  endfacet
  facet normal 1 0 0
    outer loop
      vertex 61 -5.84531 81.1872
      vertex 61 -4.90251 82.9511
      vertex 61 -5.77792 83.4758
    endloop
  endfacet
  facet normal 1 0 0
    outer loop
      vertex 61 -4.90251 82.9511
      vertex 61 -5.84531 81.1872
      vertex 61 -4.74527 80.6669
    endloop
  endfacet
  facet normal 1 0 0
    outer loop
      vertex 61 -6.88907 81.8128
      vertex 61 -5.77792 83.4758
      vertex 61 -6.59769 84.0837
    endloop
  endfacet
  facet normal 1 0 0
    outer loop
      vertex 61 -5.77792 83.4758
      vertex 61 -6.88907 81.8128
      vertex 61 -5.84531 81.1872
    endloop
  endfacet
  facet normal 1 0 0
    outer loop
      vertex 61 -7.86647 82.5377
      vertex 61 -6.59769 84.0837
      vertex 61 -7.3539 84.7691
    endloop
  endfacet
  facet normal 1 0 0
    outer loop
      vertex 61 -6.59769 84.0837
      vertex 61 -7.86647 82.5377
      vertex 61 -6.88907 81.8128
    endloop
  endfacet
  facet normal 1 0 0
    outer loop
      vertex 61 -8.76811 83.3549
      vertex 61 -7.3539 84.7691
      vertex 61 -8.03931 85.5254
    endloop
  endfacet
  facet normal 1 0 0
    outer loop
      vertex 61 -9.58533 84.2566
      vertex 61 -8.03931 85.5254
      vertex 61 -8.64728 86.3451
    endloop
  endfacet
  facet normal 1 0 0
    outer loop
      vertex 61 -7.3539 84.7691
      vertex 61 -8.76811 83.3549
      vertex 61 -7.86647 82.5377
    endloop
  endfacet
  facet normal 1 0 0
    outer loop
      vertex 61 -10.3102 85.234
      vertex 61 -8.64728 86.3451
      vertex 61 -9.17197 87.2205
    endloop
  endfacet
  facet normal 1 0 0
    outer loop
      vertex 61 -8.03931 85.5254
      vertex 61 -9.58533 84.2566
      vertex 61 -8.76811 83.3549
    endloop
  endfacet
  facet normal 1 0 0
    outer loop
      vertex 61 -10.9358 86.2777
      vertex 61 -9.17197 87.2205
      vertex 61 -9.60834 88.1431
    endloop
  endfacet
  facet normal 1 0 0
    outer loop
      vertex 61 -11.4561 87.3778
      vertex 61 -9.60834 88.1431
      vertex 61 -9.95218 89.1041
    endloop
  endfacet
  facet normal 1 0 0
    outer loop
      vertex 61 -12 89.0583
      vertex 61 -9.95218 89.1041
      vertex 61 -10.2002 90.0941
    endloop
  endfacet
  facet normal 1 0 0
    outer loop
      vertex 61 -8.64728 86.3451
      vertex 61 -10.3102 85.234
      vertex 61 -9.58533 84.2566
    endloop
  endfacet
  facet normal 1 0 0
    outer loop
      vertex 61 -12 89.0583
      vertex 61 -10.2002 90.0941
      vertex 61 -10.3499 91.1037
    endloop
  endfacet
  facet normal 1 0 0
    outer loop
      vertex 61 -12 89.0583
      vertex 61 -10.3499 91.1037
      vertex 61 -10.4 92.123
    endloop
  endfacet
  facet normal 1 0 0
    outer loop
      vertex 61 -9.95218 95.142
      vertex 61 -12 95.1878
      vertex 61 -10.2002 94.152
    endloop
  endfacet
  facet normal 1 0 0
    outer loop
      vertex 61 -9.17197 87.2205
      vertex 61 -10.9358 86.2777
      vertex 61 -10.3102 85.234
    endloop
  endfacet
  facet normal 1 0 0
    outer loop
      vertex 61 -10.2002 94.152
      vertex 61 -12 95.1878
      vertex 61 -10.3499 93.1424
    endloop
  endfacet
  facet normal 1 0 0
    outer loop
      vertex 61 -12 89.0583
      vertex 61 -10.4 92.123
      vertex 61 -12 95.1878
    endloop
  endfacet
  facet normal 1 0 0
    outer loop
      vertex 61 -10.3499 93.1424
      vertex 61 -12 95.1878
      vertex 61 -10.4 92.123
    endloop
  endfacet
  facet normal 1 0 0
    outer loop
      vertex 61 -9.60834 88.1431
      vertex 61 -11.4561 87.3778
      vertex 61 -10.9358 86.2777
    endloop
  endfacet
  facet normal 1 0 0
    outer loop
      vertex 61 -9.95218 89.1041
      vertex 61 -12 89.0583
      vertex 61 -11.8661 88.5235
    endloop
  endfacet
  facet normal 1 0 0
    outer loop
      vertex 61 -9.95218 89.1041
      vertex 61 -11.8661 88.5235
      vertex 61 -11.4561 87.3778
    endloop
  endfacet
  facet normal 0 0.970057 0.242877
    outer loop
      vertex 86 -11.8661 88.5235
      vertex 61 -12 89.0583
      vertex 86 -12 89.0583
    endloop
  endfacet
  facet normal 0 0.970057 0.242877
    outer loop
      vertex 61 -12 89.0583
      vertex 86 -11.8661 88.5235
      vertex 61 -11.8661 88.5235
    endloop
  endfacet
  facet normal 0 0.941528 0.336935
    outer loop
      vertex 86 -11.4561 87.3778
      vertex 61 -11.8661 88.5235
      vertex 86 -11.8661 88.5235
    endloop
  endfacet
  facet normal 0 0.941528 0.336935
    outer loop
      vertex 61 -11.8661 88.5235
      vertex 86 -11.4561 87.3778
      vertex 61 -11.4561 87.3778
    endloop
  endfacet
  facet normal 0 0.903992 0.427549
    outer loop
      vertex 86 -10.9358 86.2777
      vertex 61 -11.4561 87.3778
      vertex 86 -11.4561 87.3778
    endloop
  endfacet
  facet normal 0 0.903992 0.427549
    outer loop
      vertex 61 -11.4561 87.3778
      vertex 86 -10.9358 86.2777
      vertex 61 -10.9358 86.2777
    endloop
  endfacet
  facet normal 0 0.857718 0.514121
    outer loop
      vertex 86 -10.3102 85.234
      vertex 61 -10.9358 86.2777
      vertex 86 -10.9358 86.2777
    endloop
  endfacet
  facet normal 0 0.857718 0.514121
    outer loop
      vertex 61 -10.9358 86.2777
      vertex 86 -10.3102 85.234
      vertex 61 -10.3102 85.234
    endloop
  endfacet
  facet normal 0 0.803215 0.595689
    outer loop
      vertex 86 -9.58533 84.2566
      vertex 61 -10.3102 85.234
      vertex 86 -10.3102 85.234
    endloop
  endfacet
  facet normal 0 0.803215 0.595689
    outer loop
      vertex 61 -10.3102 85.234
      vertex 86 -9.58533 84.2566
      vertex 61 -9.58533 84.2566
    endloop
  endfacet
  facet normal 0 0.740965 0.671544
    outer loop
      vertex 86 -8.76811 83.3549
      vertex 61 -9.58533 84.2566
      vertex 86 -9.58533 84.2566
    endloop
  endfacet
  facet normal 0 0.740965 0.671544
    outer loop
      vertex 61 -9.58533 84.2566
      vertex 86 -8.76811 83.3549
      vertex 61 -8.76811 83.3549
    endloop
  endfacet
  facet normal -0 0.671559 0.740951
    outer loop
      vertex 61 -7.86647 82.5377
      vertex 86 -8.76811 83.3549
      vertex 86 -7.86647 82.5377
    endloop
  endfacet
  facet normal 0 0.671559 0.740951
    outer loop
      vertex 86 -8.76811 83.3549
      vertex 61 -7.86647 82.5377
      vertex 61 -8.76811 83.3549
    endloop
  endfacet
  facet normal -0 0.595705 0.803203
    outer loop
      vertex 61 -6.88907 81.8128
      vertex 86 -7.86647 82.5377
      vertex 86 -6.88907 81.8128
    endloop
  endfacet
  facet normal 0 0.595705 0.803203
    outer loop
      vertex 86 -7.86647 82.5377
      vertex 61 -6.88907 81.8128
      vertex 61 -7.86647 82.5377
    endloop
  endfacet
  facet normal -0 0.514099 0.857731
    outer loop
      vertex 61 -5.84531 81.1872
      vertex 86 -6.88907 81.8128
      vertex 86 -5.84531 81.1872
    endloop
  endfacet
  facet normal 0 0.514099 0.857731
    outer loop
      vertex 86 -6.88907 81.8128
      vertex 61 -5.84531 81.1872
      vertex 61 -6.88907 81.8128
    endloop
  endfacet
  facet normal -0 0.427568 0.903983
    outer loop
      vertex 61 -4.74527 80.6669
      vertex 86 -5.84531 81.1872
      vertex 86 -4.74527 80.6669
    endloop
  endfacet
  facet normal 0 0.427568 0.903983
    outer loop
      vertex 86 -5.84531 81.1872
      vertex 61 -4.74527 80.6669
      vertex 61 -5.84531 81.1872
    endloop
  endfacet
  facet normal -0 0.336849 0.941559
    outer loop
      vertex 61 -3.59952 80.257
      vertex 86 -4.74527 80.6669
      vertex 86 -3.59952 80.257
    endloop
  endfacet
  facet normal 0 0.336849 0.941559
    outer loop
      vertex 86 -4.74527 80.6669
      vertex 61 -3.59952 80.257
      vertex 61 -4.74527 80.6669
    endloop
  endfacet
  facet normal -0 0.242998 0.970027
    outer loop
      vertex 61 -2.41911 79.9613
      vertex 86 -3.59952 80.257
      vertex 86 -2.41911 79.9613
    endloop
  endfacet
  facet normal 0 0.242998 0.970027
    outer loop
      vertex 86 -3.59952 80.257
      vertex 61 -2.41911 79.9613
      vertex 61 -3.59952 80.257
    endloop
  endfacet
  facet normal -0 0.146689 0.989183
    outer loop
      vertex 61 -1.21541 79.7828
      vertex 86 -2.41911 79.9613
      vertex 86 -1.21541 79.7828
    endloop
  endfacet
  facet normal 0 0.146689 0.989183
    outer loop
      vertex 86 -2.41911 79.9613
      vertex 61 -1.21541 79.7828
      vertex 61 -2.41911 79.9613
    endloop
  endfacet
  facet normal -0 0.0491421 0.998792
    outer loop
      vertex 61 0 79.723
      vertex 86 -1.21541 79.7828
      vertex 86 0 79.723
    endloop
  endfacet
  facet normal 0 0.0491421 0.998792
    outer loop
      vertex 86 -1.21541 79.7828
      vertex 61 0 79.723
      vertex 61 -1.21541 79.7828
    endloop
  endfacet
  facet normal 0 -0.0491421 0.998792
    outer loop
      vertex 61 1.21541 79.7828
      vertex 86 0 79.723
      vertex 86 1.21541 79.7828
    endloop
  endfacet
  facet normal 0 -0.0491421 0.998792
    outer loop
      vertex 86 0 79.723
      vertex 61 1.21541 79.7828
      vertex 61 0 79.723
    endloop
  endfacet
  facet normal 0 -0.146689 0.989183
    outer loop
      vertex 61 2.41911 79.9613
      vertex 86 1.21541 79.7828
      vertex 86 2.41911 79.9613
    endloop
  endfacet
  facet normal 0 -0.146689 0.989183
    outer loop
      vertex 86 1.21541 79.7828
      vertex 61 2.41911 79.9613
      vertex 61 1.21541 79.7828
    endloop
  endfacet
  facet normal 0 -0.242998 0.970027
    outer loop
      vertex 61 3.59952 80.257
      vertex 86 2.41911 79.9613
      vertex 86 3.59952 80.257
    endloop
  endfacet
  facet normal 0 -0.242998 0.970027
    outer loop
      vertex 86 2.41911 79.9613
      vertex 61 3.59952 80.257
      vertex 61 2.41911 79.9613
    endloop
  endfacet
  facet normal 0 -0.336849 0.941559
    outer loop
      vertex 61 4.74527 80.6669
      vertex 86 3.59952 80.257
      vertex 86 4.74527 80.6669
    endloop
  endfacet
  facet normal 0 -0.336849 0.941559
    outer loop
      vertex 86 3.59952 80.257
      vertex 61 4.74527 80.6669
      vertex 61 3.59952 80.257
    endloop
  endfacet
  facet normal 0 -0.427568 0.903983
    outer loop
      vertex 61 5.84531 81.1872
      vertex 86 4.74527 80.6669
      vertex 86 5.84531 81.1872
    endloop
  endfacet
  facet normal 0 -0.427568 0.903983
    outer loop
      vertex 86 4.74527 80.6669
      vertex 61 5.84531 81.1872
      vertex 61 4.74527 80.6669
    endloop
  endfacet
  facet normal 0 -0.514099 0.857731
    outer loop
      vertex 61 6.88907 81.8128
      vertex 86 5.84531 81.1872
      vertex 86 6.88907 81.8128
    endloop
  endfacet
  facet normal 0 -0.514099 0.857731
    outer loop
      vertex 86 5.84531 81.1872
      vertex 61 6.88907 81.8128
      vertex 61 5.84531 81.1872
    endloop
  endfacet
  facet normal 0 -0.595705 0.803203
    outer loop
      vertex 61 7.86647 82.5377
      vertex 86 6.88907 81.8128
      vertex 86 7.86647 82.5377
    endloop
  endfacet
  facet normal 0 -0.595705 0.803203
    outer loop
      vertex 86 6.88907 81.8128
      vertex 61 7.86647 82.5377
      vertex 61 6.88907 81.8128
    endloop
  endfacet
  facet normal 0 -0.671559 0.740951
    outer loop
      vertex 61 8.76811 83.3549
      vertex 86 7.86647 82.5377
      vertex 86 8.76811 83.3549
    endloop
  endfacet
  facet normal 0 -0.671559 0.740951
    outer loop
      vertex 86 7.86647 82.5377
      vertex 61 8.76811 83.3549
      vertex 61 7.86647 82.5377
    endloop
  endfacet
  facet normal 0 -0.754223 0.656618
    outer loop
      vertex 61 8.76811 83.3549
      vertex 86 8.76959 83.3566
      vertex 61 8.76959 83.3566
    endloop
  endfacet
  facet normal 0 -0.754223 0.656618
    outer loop
      vertex 86 8.76959 83.3566
      vertex 61 8.76811 83.3549
      vertex 86 8.76811 83.3549
    endloop
  endfacet
  facet normal 0 -0.707106 0.707108
    outer loop
      vertex 61 8.76959 83.3566
      vertex 86 12 86.587
      vertex 61 12 86.587
    endloop
  endfacet
  facet normal 0 -0.707106 0.707108
    outer loop
      vertex 86 12 86.587
      vertex 61 8.76959 83.3566
      vertex 86 8.76959 83.3566
    endloop
  endfacet
  facet normal 0 -0.70716 -0.707053
    outer loop
      vertex 61 12 97.6591
      vertex 86 8.76959 100.89
      vertex 61 8.76959 100.89
    endloop
  endfacet
  facet normal 0 -0.70716 -0.707053
    outer loop
      vertex 86 8.76959 100.89
      vertex 61 12 97.6591
      vertex 86 12 97.6591
    endloop
  endfacet
  facet normal 0 -0.559857 -0.828589
    outer loop
      vertex 61 8.76959 100.89
      vertex 86 8.76811 100.891
      vertex 61 8.76811 100.891
    endloop
  endfacet
  facet normal 0 -0.559857 -0.828589
    outer loop
      vertex 86 8.76811 100.891
      vertex 61 8.76959 100.89
      vertex 86 8.76959 100.89
    endloop
  endfacet
  facet normal 0 -0.671469 -0.741032
    outer loop
      vertex 61 7.86647 101.708
      vertex 86 8.76811 100.891
      vertex 86 7.86647 101.708
    endloop
  endfacet
  facet normal -0 -0.671469 -0.741032
    outer loop
      vertex 86 8.76811 100.891
      vertex 61 7.86647 101.708
      vertex 61 8.76811 100.891
    endloop
  endfacet
  facet normal 0 -0.595758 -0.803164
    outer loop
      vertex 61 6.88907 102.433
      vertex 86 7.86647 101.708
      vertex 86 6.88907 102.433
    endloop
  endfacet
  facet normal -0 -0.595758 -0.803164
    outer loop
      vertex 86 7.86647 101.708
      vertex 61 6.88907 102.433
      vertex 61 7.86647 101.708
    endloop
  endfacet
  facet normal 0 -0.514341 -0.857586
    outer loop
      vertex 61 5.84531 103.059
      vertex 86 6.88907 102.433
      vertex 86 5.84531 103.059
    endloop
  endfacet
  facet normal -0 -0.514341 -0.857586
    outer loop
      vertex 86 6.88907 102.433
      vertex 61 5.84531 103.059
      vertex 61 6.88907 102.433
    endloop
  endfacet
  facet normal 0 -0.427367 -0.904078
    outer loop
      vertex 61 4.74527 103.579
      vertex 86 5.84531 103.059
      vertex 86 4.74527 103.579
    endloop
  endfacet
  facet normal -0 -0.427367 -0.904078
    outer loop
      vertex 86 5.84531 103.059
      vertex 61 4.74527 103.579
      vertex 61 5.84531 103.059
    endloop
  endfacet
  facet normal 0 -0.336922 -0.941533
    outer loop
      vertex 61 3.59952 103.989
      vertex 86 4.74527 103.579
      vertex 86 3.59952 103.989
    endloop
  endfacet
  facet normal -0 -0.336922 -0.941533
    outer loop
      vertex 86 4.74527 103.579
      vertex 61 3.59952 103.989
      vertex 61 4.74527 103.579
    endloop
  endfacet
  facet normal 0 -0.24323 -0.969969
    outer loop
      vertex 61 2.41911 104.285
      vertex 86 3.59952 103.989
      vertex 86 2.41911 104.285
    endloop
  endfacet
  facet normal -0 -0.24323 -0.969969
    outer loop
      vertex 86 3.59952 103.989
      vertex 61 2.41911 104.285
      vertex 61 3.59952 103.989
    endloop
  endfacet
  facet normal 0 -0.146287 -0.989242
    outer loop
      vertex 61 1.21541 104.463
      vertex 86 2.41911 104.285
      vertex 86 1.21541 104.463
    endloop
  endfacet
  facet normal -0 -0.146287 -0.989242
    outer loop
      vertex 86 2.41911 104.285
      vertex 61 1.21541 104.463
      vertex 61 2.41911 104.285
    endloop
  endfacet
  facet normal 0 -0.049306 -0.998784
    outer loop
      vertex 61 0 104.523
      vertex 86 1.21541 104.463
      vertex 86 0 104.523
    endloop
  endfacet
  facet normal -0 -0.049306 -0.998784
    outer loop
      vertex 86 1.21541 104.463
      vertex 61 0 104.523
      vertex 61 1.21541 104.463
    endloop
  endfacet
  facet normal 0 0.049306 -0.998784
    outer loop
      vertex 61 -1.21541 104.463
      vertex 86 0 104.523
      vertex 86 -1.21541 104.463
    endloop
  endfacet
  facet normal 0 0.049306 -0.998784
    outer loop
      vertex 86 0 104.523
      vertex 61 -1.21541 104.463
      vertex 61 0 104.523
    endloop
  endfacet
  facet normal 0 0.146287 -0.989242
    outer loop
      vertex 61 -2.41911 104.285
      vertex 86 -1.21541 104.463
      vertex 86 -2.41911 104.285
    endloop
  endfacet
  facet normal 0 0.146287 -0.989242
    outer loop
      vertex 86 -1.21541 104.463
      vertex 61 -2.41911 104.285
      vertex 61 -1.21541 104.463
    endloop
  endfacet
  facet normal 0 0.24323 -0.969969
    outer loop
      vertex 61 -3.59952 103.989
      vertex 86 -2.41911 104.285
      vertex 86 -3.59952 103.989
    endloop
  endfacet
  facet normal 0 0.24323 -0.969969
    outer loop
      vertex 86 -2.41911 104.285
      vertex 61 -3.59952 103.989
      vertex 61 -2.41911 104.285
    endloop
  endfacet
  facet normal 0 0.336922 -0.941533
    outer loop
      vertex 61 -4.74527 103.579
      vertex 86 -3.59952 103.989
      vertex 86 -4.74527 103.579
    endloop
  endfacet
  facet normal 0 0.336922 -0.941533
    outer loop
      vertex 86 -3.59952 103.989
      vertex 61 -4.74527 103.579
      vertex 61 -3.59952 103.989
    endloop
  endfacet
  facet normal 0 0.427367 -0.904078
    outer loop
      vertex 61 -5.84531 103.059
      vertex 86 -4.74527 103.579
      vertex 86 -5.84531 103.059
    endloop
  endfacet
  facet normal 0 0.427367 -0.904078
    outer loop
      vertex 86 -4.74527 103.579
      vertex 61 -5.84531 103.059
      vertex 61 -4.74527 103.579
    endloop
  endfacet
  facet normal 0 0.514341 -0.857586
    outer loop
      vertex 61 -6.88907 102.433
      vertex 86 -5.84531 103.059
      vertex 86 -6.88907 102.433
    endloop
  endfacet
  facet normal 0 0.514341 -0.857586
    outer loop
      vertex 86 -5.84531 103.059
      vertex 61 -6.88907 102.433
      vertex 61 -5.84531 103.059
    endloop
  endfacet
  facet normal 0 0.595758 -0.803164
    outer loop
      vertex 61 -7.86647 101.708
      vertex 86 -6.88907 102.433
      vertex 86 -7.86647 101.708
    endloop
  endfacet
  facet normal 0 0.595758 -0.803164
    outer loop
      vertex 86 -6.88907 102.433
      vertex 61 -7.86647 101.708
      vertex 61 -6.88907 102.433
    endloop
  endfacet
  facet normal 0 0.671469 -0.741032
    outer loop
      vertex 61 -8.76811 100.891
      vertex 86 -7.86647 101.708
      vertex 86 -8.76811 100.891
    endloop
  endfacet
  facet normal 0 0.671469 -0.741032
    outer loop
      vertex 86 -7.86647 101.708
      vertex 61 -8.76811 100.891
      vertex 61 -7.86647 101.708
    endloop
  endfacet
  facet normal 0 0.740891 -0.671626
    outer loop
      vertex 86 -9.58533 99.9895
      vertex 61 -8.76811 100.891
      vertex 86 -8.76811 100.891
    endloop
  endfacet
  facet normal 0 0.740891 -0.671626
    outer loop
      vertex 61 -8.76811 100.891
      vertex 86 -9.58533 99.9895
      vertex 61 -9.58533 99.9895
    endloop
  endfacet
  facet normal 0 0.803215 -0.595689
    outer loop
      vertex 86 -10.3102 99.0121
      vertex 61 -9.58533 99.9895
      vertex 86 -9.58533 99.9895
    endloop
  endfacet
  facet normal 0 0.803215 -0.595689
    outer loop
      vertex 61 -9.58533 99.9895
      vertex 86 -10.3102 99.0121
      vertex 61 -10.3102 99.0121
    endloop
  endfacet
  facet normal 0 0.857739 -0.514085
    outer loop
      vertex 86 -10.9358 97.9683
      vertex 61 -10.3102 99.0121
      vertex 86 -10.3102 99.0121
    endloop
  endfacet
  facet normal 0 0.857739 -0.514085
    outer loop
      vertex 61 -10.3102 99.0121
      vertex 86 -10.9358 97.9683
      vertex 61 -10.9358 97.9683
    endloop
  endfacet
  facet normal 0 0.903977 -0.427581
    outer loop
      vertex 86 -11.4561 96.8683
      vertex 61 -10.9358 97.9683
      vertex 86 -10.9358 97.9683
    endloop
  endfacet
  facet normal 0 0.903977 -0.427581
    outer loop
      vertex 61 -10.9358 97.9683
      vertex 86 -11.4561 96.8683
      vertex 61 -11.4561 96.8683
    endloop
  endfacet
  facet normal 0 0.941528 -0.336935
    outer loop
      vertex 86 -11.8661 95.7226
      vertex 61 -11.4561 96.8683
      vertex 86 -11.4561 96.8683
    endloop
  endfacet
  facet normal 0 0.941528 -0.336935
    outer loop
      vertex 61 -11.4561 96.8683
      vertex 86 -11.8661 95.7226
      vertex 61 -11.8661 95.7226
    endloop
  endfacet
  facet normal 0 0.970057 -0.242877
    outer loop
      vertex 86 -12 95.1878
      vertex 61 -11.8661 95.7226
      vertex 86 -11.8661 95.7226
    endloop
  endfacet
  facet normal 0 0.970057 -0.242877
    outer loop
      vertex 61 -11.8661 95.7226
      vertex 86 -12 95.1878
      vertex 61 -12 95.1878
    endloop
  endfacet
endsolid OpenSCAD_Model
