solid OpenSCAD_Model
  facet normal 1 0 0
    outer loop
      vertex -82.5 -10.6449 19.3526
      vertex -82.5 -10.6449 4.6474
      vertex -82.5 -3.29233 12
    endloop
  endfacet
  facet normal 1 0 0
    outer loop
      vertex -82.5 -11.4023 20.0393
      vertex -82.5 -10.6449 19.3526
      vertex -82.5 -10.6461 19.3539
    endloop
  endfacet
  facet normal 1 0 0
    outer loop
      vertex -82.5 -10.6449 19.3526
      vertex -82.5 -11.4023 20.0393
      vertex -82.5 -10.6449 4.6474
    endloop
  endfacet
  facet normal 1 0 0
    outer loop
      vertex -82.5 -11.4023 3.96069
      vertex -82.5 -10.6449 4.6474
      vertex -82.5 -11.4023 20.0393
    endloop
  endfacet
  facet normal 1 0 0
    outer loop
      vertex -82.5 -10.6449 4.6474
      vertex -82.5 -11.4023 3.96069
      vertex -82.5 -10.6461 4.6461
    endloop
  endfacet
  facet normal 1 0 0
    outer loop
      vertex -82.5 -12.2221 20.6473
      vertex -82.5 -11.4023 3.96069
      vertex -82.5 -11.4023 20.0393
    endloop
  endfacet
  facet normal 1 0 0
    outer loop
      vertex -82.5 -12.2221 20.6473
      vertex -82.5 -12.2221 3.35272
      vertex -82.5 -11.4023 3.96069
    endloop
  endfacet
  facet normal 1 0 0
    outer loop
      vertex -82.5 -13.0975 21.172
      vertex -82.5 -12.2221 3.35272
      vertex -82.5 -12.2221 20.6473
    endloop
  endfacet
  facet normal 1 0 0
    outer loop
      vertex -82.5 -13.0975 21.172
      vertex -82.5 -13.0975 2.82803
      vertex -82.5 -12.2221 3.35272
    endloop
  endfacet
  facet normal 1 0 0
    outer loop
      vertex -82.5 -14.0201 21.6083
      vertex -82.5 -13.0975 2.82803
      vertex -82.5 -13.0975 21.172
    endloop
  endfacet
  facet normal 1 0 0
    outer loop
      vertex -82.5 -14.0201 21.6083
      vertex -82.5 -14.0201 2.39166
      vertex -82.5 -13.0975 2.82803
    endloop
  endfacet
  facet normal 1 0 0
    outer loop
      vertex -82.5 -14.981 21.9522
      vertex -82.5 -14.0201 2.39166
      vertex -82.5 -14.0201 21.6083
    endloop
  endfacet
  facet normal 1 0 0
    outer loop
      vertex -82.5 -14.981 21.9522
      vertex -82.5 -14.981 2.04782
      vertex -82.5 -14.0201 2.39166
    endloop
  endfacet
  facet normal 1 0 0
    outer loop
      vertex -82.5 -15.9711 22.2002
      vertex -82.5 -14.981 2.04782
      vertex -82.5 -14.981 21.9522
    endloop
  endfacet
  facet normal 1 0 0
    outer loop
      vertex -82.5 -15.9711 22.2002
      vertex -82.5 -15.9711 1.79984
      vertex -82.5 -14.981 2.04782
    endloop
  endfacet
  facet normal 1 0 0
    outer loop
      vertex -82.5 -16.9806 22.3499
      vertex -82.5 -15.9711 1.79984
      vertex -82.5 -15.9711 22.2002
    endloop
  endfacet
  facet normal 1 0 0
    outer loop
      vertex -82.5 -16.9806 22.3499
      vertex -82.5 -16.9806 1.65009
      vertex -82.5 -15.9711 1.79984
    endloop
  endfacet
  facet normal 1 0 0
    outer loop
      vertex -82.5 -18 22.4
      vertex -82.5 -16.9806 1.65009
      vertex -82.5 -16.9806 22.3499
    endloop
  endfacet
  facet normal 1 0 0
    outer loop
      vertex -82.5 -18 22.4
      vertex -82.5 -18 1.60001
      vertex -82.5 -16.9806 1.65009
    endloop
  endfacet
  facet normal 1 -0 0
    outer loop
      vertex -82.5 -19.0194 22.3499
      vertex -82.5 -18 1.60001
      vertex -82.5 -18 22.4
    endloop
  endfacet
  facet normal 1 0 0
    outer loop
      vertex -82.5 -19.0194 22.3499
      vertex -82.5 -19.0194 1.65009
      vertex -82.5 -18 1.60001
    endloop
  endfacet
  facet normal 1 -0 0
    outer loop
      vertex -82.5 -20.0289 22.2002
      vertex -82.5 -19.0194 1.65009
      vertex -82.5 -19.0194 22.3499
    endloop
  endfacet
  facet normal 1 0 0
    outer loop
      vertex -82.5 -20.0289 22.2002
      vertex -82.5 -20.0289 1.79984
      vertex -82.5 -19.0194 1.65009
    endloop
  endfacet
  facet normal 1 -0 0
    outer loop
      vertex -82.5 -21.019 21.9522
      vertex -82.5 -20.0289 1.79984
      vertex -82.5 -20.0289 22.2002
    endloop
  endfacet
  facet normal 1 0 0
    outer loop
      vertex -82.5 -21.019 21.9522
      vertex -82.5 -21.019 2.04782
      vertex -82.5 -20.0289 1.79984
    endloop
  endfacet
  facet normal 1 -0 0
    outer loop
      vertex -82.5 -21.9799 21.6083
      vertex -82.5 -21.019 2.04782
      vertex -82.5 -21.019 21.9522
    endloop
  endfacet
  facet normal 1 0 0
    outer loop
      vertex -82.5 -21.9799 21.6083
      vertex -82.5 -21.9799 2.39166
      vertex -82.5 -21.019 2.04782
    endloop
  endfacet
  facet normal 1 -0 0
    outer loop
      vertex -82.5 -22.9025 21.172
      vertex -82.5 -21.9799 2.39166
      vertex -82.5 -21.9799 21.6083
    endloop
  endfacet
  facet normal 1 0 0
    outer loop
      vertex -82.5 -22.9025 21.172
      vertex -82.5 -22.9025 2.82803
      vertex -82.5 -21.9799 2.39166
    endloop
  endfacet
  facet normal 1 -0 0
    outer loop
      vertex -82.5 -23.7779 20.6473
      vertex -82.5 -22.9025 2.82803
      vertex -82.5 -22.9025 21.172
    endloop
  endfacet
  facet normal 1 0 0
    outer loop
      vertex -82.5 -23.7779 20.6473
      vertex -82.5 -23.7779 3.35272
      vertex -82.5 -22.9025 2.82803
    endloop
  endfacet
  facet normal 1 -0 0
    outer loop
      vertex -82.5 -24.5977 20.0393
      vertex -82.5 -23.7779 3.35272
      vertex -82.5 -23.7779 20.6473
    endloop
  endfacet
  facet normal 1 0 0
    outer loop
      vertex -82.5 -24.5977 20.0393
      vertex -82.5 -24.5977 3.96069
      vertex -82.5 -23.7779 3.35272
    endloop
  endfacet
  facet normal 1 -0 0
    outer loop
      vertex -82.5 -25.3539 19.3539
      vertex -82.5 -24.5977 3.96069
      vertex -82.5 -24.5977 20.0393
    endloop
  endfacet
  facet normal 1 0 0
    outer loop
      vertex -82.5 -25.3539 19.3539
      vertex -82.5 -25.3539 4.6461
      vertex -82.5 -24.5977 3.96069
    endloop
  endfacet
  facet normal 1 -0 0
    outer loop
      vertex -82.5 -26.0393 18.5977
      vertex -82.5 -25.3539 4.6461
      vertex -82.5 -25.3539 19.3539
    endloop
  endfacet
  facet normal 1 0 0
    outer loop
      vertex -82.5 -26.0393 18.5977
      vertex -82.5 -26.0393 5.40231
      vertex -82.5 -25.3539 4.6461
    endloop
  endfacet
  facet normal 1 -0 0
    outer loop
      vertex -82.5 -26.6473 17.7779
      vertex -82.5 -26.0393 5.40231
      vertex -82.5 -26.0393 18.5977
    endloop
  endfacet
  facet normal 1 0 0
    outer loop
      vertex -82.5 -26.6473 17.7779
      vertex -82.5 -26.6473 6.22208
      vertex -82.5 -26.0393 5.40231
    endloop
  endfacet
  facet normal 1 -0 0
    outer loop
      vertex -82.5 -27.172 16.9025
      vertex -82.5 -26.6473 6.22208
      vertex -82.5 -26.6473 17.7779
    endloop
  endfacet
  facet normal 1 0 0
    outer loop
      vertex -82.5 -27.172 16.9025
      vertex -82.5 -27.172 7.09749
      vertex -82.5 -26.6473 6.22208
    endloop
  endfacet
  facet normal 1 -0 0
    outer loop
      vertex -82.5 -27.6083 15.9799
      vertex -82.5 -27.172 7.09749
      vertex -82.5 -27.172 16.9025
    endloop
  endfacet
  facet normal 1 0 0
    outer loop
      vertex -82.5 -27.6083 15.9799
      vertex -82.5 -27.6083 8.0201
      vertex -82.5 -27.172 7.09749
    endloop
  endfacet
  facet normal 1 -0 0
    outer loop
      vertex -82.5 -27.9522 15.019
      vertex -82.5 -27.6083 8.0201
      vertex -82.5 -27.6083 15.9799
    endloop
  endfacet
  facet normal 1 0 0
    outer loop
      vertex -82.5 -27.9522 15.019
      vertex -82.5 -27.9522 8.98105
      vertex -82.5 -27.6083 8.0201
    endloop
  endfacet
  facet normal 1 -0 0
    outer loop
      vertex -82.5 -28.2002 14.0289
      vertex -82.5 -27.9522 8.98105
      vertex -82.5 -27.9522 15.019
    endloop
  endfacet
  facet normal 1 0 0
    outer loop
      vertex -82.5 -28.2002 14.0289
      vertex -82.5 -28.2002 9.97107
      vertex -82.5 -27.9522 8.98105
    endloop
  endfacet
  facet normal 1 -0 0
    outer loop
      vertex -82.5 -28.3499 13.0194
      vertex -82.5 -28.2002 9.97107
      vertex -82.5 -28.2002 14.0289
    endloop
  endfacet
  facet normal 1 0 0
    outer loop
      vertex -82.5 -28.3499 13.0194
      vertex -82.5 -28.3499 10.9806
      vertex -82.5 -28.2002 9.97107
    endloop
  endfacet
  facet normal 1 0 -0
    outer loop
      vertex -82.5 -28.3499 10.9806
      vertex -82.5 -28.3499 13.0194
      vertex -82.5 -28.4 12
    endloop
  endfacet
  facet normal 0 0.989184 0.146683
    outer loop
      vertex 61 -28.2002 9.97107
      vertex -82.5 -28.3499 10.9806
      vertex 61 -28.3499 10.9806
    endloop
  endfacet
  facet normal 0 0.989184 0.146683
    outer loop
      vertex -82.5 -28.3499 10.9806
      vertex 61 -28.2002 9.97107
      vertex -82.5 -28.2002 9.97107
    endloop
  endfacet
  facet normal 0 0.970028 0.242992
    outer loop
      vertex 61 -27.9522 8.98105
      vertex -82.5 -28.2002 9.97107
      vertex 61 -28.2002 9.97107
    endloop
  endfacet
  facet normal 0 0.970028 0.242992
    outer loop
      vertex -82.5 -28.2002 9.97107
      vertex 61 -27.9522 8.98105
      vertex -82.5 -27.9522 8.98105
    endloop
  endfacet
  facet normal 0 0.941523 0.336948
    outer loop
      vertex 61 -27.6083 8.0201
      vertex -82.5 -27.9522 8.98105
      vertex 61 -27.9522 8.98105
    endloop
  endfacet
  facet normal 0 0.941523 0.336948
    outer loop
      vertex -82.5 -27.9522 8.98105
      vertex 61 -27.6083 8.0201
      vertex -82.5 -27.6083 8.0201
    endloop
  endfacet
  facet normal 0 0.904013 0.427505
    outer loop
      vertex 61 -27.172 7.09749
      vertex -82.5 -27.6083 8.0201
      vertex 61 -27.6083 8.0201
    endloop
  endfacet
  facet normal 0 0.904013 0.427505
    outer loop
      vertex -82.5 -27.6083 8.0201
      vertex 61 -27.172 7.09749
      vertex -82.5 -27.172 7.09749
    endloop
  endfacet
  facet normal 0 0.857729 0.514102
    outer loop
      vertex 61 -26.6473 6.22208
      vertex -82.5 -27.172 7.09749
      vertex 61 -27.172 7.09749
    endloop
  endfacet
  facet normal 0 0.857729 0.514102
    outer loop
      vertex -82.5 -27.172 7.09749
      vertex 61 -26.6473 6.22208
      vertex -82.5 -26.6473 6.22208
    endloop
  endfacet
  facet normal 0 0.8032 0.59571
    outer loop
      vertex 61 -26.0393 5.40231
      vertex -82.5 -26.6473 6.22208
      vertex 61 -26.6473 6.22208
    endloop
  endfacet
  facet normal 0 0.8032 0.59571
    outer loop
      vertex -82.5 -26.6473 6.22208
      vertex 61 -26.0393 5.40231
      vertex -82.5 -26.0393 5.40231
    endloop
  endfacet
  facet normal 0 0.740946 0.671565
    outer loop
      vertex 61 -25.3539 4.6461
      vertex -82.5 -26.0393 5.40231
      vertex 61 -26.0393 5.40231
    endloop
  endfacet
  facet normal 0 0.740946 0.671565
    outer loop
      vertex -82.5 -26.0393 5.40231
      vertex 61 -25.3539 4.6461
      vertex -82.5 -25.3539 4.6461
    endloop
  endfacet
  facet normal -0 0.671575 0.740936
    outer loop
      vertex -82.5 -24.5977 3.96069
      vertex 61 -25.3539 4.6461
      vertex 61 -24.5977 3.96069
    endloop
  endfacet
  facet normal 0 0.671575 0.740936
    outer loop
      vertex 61 -25.3539 4.6461
      vertex -82.5 -24.5977 3.96069
      vertex -82.5 -25.3539 4.6461
    endloop
  endfacet
  facet normal -0 0.595677 0.803224
    outer loop
      vertex -82.5 -23.7779 3.35272
      vertex 61 -24.5977 3.96069
      vertex 61 -23.7779 3.35272
    endloop
  endfacet
  facet normal 0 0.595677 0.803224
    outer loop
      vertex 61 -24.5977 3.96069
      vertex -82.5 -23.7779 3.35272
      vertex -82.5 -24.5977 3.96069
    endloop
  endfacet
  facet normal -0 0.514099 0.857731
    outer loop
      vertex -82.5 -22.9025 2.82803
      vertex 61 -23.7779 3.35272
      vertex 61 -22.9025 2.82803
    endloop
  endfacet
  facet normal 0 0.514099 0.857731
    outer loop
      vertex 61 -23.7779 3.35272
      vertex -82.5 -22.9025 2.82803
      vertex -82.5 -23.7779 3.35272
    endloop
  endfacet
  facet normal -0 0.427565 0.903984
    outer loop
      vertex -82.5 -21.9799 2.39166
      vertex 61 -22.9025 2.82803
      vertex 61 -21.9799 2.39166
    endloop
  endfacet
  facet normal 0 0.427565 0.903984
    outer loop
      vertex 61 -22.9025 2.82803
      vertex -82.5 -21.9799 2.39166
      vertex -82.5 -22.9025 2.82803
    endloop
  endfacet
  facet normal -0 0.336911 0.941536
    outer loop
      vertex -82.5 -21.019 2.04782
      vertex 61 -21.9799 2.39166
      vertex 61 -21.019 2.04782
    endloop
  endfacet
  facet normal 0 0.336911 0.941536
    outer loop
      vertex 61 -21.9799 2.39166
      vertex -82.5 -21.019 2.04782
      vertex -82.5 -21.9799 2.39166
    endloop
  endfacet
  facet normal -0 0.242955 0.970038
    outer loop
      vertex -82.5 -20.0289 1.79984
      vertex 61 -21.019 2.04782
      vertex 61 -20.0289 1.79984
    endloop
  endfacet
  facet normal 0 0.242955 0.970038
    outer loop
      vertex 61 -21.019 2.04782
      vertex -82.5 -20.0289 1.79984
      vertex -82.5 -21.019 2.04782
    endloop
  endfacet
  facet normal -0 0.146735 0.989176
    outer loop
      vertex -82.5 -19.0194 1.65009
      vertex 61 -20.0289 1.79984
      vertex 61 -19.0194 1.65009
    endloop
  endfacet
  facet normal 0 0.146735 0.989176
    outer loop
      vertex 61 -20.0289 1.79984
      vertex -82.5 -19.0194 1.65009
      vertex -82.5 -20.0289 1.79984
    endloop
  endfacet
  facet normal -0 0.0490678 0.998795
    outer loop
      vertex -82.5 -18 1.60001
      vertex 61 -19.0194 1.65009
      vertex 61 -18 1.60001
    endloop
  endfacet
  facet normal 0 0.0490678 0.998795
    outer loop
      vertex 61 -19.0194 1.65009
      vertex -82.5 -18 1.60001
      vertex -82.5 -19.0194 1.65009
    endloop
  endfacet
  facet normal 0 -0.0490678 0.998795
    outer loop
      vertex -82.5 -16.9806 1.65009
      vertex 61 -18 1.60001
      vertex 61 -16.9806 1.65009
    endloop
  endfacet
  facet normal 0 -0.0490678 0.998795
    outer loop
      vertex 61 -18 1.60001
      vertex -82.5 -16.9806 1.65009
      vertex -82.5 -18 1.60001
    endloop
  endfacet
  facet normal 0 -0.146735 0.989176
    outer loop
      vertex -82.5 -15.9711 1.79984
      vertex 61 -16.9806 1.65009
      vertex 61 -15.9711 1.79984
    endloop
  endfacet
  facet normal 0 -0.146735 0.989176
    outer loop
      vertex 61 -16.9806 1.65009
      vertex -82.5 -15.9711 1.79984
      vertex -82.5 -16.9806 1.65009
    endloop
  endfacet
  facet normal 0 -0.242955 0.970038
    outer loop
      vertex -82.5 -14.981 2.04782
      vertex 61 -15.9711 1.79984
      vertex 61 -14.981 2.04782
    endloop
  endfacet
  facet normal 0 -0.242955 0.970038
    outer loop
      vertex 61 -15.9711 1.79984
      vertex -82.5 -14.981 2.04782
      vertex -82.5 -15.9711 1.79984
    endloop
  endfacet
  facet normal 0 -0.336911 0.941536
    outer loop
      vertex -82.5 -14.0201 2.39166
      vertex 61 -14.981 2.04782
      vertex 61 -14.0201 2.39166
    endloop
  endfacet
  facet normal 0 -0.336911 0.941536
    outer loop
      vertex 61 -14.981 2.04782
      vertex -82.5 -14.0201 2.39166
      vertex -82.5 -14.981 2.04782
    endloop
  endfacet
  facet normal 0 -0.427565 0.903984
    outer loop
      vertex -82.5 -13.0975 2.82803
      vertex 61 -14.0201 2.39166
      vertex 61 -13.0975 2.82803
    endloop
  endfacet
  facet normal 0 -0.427565 0.903984
    outer loop
      vertex 61 -14.0201 2.39166
      vertex -82.5 -13.0975 2.82803
      vertex -82.5 -14.0201 2.39166
    endloop
  endfacet
  facet normal 0 -0.514099 0.857731
    outer loop
      vertex -82.5 -12.2221 3.35272
      vertex 61 -13.0975 2.82803
      vertex 61 -12.2221 3.35272
    endloop
  endfacet
  facet normal 0 -0.514099 0.857731
    outer loop
      vertex 61 -13.0975 2.82803
      vertex -82.5 -12.2221 3.35272
      vertex -82.5 -13.0975 2.82803
    endloop
  endfacet
  facet normal 0 -0.595677 0.803224
    outer loop
      vertex -82.5 -11.4023 3.96069
      vertex 61 -12.2221 3.35272
      vertex 61 -11.4023 3.96069
    endloop
  endfacet
  facet normal 0 -0.595677 0.803224
    outer loop
      vertex 61 -12.2221 3.35272
      vertex -82.5 -11.4023 3.96069
      vertex -82.5 -12.2221 3.35272
    endloop
  endfacet
  facet normal 0 -0.671575 0.740936
    outer loop
      vertex -82.5 -10.6461 4.6461
      vertex 61 -11.4023 3.96069
      vertex 61 -10.6461 4.6461
    endloop
  endfacet
  facet normal 0 -0.671575 0.740936
    outer loop
      vertex 61 -11.4023 3.96069
      vertex -82.5 -10.6461 4.6461
      vertex -82.5 -11.4023 3.96069
    endloop
  endfacet
  facet normal 0 -0.734803 0.67828
    outer loop
      vertex -82.5 -10.6461 4.6461
      vertex 61 -10.6449 4.6474
      vertex -82.5 -10.6449 4.6474
    endloop
  endfacet
  facet normal 0 -0.734803 0.67828
    outer loop
      vertex 61 -10.6449 4.6474
      vertex -82.5 -10.6461 4.6461
      vertex 61 -10.6461 4.6461
    endloop
  endfacet
  facet normal 0 -0.707108 0.707105
    outer loop
      vertex -82.5 -10.6449 4.6474
      vertex 61 -3.29233 12
      vertex -82.5 -3.29233 12
    endloop
  endfacet
  facet normal 0 -0.707108 0.707105
    outer loop
      vertex 61 -3.29233 12
      vertex -82.5 -10.6449 4.6474
      vertex 61 -10.6449 4.6474
    endloop
  endfacet
  facet normal 0 -0.707108 -0.707105
    outer loop
      vertex -82.5 -3.29233 12
      vertex 61 -10.6449 19.3526
      vertex -82.5 -10.6449 19.3526
    endloop
  endfacet
  facet normal 0 -0.707108 -0.707105
    outer loop
      vertex 61 -10.6449 19.3526
      vertex -82.5 -3.29233 12
      vertex 61 -3.29233 12
    endloop
  endfacet
  facet normal 0 -0.734803 -0.67828
    outer loop
      vertex -82.5 -10.6449 19.3526
      vertex 61 -10.6461 19.3539
      vertex -82.5 -10.6461 19.3539
    endloop
  endfacet
  facet normal 0 -0.734803 -0.67828
    outer loop
      vertex 61 -10.6461 19.3539
      vertex -82.5 -10.6449 19.3526
      vertex 61 -10.6449 19.3526
    endloop
  endfacet
  facet normal 0 -0.67157 -0.740941
    outer loop
      vertex -82.5 -11.4023 20.0393
      vertex 61 -10.6461 19.3539
      vertex 61 -11.4023 20.0393
    endloop
  endfacet
  facet normal -0 -0.67157 -0.740941
    outer loop
      vertex 61 -10.6461 19.3539
      vertex -82.5 -11.4023 20.0393
      vertex -82.5 -10.6461 19.3539
    endloop
  endfacet
  facet normal 0 -0.595696 -0.80321
    outer loop
      vertex -82.5 -12.2221 20.6473
      vertex 61 -11.4023 20.0393
      vertex 61 -12.2221 20.6473
    endloop
  endfacet
  facet normal -0 -0.595696 -0.80321
    outer loop
      vertex 61 -11.4023 20.0393
      vertex -82.5 -12.2221 20.6473
      vertex -82.5 -11.4023 20.0393
    endloop
  endfacet
  facet normal 0 -0.514107 -0.857726
    outer loop
      vertex -82.5 -13.0975 21.172
      vertex 61 -12.2221 20.6473
      vertex 61 -13.0975 21.172
    endloop
  endfacet
  facet normal -0 -0.514107 -0.857726
    outer loop
      vertex 61 -12.2221 20.6473
      vertex -82.5 -13.0975 21.172
      vertex -82.5 -12.2221 20.6473
    endloop
  endfacet
  facet normal 0 -0.427509 -0.904011
    outer loop
      vertex -82.5 -14.0201 21.6083
      vertex 61 -13.0975 21.172
      vertex 61 -14.0201 21.6083
    endloop
  endfacet
  facet normal -0 -0.427509 -0.904011
    outer loop
      vertex 61 -13.0975 21.172
      vertex -82.5 -14.0201 21.6083
      vertex -82.5 -13.0975 21.172
    endloop
  endfacet
  facet normal 0 -0.336963 -0.941518
    outer loop
      vertex -82.5 -14.981 21.9522
      vertex 61 -14.0201 21.6083
      vertex 61 -14.981 21.9522
    endloop
  endfacet
  facet normal -0 -0.336963 -0.941518
    outer loop
      vertex 61 -14.0201 21.6083
      vertex -82.5 -14.981 21.9522
      vertex -82.5 -14.0201 21.6083
    endloop
  endfacet
  facet normal 0 -0.242974 -0.970033
    outer loop
      vertex -82.5 -15.9711 22.2002
      vertex 61 -14.981 21.9522
      vertex 61 -15.9711 22.2002
    endloop
  endfacet
  facet normal -0 -0.242974 -0.970033
    outer loop
      vertex 61 -14.981 21.9522
      vertex -82.5 -15.9711 22.2002
      vertex -82.5 -14.981 21.9522
    endloop
  endfacet
  facet normal 0 -0.146687 -0.989183
    outer loop
      vertex -82.5 -16.9806 22.3499
      vertex 61 -15.9711 22.2002
      vertex 61 -16.9806 22.3499
    endloop
  endfacet
  facet normal -0 -0.146687 -0.989183
    outer loop
      vertex 61 -15.9711 22.2002
      vertex -82.5 -16.9806 22.3499
      vertex -82.5 -15.9711 22.2002
    endloop
  endfacet
  facet normal 0 -0.0490873 -0.998794
    outer loop
      vertex -82.5 -18 22.4
      vertex 61 -16.9806 22.3499
      vertex 61 -18 22.4
    endloop
  endfacet
  facet normal -0 -0.0490873 -0.998794
    outer loop
      vertex 61 -16.9806 22.3499
      vertex -82.5 -18 22.4
      vertex -82.5 -16.9806 22.3499
    endloop
  endfacet
  facet normal 0 0.0490873 -0.998794
    outer loop
      vertex -82.5 -19.0194 22.3499
      vertex 61 -18 22.4
      vertex 61 -19.0194 22.3499
    endloop
  endfacet
  facet normal 0 0.0490873 -0.998794
    outer loop
      vertex 61 -18 22.4
      vertex -82.5 -19.0194 22.3499
      vertex -82.5 -18 22.4
    endloop
  endfacet
  facet normal 0 0.146687 -0.989183
    outer loop
      vertex -82.5 -20.0289 22.2002
      vertex 61 -19.0194 22.3499
      vertex 61 -20.0289 22.2002
    endloop
  endfacet
  facet normal 0 0.146687 -0.989183
    outer loop
      vertex 61 -19.0194 22.3499
      vertex -82.5 -20.0289 22.2002
      vertex -82.5 -19.0194 22.3499
    endloop
  endfacet
  facet normal 0 0.242974 -0.970033
    outer loop
      vertex -82.5 -21.019 21.9522
      vertex 61 -20.0289 22.2002
      vertex 61 -21.019 21.9522
    endloop
  endfacet
  facet normal 0 0.242974 -0.970033
    outer loop
      vertex 61 -20.0289 22.2002
      vertex -82.5 -21.019 21.9522
      vertex -82.5 -20.0289 22.2002
    endloop
  endfacet
  facet normal 0 0.336963 -0.941518
    outer loop
      vertex -82.5 -21.9799 21.6083
      vertex 61 -21.019 21.9522
      vertex 61 -21.9799 21.6083
    endloop
  endfacet
  facet normal 0 0.336963 -0.941518
    outer loop
      vertex 61 -21.019 21.9522
      vertex -82.5 -21.9799 21.6083
      vertex -82.5 -21.019 21.9522
    endloop
  endfacet
  facet normal 0 0.427509 -0.904011
    outer loop
      vertex -82.5 -22.9025 21.172
      vertex 61 -21.9799 21.6083
      vertex 61 -22.9025 21.172
    endloop
  endfacet
  facet normal 0 0.427509 -0.904011
    outer loop
      vertex 61 -21.9799 21.6083
      vertex -82.5 -22.9025 21.172
      vertex -82.5 -21.9799 21.6083
    endloop
  endfacet
  facet normal 0 0.514107 -0.857726
    outer loop
      vertex -82.5 -23.7779 20.6473
      vertex 61 -22.9025 21.172
      vertex 61 -23.7779 20.6473
    endloop
  endfacet
  facet normal 0 0.514107 -0.857726
    outer loop
      vertex 61 -22.9025 21.172
      vertex -82.5 -23.7779 20.6473
      vertex -82.5 -22.9025 21.172
    endloop
  endfacet
  facet normal 0 0.595696 -0.80321
    outer loop
      vertex -82.5 -24.5977 20.0393
      vertex 61 -23.7779 20.6473
      vertex 61 -24.5977 20.0393
    endloop
  endfacet
  facet normal 0 0.595696 -0.80321
    outer loop
      vertex 61 -23.7779 20.6473
      vertex -82.5 -24.5977 20.0393
      vertex -82.5 -23.7779 20.6473
    endloop
  endfacet
  facet normal 0 0.67157 -0.740941
    outer loop
      vertex -82.5 -25.3539 19.3539
      vertex 61 -24.5977 20.0393
      vertex 61 -25.3539 19.3539
    endloop
  endfacet
  facet normal 0 0.67157 -0.740941
    outer loop
      vertex 61 -24.5977 20.0393
      vertex -82.5 -25.3539 19.3539
      vertex -82.5 -24.5977 20.0393
    endloop
  endfacet
  facet normal 0 0.740941 -0.67157
    outer loop
      vertex 61 -26.0393 18.5977
      vertex -82.5 -25.3539 19.3539
      vertex 61 -25.3539 19.3539
    endloop
  endfacet
  facet normal 0 0.740941 -0.67157
    outer loop
      vertex -82.5 -25.3539 19.3539
      vertex 61 -26.0393 18.5977
      vertex -82.5 -26.0393 18.5977
    endloop
  endfacet
  facet normal 0 0.80321 -0.595696
    outer loop
      vertex 61 -26.6473 17.7779
      vertex -82.5 -26.0393 18.5977
      vertex 61 -26.0393 18.5977
    endloop
  endfacet
  facet normal 0 0.80321 -0.595696
    outer loop
      vertex -82.5 -26.0393 18.5977
      vertex 61 -26.6473 17.7779
      vertex -82.5 -26.6473 17.7779
    endloop
  endfacet
  facet normal 0 0.857726 -0.514107
    outer loop
      vertex 61 -27.172 16.9025
      vertex -82.5 -26.6473 17.7779
      vertex 61 -26.6473 17.7779
    endloop
  endfacet
  facet normal 0 0.857726 -0.514107
    outer loop
      vertex -82.5 -26.6473 17.7779
      vertex 61 -27.172 16.9025
      vertex -82.5 -27.172 16.9025
    endloop
  endfacet
  facet normal 0 0.904011 -0.427509
    outer loop
      vertex 61 -27.6083 15.9799
      vertex -82.5 -27.172 16.9025
      vertex 61 -27.172 16.9025
    endloop
  endfacet
  facet normal 0 0.904011 -0.427509
    outer loop
      vertex -82.5 -27.172 16.9025
      vertex 61 -27.6083 15.9799
      vertex -82.5 -27.6083 15.9799
    endloop
  endfacet
  facet normal 0 0.941518 -0.336963
    outer loop
      vertex 61 -27.9522 15.019
      vertex -82.5 -27.6083 15.9799
      vertex 61 -27.6083 15.9799
    endloop
  endfacet
  facet normal 0 0.941518 -0.336963
    outer loop
      vertex -82.5 -27.6083 15.9799
      vertex 61 -27.9522 15.019
      vertex -82.5 -27.9522 15.019
    endloop
  endfacet
  facet normal 0 0.970033 -0.242974
    outer loop
      vertex 61 -28.2002 14.0289
      vertex -82.5 -27.9522 15.019
      vertex 61 -27.9522 15.019
    endloop
  endfacet
  facet normal 0 0.970033 -0.242974
    outer loop
      vertex -82.5 -27.9522 15.019
      vertex 61 -28.2002 14.0289
      vertex -82.5 -28.2002 14.0289
    endloop
  endfacet
  facet normal 0 0.989183 -0.146687
    outer loop
      vertex 61 -28.3499 13.0194
      vertex -82.5 -28.2002 14.0289
      vertex 61 -28.2002 14.0289
    endloop
  endfacet
  facet normal 0 0.989183 -0.146687
    outer loop
      vertex -82.5 -28.2002 14.0289
      vertex 61 -28.3499 13.0194
      vertex -82.5 -28.3499 13.0194
    endloop
  endfacet
  facet normal 0 0.998794 -0.0490873
    outer loop
      vertex 61 -28.4 12
      vertex -82.5 -28.3499 13.0194
      vertex 61 -28.3499 13.0194
    endloop
  endfacet
  facet normal 0 0.998794 -0.0490873
    outer loop
      vertex -82.5 -28.3499 13.0194
      vertex 61 -28.4 12
      vertex -82.5 -28.4 12
    endloop
  endfacet
  facet normal 0 0.998794 0.0490873
    outer loop
      vertex 61 -28.3499 10.9806
      vertex -82.5 -28.4 12
      vertex 61 -28.4 12
    endloop
  endfacet
  facet normal 0 0.998794 0.0490873
    outer loop
      vertex -82.5 -28.4 12
      vertex 61 -28.3499 10.9806
      vertex -82.5 -28.3499 10.9806
    endloop
  endfacet
  facet normal 1 -0 0
    outer loop
      vertex 61 25.3551 76.3526
      vertex 61 30 73.829
      vertex 61 26.416 77.4129
    endloop
  endfacet
  facet normal 1 0 0
    outer loop
      vertex 61 25.3539 76.3539
      vertex 61 26.416 77.4129
      vertex 61 26.4146 77.4146
    endloop
  endfacet
  facet normal 1 0 0
    outer loop
      vertex 61 25.3539 76.3539
      vertex 61 26.4146 77.4146
      vertex 61 25.5493 78.1988
    endloop
  endfacet
  facet normal 1 0 0
    outer loop
      vertex 61 30 73.829
      vertex 61 25.3551 76.3526
      vertex 61 30 71.7077
    endloop
  endfacet
  facet normal 1 0 0
    outer loop
      vertex 61 26.416 77.4129
      vertex 61 25.3539 76.3539
      vertex 61 25.3551 76.3526
    endloop
  endfacet
  facet normal 1 0 0
    outer loop
      vertex 61 24.5977 77.0393
      vertex 61 25.5493 78.1988
      vertex 61 24.6113 78.8945
    endloop
  endfacet
  facet normal 1 0 0
    outer loop
      vertex 61 25.5493 78.1988
      vertex 61 24.5977 77.0393
      vertex 61 25.3539 76.3539
    endloop
  endfacet
  facet normal 1 0 0
    outer loop
      vertex 61 24.6113 78.8945
      vertex 61 23.7779 77.6473
      vertex 61 24.5977 77.0393
    endloop
  endfacet
  facet normal 1 0 0
    outer loop
      vertex 61 23.6096 79.4949
      vertex 61 23.7779 77.6473
      vertex 61 24.6113 78.8945
    endloop
  endfacet
  facet normal 1 0 0
    outer loop
      vertex 61 23.6096 79.4949
      vertex 61 22.9025 78.172
      vertex 61 23.7779 77.6473
    endloop
  endfacet
  facet normal 1 0 0
    outer loop
      vertex 61 22.5539 79.9942
      vertex 61 22.9025 78.172
      vertex 61 23.6096 79.4949
    endloop
  endfacet
  facet normal 1 0 0
    outer loop
      vertex 61 22.5539 79.9942
      vertex 61 21.9799 78.6083
      vertex 61 22.9025 78.172
    endloop
  endfacet
  facet normal 1 0 0
    outer loop
      vertex 61 21.4544 80.3876
      vertex 61 21.9799 78.6083
      vertex 61 22.5539 79.9942
    endloop
  endfacet
  facet normal 1 0 0
    outer loop
      vertex 61 21.4544 80.3876
      vertex 61 21.019 78.9522
      vertex 61 21.9799 78.6083
    endloop
  endfacet
  facet normal 1 0 0
    outer loop
      vertex 61 20.3216 80.6713
      vertex 61 21.019 78.9522
      vertex 61 21.4544 80.3876
    endloop
  endfacet
  facet normal 1 0 0
    outer loop
      vertex 61 20.3216 80.6713
      vertex 61 20.0289 79.2002
      vertex 61 21.019 78.9522
    endloop
  endfacet
  facet normal 1 0 0
    outer loop
      vertex 61 19.1664 80.8427
      vertex 61 20.0289 79.2002
      vertex 61 20.3216 80.6713
    endloop
  endfacet
  facet normal 1 0 0
    outer loop
      vertex 61 19.1664 80.8427
      vertex 61 19.0194 79.3499
      vertex 61 20.0289 79.2002
    endloop
  endfacet
  facet normal 1 0 0
    outer loop
      vertex 61 18 80.9
      vertex 61 19.0194 79.3499
      vertex 61 19.1664 80.8427
    endloop
  endfacet
  facet normal 1 0 0
    outer loop
      vertex 61 18 80.9
      vertex 61 18 79.4
      vertex 61 19.0194 79.3499
    endloop
  endfacet
  facet normal 1 0 0
    outer loop
      vertex 61 18 80.9
      vertex 61 16.9806 79.3499
      vertex 61 18 79.4
    endloop
  endfacet
  facet normal 1 -0 0
    outer loop
      vertex 61 16.8336 80.8427
      vertex 61 16.9806 79.3499
      vertex 61 18 80.9
    endloop
  endfacet
  facet normal 1 0 0
    outer loop
      vertex 61 16.8336 80.8427
      vertex 61 15.9711 79.2002
      vertex 61 16.9806 79.3499
    endloop
  endfacet
  facet normal 1 -0 0
    outer loop
      vertex 61 15.6784 80.6713
      vertex 61 15.9711 79.2002
      vertex 61 16.8336 80.8427
    endloop
  endfacet
  facet normal 1 0 0
    outer loop
      vertex 61 15.6784 80.6713
      vertex 61 14.981 78.9522
      vertex 61 15.9711 79.2002
    endloop
  endfacet
  facet normal 1 -0 0
    outer loop
      vertex 61 14.5456 80.3876
      vertex 61 14.981 78.9522
      vertex 61 15.6784 80.6713
    endloop
  endfacet
  facet normal 1 0 0
    outer loop
      vertex 61 14.5456 80.3876
      vertex 61 14.0201 78.6083
      vertex 61 14.981 78.9522
    endloop
  endfacet
  facet normal 1 -0 0
    outer loop
      vertex 61 13.4461 79.9942
      vertex 61 14.0201 78.6083
      vertex 61 14.5456 80.3876
    endloop
  endfacet
  facet normal 1 0 0
    outer loop
      vertex 61 13.4461 79.9942
      vertex 61 13.0975 78.172
      vertex 61 14.0201 78.6083
    endloop
  endfacet
  facet normal 1 -0 0
    outer loop
      vertex 61 12.3904 79.4949
      vertex 61 13.0975 78.172
      vertex 61 13.4461 79.9942
    endloop
  endfacet
  facet normal 1 0 0
    outer loop
      vertex 61 12.3904 79.4949
      vertex 61 12.2221 77.6473
      vertex 61 13.0975 78.172
    endloop
  endfacet
  facet normal 1 -0 0
    outer loop
      vertex 61 11.3887 78.8945
      vertex 61 12.2221 77.6473
      vertex 61 12.3904 79.4949
    endloop
  endfacet
  facet normal 1 0 0
    outer loop
      vertex 61 12.2221 77.6473
      vertex 61 11.3887 78.8945
      vertex 61 11.4023 77.0393
    endloop
  endfacet
  facet normal 1 -0 0
    outer loop
      vertex 61 10.4507 78.1988
      vertex 61 11.4023 77.0393
      vertex 61 11.3887 78.8945
    endloop
  endfacet
  facet normal 1 0 0
    outer loop
      vertex 61 11.4023 77.0393
      vertex 61 10.4507 78.1988
      vertex 61 10.6461 76.3539
    endloop
  endfacet
  facet normal 1 -0 0
    outer loop
      vertex 61 9.58543 77.4146
      vertex 61 10.6461 76.3539
      vertex 61 10.4507 78.1988
    endloop
  endfacet
  facet normal 1 0 0
    outer loop
      vertex 61 10.6461 76.3539
      vertex 61 9.58543 77.4146
      vertex 61 9.96069 75.5977
    endloop
  endfacet
  facet normal 1 -0 0
    outer loop
      vertex 61 8.80118 76.5493
      vertex 61 9.96069 75.5977
      vertex 61 9.58543 77.4146
    endloop
  endfacet
  facet normal 1 0 0
    outer loop
      vertex 61 9.96069 75.5977
      vertex 61 8.80118 76.5493
      vertex 61 9.35272 74.7779
    endloop
  endfacet
  facet normal 1 -0 0
    outer loop
      vertex 61 8.10551 75.6113
      vertex 61 9.35272 74.7779
      vertex 61 8.80118 76.5493
    endloop
  endfacet
  facet normal 1 0 0
    outer loop
      vertex 61 9.35272 74.7779
      vertex 61 8.10551 75.6113
      vertex 61 8.82803 73.9025
    endloop
  endfacet
  facet normal 1 -0 0
    outer loop
      vertex 61 7.50514 74.6096
      vertex 61 8.82803 73.9025
      vertex 61 8.10551 75.6113
    endloop
  endfacet
  facet normal 1 0 0
    outer loop
      vertex 61 8.82803 73.9025
      vertex 61 7.50514 74.6096
      vertex 61 8.39166 72.9799
    endloop
  endfacet
  facet normal 1 -0 0
    outer loop
      vertex 61 7.00584 73.5539
      vertex 61 8.39166 72.9799
      vertex 61 7.50514 74.6096
    endloop
  endfacet
  facet normal 1 0 0
    outer loop
      vertex 61 8.39166 72.9799
      vertex 61 7.00584 73.5539
      vertex 61 8.04782 72.019
    endloop
  endfacet
  facet normal 1 0 0
    outer loop
      vertex 61 8.04782 72.019
      vertex 61 6.61241 72.4544
      vertex 61 7.79984 71.0289
    endloop
  endfacet
  facet normal 1 -0 0
    outer loop
      vertex 61 6.61241 72.4544
      vertex 61 8.04782 72.019
      vertex 61 7.00584 73.5539
    endloop
  endfacet
  facet normal 1 0 0
    outer loop
      vertex 61 25.3551 61.6474
      vertex 61 30 64.171
      vertex 61 30 66.2923
    endloop
  endfacet
  facet normal 1 0 0
    outer loop
      vertex 61 30 64.171
      vertex 61 25.3551 61.6474
      vertex 61 26.416 60.5871
    endloop
  endfacet
  facet normal 1 -0 0
    outer loop
      vertex 61 25.3539 61.6461
      vertex 61 26.416 60.5871
      vertex 61 25.3551 61.6474
    endloop
  endfacet
  facet normal 1 0 0
    outer loop
      vertex 61 26.416 60.5871
      vertex 61 25.3539 61.6461
      vertex 61 26.4146 60.5854
    endloop
  endfacet
  facet normal 1 0 0
    outer loop
      vertex 61 26.4146 60.5854
      vertex 61 25.3539 61.6461
      vertex 61 25.5493 59.8012
    endloop
  endfacet
  facet normal 1 -0 0
    outer loop
      vertex 61 24.5977 60.9607
      vertex 61 25.5493 59.8012
      vertex 61 25.3539 61.6461
    endloop
  endfacet
  facet normal 1 0 0
    outer loop
      vertex 61 25.5493 59.8012
      vertex 61 24.5977 60.9607
      vertex 61 24.6113 59.1055
    endloop
  endfacet
  facet normal 1 -0 0
    outer loop
      vertex 61 23.7779 60.3527
      vertex 61 24.6113 59.1055
      vertex 61 24.5977 60.9607
    endloop
  endfacet
  facet normal 1 0 0
    outer loop
      vertex 61 23.7779 60.3527
      vertex 61 23.6096 58.5051
      vertex 61 24.6113 59.1055
    endloop
  endfacet
  facet normal 1 -0 0
    outer loop
      vertex 61 22.9025 59.828
      vertex 61 23.6096 58.5051
      vertex 61 23.7779 60.3527
    endloop
  endfacet
  facet normal 1 0 0
    outer loop
      vertex 61 22.9025 59.828
      vertex 61 22.5539 58.0058
      vertex 61 23.6096 58.5051
    endloop
  endfacet
  facet normal 1 -0 0
    outer loop
      vertex 61 21.9799 59.3917
      vertex 61 22.5539 58.0058
      vertex 61 22.9025 59.828
    endloop
  endfacet
  facet normal 1 0 0
    outer loop
      vertex 61 21.9799 59.3917
      vertex 61 21.4544 57.6124
      vertex 61 22.5539 58.0058
    endloop
  endfacet
  facet normal 1 -0 0
    outer loop
      vertex 61 21.019 59.0478
      vertex 61 21.4544 57.6124
      vertex 61 21.9799 59.3917
    endloop
  endfacet
  facet normal 1 0 0
    outer loop
      vertex 61 21.019 59.0478
      vertex 61 20.3216 57.3287
      vertex 61 21.4544 57.6124
    endloop
  endfacet
  facet normal 1 -0 0
    outer loop
      vertex 61 20.0289 58.7998
      vertex 61 20.3216 57.3287
      vertex 61 21.019 59.0478
    endloop
  endfacet
  facet normal 1 0 0
    outer loop
      vertex 61 20.0289 58.7998
      vertex 61 19.1664 57.1573
      vertex 61 20.3216 57.3287
    endloop
  endfacet
  facet normal 1 -0 0
    outer loop
      vertex 61 19.0194 58.6501
      vertex 61 19.1664 57.1573
      vertex 61 20.0289 58.7998
    endloop
  endfacet
  facet normal 1 -0 0
    outer loop
      vertex 61 18 58.6
      vertex 61 19.1664 57.1573
      vertex 61 19.0194 58.6501
    endloop
  endfacet
  facet normal 1 0 0
    outer loop
      vertex 61 18 58.6
      vertex 61 18 57.1
      vertex 61 19.1664 57.1573
    endloop
  endfacet
  facet normal 1 0 0
    outer loop
      vertex 61 16.9806 58.6501
      vertex 61 18 57.1
      vertex 61 18 58.6
    endloop
  endfacet
  facet normal 1 0 0
    outer loop
      vertex 61 16.9806 58.6501
      vertex 61 16.8336 57.1573
      vertex 61 18 57.1
    endloop
  endfacet
  facet normal 1 0 0
    outer loop
      vertex 61 15.9711 58.7998
      vertex 61 16.8336 57.1573
      vertex 61 16.9806 58.6501
    endloop
  endfacet
  facet normal 1 0 0
    outer loop
      vertex 61 15.9711 58.7998
      vertex 61 15.6784 57.3287
      vertex 61 16.8336 57.1573
    endloop
  endfacet
  facet normal 1 0 0
    outer loop
      vertex 61 15.9711 58.7998
      vertex 61 15.4408 57.3882
      vertex 61 15.6784 57.3287
    endloop
  endfacet
  facet normal 1 0 -0
    outer loop
      vertex 61 15.4408 57.3882
      vertex 61 15.9711 58.7998
      vertex 61 14.981 59.0478
    endloop
  endfacet
  facet normal 1 0 0
    outer loop
      vertex 61 15.4408 57.3882
      vertex 61 20.7077 50
      vertex 61 22.829 50
    endloop
  endfacet
  facet normal 1 0 0
    outer loop
      vertex 61 13.3539 57.3539
      vertex 61 14.981 59.0478
      vertex 61 14.0201 59.3917
    endloop
  endfacet
  facet normal 1 0 0
    outer loop
      vertex 61 15.4408 57.3882
      vertex 61 13.3551 57.3526
      vertex 61 20.7077 50
    endloop
  endfacet
  facet normal 1 0 0
    outer loop
      vertex 61 14.981 59.0478
      vertex 61 13.3551 57.3526
      vertex 61 15.4408 57.3882
    endloop
  endfacet
  facet normal 1 0 0
    outer loop
      vertex 61 14.981 59.0478
      vertex 61 13.3539 57.3539
      vertex 61 13.3551 57.3526
    endloop
  endfacet
  facet normal 1 0 0
    outer loop
      vertex 61 12.5977 58.0393
      vertex 61 14.0201 59.3917
      vertex 61 13.0975 59.828
    endloop
  endfacet
  facet normal 1 0 0
    outer loop
      vertex 61 14.0201 59.3917
      vertex 61 12.5977 58.0393
      vertex 61 13.3539 57.3539
    endloop
  endfacet
  facet normal 1 0 0
    outer loop
      vertex 61 11.7779 58.6473
      vertex 61 13.0975 59.828
      vertex 61 12.2221 60.3527
    endloop
  endfacet
  facet normal 1 0 0
    outer loop
      vertex 61 13.0975 59.828
      vertex 61 11.7779 58.6473
      vertex 61 12.5977 58.0393
    endloop
  endfacet
  facet normal 1 0 0
    outer loop
      vertex 61 10.9025 59.172
      vertex 61 12.2221 60.3527
      vertex 61 11.4023 60.9607
    endloop
  endfacet
  facet normal 1 0 0
    outer loop
      vertex 61 12.2221 60.3527
      vertex 61 10.9025 59.172
      vertex 61 11.7779 58.6473
    endloop
  endfacet
  facet normal 1 0 0
    outer loop
      vertex 61 9.9799 59.6083
      vertex 61 11.4023 60.9607
      vertex 61 10.6461 61.6461
    endloop
  endfacet
  facet normal 1 0 0
    outer loop
      vertex 61 11.4023 60.9607
      vertex 61 9.9799 59.6083
      vertex 61 10.9025 59.172
    endloop
  endfacet
  facet normal 1 0 0
    outer loop
      vertex 61 8.70966 61.5741
      vertex 61 10.6461 61.6461
      vertex 61 9.96069 62.4023
    endloop
  endfacet
  facet normal 1 0 0
    outer loop
      vertex 61 8.70966 61.5741
      vertex 61 9.96069 62.4023
      vertex 61 9.35272 63.2221
    endloop
  endfacet
  facet normal 1 0 -0
    outer loop
      vertex 61 9.01895 59.9522
      vertex 61 10.6461 61.6461
      vertex 61 8.70966 61.5741
    endloop
  endfacet
  facet normal 1 0 0
    outer loop
      vertex 61 8.10551 62.3887
      vertex 61 9.35272 63.2221
      vertex 61 8.82803 64.0975
    endloop
  endfacet
  facet normal 1 0 0
    outer loop
      vertex 61 10.6461 61.6461
      vertex 61 9.01895 59.9522
      vertex 61 9.9799 59.6083
    endloop
  endfacet
  facet normal 1 0 0
    outer loop
      vertex 61 8.02893 60.2002
      vertex 61 8.70966 61.5741
      vertex 61 8.32156 61.6713
    endloop
  endfacet
  facet normal 1 0 0
    outer loop
      vertex 61 8.70966 61.5741
      vertex 61 8.02893 60.2002
      vertex 61 9.01895 59.9522
    endloop
  endfacet
  facet normal 1 0 0
    outer loop
      vertex 61 7.1664 61.8427
      vertex 61 8.02893 60.2002
      vertex 61 8.32156 61.6713
    endloop
  endfacet
  facet normal 1 0 0
    outer loop
      vertex 61 7.1664 61.8427
      vertex 61 7.01936 60.3499
      vertex 61 8.02893 60.2002
    endloop
  endfacet
  facet normal 1 0 0
    outer loop
      vertex 61 6 61.9
      vertex 61 7.01936 60.3499
      vertex 61 7.1664 61.8427
    endloop
  endfacet
  facet normal 1 0 0
    outer loop
      vertex 61 6 61.9
      vertex 61 6 60.4
      vertex 61 7.01936 60.3499
    endloop
  endfacet
  facet normal 1 0 0
    outer loop
      vertex 61 6 61.9
      vertex 61 4.98064 60.3499
      vertex 61 6 60.4
    endloop
  endfacet
  facet normal 1 -0 0
    outer loop
      vertex 61 4.8336 61.8427
      vertex 61 4.98064 60.3499
      vertex 61 6 61.9
    endloop
  endfacet
  facet normal 1 0 0
    outer loop
      vertex 61 4.8336 61.8427
      vertex 61 3.97107 60.2002
      vertex 61 4.98064 60.3499
    endloop
  endfacet
  facet normal 1 -0 0
    outer loop
      vertex 61 3.67844 61.6713
      vertex 61 3.97107 60.2002
      vertex 61 4.8336 61.8427
    endloop
  endfacet
  facet normal 1 0 0
    outer loop
      vertex 61 3.67844 61.6713
      vertex 61 2.98105 59.9522
      vertex 61 3.97107 60.2002
    endloop
  endfacet
  facet normal 1 -0 0
    outer loop
      vertex 61 2.54562 61.3876
      vertex 61 2.98105 59.9522
      vertex 61 3.67844 61.6713
    endloop
  endfacet
  facet normal 1 0 0
    outer loop
      vertex 61 2.54562 61.3876
      vertex 61 2.0201 59.6083
      vertex 61 2.98105 59.9522
    endloop
  endfacet
  facet normal 1 -0 0
    outer loop
      vertex 61 1.44608 60.9942
      vertex 61 2.0201 59.6083
      vertex 61 2.54562 61.3876
    endloop
  endfacet
  facet normal 1 0 0
    outer loop
      vertex 61 1.44608 60.9942
      vertex 61 1.09749 59.172
      vertex 61 2.0201 59.6083
    endloop
  endfacet
  facet normal 1 -0 0
    outer loop
      vertex 61 0.390381 60.4949
      vertex 61 1.09749 59.172
      vertex 61 1.44608 60.9942
    endloop
  endfacet
  facet normal 1 0 0
    outer loop
      vertex 61 0.390381 60.4949
      vertex 61 0.222076 58.6473
      vertex 61 1.09749 59.172
    endloop
  endfacet
  facet normal 1 -0 0
    outer loop
      vertex 61 -0.611282 59.8945
      vertex 61 0.222076 58.6473
      vertex 61 0.390381 60.4949
    endloop
  endfacet
  facet normal 1 0 0
    outer loop
      vertex 61 0.222076 58.6473
      vertex 61 -0.611282 59.8945
      vertex 61 -0.597687 58.0393
    endloop
  endfacet
  facet normal 1 -0 0
    outer loop
      vertex 61 -1.54927 59.1988
      vertex 61 -0.597687 58.0393
      vertex 61 -0.611282 59.8945
    endloop
  endfacet
  facet normal 1 0 0
    outer loop
      vertex 61 -0.597687 58.0393
      vertex 61 -1.54927 59.1988
      vertex 61 -1.3539 57.3539
    endloop
  endfacet
  facet normal 1 -0 0
    outer loop
      vertex 61 -2.41457 58.4146
      vertex 61 -1.3539 57.3539
      vertex 61 -1.54927 59.1988
    endloop
  endfacet
  facet normal 1 0 0
    outer loop
      vertex 61 -1.3539 57.3539
      vertex 61 -2.41457 58.4146
      vertex 61 -2.03931 56.5977
    endloop
  endfacet
  facet normal 1 -0 0
    outer loop
      vertex 61 -3.19882 57.5493
      vertex 61 -2.03931 56.5977
      vertex 61 -2.41457 58.4146
    endloop
  endfacet
  facet normal 1 0 0
    outer loop
      vertex 61 -2.03931 56.5977
      vertex 61 -3.19882 57.5493
      vertex 61 -2.64728 55.7779
    endloop
  endfacet
  facet normal 1 -0 0
    outer loop
      vertex 61 -3.89449 56.6113
      vertex 61 -2.64728 55.7779
      vertex 61 -3.19882 57.5493
    endloop
  endfacet
  facet normal 1 0 0
    outer loop
      vertex 61 -2.64728 55.7779
      vertex 61 -3.89449 56.6113
      vertex 61 -3.17197 54.9025
    endloop
  endfacet
  facet normal 1 -0 0
    outer loop
      vertex 61 -4.49486 55.6096
      vertex 61 -3.17197 54.9025
      vertex 61 -3.89449 56.6113
    endloop
  endfacet
  facet normal 1 0 0
    outer loop
      vertex 61 -3.17197 54.9025
      vertex 61 -4.49486 55.6096
      vertex 61 -3.60834 53.9799
    endloop
  endfacet
  facet normal 1 -0 0
    outer loop
      vertex 61 -4.99416 54.5539
      vertex 61 -3.60834 53.9799
      vertex 61 -4.49486 55.6096
    endloop
  endfacet
  facet normal 1 0 0
    outer loop
      vertex 61 -3.60834 53.9799
      vertex 61 -4.99416 54.5539
      vertex 61 -3.95218 53.019
    endloop
  endfacet
  facet normal 1 0 0
    outer loop
      vertex 61 -3.95218 53.019
      vertex 61 -5.38759 53.4544
      vertex 61 -4.20016 52.0289
    endloop
  endfacet
  facet normal 1 -0 0
    outer loop
      vertex 61 -5.38759 53.4544
      vertex 61 -3.95218 53.019
      vertex 61 -4.99416 54.5539
    endloop
  endfacet
  facet normal 1 -0 0
    outer loop
      vertex 61 20.7077 50
      vertex 61 14.416 41.5871
      vertex 61 22.829 50
    endloop
  endfacet
  facet normal 1 -0 0
    outer loop
      vertex 61 13.3551 42.6474
      vertex 61 14.416 41.5871
      vertex 61 20.7077 50
    endloop
  endfacet
  facet normal 1 -0 0
    outer loop
      vertex 61 13.3539 42.6461
      vertex 61 14.416 41.5871
      vertex 61 13.3551 42.6474
    endloop
  endfacet
  facet normal 1 0 0
    outer loop
      vertex 61 14.416 41.5871
      vertex 61 13.3539 42.6461
      vertex 61 14.4146 41.5854
    endloop
  endfacet
  facet normal 1 0 0
    outer loop
      vertex 61 14.4146 41.5854
      vertex 61 13.3539 42.6461
      vertex 61 13.5493 40.8012
    endloop
  endfacet
  facet normal 1 -0 0
    outer loop
      vertex 61 12.5977 41.9607
      vertex 61 13.5493 40.8012
      vertex 61 13.3539 42.6461
    endloop
  endfacet
  facet normal 1 0 0
    outer loop
      vertex 61 13.5493 40.8012
      vertex 61 12.5977 41.9607
      vertex 61 12.6113 40.1055
    endloop
  endfacet
  facet normal 1 -0 0
    outer loop
      vertex 61 11.7779 41.3527
      vertex 61 12.6113 40.1055
      vertex 61 12.5977 41.9607
    endloop
  endfacet
  facet normal 1 0 0
    outer loop
      vertex 61 11.7779 41.3527
      vertex 61 11.6096 39.5051
      vertex 61 12.6113 40.1055
    endloop
  endfacet
  facet normal 1 -0 0
    outer loop
      vertex 61 10.9025 40.828
      vertex 61 11.6096 39.5051
      vertex 61 11.7779 41.3527
    endloop
  endfacet
  facet normal 1 0 0
    outer loop
      vertex 61 10.9025 40.828
      vertex 61 10.5539 39.0058
      vertex 61 11.6096 39.5051
    endloop
  endfacet
  facet normal 1 -0 0
    outer loop
      vertex 61 9.9799 40.3917
      vertex 61 10.5539 39.0058
      vertex 61 10.9025 40.828
    endloop
  endfacet
  facet normal 1 0 0
    outer loop
      vertex 61 9.9799 40.3917
      vertex 61 9.45438 38.6124
      vertex 61 10.5539 39.0058
    endloop
  endfacet
  facet normal 1 -0 0
    outer loop
      vertex 61 9.01895 40.0478
      vertex 61 9.45438 38.6124
      vertex 61 9.9799 40.3917
    endloop
  endfacet
  facet normal 1 0 0
    outer loop
      vertex 61 9.01895 40.0478
      vertex 61 8.32156 38.3287
      vertex 61 9.45438 38.6124
    endloop
  endfacet
  facet normal 1 -0 0
    outer loop
      vertex 61 8.02893 39.7998
      vertex 61 8.32156 38.3287
      vertex 61 9.01895 40.0478
    endloop
  endfacet
  facet normal 1 0 0
    outer loop
      vertex 61 8.02893 39.7998
      vertex 61 7.1664 38.1573
      vertex 61 8.32156 38.3287
    endloop
  endfacet
  facet normal 1 -0 0
    outer loop
      vertex 61 7.01936 39.6501
      vertex 61 7.1664 38.1573
      vertex 61 8.02893 39.7998
    endloop
  endfacet
  facet normal 1 -0 0
    outer loop
      vertex 61 6 39.6
      vertex 61 7.1664 38.1573
      vertex 61 7.01936 39.6501
    endloop
  endfacet
  facet normal 1 0 0
    outer loop
      vertex 61 6 39.6
      vertex 61 6 38.1
      vertex 61 7.1664 38.1573
    endloop
  endfacet
  facet normal 1 0 0
    outer loop
      vertex 61 4.98064 39.6501
      vertex 61 6 38.1
      vertex 61 6 39.6
    endloop
  endfacet
  facet normal 1 0 0
    outer loop
      vertex 61 4.98064 39.6501
      vertex 61 4.8336 38.1573
      vertex 61 6 38.1
    endloop
  endfacet
  facet normal 1 0 0
    outer loop
      vertex 61 3.97107 39.7998
      vertex 61 4.8336 38.1573
      vertex 61 4.98064 39.6501
    endloop
  endfacet
  facet normal 1 0 0
    outer loop
      vertex 61 3.97107 39.7998
      vertex 61 3.67844 38.3287
      vertex 61 4.8336 38.1573
    endloop
  endfacet
  facet normal 1 0 0
    outer loop
      vertex 61 3.97107 39.7998
      vertex 61 3.44079 38.3882
      vertex 61 3.67844 38.3287
    endloop
  endfacet
  facet normal 1 0 -0
    outer loop
      vertex 61 3.44079 38.3882
      vertex 61 3.97107 39.7998
      vertex 61 2.98105 40.0478
    endloop
  endfacet
  facet normal 1 0 0
    outer loop
      vertex 61 7.50514 63.3904
      vertex 61 8.82803 64.0975
      vertex 61 8.39166 65.0201
    endloop
  endfacet
  facet normal 1 0 0
    outer loop
      vertex 61 9.35272 63.2221
      vertex 61 8.10551 62.3887
      vertex 61 8.70966 61.5741
    endloop
  endfacet
  facet normal 1 0 0
    outer loop
      vertex 61 7.00584 64.4461
      vertex 61 8.39166 65.0201
      vertex 61 8.04782 65.981
    endloop
  endfacet
  facet normal 1 0 0
    outer loop
      vertex 61 6.61241 65.5456
      vertex 61 8.04782 65.981
      vertex 61 7.79984 66.9711
    endloop
  endfacet
  facet normal 1 0 0
    outer loop
      vertex 61 6.32866 66.6784
      vertex 61 7.79984 66.9711
      vertex 61 7.65009 67.9806
    endloop
  endfacet
  facet normal 1 0 0
    outer loop
      vertex 61 8.82803 64.0975
      vertex 61 7.50514 63.3904
      vertex 61 8.10551 62.3887
    endloop
  endfacet
  facet normal 1 0 0
    outer loop
      vertex 61 6.1573 67.8336
      vertex 61 7.65009 67.9806
      vertex 61 7.60001 69
    endloop
  endfacet
  facet normal 1 -0 0
    outer loop
      vertex 61 6.32866 71.3216
      vertex 61 7.79984 71.0289
      vertex 61 6.61241 72.4544
    endloop
  endfacet
  facet normal 1 0 0
    outer loop
      vertex 61 7.79984 71.0289
      vertex 61 6.32866 71.3216
      vertex 61 7.65009 70.0194
    endloop
  endfacet
  facet normal 1 0 0
    outer loop
      vertex 61 8.39166 65.0201
      vertex 61 7.00584 64.4461
      vertex 61 7.50514 63.3904
    endloop
  endfacet
  facet normal 1 -0 0
    outer loop
      vertex 61 6.1573 70.1664
      vertex 61 7.65009 70.0194
      vertex 61 6.32866 71.3216
    endloop
  endfacet
  facet normal 1 0 0
    outer loop
      vertex 61 8.04782 65.981
      vertex 61 6.61241 65.5456
      vertex 61 7.00584 64.4461
    endloop
  endfacet
  facet normal 1 0 0
    outer loop
      vertex 61 7.65009 70.0194
      vertex 61 6.1573 70.1664
      vertex 61 7.60001 69
    endloop
  endfacet
  facet normal 1 0 0
    outer loop
      vertex 61 7.79984 66.9711
      vertex 61 6.32866 66.6784
      vertex 61 6.61241 65.5456
    endloop
  endfacet
  facet normal 1 0 0
    outer loop
      vertex 61 6.10001 69
      vertex 61 7.60001 69
      vertex 61 6.1573 70.1664
    endloop
  endfacet
  facet normal 1 0 0
    outer loop
      vertex 61 7.65009 67.9806
      vertex 61 6.1573 67.8336
      vertex 61 6.32866 66.6784
    endloop
  endfacet
  facet normal 1 0 0
    outer loop
      vertex 61 7.60001 69
      vertex 61 6.10001 69
      vertex 61 6.1573 67.8336
    endloop
  endfacet
  facet normal 1 0 0
    outer loop
      vertex 61 3.44079 38.3882
      vertex 61 8.70767 31
      vertex 61 10.829 31
    endloop
  endfacet
  facet normal 1 0 0
    outer loop
      vertex 61 1.3539 38.3539
      vertex 61 2.98105 40.0478
      vertex 61 2.0201 40.3917
    endloop
  endfacet
  facet normal 1 0 0
    outer loop
      vertex 61 3.44079 38.3882
      vertex 61 1.35507 38.3526
      vertex 61 8.70767 31
    endloop
  endfacet
  facet normal 1 0 0
    outer loop
      vertex 61 2.98105 40.0478
      vertex 61 1.35507 38.3526
      vertex 61 3.44079 38.3882
    endloop
  endfacet
  facet normal 1 0 0
    outer loop
      vertex 61 2.98105 40.0478
      vertex 61 1.3539 38.3539
      vertex 61 1.35507 38.3526
    endloop
  endfacet
  facet normal 1 0 0
    outer loop
      vertex 61 0.597687 39.0393
      vertex 61 2.0201 40.3917
      vertex 61 1.09749 40.828
    endloop
  endfacet
  facet normal 1 0 0
    outer loop
      vertex 61 2.0201 40.3917
      vertex 61 0.597687 39.0393
      vertex 61 1.3539 38.3539
    endloop
  endfacet
  facet normal 1 0 0
    outer loop
      vertex 61 -0.222076 39.6473
      vertex 61 1.09749 40.828
      vertex 61 0.222076 41.3527
    endloop
  endfacet
  facet normal 1 0 0
    outer loop
      vertex 61 1.09749 40.828
      vertex 61 -0.222076 39.6473
      vertex 61 0.597687 39.0393
    endloop
  endfacet
  facet normal 1 0 0
    outer loop
      vertex 61 -1.09749 40.172
      vertex 61 0.222076 41.3527
      vertex 61 -0.597687 41.9607
    endloop
  endfacet
  facet normal 1 0 0
    outer loop
      vertex 61 0.222076 41.3527
      vertex 61 -1.09749 40.172
      vertex 61 -0.222076 39.6473
    endloop
  endfacet
  facet normal 1 0 0
    outer loop
      vertex 61 -2.0201 40.6083
      vertex 61 -0.597687 41.9607
      vertex 61 -1.3539 42.6461
    endloop
  endfacet
  facet normal 1 0 0
    outer loop
      vertex 61 -0.597687 41.9607
      vertex 61 -2.0201 40.6083
      vertex 61 -1.09749 40.172
    endloop
  endfacet
  facet normal 1 0 0
    outer loop
      vertex 61 -3.29034 42.5741
      vertex 61 -1.3539 42.6461
      vertex 61 -2.03931 43.4023
    endloop
  endfacet
  facet normal 1 0 0
    outer loop
      vertex 61 -3.29034 42.5741
      vertex 61 -2.03931 43.4023
      vertex 61 -2.64728 44.2221
    endloop
  endfacet
  facet normal 1 0 -0
    outer loop
      vertex 61 -2.98105 40.9522
      vertex 61 -1.3539 42.6461
      vertex 61 -3.29034 42.5741
    endloop
  endfacet
  facet normal 1 0 0
    outer loop
      vertex 61 -3.89449 43.3887
      vertex 61 -2.64728 44.2221
      vertex 61 -3.17197 45.0975
    endloop
  endfacet
  facet normal 1 0 0
    outer loop
      vertex 61 -1.3539 42.6461
      vertex 61 -2.98105 40.9522
      vertex 61 -2.0201 40.6083
    endloop
  endfacet
  facet normal 1 0 0
    outer loop
      vertex 61 -3.97107 41.2002
      vertex 61 -3.29034 42.5741
      vertex 61 -3.67844 42.6713
    endloop
  endfacet
  facet normal 1 0 0
    outer loop
      vertex 61 -3.29034 42.5741
      vertex 61 -3.97107 41.2002
      vertex 61 -2.98105 40.9522
    endloop
  endfacet
  facet normal 1 0 0
    outer loop
      vertex 61 -4.8336 42.8427
      vertex 61 -3.97107 41.2002
      vertex 61 -3.67844 42.6713
    endloop
  endfacet
  facet normal 1 0 0
    outer loop
      vertex 61 -4.8336 42.8427
      vertex 61 -4.98064 41.3499
      vertex 61 -3.97107 41.2002
    endloop
  endfacet
  facet normal 1 0 0
    outer loop
      vertex 61 -6 42.9
      vertex 61 -4.98064 41.3499
      vertex 61 -4.8336 42.8427
    endloop
  endfacet
  facet normal 1 0 0
    outer loop
      vertex 61 -6 42.9
      vertex 61 -6 41.4
      vertex 61 -4.98064 41.3499
    endloop
  endfacet
  facet normal 1 0 0
    outer loop
      vertex 61 -6 42.9
      vertex 61 -7.01936 41.3499
      vertex 61 -6 41.4
    endloop
  endfacet
  facet normal 1 -0 0
    outer loop
      vertex 61 -7.1664 42.8427
      vertex 61 -7.01936 41.3499
      vertex 61 -6 42.9
    endloop
  endfacet
  facet normal 1 0 0
    outer loop
      vertex 61 -7.1664 42.8427
      vertex 61 -8.02893 41.2002
      vertex 61 -7.01936 41.3499
    endloop
  endfacet
  facet normal 1 -0 0
    outer loop
      vertex 61 -8.32156 42.6713
      vertex 61 -8.02893 41.2002
      vertex 61 -7.1664 42.8427
    endloop
  endfacet
  facet normal 1 0 0
    outer loop
      vertex 61 -8.32156 42.6713
      vertex 61 -9.01895 40.9522
      vertex 61 -8.02893 41.2002
    endloop
  endfacet
  facet normal 1 -0 0
    outer loop
      vertex 61 -9.45438 42.3876
      vertex 61 -9.01895 40.9522
      vertex 61 -8.32156 42.6713
    endloop
  endfacet
  facet normal 1 0 0
    outer loop
      vertex 61 -9.45438 42.3876
      vertex 61 -9.9799 40.6083
      vertex 61 -9.01895 40.9522
    endloop
  endfacet
  facet normal 1 -0 0
    outer loop
      vertex 61 -10.5539 41.9942
      vertex 61 -9.9799 40.6083
      vertex 61 -9.45438 42.3876
    endloop
  endfacet
  facet normal 1 0 0
    outer loop
      vertex 61 -10.5539 41.9942
      vertex 61 -10.9025 40.172
      vertex 61 -9.9799 40.6083
    endloop
  endfacet
  facet normal 1 -0 0
    outer loop
      vertex 61 -11.6096 41.4949
      vertex 61 -10.9025 40.172
      vertex 61 -10.5539 41.9942
    endloop
  endfacet
  facet normal 1 0 0
    outer loop
      vertex 61 -11.6096 41.4949
      vertex 61 -11.7779 39.6473
      vertex 61 -10.9025 40.172
    endloop
  endfacet
  facet normal 1 -0 0
    outer loop
      vertex 61 -12.6113 40.8945
      vertex 61 -11.7779 39.6473
      vertex 61 -11.6096 41.4949
    endloop
  endfacet
  facet normal 1 0 0
    outer loop
      vertex 61 -11.7779 39.6473
      vertex 61 -12.6113 40.8945
      vertex 61 -12.5977 39.0393
    endloop
  endfacet
  facet normal 1 -0 0
    outer loop
      vertex 61 -13.5493 40.1988
      vertex 61 -12.5977 39.0393
      vertex 61 -12.6113 40.8945
    endloop
  endfacet
  facet normal 1 0 0
    outer loop
      vertex 61 -12.5977 39.0393
      vertex 61 -13.5493 40.1988
      vertex 61 -13.3539 38.3539
    endloop
  endfacet
  facet normal 1 -0 0
    outer loop
      vertex 61 -14.4146 39.4146
      vertex 61 -13.3539 38.3539
      vertex 61 -13.5493 40.1988
    endloop
  endfacet
  facet normal 1 0 0
    outer loop
      vertex 61 -13.3539 38.3539
      vertex 61 -14.4146 39.4146
      vertex 61 -14.0393 37.5977
    endloop
  endfacet
  facet normal 1 -0 0
    outer loop
      vertex 61 -15.1988 38.5493
      vertex 61 -14.0393 37.5977
      vertex 61 -14.4146 39.4146
    endloop
  endfacet
  facet normal 1 0 0
    outer loop
      vertex 61 -14.0393 37.5977
      vertex 61 -15.1988 38.5493
      vertex 61 -14.6473 36.7779
    endloop
  endfacet
  facet normal 1 -0 0
    outer loop
      vertex 61 -15.8945 37.6113
      vertex 61 -14.6473 36.7779
      vertex 61 -15.1988 38.5493
    endloop
  endfacet
  facet normal 1 0 0
    outer loop
      vertex 61 -14.6473 36.7779
      vertex 61 -15.8945 37.6113
      vertex 61 -15.172 35.9025
    endloop
  endfacet
  facet normal 1 -0 0
    outer loop
      vertex 61 -16.4949 36.6096
      vertex 61 -15.172 35.9025
      vertex 61 -15.8945 37.6113
    endloop
  endfacet
  facet normal 1 0 0
    outer loop
      vertex 61 -15.172 35.9025
      vertex 61 -16.4949 36.6096
      vertex 61 -15.6083 34.9799
    endloop
  endfacet
  facet normal 1 -0 0
    outer loop
      vertex 61 -16.9942 35.5539
      vertex 61 -15.6083 34.9799
      vertex 61 -16.4949 36.6096
    endloop
  endfacet
  facet normal 1 0 0
    outer loop
      vertex 61 -15.6083 34.9799
      vertex 61 -16.9942 35.5539
      vertex 61 -15.9522 34.019
    endloop
  endfacet
  facet normal 1 0 0
    outer loop
      vertex 61 -15.9522 34.019
      vertex 61 -17.3876 34.4544
      vertex 61 -16.2002 33.0289
    endloop
  endfacet
  facet normal 1 -0 0
    outer loop
      vertex 61 -17.3876 34.4544
      vertex 61 -15.9522 34.019
      vertex 61 -16.9942 35.5539
    endloop
  endfacet
  facet normal 1 -0 0
    outer loop
      vertex 61 8.70767 31
      vertex 61 2.41605 22.5871
      vertex 61 10.829 31
    endloop
  endfacet
  facet normal 1 -0 0
    outer loop
      vertex 61 1.35507 23.6474
      vertex 61 2.41605 22.5871
      vertex 61 8.70767 31
    endloop
  endfacet
  facet normal 1 -0 0
    outer loop
      vertex 61 1.3539 23.6461
      vertex 61 2.41605 22.5871
      vertex 61 1.35507 23.6474
    endloop
  endfacet
  facet normal 1 0 0
    outer loop
      vertex 61 2.41605 22.5871
      vertex 61 1.3539 23.6461
      vertex 61 2.41457 22.5854
    endloop
  endfacet
  facet normal 1 0 0
    outer loop
      vertex 61 2.41457 22.5854
      vertex 61 1.3539 23.6461
      vertex 61 1.54927 21.8012
    endloop
  endfacet
  facet normal 1 -0 0
    outer loop
      vertex 61 0.597687 22.9607
      vertex 61 1.54927 21.8012
      vertex 61 1.3539 23.6461
    endloop
  endfacet
  facet normal 1 0 0
    outer loop
      vertex 61 1.54927 21.8012
      vertex 61 0.597687 22.9607
      vertex 61 0.611282 21.1055
    endloop
  endfacet
  facet normal 1 -0 0
    outer loop
      vertex 61 -0.222076 22.3527
      vertex 61 0.611282 21.1055
      vertex 61 0.597687 22.9607
    endloop
  endfacet
  facet normal 1 0 0
    outer loop
      vertex 61 -0.222076 22.3527
      vertex 61 -0.390381 20.5051
      vertex 61 0.611282 21.1055
    endloop
  endfacet
  facet normal 1 -0 0
    outer loop
      vertex 61 -1.09749 21.828
      vertex 61 -0.390381 20.5051
      vertex 61 -0.222076 22.3527
    endloop
  endfacet
  facet normal 1 0 0
    outer loop
      vertex 61 -1.09749 21.828
      vertex 61 -1.44608 20.0058
      vertex 61 -0.390381 20.5051
    endloop
  endfacet
  facet normal 1 -0 0
    outer loop
      vertex 61 -2.0201 21.3917
      vertex 61 -1.44608 20.0058
      vertex 61 -1.09749 21.828
    endloop
  endfacet
  facet normal 1 0 0
    outer loop
      vertex 61 -2.0201 21.3917
      vertex 61 -2.54562 19.6124
      vertex 61 -1.44608 20.0058
    endloop
  endfacet
  facet normal 1 -0 0
    outer loop
      vertex 61 -2.98105 21.0478
      vertex 61 -2.54562 19.6124
      vertex 61 -2.0201 21.3917
    endloop
  endfacet
  facet normal 1 0 0
    outer loop
      vertex 61 -2.98105 21.0478
      vertex 61 -3.67844 19.3287
      vertex 61 -2.54562 19.6124
    endloop
  endfacet
  facet normal 1 -0 0
    outer loop
      vertex 61 -3.97107 20.7998
      vertex 61 -3.67844 19.3287
      vertex 61 -2.98105 21.0478
    endloop
  endfacet
  facet normal 1 0 0
    outer loop
      vertex 61 -3.97107 20.7998
      vertex 61 -4.8336 19.1573
      vertex 61 -3.67844 19.3287
    endloop
  endfacet
  facet normal 1 -0 0
    outer loop
      vertex 61 -4.98064 20.6501
      vertex 61 -4.8336 19.1573
      vertex 61 -3.97107 20.7998
    endloop
  endfacet
  facet normal 1 -0 0
    outer loop
      vertex 61 -6 20.6
      vertex 61 -4.8336 19.1573
      vertex 61 -4.98064 20.6501
    endloop
  endfacet
  facet normal 1 0 0
    outer loop
      vertex 61 -6 20.6
      vertex 61 -6 19.1
      vertex 61 -4.8336 19.1573
    endloop
  endfacet
  facet normal 1 0 0
    outer loop
      vertex 61 -7.01936 20.6501
      vertex 61 -6 19.1
      vertex 61 -6 20.6
    endloop
  endfacet
  facet normal 1 0 0
    outer loop
      vertex 61 -7.01936 20.6501
      vertex 61 -7.1664 19.1573
      vertex 61 -6 19.1
    endloop
  endfacet
  facet normal 1 0 0
    outer loop
      vertex 61 -8.02893 20.7998
      vertex 61 -7.1664 19.1573
      vertex 61 -7.01936 20.6501
    endloop
  endfacet
  facet normal 1 0 0
    outer loop
      vertex 61 -8.02893 20.7998
      vertex 61 -8.32156 19.3287
      vertex 61 -7.1664 19.1573
    endloop
  endfacet
  facet normal 1 0 0
    outer loop
      vertex 61 -8.02893 20.7998
      vertex 61 -8.55921 19.3882
      vertex 61 -8.32156 19.3287
    endloop
  endfacet
  facet normal 1 0 -0
    outer loop
      vertex 61 -8.55921 19.3882
      vertex 61 -8.02893 20.7998
      vertex 61 -9.01895 21.0478
    endloop
  endfacet
  facet normal 1 0 0
    outer loop
      vertex 61 -8.55921 19.3882
      vertex 61 -3.29233 12
      vertex 61 -1.17102 12
    endloop
  endfacet
  facet normal 1 0 0
    outer loop
      vertex 61 -10.6461 19.3539
      vertex 61 -9.01895 21.0478
      vertex 61 -9.9799 21.3917
    endloop
  endfacet
  facet normal 1 0 0
    outer loop
      vertex 61 -8.55921 19.3882
      vertex 61 -10.6449 19.3526
      vertex 61 -3.29233 12
    endloop
  endfacet
  facet normal 1 0 0
    outer loop
      vertex 61 -9.01895 21.0478
      vertex 61 -10.6449 19.3526
      vertex 61 -8.55921 19.3882
    endloop
  endfacet
  facet normal 1 0 0
    outer loop
      vertex 61 -9.01895 21.0478
      vertex 61 -10.6461 19.3539
      vertex 61 -10.6449 19.3526
    endloop
  endfacet
  facet normal 1 0 0
    outer loop
      vertex 61 -11.4023 20.0393
      vertex 61 -9.9799 21.3917
      vertex 61 -10.9025 21.828
    endloop
  endfacet
  facet normal 1 0 0
    outer loop
      vertex 61 -9.9799 21.3917
      vertex 61 -11.4023 20.0393
      vertex 61 -10.6461 19.3539
    endloop
  endfacet
  facet normal 1 0 0
    outer loop
      vertex 61 -12.2221 20.6473
      vertex 61 -10.9025 21.828
      vertex 61 -11.7779 22.3527
    endloop
  endfacet
  facet normal 1 0 0
    outer loop
      vertex 61 -10.9025 21.828
      vertex 61 -12.2221 20.6473
      vertex 61 -11.4023 20.0393
    endloop
  endfacet
  facet normal 1 0 0
    outer loop
      vertex 61 -13.0975 21.172
      vertex 61 -11.7779 22.3527
      vertex 61 -12.5977 22.9607
    endloop
  endfacet
  facet normal 1 0 0
    outer loop
      vertex 61 -11.7779 22.3527
      vertex 61 -13.0975 21.172
      vertex 61 -12.2221 20.6473
    endloop
  endfacet
  facet normal 1 0 0
    outer loop
      vertex 61 -14.0201 21.6083
      vertex 61 -12.5977 22.9607
      vertex 61 -13.3539 23.6461
    endloop
  endfacet
  facet normal 1 0 0
    outer loop
      vertex 61 -12.5977 22.9607
      vertex 61 -14.0201 21.6083
      vertex 61 -13.0975 21.172
    endloop
  endfacet
  facet normal 1 0 0
    outer loop
      vertex 61 -15.2903 23.5741
      vertex 61 -13.3539 23.6461
      vertex 61 -14.0393 24.4023
    endloop
  endfacet
  facet normal 1 0 0
    outer loop
      vertex 61 -15.2903 23.5741
      vertex 61 -14.0393 24.4023
      vertex 61 -14.6473 25.2221
    endloop
  endfacet
  facet normal 1 0 -0
    outer loop
      vertex 61 -14.981 21.9522
      vertex 61 -13.3539 23.6461
      vertex 61 -15.2903 23.5741
    endloop
  endfacet
  facet normal 1 0 0
    outer loop
      vertex 61 -15.8945 24.3887
      vertex 61 -14.6473 25.2221
      vertex 61 -15.172 26.0975
    endloop
  endfacet
  facet normal 1 0 0
    outer loop
      vertex 61 -13.3539 23.6461
      vertex 61 -14.981 21.9522
      vertex 61 -14.0201 21.6083
    endloop
  endfacet
  facet normal 1 0 0
    outer loop
      vertex 61 -15.9711 22.2002
      vertex 61 -15.2903 23.5741
      vertex 61 -15.6784 23.6713
    endloop
  endfacet
  facet normal 1 0 0
    outer loop
      vertex 61 -15.2903 23.5741
      vertex 61 -15.9711 22.2002
      vertex 61 -14.981 21.9522
    endloop
  endfacet
  facet normal 1 0 0
    outer loop
      vertex 61 -16.8336 23.8427
      vertex 61 -15.9711 22.2002
      vertex 61 -15.6784 23.6713
    endloop
  endfacet
  facet normal 1 0 0
    outer loop
      vertex 61 -16.8336 23.8427
      vertex 61 -16.9806 22.3499
      vertex 61 -15.9711 22.2002
    endloop
  endfacet
  facet normal 1 0 0
    outer loop
      vertex 61 -18 23.9
      vertex 61 -16.9806 22.3499
      vertex 61 -16.8336 23.8427
    endloop
  endfacet
  facet normal 1 0 0
    outer loop
      vertex 61 -18 23.9
      vertex 61 -18 22.4
      vertex 61 -16.9806 22.3499
    endloop
  endfacet
  facet normal 1 0 0
    outer loop
      vertex 61 -18 23.9
      vertex 61 -19.0194 22.3499
      vertex 61 -18 22.4
    endloop
  endfacet
  facet normal 1 -0 0
    outer loop
      vertex 61 -19.1664 23.8427
      vertex 61 -19.0194 22.3499
      vertex 61 -18 23.9
    endloop
  endfacet
  facet normal 1 0 0
    outer loop
      vertex 61 -19.1664 23.8427
      vertex 61 -20.0289 22.2002
      vertex 61 -19.0194 22.3499
    endloop
  endfacet
  facet normal 1 -0 0
    outer loop
      vertex 61 -20.3216 23.6713
      vertex 61 -20.0289 22.2002
      vertex 61 -19.1664 23.8427
    endloop
  endfacet
  facet normal 1 0 0
    outer loop
      vertex 61 -20.3216 23.6713
      vertex 61 -21.019 21.9522
      vertex 61 -20.0289 22.2002
    endloop
  endfacet
  facet normal 1 -0 0
    outer loop
      vertex 61 -21.4544 23.3876
      vertex 61 -21.019 21.9522
      vertex 61 -20.3216 23.6713
    endloop
  endfacet
  facet normal 1 0 0
    outer loop
      vertex 61 -21.4544 23.3876
      vertex 61 -21.9799 21.6083
      vertex 61 -21.019 21.9522
    endloop
  endfacet
  facet normal 1 -0 0
    outer loop
      vertex 61 -22.5539 22.9942
      vertex 61 -21.9799 21.6083
      vertex 61 -21.4544 23.3876
    endloop
  endfacet
  facet normal 1 0 0
    outer loop
      vertex 61 -22.5539 22.9942
      vertex 61 -22.9025 21.172
      vertex 61 -21.9799 21.6083
    endloop
  endfacet
  facet normal 1 -0 0
    outer loop
      vertex 61 -23.6096 22.4949
      vertex 61 -22.9025 21.172
      vertex 61 -22.5539 22.9942
    endloop
  endfacet
  facet normal 1 0 0
    outer loop
      vertex 61 -23.6096 22.4949
      vertex 61 -23.7779 20.6473
      vertex 61 -22.9025 21.172
    endloop
  endfacet
  facet normal 1 -0 0
    outer loop
      vertex 61 -24.6113 21.8945
      vertex 61 -23.7779 20.6473
      vertex 61 -23.6096 22.4949
    endloop
  endfacet
  facet normal 1 0 0
    outer loop
      vertex 61 -23.7779 20.6473
      vertex 61 -24.6113 21.8945
      vertex 61 -24.5977 20.0393
    endloop
  endfacet
  facet normal 1 -0 0
    outer loop
      vertex 61 -25.5493 21.1988
      vertex 61 -24.5977 20.0393
      vertex 61 -24.6113 21.8945
    endloop
  endfacet
  facet normal 1 0 0
    outer loop
      vertex 61 -24.5977 20.0393
      vertex 61 -25.5493 21.1988
      vertex 61 -25.3539 19.3539
    endloop
  endfacet
  facet normal 1 -0 0
    outer loop
      vertex 61 -26.4146 20.4146
      vertex 61 -25.3539 19.3539
      vertex 61 -25.5493 21.1988
    endloop
  endfacet
  facet normal 1 0 0
    outer loop
      vertex 61 -25.3539 19.3539
      vertex 61 -26.4146 20.4146
      vertex 61 -26.0393 18.5977
    endloop
  endfacet
  facet normal 1 -0 0
    outer loop
      vertex 61 -27.1988 19.5493
      vertex 61 -26.0393 18.5977
      vertex 61 -26.4146 20.4146
    endloop
  endfacet
  facet normal 1 0 0
    outer loop
      vertex 61 -26.0393 18.5977
      vertex 61 -27.1988 19.5493
      vertex 61 -26.6473 17.7779
    endloop
  endfacet
  facet normal 1 -0 0
    outer loop
      vertex 61 -27.8945 18.6113
      vertex 61 -26.6473 17.7779
      vertex 61 -27.1988 19.5493
    endloop
  endfacet
  facet normal 1 0 0
    outer loop
      vertex 61 -26.6473 17.7779
      vertex 61 -27.8945 18.6113
      vertex 61 -27.172 16.9025
    endloop
  endfacet
  facet normal 1 -0 0
    outer loop
      vertex 61 -28.4949 17.6096
      vertex 61 -27.172 16.9025
      vertex 61 -27.8945 18.6113
    endloop
  endfacet
  facet normal 1 0 0
    outer loop
      vertex 61 -27.172 16.9025
      vertex 61 -28.4949 17.6096
      vertex 61 -27.6083 15.9799
    endloop
  endfacet
  facet normal 1 -0 0
    outer loop
      vertex 61 -28.9942 16.5539
      vertex 61 -27.6083 15.9799
      vertex 61 -28.4949 17.6096
    endloop
  endfacet
  facet normal 1 0 0
    outer loop
      vertex 61 -27.6083 15.9799
      vertex 61 -28.9942 16.5539
      vertex 61 -27.9522 15.019
    endloop
  endfacet
  facet normal 1 0 0
    outer loop
      vertex 61 -27.9522 15.019
      vertex 61 -29.3876 15.4544
      vertex 61 -28.2002 14.0289
    endloop
  endfacet
  facet normal 1 -0 0
    outer loop
      vertex 61 -29.3876 15.4544
      vertex 61 -27.9522 15.019
      vertex 61 -28.9942 16.5539
    endloop
  endfacet
  facet normal 1 -0 0
    outer loop
      vertex 61 -3.29233 12
      vertex 61 -9.58395 3.58707
      vertex 61 -1.17102 12
    endloop
  endfacet
  facet normal 1 -0 0
    outer loop
      vertex 61 -10.6449 4.6474
      vertex 61 -9.58395 3.58707
      vertex 61 -3.29233 12
    endloop
  endfacet
  facet normal 1 -0 0
    outer loop
      vertex 61 -10.6461 4.6461
      vertex 61 -9.58395 3.58707
      vertex 61 -10.6449 4.6474
    endloop
  endfacet
  facet normal 1 0 0
    outer loop
      vertex 61 -9.58395 3.58707
      vertex 61 -10.6461 4.6461
      vertex 61 -9.58543 3.58543
    endloop
  endfacet
  facet normal 1 0 0
    outer loop
      vertex 61 -9.58543 3.58543
      vertex 61 -10.6461 4.6461
      vertex 61 -10.4507 2.80118
    endloop
  endfacet
  facet normal 1 -0 0
    outer loop
      vertex 61 -11.4023 3.96069
      vertex 61 -10.4507 2.80118
      vertex 61 -10.6461 4.6461
    endloop
  endfacet
  facet normal 1 0 0
    outer loop
      vertex 61 -10.4507 2.80118
      vertex 61 -11.4023 3.96069
      vertex 61 -11.3887 2.10551
    endloop
  endfacet
  facet normal 1 -0 0
    outer loop
      vertex 61 -12.2221 3.35272
      vertex 61 -11.3887 2.10551
      vertex 61 -11.4023 3.96069
    endloop
  endfacet
  facet normal 1 0 0
    outer loop
      vertex 61 -12.2221 3.35272
      vertex 61 -12.3904 1.50514
      vertex 61 -11.3887 2.10551
    endloop
  endfacet
  facet normal 1 -0 0
    outer loop
      vertex 61 -13.0975 2.82803
      vertex 61 -12.3904 1.50514
      vertex 61 -12.2221 3.35272
    endloop
  endfacet
  facet normal 1 0 0
    outer loop
      vertex 61 -13.0975 2.82803
      vertex 61 -13.4461 1.00584
      vertex 61 -12.3904 1.50514
    endloop
  endfacet
  facet normal 1 -0 0
    outer loop
      vertex 61 -14.0201 2.39166
      vertex 61 -13.4461 1.00584
      vertex 61 -13.0975 2.82803
    endloop
  endfacet
  facet normal 1 0 0
    outer loop
      vertex 61 -14.0201 2.39166
      vertex 61 -14.5456 0.612411
      vertex 61 -13.4461 1.00584
    endloop
  endfacet
  facet normal 1 -0 0
    outer loop
      vertex 61 -14.981 2.04782
      vertex 61 -14.5456 0.612411
      vertex 61 -14.0201 2.39166
    endloop
  endfacet
  facet normal 1 0 0
    outer loop
      vertex 61 -14.981 2.04782
      vertex 61 -15.6784 0.328659
      vertex 61 -14.5456 0.612411
    endloop
  endfacet
  facet normal 1 -0 0
    outer loop
      vertex 61 -15.9711 1.79984
      vertex 61 -15.6784 0.328659
      vertex 61 -14.981 2.04782
    endloop
  endfacet
  facet normal 1 0 0
    outer loop
      vertex 61 -15.9711 1.79984
      vertex 61 -16.8336 0.157303
      vertex 61 -15.6784 0.328659
    endloop
  endfacet
  facet normal 1 -0 0
    outer loop
      vertex 61 -16.9806 1.65009
      vertex 61 -16.8336 0.157303
      vertex 61 -15.9711 1.79984
    endloop
  endfacet
  facet normal 1 -0 0
    outer loop
      vertex 61 -18 1.60001
      vertex 61 -16.8336 0.157303
      vertex 61 -16.9806 1.65009
    endloop
  endfacet
  facet normal 1 0 0
    outer loop
      vertex 61 -18 1.60001
      vertex 61 -18 0.100006
      vertex 61 -16.8336 0.157303
    endloop
  endfacet
  facet normal 1 0 0
    outer loop
      vertex 61 -19.0194 1.65009
      vertex 61 -18 0.100006
      vertex 61 -18 1.60001
    endloop
  endfacet
  facet normal 1 0 0
    outer loop
      vertex 61 -19.0194 1.65009
      vertex 61 -19.1664 0.157303
      vertex 61 -18 0.100006
    endloop
  endfacet
  facet normal 1 0 0
    outer loop
      vertex 61 -20.0289 1.79984
      vertex 61 -19.1664 0.157303
      vertex 61 -19.0194 1.65009
    endloop
  endfacet
  facet normal 1 0 0
    outer loop
      vertex 61 -20.0289 1.79984
      vertex 61 -20.3216 0.328659
      vertex 61 -19.1664 0.157303
    endloop
  endfacet
  facet normal 1 0 0
    outer loop
      vertex 61 -21.019 2.04782
      vertex 61 -20.3216 0.328659
      vertex 61 -20.0289 1.79984
    endloop
  endfacet
  facet normal 1 0 0
    outer loop
      vertex 61 -21.019 2.04782
      vertex 61 -21.4544 0.612411
      vertex 61 -20.3216 0.328659
    endloop
  endfacet
  facet normal 1 0 0
    outer loop
      vertex 61 -21.9799 2.39166
      vertex 61 -21.4544 0.612411
      vertex 61 -21.019 2.04782
    endloop
  endfacet
  facet normal 1 0 0
    outer loop
      vertex 61 -21.9799 2.39166
      vertex 61 -22.5539 1.00584
      vertex 61 -21.4544 0.612411
    endloop
  endfacet
  facet normal 1 0 0
    outer loop
      vertex 61 -22.9025 2.82803
      vertex 61 -22.5539 1.00584
      vertex 61 -21.9799 2.39166
    endloop
  endfacet
  facet normal 1 0 0
    outer loop
      vertex 61 -22.9025 2.82803
      vertex 61 -23.6096 1.50514
      vertex 61 -22.5539 1.00584
    endloop
  endfacet
  facet normal 1 0 0
    outer loop
      vertex 61 -23.7779 3.35272
      vertex 61 -23.6096 1.50514
      vertex 61 -22.9025 2.82803
    endloop
  endfacet
  facet normal 1 0 0
    outer loop
      vertex 61 -24.6113 2.10551
      vertex 61 -23.7779 3.35272
      vertex 61 -24.5977 3.96069
    endloop
  endfacet
  facet normal 1 0 0
    outer loop
      vertex 61 -23.7779 3.35272
      vertex 61 -24.6113 2.10551
      vertex 61 -23.6096 1.50514
    endloop
  endfacet
  facet normal 1 0 0
    outer loop
      vertex 61 -25.5493 2.80118
      vertex 61 -24.5977 3.96069
      vertex 61 -25.3539 4.6461
    endloop
  endfacet
  facet normal 1 0 0
    outer loop
      vertex 61 -24.5977 3.96069
      vertex 61 -25.5493 2.80118
      vertex 61 -24.6113 2.10551
    endloop
  endfacet
  facet normal 1 0 0
    outer loop
      vertex 61 -26.4146 3.58543
      vertex 61 -25.3539 4.6461
      vertex 61 -26.0393 5.40231
    endloop
  endfacet
  facet normal 1 0 0
    outer loop
      vertex 61 -25.3539 4.6461
      vertex 61 -26.4146 3.58543
      vertex 61 -25.5493 2.80118
    endloop
  endfacet
  facet normal 1 0 0
    outer loop
      vertex 61 -27.1988 4.45073
      vertex 61 -26.0393 5.40231
      vertex 61 -26.6473 6.22208
    endloop
  endfacet
  facet normal 1 0 0
    outer loop
      vertex 61 -27.8945 5.38872
      vertex 61 -26.6473 6.22208
      vertex 61 -27.172 7.09749
    endloop
  endfacet
  facet normal 1 0 0
    outer loop
      vertex 61 -26.0393 5.40231
      vertex 61 -27.1988 4.45073
      vertex 61 -26.4146 3.58543
    endloop
  endfacet
  facet normal 1 0 0
    outer loop
      vertex 61 -28.4949 6.39038
      vertex 61 -27.172 7.09749
      vertex 61 -27.6083 8.0201
    endloop
  endfacet
  facet normal 1 0 0
    outer loop
      vertex 61 -26.6473 6.22208
      vertex 61 -27.8945 5.38872
      vertex 61 -27.1988 4.45073
    endloop
  endfacet
  facet normal 1 0 0
    outer loop
      vertex 61 -28.9942 7.44608
      vertex 61 -27.6083 8.0201
      vertex 61 -27.9522 8.98105
    endloop
  endfacet
  facet normal 1 0 0
    outer loop
      vertex 61 -29.3876 8.54562
      vertex 61 -27.9522 8.98105
      vertex 61 -28.2002 9.97107
    endloop
  endfacet
  facet normal 1 0 0
    outer loop
      vertex 61 -29.6713 9.67844
      vertex 61 -28.2002 9.97107
      vertex 61 -28.3499 10.9806
    endloop
  endfacet
  facet normal 1 0 0
    outer loop
      vertex 61 -27.172 7.09749
      vertex 61 -28.4949 6.39038
      vertex 61 -27.8945 5.38872
    endloop
  endfacet
  facet normal 1 0 0
    outer loop
      vertex 61 -29.8427 10.8336
      vertex 61 -28.3499 10.9806
      vertex 61 -28.4 12
    endloop
  endfacet
  facet normal 1 -0 0
    outer loop
      vertex 61 -29.6713 14.3216
      vertex 61 -28.2002 14.0289
      vertex 61 -29.3876 15.4544
    endloop
  endfacet
  facet normal 1 0 0
    outer loop
      vertex 61 -28.2002 14.0289
      vertex 61 -29.6713 14.3216
      vertex 61 -28.3499 13.0194
    endloop
  endfacet
  facet normal 1 0 0
    outer loop
      vertex 61 -27.6083 8.0201
      vertex 61 -28.9942 7.44608
      vertex 61 -28.4949 6.39038
    endloop
  endfacet
  facet normal 1 -0 0
    outer loop
      vertex 61 -29.8427 13.1664
      vertex 61 -28.3499 13.0194
      vertex 61 -29.6713 14.3216
    endloop
  endfacet
  facet normal 1 0 0
    outer loop
      vertex 61 -27.9522 8.98105
      vertex 61 -29.3876 8.54562
      vertex 61 -28.9942 7.44608
    endloop
  endfacet
  facet normal 1 0 0
    outer loop
      vertex 61 -28.3499 13.0194
      vertex 61 -29.8427 13.1664
      vertex 61 -28.4 12
    endloop
  endfacet
  facet normal 1 0 0
    outer loop
      vertex 61 -28.2002 9.97107
      vertex 61 -29.6713 9.67844
      vertex 61 -29.3876 8.54562
    endloop
  endfacet
  facet normal 1 0 0
    outer loop
      vertex 61 -29.9 12
      vertex 61 -28.4 12
      vertex 61 -29.8427 13.1664
    endloop
  endfacet
  facet normal 1 0 0
    outer loop
      vertex 61 -28.3499 10.9806
      vertex 61 -29.8427 10.8336
      vertex 61 -29.6713 9.67844
    endloop
  endfacet
  facet normal 1 0 0
    outer loop
      vertex 61 -28.4 12
      vertex 61 -29.9 12
      vertex 61 -29.8427 10.8336
    endloop
  endfacet
  facet normal 1 0 0
    outer loop
      vertex 61 -16.4949 25.3904
      vertex 61 -15.172 26.0975
      vertex 61 -15.6083 27.0201
    endloop
  endfacet
  facet normal 1 0 0
    outer loop
      vertex 61 -14.6473 25.2221
      vertex 61 -15.8945 24.3887
      vertex 61 -15.2903 23.5741
    endloop
  endfacet
  facet normal 1 0 0
    outer loop
      vertex 61 -16.9942 26.4461
      vertex 61 -15.6083 27.0201
      vertex 61 -15.9522 27.981
    endloop
  endfacet
  facet normal 1 0 0
    outer loop
      vertex 61 -17.3876 27.5456
      vertex 61 -15.9522 27.981
      vertex 61 -16.2002 28.9711
    endloop
  endfacet
  facet normal 1 0 0
    outer loop
      vertex 61 -17.6713 28.6784
      vertex 61 -16.2002 28.9711
      vertex 61 -16.3499 29.9806
    endloop
  endfacet
  facet normal 1 0 0
    outer loop
      vertex 61 -15.172 26.0975
      vertex 61 -16.4949 25.3904
      vertex 61 -15.8945 24.3887
    endloop
  endfacet
  facet normal 1 0 0
    outer loop
      vertex 61 -17.8427 29.8336
      vertex 61 -16.3499 29.9806
      vertex 61 -16.4 31
    endloop
  endfacet
  facet normal 1 -0 0
    outer loop
      vertex 61 -17.6713 33.3216
      vertex 61 -16.2002 33.0289
      vertex 61 -17.3876 34.4544
    endloop
  endfacet
  facet normal 1 0 0
    outer loop
      vertex 61 -16.2002 33.0289
      vertex 61 -17.6713 33.3216
      vertex 61 -16.3499 32.0194
    endloop
  endfacet
  facet normal 1 0 0
    outer loop
      vertex 61 -15.6083 27.0201
      vertex 61 -16.9942 26.4461
      vertex 61 -16.4949 25.3904
    endloop
  endfacet
  facet normal 1 -0 0
    outer loop
      vertex 61 -17.8427 32.1664
      vertex 61 -16.3499 32.0194
      vertex 61 -17.6713 33.3216
    endloop
  endfacet
  facet normal 1 0 0
    outer loop
      vertex 61 -15.9522 27.981
      vertex 61 -17.3876 27.5456
      vertex 61 -16.9942 26.4461
    endloop
  endfacet
  facet normal 1 0 0
    outer loop
      vertex 61 -16.3499 32.0194
      vertex 61 -17.8427 32.1664
      vertex 61 -16.4 31
    endloop
  endfacet
  facet normal 1 0 0
    outer loop
      vertex 61 -16.2002 28.9711
      vertex 61 -17.6713 28.6784
      vertex 61 -17.3876 27.5456
    endloop
  endfacet
  facet normal 1 0 0
    outer loop
      vertex 61 -17.9 31
      vertex 61 -16.4 31
      vertex 61 -17.8427 32.1664
    endloop
  endfacet
  facet normal 1 0 0
    outer loop
      vertex 61 -16.3499 29.9806
      vertex 61 -17.8427 29.8336
      vertex 61 -17.6713 28.6784
    endloop
  endfacet
  facet normal 1 0 0
    outer loop
      vertex 61 -16.4 31
      vertex 61 -17.9 31
      vertex 61 -17.8427 29.8336
    endloop
  endfacet
  facet normal 1 0 0
    outer loop
      vertex 61 -4.49486 44.3904
      vertex 61 -3.17197 45.0975
      vertex 61 -3.60834 46.0201
    endloop
  endfacet
  facet normal 1 0 0
    outer loop
      vertex 61 -2.64728 44.2221
      vertex 61 -3.89449 43.3887
      vertex 61 -3.29034 42.5741
    endloop
  endfacet
  facet normal 1 0 0
    outer loop
      vertex 61 -4.99416 45.4461
      vertex 61 -3.60834 46.0201
      vertex 61 -3.95218 46.981
    endloop
  endfacet
  facet normal 1 0 0
    outer loop
      vertex 61 -5.38759 46.5456
      vertex 61 -3.95218 46.981
      vertex 61 -4.20016 47.9711
    endloop
  endfacet
  facet normal 1 0 0
    outer loop
      vertex 61 -5.67134 47.6784
      vertex 61 -4.20016 47.9711
      vertex 61 -4.34991 48.9806
    endloop
  endfacet
  facet normal 1 0 0
    outer loop
      vertex 61 -3.17197 45.0975
      vertex 61 -4.49486 44.3904
      vertex 61 -3.89449 43.3887
    endloop
  endfacet
  facet normal 1 0 0
    outer loop
      vertex 61 -5.8427 48.8336
      vertex 61 -4.34991 48.9806
      vertex 61 -4.39999 50
    endloop
  endfacet
  facet normal 1 -0 0
    outer loop
      vertex 61 -5.67134 52.3216
      vertex 61 -4.20016 52.0289
      vertex 61 -5.38759 53.4544
    endloop
  endfacet
  facet normal 1 0 0
    outer loop
      vertex 61 -4.20016 52.0289
      vertex 61 -5.67134 52.3216
      vertex 61 -4.34991 51.0194
    endloop
  endfacet
  facet normal 1 0 0
    outer loop
      vertex 61 -3.60834 46.0201
      vertex 61 -4.99416 45.4461
      vertex 61 -4.49486 44.3904
    endloop
  endfacet
  facet normal 1 -0 0
    outer loop
      vertex 61 -5.8427 51.1664
      vertex 61 -4.34991 51.0194
      vertex 61 -5.67134 52.3216
    endloop
  endfacet
  facet normal 1 0 0
    outer loop
      vertex 61 -3.95218 46.981
      vertex 61 -5.38759 46.5456
      vertex 61 -4.99416 45.4461
    endloop
  endfacet
  facet normal 1 0 0
    outer loop
      vertex 61 -4.34991 51.0194
      vertex 61 -5.8427 51.1664
      vertex 61 -4.39999 50
    endloop
  endfacet
  facet normal 1 0 0
    outer loop
      vertex 61 -4.20016 47.9711
      vertex 61 -5.67134 47.6784
      vertex 61 -5.38759 46.5456
    endloop
  endfacet
  facet normal 1 0 0
    outer loop
      vertex 61 -5.89999 50
      vertex 61 -4.39999 50
      vertex 61 -5.8427 51.1664
    endloop
  endfacet
  facet normal 1 0 0
    outer loop
      vertex 61 -4.34991 48.9806
      vertex 61 -5.8427 48.8336
      vertex 61 -5.67134 47.6784
    endloop
  endfacet
  facet normal 1 0 0
    outer loop
      vertex 61 -4.39999 50
      vertex 61 -5.89999 50
      vertex 61 -5.8427 48.8336
    endloop
  endfacet
  facet normal 0 0.989171 0.146771
    outer loop
      vertex 86 -29.6713 9.67844
      vertex 61 -29.8427 10.8336
      vertex 86 -29.8427 10.8336
    endloop
  endfacet
  facet normal 0 0.989171 0.146771
    outer loop
      vertex 61 -29.8427 10.8336
      vertex 86 -29.6713 9.67844
      vertex 61 -29.6713 9.67844
    endloop
  endfacet
  facet normal 0 0.970043 0.242935
    outer loop
      vertex 86 -29.3876 8.54562
      vertex 61 -29.6713 9.67844
      vertex 86 -29.6713 9.67844
    endloop
  endfacet
  facet normal 0 0.970043 0.242935
    outer loop
      vertex 61 -29.6713 9.67844
      vertex 86 -29.3876 8.54562
      vertex 61 -29.3876 8.54562
    endloop
  endfacet
  facet normal 0 0.94155 0.336873
    outer loop
      vertex 86 -28.9942 7.44608
      vertex 61 -29.3876 8.54562
      vertex 86 -29.3876 8.54562
    endloop
  endfacet
  facet normal 0 0.94155 0.336873
    outer loop
      vertex 61 -29.3876 8.54562
      vertex 86 -28.9942 7.44608
      vertex 61 -28.9942 7.44608
    endloop
  endfacet
  facet normal 0 0.903992 0.427549
    outer loop
      vertex 86 -28.4949 6.39038
      vertex 61 -28.9942 7.44608
      vertex 86 -28.9942 7.44608
    endloop
  endfacet
  facet normal 0 0.903992 0.427549
    outer loop
      vertex 61 -28.9942 7.44608
      vertex 86 -28.4949 6.39038
      vertex 61 -28.4949 6.39038
    endloop
  endfacet
  facet normal 0 0.857718 0.51412
    outer loop
      vertex 86 -27.8945 5.38872
      vertex 61 -28.4949 6.39038
      vertex 86 -28.4949 6.39038
    endloop
  endfacet
  facet normal 0 0.857718 0.51412
    outer loop
      vertex 61 -28.4949 6.39038
      vertex 86 -27.8945 5.38872
      vertex 61 -27.8945 5.38872
    endloop
  endfacet
  facet normal 0 0.803191 0.595721
    outer loop
      vertex 86 -27.1988 4.45073
      vertex 61 -27.8945 5.38872
      vertex 86 -27.8945 5.38872
    endloop
  endfacet
  facet normal 0 0.803191 0.595721
    outer loop
      vertex 61 -27.8945 5.38872
      vertex 86 -27.1988 4.45073
      vertex 61 -27.1988 4.45073
    endloop
  endfacet
  facet normal 0 0.740978 0.67153
    outer loop
      vertex 86 -26.4146 3.58543
      vertex 61 -27.1988 4.45073
      vertex 86 -27.1988 4.45073
    endloop
  endfacet
  facet normal 0 0.740978 0.67153
    outer loop
      vertex 61 -27.1988 4.45073
      vertex 86 -26.4146 3.58543
      vertex 61 -26.4146 3.58543
    endloop
  endfacet
  facet normal -0 0.671553 0.740956
    outer loop
      vertex 61 -25.5493 2.80118
      vertex 86 -26.4146 3.58543
      vertex 86 -25.5493 2.80118
    endloop
  endfacet
  facet normal 0 0.671553 0.740956
    outer loop
      vertex 86 -26.4146 3.58543
      vertex 61 -25.5493 2.80118
      vertex 61 -26.4146 3.58543
    endloop
  endfacet
  facet normal -0 0.5957 0.803207
    outer loop
      vertex 61 -24.6113 2.10551
      vertex 86 -25.5493 2.80118
      vertex 86 -24.6113 2.10551
    endloop
  endfacet
  facet normal 0 0.5957 0.803207
    outer loop
      vertex 86 -25.5493 2.80118
      vertex 61 -24.6113 2.10551
      vertex 61 -25.5493 2.80118
    endloop
  endfacet
  facet normal -0 0.514086 0.857738
    outer loop
      vertex 61 -23.6096 1.50514
      vertex 86 -24.6113 2.10551
      vertex 86 -23.6096 1.50514
    endloop
  endfacet
  facet normal 0 0.514086 0.857738
    outer loop
      vertex 86 -24.6113 2.10551
      vertex 61 -23.6096 1.50514
      vertex 61 -24.6113 2.10551
    endloop
  endfacet
  facet normal -0 0.427549 0.903992
    outer loop
      vertex 61 -22.5539 1.00584
      vertex 86 -23.6096 1.50514
      vertex 86 -22.5539 1.00584
    endloop
  endfacet
  facet normal 0 0.427549 0.903992
    outer loop
      vertex 86 -23.6096 1.50514
      vertex 61 -22.5539 1.00584
      vertex 61 -23.6096 1.50514
    endloop
  endfacet
  facet normal -0 0.336906 0.941538
    outer loop
      vertex 61 -21.4544 0.612411
      vertex 86 -22.5539 1.00584
      vertex 86 -21.4544 0.612411
    endloop
  endfacet
  facet normal 0 0.336906 0.941538
    outer loop
      vertex 86 -22.5539 1.00584
      vertex 61 -21.4544 0.612411
      vertex 61 -22.5539 1.00584
    endloop
  endfacet
  facet normal -0 0.24298 0.970031
    outer loop
      vertex 61 -20.3216 0.328659
      vertex 86 -21.4544 0.612411
      vertex 86 -20.3216 0.328659
    endloop
  endfacet
  facet normal 0 0.24298 0.970031
    outer loop
      vertex 86 -21.4544 0.612411
      vertex 61 -20.3216 0.328659
      vertex 61 -21.4544 0.612411
    endloop
  endfacet
  facet normal -0 0.146729 0.989177
    outer loop
      vertex 61 -19.1664 0.157303
      vertex 86 -20.3216 0.328659
      vertex 86 -19.1664 0.157303
    endloop
  endfacet
  facet normal 0 0.146729 0.989177
    outer loop
      vertex 86 -20.3216 0.328659
      vertex 61 -19.1664 0.157303
      vertex 61 -20.3216 0.328659
    endloop
  endfacet
  facet normal -0 0.0490638 0.998796
    outer loop
      vertex 61 -18 0.100006
      vertex 86 -19.1664 0.157303
      vertex 86 -18 0.100006
    endloop
  endfacet
  facet normal 0 0.0490638 0.998796
    outer loop
      vertex 86 -19.1664 0.157303
      vertex 61 -18 0.100006
      vertex 61 -19.1664 0.157303
    endloop
  endfacet
  facet normal 0 -0.0490638 0.998796
    outer loop
      vertex 61 -16.8336 0.157303
      vertex 86 -18 0.100006
      vertex 86 -16.8336 0.157303
    endloop
  endfacet
  facet normal 0 -0.0490638 0.998796
    outer loop
      vertex 86 -18 0.100006
      vertex 61 -16.8336 0.157303
      vertex 61 -18 0.100006
    endloop
  endfacet
  facet normal 0 -0.146729 0.989177
    outer loop
      vertex 61 -15.6784 0.328659
      vertex 86 -16.8336 0.157303
      vertex 86 -15.6784 0.328659
    endloop
  endfacet
  facet normal 0 -0.146729 0.989177
    outer loop
      vertex 86 -16.8336 0.157303
      vertex 61 -15.6784 0.328659
      vertex 61 -16.8336 0.157303
    endloop
  endfacet
  facet normal 0 -0.24298 0.970031
    outer loop
      vertex 61 -14.5456 0.612411
      vertex 86 -15.6784 0.328659
      vertex 86 -14.5456 0.612411
    endloop
  endfacet
  facet normal 0 -0.24298 0.970031
    outer loop
      vertex 86 -15.6784 0.328659
      vertex 61 -14.5456 0.612411
      vertex 61 -15.6784 0.328659
    endloop
  endfacet
  facet normal 0 -0.336906 0.941538
    outer loop
      vertex 61 -13.4461 1.00584
      vertex 86 -14.5456 0.612411
      vertex 86 -13.4461 1.00584
    endloop
  endfacet
  facet normal 0 -0.336906 0.941538
    outer loop
      vertex 86 -14.5456 0.612411
      vertex 61 -13.4461 1.00584
      vertex 61 -14.5456 0.612411
    endloop
  endfacet
  facet normal 0 -0.427549 0.903992
    outer loop
      vertex 61 -12.3904 1.50514
      vertex 86 -13.4461 1.00584
      vertex 86 -12.3904 1.50514
    endloop
  endfacet
  facet normal 0 -0.427549 0.903992
    outer loop
      vertex 86 -13.4461 1.00584
      vertex 61 -12.3904 1.50514
      vertex 61 -13.4461 1.00584
    endloop
  endfacet
  facet normal 0 -0.514086 0.857738
    outer loop
      vertex 61 -11.3887 2.10551
      vertex 86 -12.3904 1.50514
      vertex 86 -11.3887 2.10551
    endloop
  endfacet
  facet normal 0 -0.514086 0.857738
    outer loop
      vertex 86 -12.3904 1.50514
      vertex 61 -11.3887 2.10551
      vertex 61 -12.3904 1.50514
    endloop
  endfacet
  facet normal 0 -0.5957 0.803207
    outer loop
      vertex 61 -10.4507 2.80118
      vertex 86 -11.3887 2.10551
      vertex 86 -10.4507 2.80118
    endloop
  endfacet
  facet normal 0 -0.5957 0.803207
    outer loop
      vertex 86 -11.3887 2.10551
      vertex 61 -10.4507 2.80118
      vertex 61 -11.3887 2.10551
    endloop
  endfacet
  facet normal 0 -0.671566 0.740945
    outer loop
      vertex 61 -9.58543 3.58543
      vertex 86 -10.4507 2.80118
      vertex 86 -9.58543 3.58543
    endloop
  endfacet
  facet normal 0 -0.671566 0.740945
    outer loop
      vertex 86 -10.4507 2.80118
      vertex 61 -9.58543 3.58543
      vertex 61 -10.4507 2.80118
    endloop
  endfacet
  facet normal 0 -0.742393 0.669965
    outer loop
      vertex 61 -9.58543 3.58543
      vertex 86 -9.58395 3.58707
      vertex 61 -9.58395 3.58707
    endloop
  endfacet
  facet normal 0 -0.742393 0.669965
    outer loop
      vertex 86 -9.58395 3.58707
      vertex 61 -9.58543 3.58543
      vertex 86 -9.58543 3.58543
    endloop
  endfacet
  facet normal 0 -0.707107 0.707107
    outer loop
      vertex 61 -9.58395 3.58707
      vertex 86 -1.17102 12
      vertex 61 -1.17102 12
    endloop
  endfacet
  facet normal 0 -0.707107 0.707107
    outer loop
      vertex 86 -1.17102 12
      vertex 61 -9.58395 3.58707
      vertex 86 -9.58395 3.58707
    endloop
  endfacet
  facet normal 0 -0.707107 -0.707106
    outer loop
      vertex 61 -1.17102 12
      vertex 86 -8.55921 19.3882
      vertex 61 -8.55921 19.3882
    endloop
  endfacet
  facet normal 0 -0.707107 -0.707106
    outer loop
      vertex 86 -8.55921 19.3882
      vertex 61 -1.17102 12
      vertex 86 -1.17102 12
    endloop
  endfacet
  facet normal 0 -0.242947 -0.970039
    outer loop
      vertex 61 -15.6784 23.6713
      vertex 86 -15.2903 23.5741
      vertex 86 -15.6784 23.6713
    endloop
  endfacet
  facet normal -0 -0.242947 -0.970039
    outer loop
      vertex 86 -15.2903 23.5741
      vertex 61 -15.6784 23.6713
      vertex 61 -15.2903 23.5741
    endloop
  endfacet
  facet normal 0 -0.146766 -0.989171
    outer loop
      vertex 61 -16.8336 23.8427
      vertex 86 -15.6784 23.6713
      vertex 86 -16.8336 23.8427
    endloop
  endfacet
  facet normal -0 -0.146766 -0.989171
    outer loop
      vertex 86 -15.6784 23.6713
      vertex 61 -16.8336 23.8427
      vertex 61 -15.6784 23.6713
    endloop
  endfacet
  facet normal 0 -0.0490663 -0.998796
    outer loop
      vertex 61 -18 23.9
      vertex 86 -16.8336 23.8427
      vertex 86 -18 23.9
    endloop
  endfacet
  facet normal -0 -0.0490663 -0.998796
    outer loop
      vertex 86 -16.8336 23.8427
      vertex 61 -18 23.9
      vertex 61 -16.8336 23.8427
    endloop
  endfacet
  facet normal 0 0.0490663 -0.998796
    outer loop
      vertex 61 -19.1664 23.8427
      vertex 86 -18 23.9
      vertex 86 -19.1664 23.8427
    endloop
  endfacet
  facet normal 0 0.0490663 -0.998796
    outer loop
      vertex 86 -18 23.9
      vertex 61 -19.1664 23.8427
      vertex 61 -18 23.9
    endloop
  endfacet
  facet normal 0 0.146766 -0.989171
    outer loop
      vertex 61 -20.3216 23.6713
      vertex 86 -19.1664 23.8427
      vertex 86 -20.3216 23.6713
    endloop
  endfacet
  facet normal 0 0.146766 -0.989171
    outer loop
      vertex 86 -19.1664 23.8427
      vertex 61 -20.3216 23.6713
      vertex 61 -19.1664 23.8427
    endloop
  endfacet
  facet normal 0 0.242939 -0.970042
    outer loop
      vertex 61 -21.4544 23.3876
      vertex 86 -20.3216 23.6713
      vertex 86 -21.4544 23.3876
    endloop
  endfacet
  facet normal 0 0.242939 -0.970042
    outer loop
      vertex 86 -20.3216 23.6713
      vertex 61 -21.4544 23.3876
      vertex 61 -20.3216 23.6713
    endloop
  endfacet
  facet normal 0 0.336884 -0.941546
    outer loop
      vertex 61 -22.5539 22.9942
      vertex 86 -21.4544 23.3876
      vertex 86 -22.5539 22.9942
    endloop
  endfacet
  facet normal 0 0.336884 -0.941546
    outer loop
      vertex 86 -21.4544 23.3876
      vertex 61 -22.5539 22.9942
      vertex 61 -21.4544 23.3876
    endloop
  endfacet
  facet normal 0 0.427549 -0.903992
    outer loop
      vertex 61 -23.6096 22.4949
      vertex 86 -22.5539 22.9942
      vertex 86 -23.6096 22.4949
    endloop
  endfacet
  facet normal 0 0.427549 -0.903992
    outer loop
      vertex 86 -22.5539 22.9942
      vertex 61 -23.6096 22.4949
      vertex 61 -22.5539 22.9942
    endloop
  endfacet
  facet normal 0 0.514105 -0.857727
    outer loop
      vertex 61 -24.6113 21.8945
      vertex 86 -23.6096 22.4949
      vertex 86 -24.6113 21.8945
    endloop
  endfacet
  facet normal 0 0.514105 -0.857727
    outer loop
      vertex 86 -23.6096 22.4949
      vertex 61 -24.6113 21.8945
      vertex 61 -23.6096 22.4949
    endloop
  endfacet
  facet normal 0 0.595717 -0.803195
    outer loop
      vertex 61 -25.5493 21.1988
      vertex 86 -24.6113 21.8945
      vertex 86 -25.5493 21.1988
    endloop
  endfacet
  facet normal 0 0.595717 -0.803195
    outer loop
      vertex 86 -24.6113 21.8945
      vertex 61 -25.5493 21.1988
      vertex 61 -24.6113 21.8945
    endloop
  endfacet
  facet normal 0 0.67153 -0.740978
    outer loop
      vertex 61 -26.4146 20.4146
      vertex 86 -25.5493 21.1988
      vertex 86 -26.4146 20.4146
    endloop
  endfacet
  facet normal 0 0.67153 -0.740978
    outer loop
      vertex 86 -25.5493 21.1988
      vertex 61 -26.4146 20.4146
      vertex 61 -25.5493 21.1988
    endloop
  endfacet
  facet normal 0 0.740978 -0.67153
    outer loop
      vertex 86 -27.1988 19.5493
      vertex 61 -26.4146 20.4146
      vertex 86 -26.4146 20.4146
    endloop
  endfacet
  facet normal 0 0.740978 -0.67153
    outer loop
      vertex 61 -26.4146 20.4146
      vertex 86 -27.1988 19.5493
      vertex 61 -27.1988 19.5493
    endloop
  endfacet
  facet normal 0 0.803195 -0.595717
    outer loop
      vertex 86 -27.8945 18.6113
      vertex 61 -27.1988 19.5493
      vertex 86 -27.1988 19.5493
    endloop
  endfacet
  facet normal 0 0.803195 -0.595717
    outer loop
      vertex 61 -27.1988 19.5493
      vertex 86 -27.8945 18.6113
      vertex 61 -27.8945 18.6113
    endloop
  endfacet
  facet normal 0 0.857727 -0.514105
    outer loop
      vertex 86 -28.4949 17.6096
      vertex 61 -27.8945 18.6113
      vertex 86 -27.8945 18.6113
    endloop
  endfacet
  facet normal 0 0.857727 -0.514105
    outer loop
      vertex 61 -27.8945 18.6113
      vertex 86 -28.4949 17.6096
      vertex 61 -28.4949 17.6096
    endloop
  endfacet
  facet normal 0 0.903992 -0.427549
    outer loop
      vertex 86 -28.9942 16.5539
      vertex 61 -28.4949 17.6096
      vertex 86 -28.4949 17.6096
    endloop
  endfacet
  facet normal 0 0.903992 -0.427549
    outer loop
      vertex 61 -28.4949 17.6096
      vertex 86 -28.9942 16.5539
      vertex 61 -28.9942 16.5539
    endloop
  endfacet
  facet normal 0 0.941546 -0.336884
    outer loop
      vertex 86 -29.3876 15.4544
      vertex 61 -28.9942 16.5539
      vertex 86 -28.9942 16.5539
    endloop
  endfacet
  facet normal 0 0.941546 -0.336884
    outer loop
      vertex 61 -28.9942 16.5539
      vertex 86 -29.3876 15.4544
      vertex 61 -29.3876 15.4544
    endloop
  endfacet
  facet normal 0 0.970042 -0.242939
    outer loop
      vertex 86 -29.6713 14.3216
      vertex 61 -29.3876 15.4544
      vertex 86 -29.3876 15.4544
    endloop
  endfacet
  facet normal 0 0.970042 -0.242939
    outer loop
      vertex 61 -29.3876 15.4544
      vertex 86 -29.6713 14.3216
      vertex 61 -29.6713 14.3216
    endloop
  endfacet
  facet normal 0 0.989171 -0.146766
    outer loop
      vertex 86 -29.8427 13.1664
      vertex 61 -29.6713 14.3216
      vertex 86 -29.6713 14.3216
    endloop
  endfacet
  facet normal 0 0.989171 -0.146766
    outer loop
      vertex 61 -29.6713 14.3216
      vertex 86 -29.8427 13.1664
      vertex 61 -29.8427 13.1664
    endloop
  endfacet
  facet normal 0 0.998796 -0.0490663
    outer loop
      vertex 86 -29.9 12
      vertex 61 -29.8427 13.1664
      vertex 86 -29.8427 13.1664
    endloop
  endfacet
  facet normal 0 0.998796 -0.0490663
    outer loop
      vertex 61 -29.8427 13.1664
      vertex 86 -29.9 12
      vertex 61 -29.9 12
    endloop
  endfacet
  facet normal 0 0.998796 0.0490663
    outer loop
      vertex 86 -29.8427 10.8336
      vertex 61 -29.9 12
      vertex 86 -29.9 12
    endloop
  endfacet
  facet normal 0 0.998796 0.0490663
    outer loop
      vertex 61 -29.9 12
      vertex 86 -29.8427 10.8336
      vertex 61 -29.8427 10.8336
    endloop
  endfacet
  facet normal 1 0 0
    outer loop
      vertex -82.5 1.35507 38.3526
      vertex -82.5 1.35507 23.6474
      vertex -82.5 8.70767 31
    endloop
  endfacet
  facet normal 1 0 0
    outer loop
      vertex -82.5 0.597687 39.0393
      vertex -82.5 1.35507 38.3526
      vertex -82.5 1.3539 38.3539
    endloop
  endfacet
  facet normal 1 0 0
    outer loop
      vertex -82.5 1.35507 38.3526
      vertex -82.5 0.597687 39.0393
      vertex -82.5 1.35507 23.6474
    endloop
  endfacet
  facet normal 1 0 0
    outer loop
      vertex -82.5 0.597687 22.9607
      vertex -82.5 1.35507 23.6474
      vertex -82.5 0.597687 39.0393
    endloop
  endfacet
  facet normal 1 0 0
    outer loop
      vertex -82.5 1.35507 23.6474
      vertex -82.5 0.597687 22.9607
      vertex -82.5 1.3539 23.6461
    endloop
  endfacet
  facet normal 1 0 0
    outer loop
      vertex -82.5 -0.222076 39.6473
      vertex -82.5 0.597687 22.9607
      vertex -82.5 0.597687 39.0393
    endloop
  endfacet
  facet normal 1 0 0
    outer loop
      vertex -82.5 -0.222076 39.6473
      vertex -82.5 -0.222076 22.3527
      vertex -82.5 0.597687 22.9607
    endloop
  endfacet
  facet normal 1 0 0
    outer loop
      vertex -82.5 -1.09749 40.172
      vertex -82.5 -0.222076 22.3527
      vertex -82.5 -0.222076 39.6473
    endloop
  endfacet
  facet normal 1 0 0
    outer loop
      vertex -82.5 -1.09749 40.172
      vertex -82.5 -1.09749 21.828
      vertex -82.5 -0.222076 22.3527
    endloop
  endfacet
  facet normal 1 0 0
    outer loop
      vertex -82.5 -2.0201 40.6083
      vertex -82.5 -1.09749 21.828
      vertex -82.5 -1.09749 40.172
    endloop
  endfacet
  facet normal 1 0 0
    outer loop
      vertex -82.5 -2.0201 40.6083
      vertex -82.5 -2.0201 21.3917
      vertex -82.5 -1.09749 21.828
    endloop
  endfacet
  facet normal 1 0 0
    outer loop
      vertex -82.5 -2.98105 40.9522
      vertex -82.5 -2.0201 21.3917
      vertex -82.5 -2.0201 40.6083
    endloop
  endfacet
  facet normal 1 0 0
    outer loop
      vertex -82.5 -2.98105 40.9522
      vertex -82.5 -2.98105 21.0478
      vertex -82.5 -2.0201 21.3917
    endloop
  endfacet
  facet normal 1 0 0
    outer loop
      vertex -82.5 -3.97107 41.2002
      vertex -82.5 -2.98105 21.0478
      vertex -82.5 -2.98105 40.9522
    endloop
  endfacet
  facet normal 1 0 0
    outer loop
      vertex -82.5 -3.97107 41.2002
      vertex -82.5 -3.97107 20.7998
      vertex -82.5 -2.98105 21.0478
    endloop
  endfacet
  facet normal 1 0 0
    outer loop
      vertex -82.5 -4.98064 41.3499
      vertex -82.5 -3.97107 20.7998
      vertex -82.5 -3.97107 41.2002
    endloop
  endfacet
  facet normal 1 0 0
    outer loop
      vertex -82.5 -4.98064 41.3499
      vertex -82.5 -4.98064 20.6501
      vertex -82.5 -3.97107 20.7998
    endloop
  endfacet
  facet normal 1 0 0
    outer loop
      vertex -82.5 -6 41.4
      vertex -82.5 -4.98064 20.6501
      vertex -82.5 -4.98064 41.3499
    endloop
  endfacet
  facet normal 1 0 0
    outer loop
      vertex -82.5 -6 41.4
      vertex -82.5 -6 20.6
      vertex -82.5 -4.98064 20.6501
    endloop
  endfacet
  facet normal 1 -0 0
    outer loop
      vertex -82.5 -7.01936 41.3499
      vertex -82.5 -6 20.6
      vertex -82.5 -6 41.4
    endloop
  endfacet
  facet normal 1 0 0
    outer loop
      vertex -82.5 -7.01936 41.3499
      vertex -82.5 -7.01936 20.6501
      vertex -82.5 -6 20.6
    endloop
  endfacet
  facet normal 1 -0 0
    outer loop
      vertex -82.5 -8.02893 41.2002
      vertex -82.5 -7.01936 20.6501
      vertex -82.5 -7.01936 41.3499
    endloop
  endfacet
  facet normal 1 0 0
    outer loop
      vertex -82.5 -8.02893 41.2002
      vertex -82.5 -8.02893 20.7998
      vertex -82.5 -7.01936 20.6501
    endloop
  endfacet
  facet normal 1 -0 0
    outer loop
      vertex -82.5 -9.01895 40.9522
      vertex -82.5 -8.02893 20.7998
      vertex -82.5 -8.02893 41.2002
    endloop
  endfacet
  facet normal 1 0 0
    outer loop
      vertex -82.5 -9.01895 40.9522
      vertex -82.5 -9.01895 21.0478
      vertex -82.5 -8.02893 20.7998
    endloop
  endfacet
  facet normal 1 -0 0
    outer loop
      vertex -82.5 -9.9799 40.6083
      vertex -82.5 -9.01895 21.0478
      vertex -82.5 -9.01895 40.9522
    endloop
  endfacet
  facet normal 1 0 0
    outer loop
      vertex -82.5 -9.9799 40.6083
      vertex -82.5 -9.9799 21.3917
      vertex -82.5 -9.01895 21.0478
    endloop
  endfacet
  facet normal 1 -0 0
    outer loop
      vertex -82.5 -10.9025 40.172
      vertex -82.5 -9.9799 21.3917
      vertex -82.5 -9.9799 40.6083
    endloop
  endfacet
  facet normal 1 0 0
    outer loop
      vertex -82.5 -10.9025 40.172
      vertex -82.5 -10.9025 21.828
      vertex -82.5 -9.9799 21.3917
    endloop
  endfacet
  facet normal 1 -0 0
    outer loop
      vertex -82.5 -11.7779 39.6473
      vertex -82.5 -10.9025 21.828
      vertex -82.5 -10.9025 40.172
    endloop
  endfacet
  facet normal 1 0 0
    outer loop
      vertex -82.5 -11.7779 39.6473
      vertex -82.5 -11.7779 22.3527
      vertex -82.5 -10.9025 21.828
    endloop
  endfacet
  facet normal 1 -0 0
    outer loop
      vertex -82.5 -12.5977 39.0393
      vertex -82.5 -11.7779 22.3527
      vertex -82.5 -11.7779 39.6473
    endloop
  endfacet
  facet normal 1 0 0
    outer loop
      vertex -82.5 -12.5977 39.0393
      vertex -82.5 -12.5977 22.9607
      vertex -82.5 -11.7779 22.3527
    endloop
  endfacet
  facet normal 1 -0 0
    outer loop
      vertex -82.5 -13.3539 38.3539
      vertex -82.5 -12.5977 22.9607
      vertex -82.5 -12.5977 39.0393
    endloop
  endfacet
  facet normal 1 0 0
    outer loop
      vertex -82.5 -13.3539 38.3539
      vertex -82.5 -13.3539 23.6461
      vertex -82.5 -12.5977 22.9607
    endloop
  endfacet
  facet normal 1 -0 0
    outer loop
      vertex -82.5 -14.0393 37.5977
      vertex -82.5 -13.3539 23.6461
      vertex -82.5 -13.3539 38.3539
    endloop
  endfacet
  facet normal 1 0 0
    outer loop
      vertex -82.5 -14.0393 37.5977
      vertex -82.5 -14.0393 24.4023
      vertex -82.5 -13.3539 23.6461
    endloop
  endfacet
  facet normal 1 -0 0
    outer loop
      vertex -82.5 -14.6473 36.7779
      vertex -82.5 -14.0393 24.4023
      vertex -82.5 -14.0393 37.5977
    endloop
  endfacet
  facet normal 1 0 0
    outer loop
      vertex -82.5 -14.6473 36.7779
      vertex -82.5 -14.6473 25.2221
      vertex -82.5 -14.0393 24.4023
    endloop
  endfacet
  facet normal 1 -0 0
    outer loop
      vertex -82.5 -15.172 35.9025
      vertex -82.5 -14.6473 25.2221
      vertex -82.5 -14.6473 36.7779
    endloop
  endfacet
  facet normal 1 0 0
    outer loop
      vertex -82.5 -15.172 35.9025
      vertex -82.5 -15.172 26.0975
      vertex -82.5 -14.6473 25.2221
    endloop
  endfacet
  facet normal 1 -0 0
    outer loop
      vertex -82.5 -15.6083 34.9799
      vertex -82.5 -15.172 26.0975
      vertex -82.5 -15.172 35.9025
    endloop
  endfacet
  facet normal 1 0 0
    outer loop
      vertex -82.5 -15.6083 34.9799
      vertex -82.5 -15.6083 27.0201
      vertex -82.5 -15.172 26.0975
    endloop
  endfacet
  facet normal 1 -0 0
    outer loop
      vertex -82.5 -15.9522 34.019
      vertex -82.5 -15.6083 27.0201
      vertex -82.5 -15.6083 34.9799
    endloop
  endfacet
  facet normal 1 0 0
    outer loop
      vertex -82.5 -15.9522 34.019
      vertex -82.5 -15.9522 27.981
      vertex -82.5 -15.6083 27.0201
    endloop
  endfacet
  facet normal 1 -0 0
    outer loop
      vertex -82.5 -16.2002 33.0289
      vertex -82.5 -15.9522 27.981
      vertex -82.5 -15.9522 34.019
    endloop
  endfacet
  facet normal 1 0 0
    outer loop
      vertex -82.5 -16.2002 33.0289
      vertex -82.5 -16.2002 28.9711
      vertex -82.5 -15.9522 27.981
    endloop
  endfacet
  facet normal 1 -0 0
    outer loop
      vertex -82.5 -16.3499 32.0194
      vertex -82.5 -16.2002 28.9711
      vertex -82.5 -16.2002 33.0289
    endloop
  endfacet
  facet normal 1 0 0
    outer loop
      vertex -82.5 -16.3499 32.0194
      vertex -82.5 -16.3499 29.9806
      vertex -82.5 -16.2002 28.9711
    endloop
  endfacet
  facet normal 1 0 -0
    outer loop
      vertex -82.5 -16.3499 29.9806
      vertex -82.5 -16.3499 32.0194
      vertex -82.5 -16.4 31
    endloop
  endfacet
  facet normal 0 0.989183 0.146687
    outer loop
      vertex 61 -16.2002 28.9711
      vertex -82.5 -16.3499 29.9806
      vertex 61 -16.3499 29.9806
    endloop
  endfacet
  facet normal 0 0.989183 0.146687
    outer loop
      vertex -82.5 -16.3499 29.9806
      vertex 61 -16.2002 28.9711
      vertex -82.5 -16.2002 28.9711
    endloop
  endfacet
  facet normal 0 0.970033 0.242974
    outer loop
      vertex 61 -15.9522 27.981
      vertex -82.5 -16.2002 28.9711
      vertex 61 -16.2002 28.9711
    endloop
  endfacet
  facet normal 0 0.970033 0.242974
    outer loop
      vertex -82.5 -16.2002 28.9711
      vertex 61 -15.9522 27.981
      vertex -82.5 -15.9522 27.981
    endloop
  endfacet
  facet normal 0 0.941518 0.336963
    outer loop
      vertex 61 -15.6083 27.0201
      vertex -82.5 -15.9522 27.981
      vertex 61 -15.9522 27.981
    endloop
  endfacet
  facet normal 0 0.941518 0.336963
    outer loop
      vertex -82.5 -15.9522 27.981
      vertex 61 -15.6083 27.0201
      vertex -82.5 -15.6083 27.0201
    endloop
  endfacet
  facet normal 0 0.904011 0.427509
    outer loop
      vertex 61 -15.172 26.0975
      vertex -82.5 -15.6083 27.0201
      vertex 61 -15.6083 27.0201
    endloop
  endfacet
  facet normal 0 0.904011 0.427509
    outer loop
      vertex -82.5 -15.6083 27.0201
      vertex 61 -15.172 26.0975
      vertex -82.5 -15.172 26.0975
    endloop
  endfacet
  facet normal 0 0.857726 0.514107
    outer loop
      vertex 61 -14.6473 25.2221
      vertex -82.5 -15.172 26.0975
      vertex 61 -15.172 26.0975
    endloop
  endfacet
  facet normal 0 0.857726 0.514107
    outer loop
      vertex -82.5 -15.172 26.0975
      vertex 61 -14.6473 25.2221
      vertex -82.5 -14.6473 25.2221
    endloop
  endfacet
  facet normal 0 0.80321 0.595696
    outer loop
      vertex 61 -14.0393 24.4023
      vertex -82.5 -14.6473 25.2221
      vertex 61 -14.6473 25.2221
    endloop
  endfacet
  facet normal 0 0.80321 0.595696
    outer loop
      vertex -82.5 -14.6473 25.2221
      vertex 61 -14.0393 24.4023
      vertex -82.5 -14.0393 24.4023
    endloop
  endfacet
  facet normal 0 0.740941 0.67157
    outer loop
      vertex 61 -13.3539 23.6461
      vertex -82.5 -14.0393 24.4023
      vertex 61 -14.0393 24.4023
    endloop
  endfacet
  facet normal 0 0.740941 0.67157
    outer loop
      vertex -82.5 -14.0393 24.4023
      vertex 61 -13.3539 23.6461
      vertex -82.5 -13.3539 23.6461
    endloop
  endfacet
  facet normal -0 0.67157 0.740941
    outer loop
      vertex -82.5 -12.5977 22.9607
      vertex 61 -13.3539 23.6461
      vertex 61 -12.5977 22.9607
    endloop
  endfacet
  facet normal 0 0.67157 0.740941
    outer loop
      vertex 61 -13.3539 23.6461
      vertex -82.5 -12.5977 22.9607
      vertex -82.5 -13.3539 23.6461
    endloop
  endfacet
  facet normal -0 0.595696 0.80321
    outer loop
      vertex -82.5 -11.7779 22.3527
      vertex 61 -12.5977 22.9607
      vertex 61 -11.7779 22.3527
    endloop
  endfacet
  facet normal 0 0.595696 0.80321
    outer loop
      vertex 61 -12.5977 22.9607
      vertex -82.5 -11.7779 22.3527
      vertex -82.5 -12.5977 22.9607
    endloop
  endfacet
  facet normal -0 0.514107 0.857726
    outer loop
      vertex -82.5 -10.9025 21.828
      vertex 61 -11.7779 22.3527
      vertex 61 -10.9025 21.828
    endloop
  endfacet
  facet normal 0 0.514107 0.857726
    outer loop
      vertex 61 -11.7779 22.3527
      vertex -82.5 -10.9025 21.828
      vertex -82.5 -11.7779 22.3527
    endloop
  endfacet
  facet normal -0 0.427509 0.904011
    outer loop
      vertex -82.5 -9.9799 21.3917
      vertex 61 -10.9025 21.828
      vertex 61 -9.9799 21.3917
    endloop
  endfacet
  facet normal 0 0.427509 0.904011
    outer loop
      vertex 61 -10.9025 21.828
      vertex -82.5 -9.9799 21.3917
      vertex -82.5 -10.9025 21.828
    endloop
  endfacet
  facet normal -0 0.336948 0.941523
    outer loop
      vertex -82.5 -9.01895 21.0478
      vertex 61 -9.9799 21.3917
      vertex 61 -9.01895 21.0478
    endloop
  endfacet
  facet normal 0 0.336948 0.941523
    outer loop
      vertex 61 -9.9799 21.3917
      vertex -82.5 -9.01895 21.0478
      vertex -82.5 -9.9799 21.3917
    endloop
  endfacet
  facet normal -0 0.242992 0.970028
    outer loop
      vertex -82.5 -8.02893 20.7998
      vertex 61 -9.01895 21.0478
      vertex 61 -8.02893 20.7998
    endloop
  endfacet
  facet normal 0 0.242992 0.970028
    outer loop
      vertex 61 -9.01895 21.0478
      vertex -82.5 -8.02893 20.7998
      vertex -82.5 -9.01895 21.0478
    endloop
  endfacet
  facet normal -0 0.146677 0.989184
    outer loop
      vertex -82.5 -7.01936 20.6501
      vertex 61 -8.02893 20.7998
      vertex 61 -7.01936 20.6501
    endloop
  endfacet
  facet normal 0 0.146677 0.989184
    outer loop
      vertex 61 -8.02893 20.7998
      vertex -82.5 -7.01936 20.6501
      vertex -82.5 -8.02893 20.7998
    endloop
  endfacet
  facet normal -0 0.0490892 0.998794
    outer loop
      vertex -82.5 -6 20.6
      vertex 61 -7.01936 20.6501
      vertex 61 -6 20.6
    endloop
  endfacet
  facet normal 0 0.0490892 0.998794
    outer loop
      vertex 61 -7.01936 20.6501
      vertex -82.5 -6 20.6
      vertex -82.5 -7.01936 20.6501
    endloop
  endfacet
  facet normal 0 -0.0490892 0.998794
    outer loop
      vertex -82.5 -4.98064 20.6501
      vertex 61 -6 20.6
      vertex 61 -4.98064 20.6501
    endloop
  endfacet
  facet normal 0 -0.0490892 0.998794
    outer loop
      vertex 61 -6 20.6
      vertex -82.5 -4.98064 20.6501
      vertex -82.5 -6 20.6
    endloop
  endfacet
  facet normal 0 -0.146677 0.989184
    outer loop
      vertex -82.5 -3.97107 20.7998
      vertex 61 -4.98064 20.6501
      vertex 61 -3.97107 20.7998
    endloop
  endfacet
  facet normal 0 -0.146677 0.989184
    outer loop
      vertex 61 -4.98064 20.6501
      vertex -82.5 -3.97107 20.7998
      vertex -82.5 -4.98064 20.6501
    endloop
  endfacet
  facet normal 0 -0.242992 0.970028
    outer loop
      vertex -82.5 -2.98105 21.0478
      vertex 61 -3.97107 20.7998
      vertex 61 -2.98105 21.0478
    endloop
  endfacet
  facet normal 0 -0.242992 0.970028
    outer loop
      vertex 61 -3.97107 20.7998
      vertex -82.5 -2.98105 21.0478
      vertex -82.5 -3.97107 20.7998
    endloop
  endfacet
  facet normal 0 -0.336948 0.941523
    outer loop
      vertex -82.5 -2.0201 21.3917
      vertex 61 -2.98105 21.0478
      vertex 61 -2.0201 21.3917
    endloop
  endfacet
  facet normal 0 -0.336948 0.941523
    outer loop
      vertex 61 -2.98105 21.0478
      vertex -82.5 -2.0201 21.3917
      vertex -82.5 -2.98105 21.0478
    endloop
  endfacet
  facet normal 0 -0.427505 0.904013
    outer loop
      vertex -82.5 -1.09749 21.828
      vertex 61 -2.0201 21.3917
      vertex 61 -1.09749 21.828
    endloop
  endfacet
  facet normal 0 -0.427505 0.904013
    outer loop
      vertex 61 -2.0201 21.3917
      vertex -82.5 -1.09749 21.828
      vertex -82.5 -2.0201 21.3917
    endloop
  endfacet
  facet normal 0 -0.514101 0.85773
    outer loop
      vertex -82.5 -0.222076 22.3527
      vertex 61 -1.09749 21.828
      vertex 61 -0.222076 22.3527
    endloop
  endfacet
  facet normal 0 -0.514101 0.85773
    outer loop
      vertex 61 -1.09749 21.828
      vertex -82.5 -0.222076 22.3527
      vertex -82.5 -1.09749 21.828
    endloop
  endfacet
  facet normal 0 -0.595713 0.803197
    outer loop
      vertex -82.5 0.597687 22.9607
      vertex 61 -0.222076 22.3527
      vertex 61 0.597687 22.9607
    endloop
  endfacet
  facet normal 0 -0.595713 0.803197
    outer loop
      vertex 61 -0.222076 22.3527
      vertex -82.5 0.597687 22.9607
      vertex -82.5 -0.222076 22.3527
    endloop
  endfacet
  facet normal 0 -0.671564 0.740947
    outer loop
      vertex -82.5 1.3539 23.6461
      vertex 61 0.597687 22.9607
      vertex 61 1.3539 23.6461
    endloop
  endfacet
  facet normal 0 -0.671564 0.740947
    outer loop
      vertex 61 0.597687 22.9607
      vertex -82.5 1.3539 23.6461
      vertex -82.5 0.597687 22.9607
    endloop
  endfacet
  facet normal 0 -0.743294 0.668965
    outer loop
      vertex -82.5 1.3539 23.6461
      vertex 61 1.35507 23.6474
      vertex -82.5 1.35507 23.6474
    endloop
  endfacet
  facet normal 0 -0.743294 0.668965
    outer loop
      vertex 61 1.35507 23.6474
      vertex -82.5 1.3539 23.6461
      vertex 61 1.3539 23.6461
    endloop
  endfacet
  facet normal 0 -0.707107 0.707107
    outer loop
      vertex -82.5 1.35507 23.6474
      vertex 61 8.70767 31
      vertex -82.5 8.70767 31
    endloop
  endfacet
  facet normal 0 -0.707107 0.707107
    outer loop
      vertex 61 8.70767 31
      vertex -82.5 1.35507 23.6474
      vertex 61 1.35507 23.6474
    endloop
  endfacet
  facet normal 0 -0.707107 -0.707107
    outer loop
      vertex -82.5 8.70767 31
      vertex 61 1.35507 38.3526
      vertex -82.5 1.35507 38.3526
    endloop
  endfacet
  facet normal 0 -0.707107 -0.707107
    outer loop
      vertex 61 1.35507 38.3526
      vertex -82.5 8.70767 31
      vertex 61 8.70767 31
    endloop
  endfacet
  facet normal 0 -0.743294 -0.668965
    outer loop
      vertex -82.5 1.35507 38.3526
      vertex 61 1.3539 38.3539
      vertex -82.5 1.3539 38.3539
    endloop
  endfacet
  facet normal 0 -0.743294 -0.668965
    outer loop
      vertex 61 1.3539 38.3539
      vertex -82.5 1.35507 38.3526
      vertex 61 1.35507 38.3526
    endloop
  endfacet
  facet normal 0 -0.671564 -0.740947
    outer loop
      vertex -82.5 0.597687 39.0393
      vertex 61 1.3539 38.3539
      vertex 61 0.597687 39.0393
    endloop
  endfacet
  facet normal -0 -0.671564 -0.740947
    outer loop
      vertex 61 1.3539 38.3539
      vertex -82.5 0.597687 39.0393
      vertex -82.5 1.3539 38.3539
    endloop
  endfacet
  facet normal 0 -0.595713 -0.803197
    outer loop
      vertex -82.5 -0.222076 39.6473
      vertex 61 0.597687 39.0393
      vertex 61 -0.222076 39.6473
    endloop
  endfacet
  facet normal -0 -0.595713 -0.803197
    outer loop
      vertex 61 0.597687 39.0393
      vertex -82.5 -0.222076 39.6473
      vertex -82.5 0.597687 39.0393
    endloop
  endfacet
  facet normal 0 -0.514101 -0.85773
    outer loop
      vertex -82.5 -1.09749 40.172
      vertex 61 -0.222076 39.6473
      vertex 61 -1.09749 40.172
    endloop
  endfacet
  facet normal -0 -0.514101 -0.85773
    outer loop
      vertex 61 -0.222076 39.6473
      vertex -82.5 -1.09749 40.172
      vertex -82.5 -0.222076 39.6473
    endloop
  endfacet
  facet normal 0 -0.427505 -0.904013
    outer loop
      vertex -82.5 -2.0201 40.6083
      vertex 61 -1.09749 40.172
      vertex 61 -2.0201 40.6083
    endloop
  endfacet
  facet normal -0 -0.427505 -0.904013
    outer loop
      vertex 61 -1.09749 40.172
      vertex -82.5 -2.0201 40.6083
      vertex -82.5 -1.09749 40.172
    endloop
  endfacet
  facet normal 0 -0.336948 -0.941523
    outer loop
      vertex -82.5 -2.98105 40.9522
      vertex 61 -2.0201 40.6083
      vertex 61 -2.98105 40.9522
    endloop
  endfacet
  facet normal -0 -0.336948 -0.941523
    outer loop
      vertex 61 -2.0201 40.6083
      vertex -82.5 -2.98105 40.9522
      vertex -82.5 -2.0201 40.6083
    endloop
  endfacet
  facet normal 0 -0.242992 -0.970028
    outer loop
      vertex -82.5 -3.97107 41.2002
      vertex 61 -2.98105 40.9522
      vertex 61 -3.97107 41.2002
    endloop
  endfacet
  facet normal -0 -0.242992 -0.970028
    outer loop
      vertex 61 -2.98105 40.9522
      vertex -82.5 -3.97107 41.2002
      vertex -82.5 -2.98105 40.9522
    endloop
  endfacet
  facet normal 0 -0.146677 -0.989184
    outer loop
      vertex -82.5 -4.98064 41.3499
      vertex 61 -3.97107 41.2002
      vertex 61 -4.98064 41.3499
    endloop
  endfacet
  facet normal -0 -0.146677 -0.989184
    outer loop
      vertex 61 -3.97107 41.2002
      vertex -82.5 -4.98064 41.3499
      vertex -82.5 -3.97107 41.2002
    endloop
  endfacet
  facet normal 0 -0.0490892 -0.998794
    outer loop
      vertex -82.5 -6 41.4
      vertex 61 -4.98064 41.3499
      vertex 61 -6 41.4
    endloop
  endfacet
  facet normal -0 -0.0490892 -0.998794
    outer loop
      vertex 61 -4.98064 41.3499
      vertex -82.5 -6 41.4
      vertex -82.5 -4.98064 41.3499
    endloop
  endfacet
  facet normal 0 0.0490892 -0.998794
    outer loop
      vertex -82.5 -7.01936 41.3499
      vertex 61 -6 41.4
      vertex 61 -7.01936 41.3499
    endloop
  endfacet
  facet normal 0 0.0490892 -0.998794
    outer loop
      vertex 61 -6 41.4
      vertex -82.5 -7.01936 41.3499
      vertex -82.5 -6 41.4
    endloop
  endfacet
  facet normal 0 0.146677 -0.989184
    outer loop
      vertex -82.5 -8.02893 41.2002
      vertex 61 -7.01936 41.3499
      vertex 61 -8.02893 41.2002
    endloop
  endfacet
  facet normal 0 0.146677 -0.989184
    outer loop
      vertex 61 -7.01936 41.3499
      vertex -82.5 -8.02893 41.2002
      vertex -82.5 -7.01936 41.3499
    endloop
  endfacet
  facet normal 0 0.242992 -0.970028
    outer loop
      vertex -82.5 -9.01895 40.9522
      vertex 61 -8.02893 41.2002
      vertex 61 -9.01895 40.9522
    endloop
  endfacet
  facet normal 0 0.242992 -0.970028
    outer loop
      vertex 61 -8.02893 41.2002
      vertex -82.5 -9.01895 40.9522
      vertex -82.5 -8.02893 41.2002
    endloop
  endfacet
  facet normal 0 0.336948 -0.941523
    outer loop
      vertex -82.5 -9.9799 40.6083
      vertex 61 -9.01895 40.9522
      vertex 61 -9.9799 40.6083
    endloop
  endfacet
  facet normal 0 0.336948 -0.941523
    outer loop
      vertex 61 -9.01895 40.9522
      vertex -82.5 -9.9799 40.6083
      vertex -82.5 -9.01895 40.9522
    endloop
  endfacet
  facet normal 0 0.427509 -0.904011
    outer loop
      vertex -82.5 -10.9025 40.172
      vertex 61 -9.9799 40.6083
      vertex 61 -10.9025 40.172
    endloop
  endfacet
  facet normal 0 0.427509 -0.904011
    outer loop
      vertex 61 -9.9799 40.6083
      vertex -82.5 -10.9025 40.172
      vertex -82.5 -9.9799 40.6083
    endloop
  endfacet
  facet normal 0 0.514107 -0.857726
    outer loop
      vertex -82.5 -11.7779 39.6473
      vertex 61 -10.9025 40.172
      vertex 61 -11.7779 39.6473
    endloop
  endfacet
  facet normal 0 0.514107 -0.857726
    outer loop
      vertex 61 -10.9025 40.172
      vertex -82.5 -11.7779 39.6473
      vertex -82.5 -10.9025 40.172
    endloop
  endfacet
  facet normal 0 0.595696 -0.80321
    outer loop
      vertex -82.5 -12.5977 39.0393
      vertex 61 -11.7779 39.6473
      vertex 61 -12.5977 39.0393
    endloop
  endfacet
  facet normal 0 0.595696 -0.80321
    outer loop
      vertex 61 -11.7779 39.6473
      vertex -82.5 -12.5977 39.0393
      vertex -82.5 -11.7779 39.6473
    endloop
  endfacet
  facet normal 0 0.67157 -0.740941
    outer loop
      vertex -82.5 -13.3539 38.3539
      vertex 61 -12.5977 39.0393
      vertex 61 -13.3539 38.3539
    endloop
  endfacet
  facet normal 0 0.67157 -0.740941
    outer loop
      vertex 61 -12.5977 39.0393
      vertex -82.5 -13.3539 38.3539
      vertex -82.5 -12.5977 39.0393
    endloop
  endfacet
  facet normal 0 0.740941 -0.67157
    outer loop
      vertex 61 -14.0393 37.5977
      vertex -82.5 -13.3539 38.3539
      vertex 61 -13.3539 38.3539
    endloop
  endfacet
  facet normal 0 0.740941 -0.67157
    outer loop
      vertex -82.5 -13.3539 38.3539
      vertex 61 -14.0393 37.5977
      vertex -82.5 -14.0393 37.5977
    endloop
  endfacet
  facet normal 0 0.80321 -0.595696
    outer loop
      vertex 61 -14.6473 36.7779
      vertex -82.5 -14.0393 37.5977
      vertex 61 -14.0393 37.5977
    endloop
  endfacet
  facet normal 0 0.80321 -0.595696
    outer loop
      vertex -82.5 -14.0393 37.5977
      vertex 61 -14.6473 36.7779
      vertex -82.5 -14.6473 36.7779
    endloop
  endfacet
  facet normal 0 0.857726 -0.514107
    outer loop
      vertex 61 -15.172 35.9025
      vertex -82.5 -14.6473 36.7779
      vertex 61 -14.6473 36.7779
    endloop
  endfacet
  facet normal 0 0.857726 -0.514107
    outer loop
      vertex -82.5 -14.6473 36.7779
      vertex 61 -15.172 35.9025
      vertex -82.5 -15.172 35.9025
    endloop
  endfacet
  facet normal 0 0.904011 -0.427509
    outer loop
      vertex 61 -15.6083 34.9799
      vertex -82.5 -15.172 35.9025
      vertex 61 -15.172 35.9025
    endloop
  endfacet
  facet normal 0 0.904011 -0.427509
    outer loop
      vertex -82.5 -15.172 35.9025
      vertex 61 -15.6083 34.9799
      vertex -82.5 -15.6083 34.9799
    endloop
  endfacet
  facet normal 0 0.941518 -0.336963
    outer loop
      vertex 61 -15.9522 34.019
      vertex -82.5 -15.6083 34.9799
      vertex 61 -15.6083 34.9799
    endloop
  endfacet
  facet normal 0 0.941518 -0.336963
    outer loop
      vertex -82.5 -15.6083 34.9799
      vertex 61 -15.9522 34.019
      vertex -82.5 -15.9522 34.019
    endloop
  endfacet
  facet normal 0 0.970033 -0.242974
    outer loop
      vertex 61 -16.2002 33.0289
      vertex -82.5 -15.9522 34.019
      vertex 61 -15.9522 34.019
    endloop
  endfacet
  facet normal 0 0.970033 -0.242974
    outer loop
      vertex -82.5 -15.9522 34.019
      vertex 61 -16.2002 33.0289
      vertex -82.5 -16.2002 33.0289
    endloop
  endfacet
  facet normal 0 0.989183 -0.146687
    outer loop
      vertex 61 -16.3499 32.0194
      vertex -82.5 -16.2002 33.0289
      vertex 61 -16.2002 33.0289
    endloop
  endfacet
  facet normal 0 0.989183 -0.146687
    outer loop
      vertex -82.5 -16.2002 33.0289
      vertex 61 -16.3499 32.0194
      vertex -82.5 -16.3499 32.0194
    endloop
  endfacet
  facet normal 0 0.998794 -0.0490873
    outer loop
      vertex 61 -16.4 31
      vertex -82.5 -16.3499 32.0194
      vertex 61 -16.3499 32.0194
    endloop
  endfacet
  facet normal 0 0.998794 -0.0490873
    outer loop
      vertex -82.5 -16.3499 32.0194
      vertex 61 -16.4 31
      vertex -82.5 -16.4 31
    endloop
  endfacet
  facet normal 0 0.998794 0.0490873
    outer loop
      vertex 61 -16.3499 29.9806
      vertex -82.5 -16.4 31
      vertex 61 -16.4 31
    endloop
  endfacet
  facet normal 0 0.998794 0.0490873
    outer loop
      vertex -82.5 -16.4 31
      vertex 61 -16.3499 29.9806
      vertex -82.5 -16.3499 29.9806
    endloop
  endfacet
  facet normal 0 0.989171 0.146766
    outer loop
      vertex 86 -17.6713 28.6784
      vertex 61 -17.8427 29.8336
      vertex 86 -17.8427 29.8336
    endloop
  endfacet
  facet normal 0 0.989171 0.146766
    outer loop
      vertex 61 -17.8427 29.8336
      vertex 86 -17.6713 28.6784
      vertex 61 -17.6713 28.6784
    endloop
  endfacet
  facet normal 0 0.970042 0.242939
    outer loop
      vertex 86 -17.3876 27.5456
      vertex 61 -17.6713 28.6784
      vertex 86 -17.6713 28.6784
    endloop
  endfacet
  facet normal 0 0.970042 0.242939
    outer loop
      vertex 61 -17.6713 28.6784
      vertex 86 -17.3876 27.5456
      vertex 61 -17.3876 27.5456
    endloop
  endfacet
  facet normal 0 0.941546 0.336884
    outer loop
      vertex 86 -16.9942 26.4461
      vertex 61 -17.3876 27.5456
      vertex 86 -17.3876 27.5456
    endloop
  endfacet
  facet normal 0 0.941546 0.336884
    outer loop
      vertex 61 -17.3876 27.5456
      vertex 86 -16.9942 26.4461
      vertex 61 -16.9942 26.4461
    endloop
  endfacet
  facet normal 0 0.903992 0.427549
    outer loop
      vertex 86 -16.4949 25.3904
      vertex 61 -16.9942 26.4461
      vertex 86 -16.9942 26.4461
    endloop
  endfacet
  facet normal 0 0.903992 0.427549
    outer loop
      vertex 61 -16.9942 26.4461
      vertex 86 -16.4949 25.3904
      vertex 61 -16.4949 25.3904
    endloop
  endfacet
  facet normal 0 0.857727 0.514105
    outer loop
      vertex 86 -15.8945 24.3887
      vertex 61 -16.4949 25.3904
      vertex 86 -16.4949 25.3904
    endloop
  endfacet
  facet normal 0 0.857727 0.514105
    outer loop
      vertex 61 -16.4949 25.3904
      vertex 86 -15.8945 24.3887
      vertex 61 -15.8945 24.3887
    endloop
  endfacet
  facet normal 0 0.803183 0.595732
    outer loop
      vertex 86 -15.2903 23.5741
      vertex 61 -15.8945 24.3887
      vertex 86 -15.8945 24.3887
    endloop
  endfacet
  facet normal 0 0.803183 0.595732
    outer loop
      vertex 61 -15.8945 24.3887
      vertex 86 -15.2903 23.5741
      vertex 61 -15.2903 23.5741
    endloop
  endfacet
  facet normal -0 0.242872 0.970058
    outer loop
      vertex 61 -8.32156 19.3287
      vertex 86 -8.55921 19.3882
      vertex 86 -8.32156 19.3287
    endloop
  endfacet
  facet normal 0 0.242872 0.970058
    outer loop
      vertex 86 -8.55921 19.3882
      vertex 61 -8.32156 19.3287
      vertex 61 -8.55921 19.3882
    endloop
  endfacet
  facet normal -0 0.146771 0.989171
    outer loop
      vertex 61 -7.1664 19.1573
      vertex 86 -8.32156 19.3287
      vertex 86 -7.1664 19.1573
    endloop
  endfacet
  facet normal 0 0.146771 0.989171
    outer loop
      vertex 86 -8.32156 19.3287
      vertex 61 -7.1664 19.1573
      vertex 61 -8.32156 19.3287
    endloop
  endfacet
  facet normal -0 0.0490663 0.998796
    outer loop
      vertex 61 -6 19.1
      vertex 86 -7.1664 19.1573
      vertex 86 -6 19.1
    endloop
  endfacet
  facet normal 0 0.0490663 0.998796
    outer loop
      vertex 86 -7.1664 19.1573
      vertex 61 -6 19.1
      vertex 61 -7.1664 19.1573
    endloop
  endfacet
  facet normal 0 -0.0490663 0.998796
    outer loop
      vertex 61 -4.8336 19.1573
      vertex 86 -6 19.1
      vertex 86 -4.8336 19.1573
    endloop
  endfacet
  facet normal 0 -0.0490663 0.998796
    outer loop
      vertex 86 -6 19.1
      vertex 61 -4.8336 19.1573
      vertex 61 -6 19.1
    endloop
  endfacet
  facet normal 0 -0.146771 0.989171
    outer loop
      vertex 61 -3.67844 19.3287
      vertex 86 -4.8336 19.1573
      vertex 86 -3.67844 19.3287
    endloop
  endfacet
  facet normal 0 -0.146771 0.989171
    outer loop
      vertex 86 -4.8336 19.1573
      vertex 61 -3.67844 19.3287
      vertex 61 -4.8336 19.1573
    endloop
  endfacet
  facet normal 0 -0.242935 0.970043
    outer loop
      vertex 61 -2.54562 19.6124
      vertex 86 -3.67844 19.3287
      vertex 86 -2.54562 19.6124
    endloop
  endfacet
  facet normal 0 -0.242935 0.970043
    outer loop
      vertex 86 -3.67844 19.3287
      vertex 61 -2.54562 19.6124
      vertex 61 -3.67844 19.3287
    endloop
  endfacet
  facet normal 0 -0.336873 0.94155
    outer loop
      vertex 61 -1.44608 20.0058
      vertex 86 -2.54562 19.6124
      vertex 86 -1.44608 20.0058
    endloop
  endfacet
  facet normal 0 -0.336873 0.94155
    outer loop
      vertex 86 -2.54562 19.6124
      vertex 61 -1.44608 20.0058
      vertex 61 -2.54562 19.6124
    endloop
  endfacet
  facet normal 0 -0.427549 0.903992
    outer loop
      vertex 61 -0.390381 20.5051
      vertex 86 -1.44608 20.0058
      vertex 86 -0.390381 20.5051
    endloop
  endfacet
  facet normal 0 -0.427549 0.903992
    outer loop
      vertex 86 -1.44608 20.0058
      vertex 61 -0.390381 20.5051
      vertex 61 -1.44608 20.0058
    endloop
  endfacet
  facet normal 0 -0.514119 0.857719
    outer loop
      vertex 61 0.611282 21.1055
      vertex 86 -0.390381 20.5051
      vertex 86 0.611282 21.1055
    endloop
  endfacet
  facet normal 0 -0.514119 0.857719
    outer loop
      vertex 86 -0.390381 20.5051
      vertex 61 0.611282 21.1055
      vertex 61 -0.390381 20.5051
    endloop
  endfacet
  facet normal 0 -0.595722 0.803191
    outer loop
      vertex 61 1.54927 21.8012
      vertex 86 0.611282 21.1055
      vertex 86 1.54927 21.8012
    endloop
  endfacet
  facet normal 0 -0.595722 0.803191
    outer loop
      vertex 86 0.611282 21.1055
      vertex 61 1.54927 21.8012
      vertex 61 0.611282 21.1055
    endloop
  endfacet
  facet normal 0 -0.67153 0.740978
    outer loop
      vertex 61 2.41457 22.5854
      vertex 86 1.54927 21.8012
      vertex 86 2.41457 22.5854
    endloop
  endfacet
  facet normal 0 -0.67153 0.740978
    outer loop
      vertex 86 1.54927 21.8012
      vertex 61 2.41457 22.5854
      vertex 61 1.54927 21.8012
    endloop
  endfacet
  facet normal 0 -0.754223 0.656618
    outer loop
      vertex 61 2.41457 22.5854
      vertex 86 2.41605 22.5871
      vertex 61 2.41605 22.5871
    endloop
  endfacet
  facet normal 0 -0.754223 0.656618
    outer loop
      vertex 86 2.41605 22.5871
      vertex 61 2.41457 22.5854
      vertex 86 2.41457 22.5854
    endloop
  endfacet
  facet normal 0 -0.707105 0.707109
    outer loop
      vertex 61 2.41605 22.5871
      vertex 86 10.829 31
      vertex 61 10.829 31
    endloop
  endfacet
  facet normal 0 -0.707105 0.707109
    outer loop
      vertex 86 10.829 31
      vertex 61 2.41605 22.5871
      vertex 86 2.41605 22.5871
    endloop
  endfacet
  facet normal 0 -0.707106 -0.707107
    outer loop
      vertex 61 3.44079 38.3882
      vertex 86 10.829 31
      vertex 86 3.44079 38.3882
    endloop
  endfacet
  facet normal -0 -0.707106 -0.707107
    outer loop
      vertex 86 10.829 31
      vertex 61 3.44079 38.3882
      vertex 61 10.829 31
    endloop
  endfacet
  facet normal 0 -0.242947 -0.970039
    outer loop
      vertex 61 -3.67844 42.6713
      vertex 86 -3.29034 42.5741
      vertex 86 -3.67844 42.6713
    endloop
  endfacet
  facet normal -0 -0.242947 -0.970039
    outer loop
      vertex 86 -3.29034 42.5741
      vertex 61 -3.67844 42.6713
      vertex 61 -3.29034 42.5741
    endloop
  endfacet
  facet normal 0 -0.146771 -0.989171
    outer loop
      vertex 61 -4.8336 42.8427
      vertex 86 -3.67844 42.6713
      vertex 86 -4.8336 42.8427
    endloop
  endfacet
  facet normal -0 -0.146771 -0.989171
    outer loop
      vertex 86 -3.67844 42.6713
      vertex 61 -4.8336 42.8427
      vertex 61 -3.67844 42.6713
    endloop
  endfacet
  facet normal 0 -0.0490663 -0.998796
    outer loop
      vertex 61 -6 42.9
      vertex 86 -4.8336 42.8427
      vertex 86 -6 42.9
    endloop
  endfacet
  facet normal -0 -0.0490663 -0.998796
    outer loop
      vertex 86 -4.8336 42.8427
      vertex 61 -6 42.9
      vertex 61 -4.8336 42.8427
    endloop
  endfacet
  facet normal 0 0.0490663 -0.998796
    outer loop
      vertex 61 -7.1664 42.8427
      vertex 86 -6 42.9
      vertex 86 -7.1664 42.8427
    endloop
  endfacet
  facet normal 0 0.0490663 -0.998796
    outer loop
      vertex 86 -6 42.9
      vertex 61 -7.1664 42.8427
      vertex 61 -6 42.9
    endloop
  endfacet
  facet normal 0 0.146771 -0.989171
    outer loop
      vertex 61 -8.32156 42.6713
      vertex 86 -7.1664 42.8427
      vertex 86 -8.32156 42.6713
    endloop
  endfacet
  facet normal 0 0.146771 -0.989171
    outer loop
      vertex 86 -7.1664 42.8427
      vertex 61 -8.32156 42.6713
      vertex 61 -7.1664 42.8427
    endloop
  endfacet
  facet normal 0 0.242935 -0.970043
    outer loop
      vertex 61 -9.45438 42.3876
      vertex 86 -8.32156 42.6713
      vertex 86 -9.45438 42.3876
    endloop
  endfacet
  facet normal 0 0.242935 -0.970043
    outer loop
      vertex 86 -8.32156 42.6713
      vertex 61 -9.45438 42.3876
      vertex 61 -8.32156 42.6713
    endloop
  endfacet
  facet normal 0 0.336879 -0.941548
    outer loop
      vertex 61 -10.5539 41.9942
      vertex 86 -9.45438 42.3876
      vertex 86 -10.5539 41.9942
    endloop
  endfacet
  facet normal 0 0.336879 -0.941548
    outer loop
      vertex 86 -9.45438 42.3876
      vertex 61 -10.5539 41.9942
      vertex 61 -9.45438 42.3876
    endloop
  endfacet
  facet normal 0 0.427549 -0.903992
    outer loop
      vertex 61 -11.6096 41.4949
      vertex 86 -10.5539 41.9942
      vertex 86 -11.6096 41.4949
    endloop
  endfacet
  facet normal 0 0.427549 -0.903992
    outer loop
      vertex 86 -10.5539 41.9942
      vertex 61 -11.6096 41.4949
      vertex 61 -10.5539 41.9942
    endloop
  endfacet
  facet normal 0 0.514105 -0.857727
    outer loop
      vertex 61 -12.6113 40.8945
      vertex 86 -11.6096 41.4949
      vertex 86 -12.6113 40.8945
    endloop
  endfacet
  facet normal 0 0.514105 -0.857727
    outer loop
      vertex 86 -11.6096 41.4949
      vertex 61 -12.6113 40.8945
      vertex 61 -11.6096 41.4949
    endloop
  endfacet
  facet normal 0 0.595717 -0.803195
    outer loop
      vertex 61 -13.5493 40.1988
      vertex 86 -12.6113 40.8945
      vertex 86 -13.5493 40.1988
    endloop
  endfacet
  facet normal 0 0.595717 -0.803195
    outer loop
      vertex 86 -12.6113 40.8945
      vertex 61 -13.5493 40.1988
      vertex 61 -12.6113 40.8945
    endloop
  endfacet
  facet normal 0 0.67153 -0.740978
    outer loop
      vertex 61 -14.4146 39.4146
      vertex 86 -13.5493 40.1988
      vertex 86 -14.4146 39.4146
    endloop
  endfacet
  facet normal 0 0.67153 -0.740978
    outer loop
      vertex 86 -13.5493 40.1988
      vertex 61 -14.4146 39.4146
      vertex 61 -13.5493 40.1988
    endloop
  endfacet
  facet normal 0 0.740978 -0.67153
    outer loop
      vertex 86 -15.1988 38.5493
      vertex 61 -14.4146 39.4146
      vertex 86 -14.4146 39.4146
    endloop
  endfacet
  facet normal 0 0.740978 -0.67153
    outer loop
      vertex 61 -14.4146 39.4146
      vertex 86 -15.1988 38.5493
      vertex 61 -15.1988 38.5493
    endloop
  endfacet
  facet normal 0 0.803195 -0.595717
    outer loop
      vertex 86 -15.8945 37.6113
      vertex 61 -15.1988 38.5493
      vertex 86 -15.1988 38.5493
    endloop
  endfacet
  facet normal 0 0.803195 -0.595717
    outer loop
      vertex 61 -15.1988 38.5493
      vertex 86 -15.8945 37.6113
      vertex 61 -15.8945 37.6113
    endloop
  endfacet
  facet normal 0 0.857727 -0.514105
    outer loop
      vertex 86 -16.4949 36.6096
      vertex 61 -15.8945 37.6113
      vertex 86 -15.8945 37.6113
    endloop
  endfacet
  facet normal 0 0.857727 -0.514105
    outer loop
      vertex 61 -15.8945 37.6113
      vertex 86 -16.4949 36.6096
      vertex 61 -16.4949 36.6096
    endloop
  endfacet
  facet normal 0 0.903992 -0.427549
    outer loop
      vertex 86 -16.9942 35.5539
      vertex 61 -16.4949 36.6096
      vertex 86 -16.4949 36.6096
    endloop
  endfacet
  facet normal 0 0.903992 -0.427549
    outer loop
      vertex 61 -16.4949 36.6096
      vertex 86 -16.9942 35.5539
      vertex 61 -16.9942 35.5539
    endloop
  endfacet
  facet normal 0 0.941546 -0.336884
    outer loop
      vertex 86 -17.3876 34.4544
      vertex 61 -16.9942 35.5539
      vertex 86 -16.9942 35.5539
    endloop
  endfacet
  facet normal 0 0.941546 -0.336884
    outer loop
      vertex 61 -16.9942 35.5539
      vertex 86 -17.3876 34.4544
      vertex 61 -17.3876 34.4544
    endloop
  endfacet
  facet normal 0 0.970042 -0.242939
    outer loop
      vertex 86 -17.6713 33.3216
      vertex 61 -17.3876 34.4544
      vertex 86 -17.3876 34.4544
    endloop
  endfacet
  facet normal 0 0.970042 -0.242939
    outer loop
      vertex 61 -17.3876 34.4544
      vertex 86 -17.6713 33.3216
      vertex 61 -17.6713 33.3216
    endloop
  endfacet
  facet normal 0 0.989171 -0.146766
    outer loop
      vertex 86 -17.8427 32.1664
      vertex 61 -17.6713 33.3216
      vertex 86 -17.6713 33.3216
    endloop
  endfacet
  facet normal 0 0.989171 -0.146766
    outer loop
      vertex 61 -17.6713 33.3216
      vertex 86 -17.8427 32.1664
      vertex 61 -17.8427 32.1664
    endloop
  endfacet
  facet normal 0 0.998796 -0.0490663
    outer loop
      vertex 86 -17.9 31
      vertex 61 -17.8427 32.1664
      vertex 86 -17.8427 32.1664
    endloop
  endfacet
  facet normal 0 0.998796 -0.0490663
    outer loop
      vertex 61 -17.8427 32.1664
      vertex 86 -17.9 31
      vertex 61 -17.9 31
    endloop
  endfacet
  facet normal 0 0.998796 0.0490663
    outer loop
      vertex 86 -17.8427 29.8336
      vertex 61 -17.9 31
      vertex 86 -17.9 31
    endloop
  endfacet
  facet normal 0 0.998796 0.0490663
    outer loop
      vertex 61 -17.9 31
      vertex 86 -17.8427 29.8336
      vertex 61 -17.8427 29.8336
    endloop
  endfacet
  facet normal 1 0 0
    outer loop
      vertex -82.5 13.3551 57.3526
      vertex -82.5 13.3551 42.6474
      vertex -82.5 20.7077 50
    endloop
  endfacet
  facet normal 1 0 0
    outer loop
      vertex -82.5 12.5977 58.0393
      vertex -82.5 13.3551 57.3526
      vertex -82.5 13.3539 57.3539
    endloop
  endfacet
  facet normal 1 0 0
    outer loop
      vertex -82.5 13.3551 57.3526
      vertex -82.5 12.5977 58.0393
      vertex -82.5 13.3551 42.6474
    endloop
  endfacet
  facet normal 1 0 0
    outer loop
      vertex -82.5 12.5977 41.9607
      vertex -82.5 13.3551 42.6474
      vertex -82.5 12.5977 58.0393
    endloop
  endfacet
  facet normal 1 0 0
    outer loop
      vertex -82.5 13.3551 42.6474
      vertex -82.5 12.5977 41.9607
      vertex -82.5 13.3539 42.6461
    endloop
  endfacet
  facet normal 1 0 0
    outer loop
      vertex -82.5 11.7779 58.6473
      vertex -82.5 12.5977 41.9607
      vertex -82.5 12.5977 58.0393
    endloop
  endfacet
  facet normal 1 0 0
    outer loop
      vertex -82.5 11.7779 58.6473
      vertex -82.5 11.7779 41.3527
      vertex -82.5 12.5977 41.9607
    endloop
  endfacet
  facet normal 1 0 0
    outer loop
      vertex -82.5 10.9025 59.172
      vertex -82.5 11.7779 41.3527
      vertex -82.5 11.7779 58.6473
    endloop
  endfacet
  facet normal 1 0 0
    outer loop
      vertex -82.5 10.9025 59.172
      vertex -82.5 10.9025 40.828
      vertex -82.5 11.7779 41.3527
    endloop
  endfacet
  facet normal 1 0 0
    outer loop
      vertex -82.5 9.9799 59.6083
      vertex -82.5 10.9025 40.828
      vertex -82.5 10.9025 59.172
    endloop
  endfacet
  facet normal 1 0 0
    outer loop
      vertex -82.5 9.9799 59.6083
      vertex -82.5 9.9799 40.3917
      vertex -82.5 10.9025 40.828
    endloop
  endfacet
  facet normal 1 0 0
    outer loop
      vertex -82.5 9.01895 59.9522
      vertex -82.5 9.9799 40.3917
      vertex -82.5 9.9799 59.6083
    endloop
  endfacet
  facet normal 1 0 0
    outer loop
      vertex -82.5 9.01895 59.9522
      vertex -82.5 9.01895 40.0478
      vertex -82.5 9.9799 40.3917
    endloop
  endfacet
  facet normal 1 0 0
    outer loop
      vertex -82.5 8.02893 60.2002
      vertex -82.5 9.01895 40.0478
      vertex -82.5 9.01895 59.9522
    endloop
  endfacet
  facet normal 1 0 0
    outer loop
      vertex -82.5 8.02893 60.2002
      vertex -82.5 8.02893 39.7998
      vertex -82.5 9.01895 40.0478
    endloop
  endfacet
  facet normal 1 0 0
    outer loop
      vertex -82.5 7.01936 60.3499
      vertex -82.5 8.02893 39.7998
      vertex -82.5 8.02893 60.2002
    endloop
  endfacet
  facet normal 1 0 0
    outer loop
      vertex -82.5 7.01936 60.3499
      vertex -82.5 7.01936 39.6501
      vertex -82.5 8.02893 39.7998
    endloop
  endfacet
  facet normal 1 0 0
    outer loop
      vertex -82.5 6 60.4
      vertex -82.5 7.01936 39.6501
      vertex -82.5 7.01936 60.3499
    endloop
  endfacet
  facet normal 1 0 0
    outer loop
      vertex -82.5 6 60.4
      vertex -82.5 6 39.6
      vertex -82.5 7.01936 39.6501
    endloop
  endfacet
  facet normal 1 -0 0
    outer loop
      vertex -82.5 4.98064 60.3499
      vertex -82.5 6 39.6
      vertex -82.5 6 60.4
    endloop
  endfacet
  facet normal 1 0 0
    outer loop
      vertex -82.5 4.98064 60.3499
      vertex -82.5 4.98064 39.6501
      vertex -82.5 6 39.6
    endloop
  endfacet
  facet normal 1 -0 0
    outer loop
      vertex -82.5 3.97107 60.2002
      vertex -82.5 4.98064 39.6501
      vertex -82.5 4.98064 60.3499
    endloop
  endfacet
  facet normal 1 0 0
    outer loop
      vertex -82.5 3.97107 60.2002
      vertex -82.5 3.97107 39.7998
      vertex -82.5 4.98064 39.6501
    endloop
  endfacet
  facet normal 1 -0 0
    outer loop
      vertex -82.5 2.98105 59.9522
      vertex -82.5 3.97107 39.7998
      vertex -82.5 3.97107 60.2002
    endloop
  endfacet
  facet normal 1 0 0
    outer loop
      vertex -82.5 2.98105 59.9522
      vertex -82.5 2.98105 40.0478
      vertex -82.5 3.97107 39.7998
    endloop
  endfacet
  facet normal 1 -0 0
    outer loop
      vertex -82.5 2.0201 59.6083
      vertex -82.5 2.98105 40.0478
      vertex -82.5 2.98105 59.9522
    endloop
  endfacet
  facet normal 1 0 0
    outer loop
      vertex -82.5 2.0201 59.6083
      vertex -82.5 2.0201 40.3917
      vertex -82.5 2.98105 40.0478
    endloop
  endfacet
  facet normal 1 -0 0
    outer loop
      vertex -82.5 1.09749 59.172
      vertex -82.5 2.0201 40.3917
      vertex -82.5 2.0201 59.6083
    endloop
  endfacet
  facet normal 1 0 0
    outer loop
      vertex -82.5 1.09749 59.172
      vertex -82.5 1.09749 40.828
      vertex -82.5 2.0201 40.3917
    endloop
  endfacet
  facet normal 1 -0 0
    outer loop
      vertex -82.5 0.222076 58.6473
      vertex -82.5 1.09749 40.828
      vertex -82.5 1.09749 59.172
    endloop
  endfacet
  facet normal 1 0 0
    outer loop
      vertex -82.5 0.222076 58.6473
      vertex -82.5 0.222076 41.3527
      vertex -82.5 1.09749 40.828
    endloop
  endfacet
  facet normal 1 -0 0
    outer loop
      vertex -82.5 -0.597687 58.0393
      vertex -82.5 0.222076 41.3527
      vertex -82.5 0.222076 58.6473
    endloop
  endfacet
  facet normal 1 0 0
    outer loop
      vertex -82.5 -0.597687 58.0393
      vertex -82.5 -0.597687 41.9607
      vertex -82.5 0.222076 41.3527
    endloop
  endfacet
  facet normal 1 -0 0
    outer loop
      vertex -82.5 -1.3539 57.3539
      vertex -82.5 -0.597687 41.9607
      vertex -82.5 -0.597687 58.0393
    endloop
  endfacet
  facet normal 1 0 0
    outer loop
      vertex -82.5 -1.3539 57.3539
      vertex -82.5 -1.3539 42.6461
      vertex -82.5 -0.597687 41.9607
    endloop
  endfacet
  facet normal 1 -0 0
    outer loop
      vertex -82.5 -2.03931 56.5977
      vertex -82.5 -1.3539 42.6461
      vertex -82.5 -1.3539 57.3539
    endloop
  endfacet
  facet normal 1 0 0
    outer loop
      vertex -82.5 -2.03931 56.5977
      vertex -82.5 -2.03931 43.4023
      vertex -82.5 -1.3539 42.6461
    endloop
  endfacet
  facet normal 1 -0 0
    outer loop
      vertex -82.5 -2.64728 55.7779
      vertex -82.5 -2.03931 43.4023
      vertex -82.5 -2.03931 56.5977
    endloop
  endfacet
  facet normal 1 0 0
    outer loop
      vertex -82.5 -2.64728 55.7779
      vertex -82.5 -2.64728 44.2221
      vertex -82.5 -2.03931 43.4023
    endloop
  endfacet
  facet normal 1 -0 0
    outer loop
      vertex -82.5 -3.17197 54.9025
      vertex -82.5 -2.64728 44.2221
      vertex -82.5 -2.64728 55.7779
    endloop
  endfacet
  facet normal 1 0 0
    outer loop
      vertex -82.5 -3.17197 54.9025
      vertex -82.5 -3.17197 45.0975
      vertex -82.5 -2.64728 44.2221
    endloop
  endfacet
  facet normal 1 -0 0
    outer loop
      vertex -82.5 -3.60834 53.9799
      vertex -82.5 -3.17197 45.0975
      vertex -82.5 -3.17197 54.9025
    endloop
  endfacet
  facet normal 1 0 0
    outer loop
      vertex -82.5 -3.60834 53.9799
      vertex -82.5 -3.60834 46.0201
      vertex -82.5 -3.17197 45.0975
    endloop
  endfacet
  facet normal 1 -0 0
    outer loop
      vertex -82.5 -3.95218 53.019
      vertex -82.5 -3.60834 46.0201
      vertex -82.5 -3.60834 53.9799
    endloop
  endfacet
  facet normal 1 0 0
    outer loop
      vertex -82.5 -3.95218 53.019
      vertex -82.5 -3.95218 46.981
      vertex -82.5 -3.60834 46.0201
    endloop
  endfacet
  facet normal 1 -0 0
    outer loop
      vertex -82.5 -4.20016 52.0289
      vertex -82.5 -3.95218 46.981
      vertex -82.5 -3.95218 53.019
    endloop
  endfacet
  facet normal 1 0 0
    outer loop
      vertex -82.5 -4.20016 52.0289
      vertex -82.5 -4.20016 47.9711
      vertex -82.5 -3.95218 46.981
    endloop
  endfacet
  facet normal 1 -0 0
    outer loop
      vertex -82.5 -4.34991 51.0194
      vertex -82.5 -4.20016 47.9711
      vertex -82.5 -4.20016 52.0289
    endloop
  endfacet
  facet normal 1 0 0
    outer loop
      vertex -82.5 -4.34991 51.0194
      vertex -82.5 -4.34991 48.9806
      vertex -82.5 -4.20016 47.9711
    endloop
  endfacet
  facet normal 1 0 -0
    outer loop
      vertex -82.5 -4.34991 48.9806
      vertex -82.5 -4.34991 51.0194
      vertex -82.5 -4.39999 50
    endloop
  endfacet
  facet normal 0 0.989176 0.146735
    outer loop
      vertex 61 -4.20016 47.9711
      vertex -82.5 -4.34991 48.9806
      vertex 61 -4.34991 48.9806
    endloop
  endfacet
  facet normal 0 0.989176 0.146735
    outer loop
      vertex -82.5 -4.34991 48.9806
      vertex 61 -4.20016 47.9711
      vertex -82.5 -4.20016 47.9711
    endloop
  endfacet
  facet normal 0 0.970038 0.242955
    outer loop
      vertex 61 -3.95218 46.981
      vertex -82.5 -4.20016 47.9711
      vertex 61 -4.20016 47.9711
    endloop
  endfacet
  facet normal 0 0.970038 0.242955
    outer loop
      vertex -82.5 -4.20016 47.9711
      vertex 61 -3.95218 46.981
      vertex -82.5 -3.95218 46.981
    endloop
  endfacet
  facet normal 0 0.941536 0.336911
    outer loop
      vertex 61 -3.60834 46.0201
      vertex -82.5 -3.95218 46.981
      vertex 61 -3.95218 46.981
    endloop
  endfacet
  facet normal 0 0.941536 0.336911
    outer loop
      vertex -82.5 -3.95218 46.981
      vertex 61 -3.60834 46.0201
      vertex -82.5 -3.60834 46.0201
    endloop
  endfacet
  facet normal 0 0.903984 0.427565
    outer loop
      vertex 61 -3.17197 45.0975
      vertex -82.5 -3.60834 46.0201
      vertex 61 -3.60834 46.0201
    endloop
  endfacet
  facet normal 0 0.903984 0.427565
    outer loop
      vertex -82.5 -3.60834 46.0201
      vertex 61 -3.17197 45.0975
      vertex -82.5 -3.17197 45.0975
    endloop
  endfacet
  facet normal 0 0.857731 0.514099
    outer loop
      vertex 61 -2.64728 44.2221
      vertex -82.5 -3.17197 45.0975
      vertex 61 -3.17197 45.0975
    endloop
  endfacet
  facet normal 0 0.857731 0.514099
    outer loop
      vertex -82.5 -3.17197 45.0975
      vertex 61 -2.64728 44.2221
      vertex -82.5 -2.64728 44.2221
    endloop
  endfacet
  facet normal 0 0.803224 0.595677
    outer loop
      vertex 61 -2.03931 43.4023
      vertex -82.5 -2.64728 44.2221
      vertex 61 -2.64728 44.2221
    endloop
  endfacet
  facet normal 0 0.803224 0.595677
    outer loop
      vertex -82.5 -2.64728 44.2221
      vertex 61 -2.03931 43.4023
      vertex -82.5 -2.03931 43.4023
    endloop
  endfacet
  facet normal 0 0.740936 0.671575
    outer loop
      vertex 61 -1.3539 42.6461
      vertex -82.5 -2.03931 43.4023
      vertex 61 -2.03931 43.4023
    endloop
  endfacet
  facet normal 0 0.740936 0.671575
    outer loop
      vertex -82.5 -2.03931 43.4023
      vertex 61 -1.3539 42.6461
      vertex -82.5 -1.3539 42.6461
    endloop
  endfacet
  facet normal -0 0.671564 0.740947
    outer loop
      vertex -82.5 -0.597687 41.9607
      vertex 61 -1.3539 42.6461
      vertex 61 -0.597687 41.9607
    endloop
  endfacet
  facet normal 0 0.671564 0.740947
    outer loop
      vertex 61 -1.3539 42.6461
      vertex -82.5 -0.597687 41.9607
      vertex -82.5 -1.3539 42.6461
    endloop
  endfacet
  facet normal -0 0.595713 0.803197
    outer loop
      vertex -82.5 0.222076 41.3527
      vertex 61 -0.597687 41.9607
      vertex 61 0.222076 41.3527
    endloop
  endfacet
  facet normal 0 0.595713 0.803197
    outer loop
      vertex 61 -0.597687 41.9607
      vertex -82.5 0.222076 41.3527
      vertex -82.5 -0.597687 41.9607
    endloop
  endfacet
  facet normal -0 0.514101 0.85773
    outer loop
      vertex -82.5 1.09749 40.828
      vertex 61 0.222076 41.3527
      vertex 61 1.09749 40.828
    endloop
  endfacet
  facet normal 0 0.514101 0.85773
    outer loop
      vertex 61 0.222076 41.3527
      vertex -82.5 1.09749 40.828
      vertex -82.5 0.222076 41.3527
    endloop
  endfacet
  facet normal -0 0.427505 0.904013
    outer loop
      vertex -82.5 2.0201 40.3917
      vertex 61 1.09749 40.828
      vertex 61 2.0201 40.3917
    endloop
  endfacet
  facet normal 0 0.427505 0.904013
    outer loop
      vertex 61 1.09749 40.828
      vertex -82.5 2.0201 40.3917
      vertex -82.5 1.09749 40.828
    endloop
  endfacet
  facet normal -0 0.336948 0.941523
    outer loop
      vertex -82.5 2.98105 40.0478
      vertex 61 2.0201 40.3917
      vertex 61 2.98105 40.0478
    endloop
  endfacet
  facet normal 0 0.336948 0.941523
    outer loop
      vertex 61 2.0201 40.3917
      vertex -82.5 2.98105 40.0478
      vertex -82.5 2.0201 40.3917
    endloop
  endfacet
  facet normal -0 0.242992 0.970028
    outer loop
      vertex -82.5 3.97107 39.7998
      vertex 61 2.98105 40.0478
      vertex 61 3.97107 39.7998
    endloop
  endfacet
  facet normal 0 0.242992 0.970028
    outer loop
      vertex 61 2.98105 40.0478
      vertex -82.5 3.97107 39.7998
      vertex -82.5 2.98105 40.0478
    endloop
  endfacet
  facet normal -0 0.146677 0.989184
    outer loop
      vertex -82.5 4.98064 39.6501
      vertex 61 3.97107 39.7998
      vertex 61 4.98064 39.6501
    endloop
  endfacet
  facet normal 0 0.146677 0.989184
    outer loop
      vertex 61 3.97107 39.7998
      vertex -82.5 4.98064 39.6501
      vertex -82.5 3.97107 39.7998
    endloop
  endfacet
  facet normal -0 0.0490892 0.998794
    outer loop
      vertex -82.5 6 39.6
      vertex 61 4.98064 39.6501
      vertex 61 6 39.6
    endloop
  endfacet
  facet normal 0 0.0490892 0.998794
    outer loop
      vertex 61 4.98064 39.6501
      vertex -82.5 6 39.6
      vertex -82.5 4.98064 39.6501
    endloop
  endfacet
  facet normal 0 -0.0490892 0.998794
    outer loop
      vertex -82.5 7.01936 39.6501
      vertex 61 6 39.6
      vertex 61 7.01936 39.6501
    endloop
  endfacet
  facet normal 0 -0.0490892 0.998794
    outer loop
      vertex 61 6 39.6
      vertex -82.5 7.01936 39.6501
      vertex -82.5 6 39.6
    endloop
  endfacet
  facet normal 0 -0.146677 0.989184
    outer loop
      vertex -82.5 8.02893 39.7998
      vertex 61 7.01936 39.6501
      vertex 61 8.02893 39.7998
    endloop
  endfacet
  facet normal 0 -0.146677 0.989184
    outer loop
      vertex 61 7.01936 39.6501
      vertex -82.5 8.02893 39.7998
      vertex -82.5 7.01936 39.6501
    endloop
  endfacet
  facet normal 0 -0.242992 0.970028
    outer loop
      vertex -82.5 9.01895 40.0478
      vertex 61 8.02893 39.7998
      vertex 61 9.01895 40.0478
    endloop
  endfacet
  facet normal 0 -0.242992 0.970028
    outer loop
      vertex 61 8.02893 39.7998
      vertex -82.5 9.01895 40.0478
      vertex -82.5 8.02893 39.7998
    endloop
  endfacet
  facet normal 0 -0.336948 0.941523
    outer loop
      vertex -82.5 9.9799 40.3917
      vertex 61 9.01895 40.0478
      vertex 61 9.9799 40.3917
    endloop
  endfacet
  facet normal 0 -0.336948 0.941523
    outer loop
      vertex 61 9.01895 40.0478
      vertex -82.5 9.9799 40.3917
      vertex -82.5 9.01895 40.0478
    endloop
  endfacet
  facet normal 0 -0.427509 0.904011
    outer loop
      vertex -82.5 10.9025 40.828
      vertex 61 9.9799 40.3917
      vertex 61 10.9025 40.828
    endloop
  endfacet
  facet normal 0 -0.427509 0.904011
    outer loop
      vertex 61 9.9799 40.3917
      vertex -82.5 10.9025 40.828
      vertex -82.5 9.9799 40.3917
    endloop
  endfacet
  facet normal 0 -0.514107 0.857726
    outer loop
      vertex -82.5 11.7779 41.3527
      vertex 61 10.9025 40.828
      vertex 61 11.7779 41.3527
    endloop
  endfacet
  facet normal 0 -0.514107 0.857726
    outer loop
      vertex 61 10.9025 40.828
      vertex -82.5 11.7779 41.3527
      vertex -82.5 10.9025 40.828
    endloop
  endfacet
  facet normal 0 -0.595696 0.80321
    outer loop
      vertex -82.5 12.5977 41.9607
      vertex 61 11.7779 41.3527
      vertex 61 12.5977 41.9607
    endloop
  endfacet
  facet normal 0 -0.595696 0.80321
    outer loop
      vertex 61 11.7779 41.3527
      vertex -82.5 12.5977 41.9607
      vertex -82.5 11.7779 41.3527
    endloop
  endfacet
  facet normal 0 -0.67157 0.740941
    outer loop
      vertex -82.5 13.3539 42.6461
      vertex 61 12.5977 41.9607
      vertex 61 13.3539 42.6461
    endloop
  endfacet
  facet normal 0 -0.67157 0.740941
    outer loop
      vertex 61 12.5977 41.9607
      vertex -82.5 13.3539 42.6461
      vertex -82.5 12.5977 41.9607
    endloop
  endfacet
  facet normal 0 -0.734803 0.67828
    outer loop
      vertex -82.5 13.3539 42.6461
      vertex 61 13.3551 42.6474
      vertex -82.5 13.3551 42.6474
    endloop
  endfacet
  facet normal 0 -0.734803 0.67828
    outer loop
      vertex 61 13.3551 42.6474
      vertex -82.5 13.3539 42.6461
      vertex 61 13.3539 42.6461
    endloop
  endfacet
  facet normal 0 -0.707107 0.707107
    outer loop
      vertex -82.5 13.3551 42.6474
      vertex 61 20.7077 50
      vertex -82.5 20.7077 50
    endloop
  endfacet
  facet normal 0 -0.707107 0.707107
    outer loop
      vertex 61 20.7077 50
      vertex -82.5 13.3551 42.6474
      vertex 61 13.3551 42.6474
    endloop
  endfacet
  facet normal 0 -0.707107 -0.707107
    outer loop
      vertex -82.5 20.7077 50
      vertex 61 13.3551 57.3526
      vertex -82.5 13.3551 57.3526
    endloop
  endfacet
  facet normal 0 -0.707107 -0.707107
    outer loop
      vertex 61 13.3551 57.3526
      vertex -82.5 20.7077 50
      vertex 61 20.7077 50
    endloop
  endfacet
  facet normal 0 -0.734803 -0.67828
    outer loop
      vertex -82.5 13.3551 57.3526
      vertex 61 13.3539 57.3539
      vertex -82.5 13.3539 57.3539
    endloop
  endfacet
  facet normal 0 -0.734803 -0.67828
    outer loop
      vertex 61 13.3539 57.3539
      vertex -82.5 13.3551 57.3526
      vertex 61 13.3551 57.3526
    endloop
  endfacet
  facet normal 0 -0.67157 -0.740941
    outer loop
      vertex -82.5 12.5977 58.0393
      vertex 61 13.3539 57.3539
      vertex 61 12.5977 58.0393
    endloop
  endfacet
  facet normal -0 -0.67157 -0.740941
    outer loop
      vertex 61 13.3539 57.3539
      vertex -82.5 12.5977 58.0393
      vertex -82.5 13.3539 57.3539
    endloop
  endfacet
  facet normal 0 -0.595696 -0.80321
    outer loop
      vertex -82.5 11.7779 58.6473
      vertex 61 12.5977 58.0393
      vertex 61 11.7779 58.6473
    endloop
  endfacet
  facet normal -0 -0.595696 -0.80321
    outer loop
      vertex 61 12.5977 58.0393
      vertex -82.5 11.7779 58.6473
      vertex -82.5 12.5977 58.0393
    endloop
  endfacet
  facet normal 0 -0.514107 -0.857726
    outer loop
      vertex -82.5 10.9025 59.172
      vertex 61 11.7779 58.6473
      vertex 61 10.9025 59.172
    endloop
  endfacet
  facet normal -0 -0.514107 -0.857726
    outer loop
      vertex 61 11.7779 58.6473
      vertex -82.5 10.9025 59.172
      vertex -82.5 11.7779 58.6473
    endloop
  endfacet
  facet normal 0 -0.427509 -0.904011
    outer loop
      vertex -82.5 9.9799 59.6083
      vertex 61 10.9025 59.172
      vertex 61 9.9799 59.6083
    endloop
  endfacet
  facet normal -0 -0.427509 -0.904011
    outer loop
      vertex 61 10.9025 59.172
      vertex -82.5 9.9799 59.6083
      vertex -82.5 10.9025 59.172
    endloop
  endfacet
  facet normal 0 -0.336948 -0.941523
    outer loop
      vertex -82.5 9.01895 59.9522
      vertex 61 9.9799 59.6083
      vertex 61 9.01895 59.9522
    endloop
  endfacet
  facet normal -0 -0.336948 -0.941523
    outer loop
      vertex 61 9.9799 59.6083
      vertex -82.5 9.01895 59.9522
      vertex -82.5 9.9799 59.6083
    endloop
  endfacet
  facet normal 0 -0.242992 -0.970028
    outer loop
      vertex -82.5 8.02893 60.2002
      vertex 61 9.01895 59.9522
      vertex 61 8.02893 60.2002
    endloop
  endfacet
  facet normal -0 -0.242992 -0.970028
    outer loop
      vertex 61 9.01895 59.9522
      vertex -82.5 8.02893 60.2002
      vertex -82.5 9.01895 59.9522
    endloop
  endfacet
  facet normal 0 -0.146677 -0.989184
    outer loop
      vertex -82.5 7.01936 60.3499
      vertex 61 8.02893 60.2002
      vertex 61 7.01936 60.3499
    endloop
  endfacet
  facet normal -0 -0.146677 -0.989184
    outer loop
      vertex 61 8.02893 60.2002
      vertex -82.5 7.01936 60.3499
      vertex -82.5 8.02893 60.2002
    endloop
  endfacet
  facet normal 0 -0.0490892 -0.998794
    outer loop
      vertex -82.5 6 60.4
      vertex 61 7.01936 60.3499
      vertex 61 6 60.4
    endloop
  endfacet
  facet normal -0 -0.0490892 -0.998794
    outer loop
      vertex 61 7.01936 60.3499
      vertex -82.5 6 60.4
      vertex -82.5 7.01936 60.3499
    endloop
  endfacet
  facet normal 0 0.0490892 -0.998794
    outer loop
      vertex -82.5 4.98064 60.3499
      vertex 61 6 60.4
      vertex 61 4.98064 60.3499
    endloop
  endfacet
  facet normal 0 0.0490892 -0.998794
    outer loop
      vertex 61 6 60.4
      vertex -82.5 4.98064 60.3499
      vertex -82.5 6 60.4
    endloop
  endfacet
  facet normal 0 0.146677 -0.989184
    outer loop
      vertex -82.5 3.97107 60.2002
      vertex 61 4.98064 60.3499
      vertex 61 3.97107 60.2002
    endloop
  endfacet
  facet normal 0 0.146677 -0.989184
    outer loop
      vertex 61 4.98064 60.3499
      vertex -82.5 3.97107 60.2002
      vertex -82.5 4.98064 60.3499
    endloop
  endfacet
  facet normal 0 0.242992 -0.970028
    outer loop
      vertex -82.5 2.98105 59.9522
      vertex 61 3.97107 60.2002
      vertex 61 2.98105 59.9522
    endloop
  endfacet
  facet normal 0 0.242992 -0.970028
    outer loop
      vertex 61 3.97107 60.2002
      vertex -82.5 2.98105 59.9522
      vertex -82.5 3.97107 60.2002
    endloop
  endfacet
  facet normal 0 0.336948 -0.941523
    outer loop
      vertex -82.5 2.0201 59.6083
      vertex 61 2.98105 59.9522
      vertex 61 2.0201 59.6083
    endloop
  endfacet
  facet normal 0 0.336948 -0.941523
    outer loop
      vertex 61 2.98105 59.9522
      vertex -82.5 2.0201 59.6083
      vertex -82.5 2.98105 59.9522
    endloop
  endfacet
  facet normal 0 0.427505 -0.904013
    outer loop
      vertex -82.5 1.09749 59.172
      vertex 61 2.0201 59.6083
      vertex 61 1.09749 59.172
    endloop
  endfacet
  facet normal 0 0.427505 -0.904013
    outer loop
      vertex 61 2.0201 59.6083
      vertex -82.5 1.09749 59.172
      vertex -82.5 2.0201 59.6083
    endloop
  endfacet
  facet normal 0 0.514101 -0.85773
    outer loop
      vertex -82.5 0.222076 58.6473
      vertex 61 1.09749 59.172
      vertex 61 0.222076 58.6473
    endloop
  endfacet
  facet normal 0 0.514101 -0.85773
    outer loop
      vertex 61 1.09749 59.172
      vertex -82.5 0.222076 58.6473
      vertex -82.5 1.09749 59.172
    endloop
  endfacet
  facet normal 0 0.595713 -0.803197
    outer loop
      vertex -82.5 -0.597687 58.0393
      vertex 61 0.222076 58.6473
      vertex 61 -0.597687 58.0393
    endloop
  endfacet
  facet normal 0 0.595713 -0.803197
    outer loop
      vertex 61 0.222076 58.6473
      vertex -82.5 -0.597687 58.0393
      vertex -82.5 0.222076 58.6473
    endloop
  endfacet
  facet normal 0 0.671564 -0.740947
    outer loop
      vertex -82.5 -1.3539 57.3539
      vertex 61 -0.597687 58.0393
      vertex 61 -1.3539 57.3539
    endloop
  endfacet
  facet normal 0 0.671564 -0.740947
    outer loop
      vertex 61 -0.597687 58.0393
      vertex -82.5 -1.3539 57.3539
      vertex -82.5 -0.597687 58.0393
    endloop
  endfacet
  facet normal 0 0.740936 -0.671575
    outer loop
      vertex 61 -2.03931 56.5977
      vertex -82.5 -1.3539 57.3539
      vertex 61 -1.3539 57.3539
    endloop
  endfacet
  facet normal 0 0.740936 -0.671575
    outer loop
      vertex -82.5 -1.3539 57.3539
      vertex 61 -2.03931 56.5977
      vertex -82.5 -2.03931 56.5977
    endloop
  endfacet
  facet normal 0 0.803224 -0.595677
    outer loop
      vertex 61 -2.64728 55.7779
      vertex -82.5 -2.03931 56.5977
      vertex 61 -2.03931 56.5977
    endloop
  endfacet
  facet normal 0 0.803224 -0.595677
    outer loop
      vertex -82.5 -2.03931 56.5977
      vertex 61 -2.64728 55.7779
      vertex -82.5 -2.64728 55.7779
    endloop
  endfacet
  facet normal 0 0.857731 -0.514099
    outer loop
      vertex 61 -3.17197 54.9025
      vertex -82.5 -2.64728 55.7779
      vertex 61 -2.64728 55.7779
    endloop
  endfacet
  facet normal 0 0.857731 -0.514099
    outer loop
      vertex -82.5 -2.64728 55.7779
      vertex 61 -3.17197 54.9025
      vertex -82.5 -3.17197 54.9025
    endloop
  endfacet
  facet normal 0 0.903984 -0.427565
    outer loop
      vertex 61 -3.60834 53.9799
      vertex -82.5 -3.17197 54.9025
      vertex 61 -3.17197 54.9025
    endloop
  endfacet
  facet normal 0 0.903984 -0.427565
    outer loop
      vertex -82.5 -3.17197 54.9025
      vertex 61 -3.60834 53.9799
      vertex -82.5 -3.60834 53.9799
    endloop
  endfacet
  facet normal 0 0.941536 -0.336911
    outer loop
      vertex 61 -3.95218 53.019
      vertex -82.5 -3.60834 53.9799
      vertex 61 -3.60834 53.9799
    endloop
  endfacet
  facet normal 0 0.941536 -0.336911
    outer loop
      vertex -82.5 -3.60834 53.9799
      vertex 61 -3.95218 53.019
      vertex -82.5 -3.95218 53.019
    endloop
  endfacet
  facet normal 0 0.970038 -0.242955
    outer loop
      vertex 61 -4.20016 52.0289
      vertex -82.5 -3.95218 53.019
      vertex 61 -3.95218 53.019
    endloop
  endfacet
  facet normal 0 0.970038 -0.242955
    outer loop
      vertex -82.5 -3.95218 53.019
      vertex 61 -4.20016 52.0289
      vertex -82.5 -4.20016 52.0289
    endloop
  endfacet
  facet normal 0 0.989176 -0.146735
    outer loop
      vertex 61 -4.34991 51.0194
      vertex -82.5 -4.20016 52.0289
      vertex 61 -4.20016 52.0289
    endloop
  endfacet
  facet normal 0 0.989176 -0.146735
    outer loop
      vertex -82.5 -4.20016 52.0289
      vertex 61 -4.34991 51.0194
      vertex -82.5 -4.34991 51.0194
    endloop
  endfacet
  facet normal 0 0.998795 -0.0490678
    outer loop
      vertex 61 -4.39999 50
      vertex -82.5 -4.34991 51.0194
      vertex 61 -4.34991 51.0194
    endloop
  endfacet
  facet normal 0 0.998795 -0.0490678
    outer loop
      vertex -82.5 -4.34991 51.0194
      vertex 61 -4.39999 50
      vertex -82.5 -4.39999 50
    endloop
  endfacet
  facet normal 0 0.998795 0.0490678
    outer loop
      vertex 61 -4.34991 48.9806
      vertex -82.5 -4.39999 50
      vertex 61 -4.39999 50
    endloop
  endfacet
  facet normal 0 0.998795 0.0490678
    outer loop
      vertex -82.5 -4.39999 50
      vertex 61 -4.34991 48.9806
      vertex -82.5 -4.34991 48.9806
    endloop
  endfacet
  facet normal 0 0.989176 0.146732
    outer loop
      vertex 86 -5.67134 47.6784
      vertex 61 -5.8427 48.8336
      vertex 86 -5.8427 48.8336
    endloop
  endfacet
  facet normal 0 0.989176 0.146732
    outer loop
      vertex 61 -5.8427 48.8336
      vertex 86 -5.67134 47.6784
      vertex 61 -5.67134 47.6784
    endloop
  endfacet
  facet normal 0 0.970032 0.242979
    outer loop
      vertex 86 -5.38759 46.5456
      vertex 61 -5.67134 47.6784
      vertex 86 -5.67134 47.6784
    endloop
  endfacet
  facet normal 0 0.970032 0.242979
    outer loop
      vertex 61 -5.67134 47.6784
      vertex 86 -5.38759 46.5456
      vertex 61 -5.38759 46.5456
    endloop
  endfacet
  facet normal 0 0.941538 0.336907
    outer loop
      vertex 86 -4.99416 45.4461
      vertex 61 -5.38759 46.5456
      vertex 86 -5.38759 46.5456
    endloop
  endfacet
  facet normal 0 0.941538 0.336907
    outer loop
      vertex 61 -5.38759 46.5456
      vertex 86 -4.99416 45.4461
      vertex 61 -4.99416 45.4461
    endloop
  endfacet
  facet normal 0 0.903992 0.427549
    outer loop
      vertex 86 -4.49486 44.3904
      vertex 61 -4.99416 45.4461
      vertex 86 -4.99416 45.4461
    endloop
  endfacet
  facet normal 0 0.903992 0.427549
    outer loop
      vertex 61 -4.99416 45.4461
      vertex 86 -4.49486 44.3904
      vertex 61 -4.49486 44.3904
    endloop
  endfacet
  facet normal 0 0.857738 0.514086
    outer loop
      vertex 86 -3.89449 43.3887
      vertex 61 -4.49486 44.3904
      vertex 86 -4.49486 44.3904
    endloop
  endfacet
  facet normal 0 0.857738 0.514086
    outer loop
      vertex 61 -4.49486 44.3904
      vertex 86 -3.89449 43.3887
      vertex 61 -3.89449 43.3887
    endloop
  endfacet
  facet normal 0 0.803207 0.5957
    outer loop
      vertex 86 -3.29034 42.5741
      vertex 61 -3.89449 43.3887
      vertex 86 -3.89449 43.3887
    endloop
  endfacet
  facet normal 0 0.803207 0.5957
    outer loop
      vertex 61 -3.89449 43.3887
      vertex 86 -3.29034 42.5741
      vertex 61 -3.29034 42.5741
    endloop
  endfacet
  facet normal -0 0.242872 0.970058
    outer loop
      vertex 61 3.67844 38.3287
      vertex 86 3.44079 38.3882
      vertex 86 3.67844 38.3287
    endloop
  endfacet
  facet normal 0 0.242872 0.970058
    outer loop
      vertex 86 3.44079 38.3882
      vertex 61 3.67844 38.3287
      vertex 61 3.44079 38.3882
    endloop
  endfacet
  facet normal -0 0.146771 0.989171
    outer loop
      vertex 61 4.8336 38.1573
      vertex 86 3.67844 38.3287
      vertex 86 4.8336 38.1573
    endloop
  endfacet
  facet normal 0 0.146771 0.989171
    outer loop
      vertex 86 3.67844 38.3287
      vertex 61 4.8336 38.1573
      vertex 61 3.67844 38.3287
    endloop
  endfacet
  facet normal -0 0.0490663 0.998796
    outer loop
      vertex 61 6 38.1
      vertex 86 4.8336 38.1573
      vertex 86 6 38.1
    endloop
  endfacet
  facet normal 0 0.0490663 0.998796
    outer loop
      vertex 86 4.8336 38.1573
      vertex 61 6 38.1
      vertex 61 4.8336 38.1573
    endloop
  endfacet
  facet normal 0 -0.0490663 0.998796
    outer loop
      vertex 61 7.1664 38.1573
      vertex 86 6 38.1
      vertex 86 7.1664 38.1573
    endloop
  endfacet
  facet normal 0 -0.0490663 0.998796
    outer loop
      vertex 86 6 38.1
      vertex 61 7.1664 38.1573
      vertex 61 6 38.1
    endloop
  endfacet
  facet normal 0 -0.146771 0.989171
    outer loop
      vertex 61 8.32156 38.3287
      vertex 86 7.1664 38.1573
      vertex 86 8.32156 38.3287
    endloop
  endfacet
  facet normal 0 -0.146771 0.989171
    outer loop
      vertex 86 7.1664 38.1573
      vertex 61 8.32156 38.3287
      vertex 61 7.1664 38.1573
    endloop
  endfacet
  facet normal 0 -0.242935 0.970043
    outer loop
      vertex 61 9.45438 38.6124
      vertex 86 8.32156 38.3287
      vertex 86 9.45438 38.6124
    endloop
  endfacet
  facet normal 0 -0.242935 0.970043
    outer loop
      vertex 86 8.32156 38.3287
      vertex 61 9.45438 38.6124
      vertex 61 8.32156 38.3287
    endloop
  endfacet
  facet normal 0 -0.336879 0.941548
    outer loop
      vertex 61 10.5539 39.0058
      vertex 86 9.45438 38.6124
      vertex 86 10.5539 39.0058
    endloop
  endfacet
  facet normal 0 -0.336879 0.941548
    outer loop
      vertex 86 9.45438 38.6124
      vertex 61 10.5539 39.0058
      vertex 61 9.45438 38.6124
    endloop
  endfacet
  facet normal 0 -0.427549 0.903992
    outer loop
      vertex 61 11.6096 39.5051
      vertex 86 10.5539 39.0058
      vertex 86 11.6096 39.5051
    endloop
  endfacet
  facet normal 0 -0.427549 0.903992
    outer loop
      vertex 86 10.5539 39.0058
      vertex 61 11.6096 39.5051
      vertex 61 10.5539 39.0058
    endloop
  endfacet
  facet normal 0 -0.514105 0.857727
    outer loop
      vertex 61 12.6113 40.1055
      vertex 86 11.6096 39.5051
      vertex 86 12.6113 40.1055
    endloop
  endfacet
  facet normal 0 -0.514105 0.857727
    outer loop
      vertex 86 11.6096 39.5051
      vertex 61 12.6113 40.1055
      vertex 61 11.6096 39.5051
    endloop
  endfacet
  facet normal 0 -0.595717 0.803195
    outer loop
      vertex 61 13.5493 40.8012
      vertex 86 12.6113 40.1055
      vertex 86 13.5493 40.8012
    endloop
  endfacet
  facet normal 0 -0.595717 0.803195
    outer loop
      vertex 86 12.6113 40.1055
      vertex 61 13.5493 40.8012
      vertex 61 12.6113 40.1055
    endloop
  endfacet
  facet normal 0 -0.67153 0.740978
    outer loop
      vertex 61 14.4146 41.5854
      vertex 86 13.5493 40.8012
      vertex 86 14.4146 41.5854
    endloop
  endfacet
  facet normal 0 -0.67153 0.740978
    outer loop
      vertex 86 13.5493 40.8012
      vertex 61 14.4146 41.5854
      vertex 61 13.5493 40.8012
    endloop
  endfacet
  facet normal 0 -0.77193 0.635707
    outer loop
      vertex 61 14.4146 41.5854
      vertex 86 14.416 41.5871
      vertex 61 14.416 41.5871
    endloop
  endfacet
  facet normal 0 -0.77193 0.635707
    outer loop
      vertex 86 14.416 41.5871
      vertex 61 14.4146 41.5854
      vertex 86 14.4146 41.5854
    endloop
  endfacet
  facet normal 0 -0.707103 0.707111
    outer loop
      vertex 61 14.416 41.5871
      vertex 86 22.829 50
      vertex 61 22.829 50
    endloop
  endfacet
  facet normal 0 -0.707103 0.707111
    outer loop
      vertex 86 22.829 50
      vertex 61 14.416 41.5871
      vertex 86 14.416 41.5871
    endloop
  endfacet
  facet normal 0 -0.707107 -0.707107
    outer loop
      vertex 61 15.4408 57.3882
      vertex 86 22.829 50
      vertex 86 15.4408 57.3882
    endloop
  endfacet
  facet normal -0 -0.707107 -0.707107
    outer loop
      vertex 86 22.829 50
      vertex 61 15.4408 57.3882
      vertex 61 22.829 50
    endloop
  endfacet
  facet normal 0 -0.242947 -0.970039
    outer loop
      vertex 61 8.32156 61.6713
      vertex 86 8.70966 61.5741
      vertex 86 8.32156 61.6713
    endloop
  endfacet
  facet normal -0 -0.242947 -0.970039
    outer loop
      vertex 86 8.70966 61.5741
      vertex 61 8.32156 61.6713
      vertex 61 8.70966 61.5741
    endloop
  endfacet
  facet normal 0 -0.146771 -0.989171
    outer loop
      vertex 61 7.1664 61.8427
      vertex 86 8.32156 61.6713
      vertex 86 7.1664 61.8427
    endloop
  endfacet
  facet normal -0 -0.146771 -0.989171
    outer loop
      vertex 86 8.32156 61.6713
      vertex 61 7.1664 61.8427
      vertex 61 8.32156 61.6713
    endloop
  endfacet
  facet normal 0 -0.0490663 -0.998796
    outer loop
      vertex 61 6 61.9
      vertex 86 7.1664 61.8427
      vertex 86 6 61.9
    endloop
  endfacet
  facet normal -0 -0.0490663 -0.998796
    outer loop
      vertex 86 7.1664 61.8427
      vertex 61 6 61.9
      vertex 61 7.1664 61.8427
    endloop
  endfacet
  facet normal 0 0.0490663 -0.998796
    outer loop
      vertex 61 4.8336 61.8427
      vertex 86 6 61.9
      vertex 86 4.8336 61.8427
    endloop
  endfacet
  facet normal 0 0.0490663 -0.998796
    outer loop
      vertex 86 6 61.9
      vertex 61 4.8336 61.8427
      vertex 61 6 61.9
    endloop
  endfacet
  facet normal 0 0.146771 -0.989171
    outer loop
      vertex 61 3.67844 61.6713
      vertex 86 4.8336 61.8427
      vertex 86 3.67844 61.6713
    endloop
  endfacet
  facet normal 0 0.146771 -0.989171
    outer loop
      vertex 86 4.8336 61.8427
      vertex 61 3.67844 61.6713
      vertex 61 4.8336 61.8427
    endloop
  endfacet
  facet normal 0 0.242935 -0.970043
    outer loop
      vertex 61 2.54562 61.3876
      vertex 86 3.67844 61.6713
      vertex 86 2.54562 61.3876
    endloop
  endfacet
  facet normal 0 0.242935 -0.970043
    outer loop
      vertex 86 3.67844 61.6713
      vertex 61 2.54562 61.3876
      vertex 61 3.67844 61.6713
    endloop
  endfacet
  facet normal 0 0.336873 -0.94155
    outer loop
      vertex 61 1.44608 60.9942
      vertex 86 2.54562 61.3876
      vertex 86 1.44608 60.9942
    endloop
  endfacet
  facet normal 0 0.336873 -0.94155
    outer loop
      vertex 86 2.54562 61.3876
      vertex 61 1.44608 60.9942
      vertex 61 2.54562 61.3876
    endloop
  endfacet
  facet normal 0 0.427549 -0.903992
    outer loop
      vertex 61 0.390381 60.4949
      vertex 86 1.44608 60.9942
      vertex 86 0.390381 60.4949
    endloop
  endfacet
  facet normal 0 0.427549 -0.903992
    outer loop
      vertex 86 1.44608 60.9942
      vertex 61 0.390381 60.4949
      vertex 61 1.44608 60.9942
    endloop
  endfacet
  facet normal 0 0.514119 -0.857719
    outer loop
      vertex 61 -0.611282 59.8945
      vertex 86 0.390381 60.4949
      vertex 86 -0.611282 59.8945
    endloop
  endfacet
  facet normal 0 0.514119 -0.857719
    outer loop
      vertex 86 0.390381 60.4949
      vertex 61 -0.611282 59.8945
      vertex 61 0.390381 60.4949
    endloop
  endfacet
  facet normal 0 0.595722 -0.803191
    outer loop
      vertex 61 -1.54927 59.1988
      vertex 86 -0.611282 59.8945
      vertex 86 -1.54927 59.1988
    endloop
  endfacet
  facet normal 0 0.595722 -0.803191
    outer loop
      vertex 86 -0.611282 59.8945
      vertex 61 -1.54927 59.1988
      vertex 61 -0.611282 59.8945
    endloop
  endfacet
  facet normal 0 0.67153 -0.740978
    outer loop
      vertex 61 -2.41457 58.4146
      vertex 86 -1.54927 59.1988
      vertex 86 -2.41457 58.4146
    endloop
  endfacet
  facet normal 0 0.67153 -0.740978
    outer loop
      vertex 86 -1.54927 59.1988
      vertex 61 -2.41457 58.4146
      vertex 61 -1.54927 59.1988
    endloop
  endfacet
  facet normal 0 0.740956 -0.671553
    outer loop
      vertex 86 -3.19882 57.5493
      vertex 61 -2.41457 58.4146
      vertex 86 -2.41457 58.4146
    endloop
  endfacet
  facet normal 0 0.740956 -0.671553
    outer loop
      vertex 61 -2.41457 58.4146
      vertex 86 -3.19882 57.5493
      vertex 61 -3.19882 57.5493
    endloop
  endfacet
  facet normal 0 0.803207 -0.5957
    outer loop
      vertex 86 -3.89449 56.6113
      vertex 61 -3.19882 57.5493
      vertex 86 -3.19882 57.5493
    endloop
  endfacet
  facet normal 0 0.803207 -0.5957
    outer loop
      vertex 61 -3.19882 57.5493
      vertex 86 -3.89449 56.6113
      vertex 61 -3.89449 56.6113
    endloop
  endfacet
  facet normal 0 0.857738 -0.514086
    outer loop
      vertex 86 -4.49486 55.6096
      vertex 61 -3.89449 56.6113
      vertex 86 -3.89449 56.6113
    endloop
  endfacet
  facet normal 0 0.857738 -0.514086
    outer loop
      vertex 61 -3.89449 56.6113
      vertex 86 -4.49486 55.6096
      vertex 61 -4.49486 55.6096
    endloop
  endfacet
  facet normal 0 0.903992 -0.427549
    outer loop
      vertex 86 -4.99416 54.5539
      vertex 61 -4.49486 55.6096
      vertex 86 -4.49486 55.6096
    endloop
  endfacet
  facet normal 0 0.903992 -0.427549
    outer loop
      vertex 61 -4.49486 55.6096
      vertex 86 -4.99416 54.5539
      vertex 61 -4.99416 54.5539
    endloop
  endfacet
  facet normal 0 0.941538 -0.336907
    outer loop
      vertex 86 -5.38759 53.4544
      vertex 61 -4.99416 54.5539
      vertex 86 -4.99416 54.5539
    endloop
  endfacet
  facet normal 0 0.941538 -0.336907
    outer loop
      vertex 61 -4.99416 54.5539
      vertex 86 -5.38759 53.4544
      vertex 61 -5.38759 53.4544
    endloop
  endfacet
  facet normal 0 0.970032 -0.242979
    outer loop
      vertex 86 -5.67134 52.3216
      vertex 61 -5.38759 53.4544
      vertex 86 -5.38759 53.4544
    endloop
  endfacet
  facet normal 0 0.970032 -0.242979
    outer loop
      vertex 61 -5.38759 53.4544
      vertex 86 -5.67134 52.3216
      vertex 61 -5.67134 52.3216
    endloop
  endfacet
  facet normal 0 0.989176 -0.146732
    outer loop
      vertex 86 -5.8427 51.1664
      vertex 61 -5.67134 52.3216
      vertex 86 -5.67134 52.3216
    endloop
  endfacet
  facet normal 0 0.989176 -0.146732
    outer loop
      vertex 61 -5.67134 52.3216
      vertex 86 -5.8427 51.1664
      vertex 61 -5.8427 51.1664
    endloop
  endfacet
  facet normal 0 0.998796 -0.0490578
    outer loop
      vertex 86 -5.89999 50
      vertex 61 -5.8427 51.1664
      vertex 86 -5.8427 51.1664
    endloop
  endfacet
  facet normal 0 0.998796 -0.0490578
    outer loop
      vertex 61 -5.8427 51.1664
      vertex 86 -5.89999 50
      vertex 61 -5.89999 50
    endloop
  endfacet
  facet normal 0 0.998796 0.0490578
    outer loop
      vertex 86 -5.8427 48.8336
      vertex 61 -5.89999 50
      vertex 86 -5.89999 50
    endloop
  endfacet
  facet normal 0 0.998796 0.0490578
    outer loop
      vertex 61 -5.89999 50
      vertex 86 -5.8427 48.8336
      vertex 61 -5.8427 48.8336
    endloop
  endfacet
  facet normal 1 0 0
    outer loop
      vertex -82.5 25.3551 76.3526
      vertex -82.5 30 66.2923
      vertex -82.5 30 71.7077
    endloop
  endfacet
  facet normal 1 0 0
    outer loop
      vertex -82.5 25.3551 76.3526
      vertex -82.5 25.3551 61.6474
      vertex -82.5 30 66.2923
    endloop
  endfacet
  facet normal 1 0 0
    outer loop
      vertex -82.5 24.5977 77.0393
      vertex -82.5 25.3551 76.3526
      vertex -82.5 25.3539 76.3539
    endloop
  endfacet
  facet normal 1 0 0
    outer loop
      vertex -82.5 25.3551 76.3526
      vertex -82.5 24.5977 77.0393
      vertex -82.5 25.3551 61.6474
    endloop
  endfacet
  facet normal 1 0 0
    outer loop
      vertex -82.5 24.5977 60.9607
      vertex -82.5 25.3551 61.6474
      vertex -82.5 24.5977 77.0393
    endloop
  endfacet
  facet normal 1 0 0
    outer loop
      vertex -82.5 25.3551 61.6474
      vertex -82.5 24.5977 60.9607
      vertex -82.5 25.3539 61.6461
    endloop
  endfacet
  facet normal 1 0 0
    outer loop
      vertex -82.5 23.7779 77.6473
      vertex -82.5 24.5977 60.9607
      vertex -82.5 24.5977 77.0393
    endloop
  endfacet
  facet normal 1 0 0
    outer loop
      vertex -82.5 23.7779 77.6473
      vertex -82.5 23.7779 60.3527
      vertex -82.5 24.5977 60.9607
    endloop
  endfacet
  facet normal 1 0 0
    outer loop
      vertex -82.5 22.9025 78.172
      vertex -82.5 23.7779 60.3527
      vertex -82.5 23.7779 77.6473
    endloop
  endfacet
  facet normal 1 0 0
    outer loop
      vertex -82.5 22.9025 78.172
      vertex -82.5 22.9025 59.828
      vertex -82.5 23.7779 60.3527
    endloop
  endfacet
  facet normal 1 0 0
    outer loop
      vertex -82.5 21.9799 78.6083
      vertex -82.5 22.9025 59.828
      vertex -82.5 22.9025 78.172
    endloop
  endfacet
  facet normal 1 0 0
    outer loop
      vertex -82.5 21.9799 78.6083
      vertex -82.5 21.9799 59.3917
      vertex -82.5 22.9025 59.828
    endloop
  endfacet
  facet normal 1 0 0
    outer loop
      vertex -82.5 21.019 78.9522
      vertex -82.5 21.9799 59.3917
      vertex -82.5 21.9799 78.6083
    endloop
  endfacet
  facet normal 1 0 0
    outer loop
      vertex -82.5 21.019 78.9522
      vertex -82.5 21.019 59.0478
      vertex -82.5 21.9799 59.3917
    endloop
  endfacet
  facet normal 1 0 0
    outer loop
      vertex -82.5 20.0289 79.2002
      vertex -82.5 21.019 59.0478
      vertex -82.5 21.019 78.9522
    endloop
  endfacet
  facet normal 1 0 0
    outer loop
      vertex -82.5 20.0289 79.2002
      vertex -82.5 20.0289 58.7998
      vertex -82.5 21.019 59.0478
    endloop
  endfacet
  facet normal 1 0 0
    outer loop
      vertex -82.5 19.0194 79.3499
      vertex -82.5 20.0289 58.7998
      vertex -82.5 20.0289 79.2002
    endloop
  endfacet
  facet normal 1 0 0
    outer loop
      vertex -82.5 19.0194 79.3499
      vertex -82.5 19.0194 58.6501
      vertex -82.5 20.0289 58.7998
    endloop
  endfacet
  facet normal 1 0 0
    outer loop
      vertex -82.5 18 79.4
      vertex -82.5 19.0194 58.6501
      vertex -82.5 19.0194 79.3499
    endloop
  endfacet
  facet normal 1 0 0
    outer loop
      vertex -82.5 18 79.4
      vertex -82.5 18 58.6
      vertex -82.5 19.0194 58.6501
    endloop
  endfacet
  facet normal 1 -0 0
    outer loop
      vertex -82.5 16.9806 79.3499
      vertex -82.5 18 58.6
      vertex -82.5 18 79.4
    endloop
  endfacet
  facet normal 1 0 0
    outer loop
      vertex -82.5 16.9806 79.3499
      vertex -82.5 16.9806 58.6501
      vertex -82.5 18 58.6
    endloop
  endfacet
  facet normal 1 -0 0
    outer loop
      vertex -82.5 15.9711 79.2002
      vertex -82.5 16.9806 58.6501
      vertex -82.5 16.9806 79.3499
    endloop
  endfacet
  facet normal 1 0 0
    outer loop
      vertex -82.5 15.9711 79.2002
      vertex -82.5 15.9711 58.7998
      vertex -82.5 16.9806 58.6501
    endloop
  endfacet
  facet normal 1 -0 0
    outer loop
      vertex -82.5 14.981 78.9522
      vertex -82.5 15.9711 58.7998
      vertex -82.5 15.9711 79.2002
    endloop
  endfacet
  facet normal 1 0 0
    outer loop
      vertex -82.5 14.981 78.9522
      vertex -82.5 14.981 59.0478
      vertex -82.5 15.9711 58.7998
    endloop
  endfacet
  facet normal 1 -0 0
    outer loop
      vertex -82.5 14.0201 78.6083
      vertex -82.5 14.981 59.0478
      vertex -82.5 14.981 78.9522
    endloop
  endfacet
  facet normal 1 0 0
    outer loop
      vertex -82.5 14.0201 78.6083
      vertex -82.5 14.0201 59.3917
      vertex -82.5 14.981 59.0478
    endloop
  endfacet
  facet normal 1 -0 0
    outer loop
      vertex -82.5 13.0975 78.172
      vertex -82.5 14.0201 59.3917
      vertex -82.5 14.0201 78.6083
    endloop
  endfacet
  facet normal 1 0 0
    outer loop
      vertex -82.5 13.0975 78.172
      vertex -82.5 13.0975 59.828
      vertex -82.5 14.0201 59.3917
    endloop
  endfacet
  facet normal 1 -0 0
    outer loop
      vertex -82.5 12.2221 77.6473
      vertex -82.5 13.0975 59.828
      vertex -82.5 13.0975 78.172
    endloop
  endfacet
  facet normal 1 0 0
    outer loop
      vertex -82.5 12.2221 77.6473
      vertex -82.5 12.2221 60.3527
      vertex -82.5 13.0975 59.828
    endloop
  endfacet
  facet normal 1 -0 0
    outer loop
      vertex -82.5 11.4023 77.0393
      vertex -82.5 12.2221 60.3527
      vertex -82.5 12.2221 77.6473
    endloop
  endfacet
  facet normal 1 0 0
    outer loop
      vertex -82.5 11.4023 77.0393
      vertex -82.5 11.4023 60.9607
      vertex -82.5 12.2221 60.3527
    endloop
  endfacet
  facet normal 1 -0 0
    outer loop
      vertex -82.5 10.6461 76.3539
      vertex -82.5 11.4023 60.9607
      vertex -82.5 11.4023 77.0393
    endloop
  endfacet
  facet normal 1 0 0
    outer loop
      vertex -82.5 10.6461 76.3539
      vertex -82.5 10.6461 61.6461
      vertex -82.5 11.4023 60.9607
    endloop
  endfacet
  facet normal 1 -0 0
    outer loop
      vertex -82.5 9.96069 75.5977
      vertex -82.5 10.6461 61.6461
      vertex -82.5 10.6461 76.3539
    endloop
  endfacet
  facet normal 1 0 0
    outer loop
      vertex -82.5 9.96069 75.5977
      vertex -82.5 9.96069 62.4023
      vertex -82.5 10.6461 61.6461
    endloop
  endfacet
  facet normal 1 -0 0
    outer loop
      vertex -82.5 9.35272 74.7779
      vertex -82.5 9.96069 62.4023
      vertex -82.5 9.96069 75.5977
    endloop
  endfacet
  facet normal 1 0 0
    outer loop
      vertex -82.5 9.35272 74.7779
      vertex -82.5 9.35272 63.2221
      vertex -82.5 9.96069 62.4023
    endloop
  endfacet
  facet normal 1 -0 0
    outer loop
      vertex -82.5 8.82803 73.9025
      vertex -82.5 9.35272 63.2221
      vertex -82.5 9.35272 74.7779
    endloop
  endfacet
  facet normal 1 0 0
    outer loop
      vertex -82.5 8.82803 73.9025
      vertex -82.5 8.82803 64.0975
      vertex -82.5 9.35272 63.2221
    endloop
  endfacet
  facet normal 1 -0 0
    outer loop
      vertex -82.5 8.39166 72.9799
      vertex -82.5 8.82803 64.0975
      vertex -82.5 8.82803 73.9025
    endloop
  endfacet
  facet normal 1 0 0
    outer loop
      vertex -82.5 8.39166 72.9799
      vertex -82.5 8.39166 65.0201
      vertex -82.5 8.82803 64.0975
    endloop
  endfacet
  facet normal 1 -0 0
    outer loop
      vertex -82.5 8.04782 72.019
      vertex -82.5 8.39166 65.0201
      vertex -82.5 8.39166 72.9799
    endloop
  endfacet
  facet normal 1 0 0
    outer loop
      vertex -82.5 8.04782 72.019
      vertex -82.5 8.04782 65.981
      vertex -82.5 8.39166 65.0201
    endloop
  endfacet
  facet normal 1 -0 0
    outer loop
      vertex -82.5 7.79984 71.0289
      vertex -82.5 8.04782 65.981
      vertex -82.5 8.04782 72.019
    endloop
  endfacet
  facet normal 1 0 0
    outer loop
      vertex -82.5 7.79984 71.0289
      vertex -82.5 7.79984 66.9711
      vertex -82.5 8.04782 65.981
    endloop
  endfacet
  facet normal 1 -0 0
    outer loop
      vertex -82.5 7.65009 70.0194
      vertex -82.5 7.79984 66.9711
      vertex -82.5 7.79984 71.0289
    endloop
  endfacet
  facet normal 1 0 0
    outer loop
      vertex -82.5 7.65009 70.0194
      vertex -82.5 7.65009 67.9806
      vertex -82.5 7.79984 66.9711
    endloop
  endfacet
  facet normal 1 0 -0
    outer loop
      vertex -82.5 7.65009 67.9806
      vertex -82.5 7.65009 70.0194
      vertex -82.5 7.60001 69
    endloop
  endfacet
  facet normal 0 0.989176 0.146735
    outer loop
      vertex 61 7.79984 66.9711
      vertex -82.5 7.65009 67.9806
      vertex 61 7.65009 67.9806
    endloop
  endfacet
  facet normal 0 0.989176 0.146735
    outer loop
      vertex -82.5 7.65009 67.9806
      vertex 61 7.79984 66.9711
      vertex -82.5 7.79984 66.9711
    endloop
  endfacet
  facet normal 0 0.970038 0.242955
    outer loop
      vertex 61 8.04782 65.981
      vertex -82.5 7.79984 66.9711
      vertex 61 7.79984 66.9711
    endloop
  endfacet
  facet normal 0 0.970038 0.242955
    outer loop
      vertex -82.5 7.79984 66.9711
      vertex 61 8.04782 65.981
      vertex -82.5 8.04782 65.981
    endloop
  endfacet
  facet normal 0 0.941536 0.336911
    outer loop
      vertex 61 8.39166 65.0201
      vertex -82.5 8.04782 65.981
      vertex 61 8.04782 65.981
    endloop
  endfacet
  facet normal 0 0.941536 0.336911
    outer loop
      vertex -82.5 8.04782 65.981
      vertex 61 8.39166 65.0201
      vertex -82.5 8.39166 65.0201
    endloop
  endfacet
  facet normal 0 0.903984 0.427565
    outer loop
      vertex 61 8.82803 64.0975
      vertex -82.5 8.39166 65.0201
      vertex 61 8.39166 65.0201
    endloop
  endfacet
  facet normal 0 0.903984 0.427565
    outer loop
      vertex -82.5 8.39166 65.0201
      vertex 61 8.82803 64.0975
      vertex -82.5 8.82803 64.0975
    endloop
  endfacet
  facet normal 0 0.857731 0.514099
    outer loop
      vertex 61 9.35272 63.2221
      vertex -82.5 8.82803 64.0975
      vertex 61 8.82803 64.0975
    endloop
  endfacet
  facet normal 0 0.857731 0.514099
    outer loop
      vertex -82.5 8.82803 64.0975
      vertex 61 9.35272 63.2221
      vertex -82.5 9.35272 63.2221
    endloop
  endfacet
  facet normal 0 0.803224 0.595677
    outer loop
      vertex 61 9.96069 62.4023
      vertex -82.5 9.35272 63.2221
      vertex 61 9.35272 63.2221
    endloop
  endfacet
  facet normal 0 0.803224 0.595677
    outer loop
      vertex -82.5 9.35272 63.2221
      vertex 61 9.96069 62.4023
      vertex -82.5 9.96069 62.4023
    endloop
  endfacet
  facet normal 0 0.740936 0.671575
    outer loop
      vertex 61 10.6461 61.6461
      vertex -82.5 9.96069 62.4023
      vertex 61 9.96069 62.4023
    endloop
  endfacet
  facet normal 0 0.740936 0.671575
    outer loop
      vertex -82.5 9.96069 62.4023
      vertex 61 10.6461 61.6461
      vertex -82.5 10.6461 61.6461
    endloop
  endfacet
  facet normal -0 0.67157 0.740941
    outer loop
      vertex -82.5 11.4023 60.9607
      vertex 61 10.6461 61.6461
      vertex 61 11.4023 60.9607
    endloop
  endfacet
  facet normal 0 0.67157 0.740941
    outer loop
      vertex 61 10.6461 61.6461
      vertex -82.5 11.4023 60.9607
      vertex -82.5 10.6461 61.6461
    endloop
  endfacet
  facet normal -0 0.595696 0.80321
    outer loop
      vertex -82.5 12.2221 60.3527
      vertex 61 11.4023 60.9607
      vertex 61 12.2221 60.3527
    endloop
  endfacet
  facet normal 0 0.595696 0.80321
    outer loop
      vertex 61 11.4023 60.9607
      vertex -82.5 12.2221 60.3527
      vertex -82.5 11.4023 60.9607
    endloop
  endfacet
  facet normal -0 0.514107 0.857726
    outer loop
      vertex -82.5 13.0975 59.828
      vertex 61 12.2221 60.3527
      vertex 61 13.0975 59.828
    endloop
  endfacet
  facet normal 0 0.514107 0.857726
    outer loop
      vertex 61 12.2221 60.3527
      vertex -82.5 13.0975 59.828
      vertex -82.5 12.2221 60.3527
    endloop
  endfacet
  facet normal -0 0.427509 0.904011
    outer loop
      vertex -82.5 14.0201 59.3917
      vertex 61 13.0975 59.828
      vertex 61 14.0201 59.3917
    endloop
  endfacet
  facet normal 0 0.427509 0.904011
    outer loop
      vertex 61 13.0975 59.828
      vertex -82.5 14.0201 59.3917
      vertex -82.5 13.0975 59.828
    endloop
  endfacet
  facet normal -0 0.336963 0.941518
    outer loop
      vertex -82.5 14.981 59.0478
      vertex 61 14.0201 59.3917
      vertex 61 14.981 59.0478
    endloop
  endfacet
  facet normal 0 0.336963 0.941518
    outer loop
      vertex 61 14.0201 59.3917
      vertex -82.5 14.981 59.0478
      vertex -82.5 14.0201 59.3917
    endloop
  endfacet
  facet normal -0 0.242974 0.970033
    outer loop
      vertex -82.5 15.9711 58.7998
      vertex 61 14.981 59.0478
      vertex 61 15.9711 58.7998
    endloop
  endfacet
  facet normal 0 0.242974 0.970033
    outer loop
      vertex 61 14.981 59.0478
      vertex -82.5 15.9711 58.7998
      vertex -82.5 14.981 59.0478
    endloop
  endfacet
  facet normal -0 0.146687 0.989183
    outer loop
      vertex -82.5 16.9806 58.6501
      vertex 61 15.9711 58.7998
      vertex 61 16.9806 58.6501
    endloop
  endfacet
  facet normal 0 0.146687 0.989183
    outer loop
      vertex 61 15.9711 58.7998
      vertex -82.5 16.9806 58.6501
      vertex -82.5 15.9711 58.7998
    endloop
  endfacet
  facet normal -0 0.0490873 0.998794
    outer loop
      vertex -82.5 18 58.6
      vertex 61 16.9806 58.6501
      vertex 61 18 58.6
    endloop
  endfacet
  facet normal 0 0.0490873 0.998794
    outer loop
      vertex 61 16.9806 58.6501
      vertex -82.5 18 58.6
      vertex -82.5 16.9806 58.6501
    endloop
  endfacet
  facet normal 0 -0.0490873 0.998794
    outer loop
      vertex -82.5 19.0194 58.6501
      vertex 61 18 58.6
      vertex 61 19.0194 58.6501
    endloop
  endfacet
  facet normal 0 -0.0490873 0.998794
    outer loop
      vertex 61 18 58.6
      vertex -82.5 19.0194 58.6501
      vertex -82.5 18 58.6
    endloop
  endfacet
  facet normal 0 -0.146687 0.989183
    outer loop
      vertex -82.5 20.0289 58.7998
      vertex 61 19.0194 58.6501
      vertex 61 20.0289 58.7998
    endloop
  endfacet
  facet normal 0 -0.146687 0.989183
    outer loop
      vertex 61 19.0194 58.6501
      vertex -82.5 20.0289 58.7998
      vertex -82.5 19.0194 58.6501
    endloop
  endfacet
  facet normal 0 -0.242974 0.970033
    outer loop
      vertex -82.5 21.019 59.0478
      vertex 61 20.0289 58.7998
      vertex 61 21.019 59.0478
    endloop
  endfacet
  facet normal 0 -0.242974 0.970033
    outer loop
      vertex 61 20.0289 58.7998
      vertex -82.5 21.019 59.0478
      vertex -82.5 20.0289 58.7998
    endloop
  endfacet
  facet normal 0 -0.336963 0.941518
    outer loop
      vertex -82.5 21.9799 59.3917
      vertex 61 21.019 59.0478
      vertex 61 21.9799 59.3917
    endloop
  endfacet
  facet normal 0 -0.336963 0.941518
    outer loop
      vertex 61 21.019 59.0478
      vertex -82.5 21.9799 59.3917
      vertex -82.5 21.019 59.0478
    endloop
  endfacet
  facet normal 0 -0.427509 0.904011
    outer loop
      vertex -82.5 22.9025 59.828
      vertex 61 21.9799 59.3917
      vertex 61 22.9025 59.828
    endloop
  endfacet
  facet normal 0 -0.427509 0.904011
    outer loop
      vertex 61 21.9799 59.3917
      vertex -82.5 22.9025 59.828
      vertex -82.5 21.9799 59.3917
    endloop
  endfacet
  facet normal 0 -0.514107 0.857726
    outer loop
      vertex -82.5 23.7779 60.3527
      vertex 61 22.9025 59.828
      vertex 61 23.7779 60.3527
    endloop
  endfacet
  facet normal 0 -0.514107 0.857726
    outer loop
      vertex 61 22.9025 59.828
      vertex -82.5 23.7779 60.3527
      vertex -82.5 22.9025 59.828
    endloop
  endfacet
  facet normal 0 -0.595696 0.80321
    outer loop
      vertex -82.5 24.5977 60.9607
      vertex 61 23.7779 60.3527
      vertex 61 24.5977 60.9607
    endloop
  endfacet
  facet normal 0 -0.595696 0.80321
    outer loop
      vertex 61 23.7779 60.3527
      vertex -82.5 24.5977 60.9607
      vertex -82.5 23.7779 60.3527
    endloop
  endfacet
  facet normal 0 -0.67157 0.740941
    outer loop
      vertex -82.5 25.3539 61.6461
      vertex 61 24.5977 60.9607
      vertex 61 25.3539 61.6461
    endloop
  endfacet
  facet normal 0 -0.67157 0.740941
    outer loop
      vertex 61 24.5977 60.9607
      vertex -82.5 25.3539 61.6461
      vertex -82.5 24.5977 60.9607
    endloop
  endfacet
  facet normal 0 -0.734803 0.67828
    outer loop
      vertex -82.5 25.3539 61.6461
      vertex 61 25.3551 61.6474
      vertex -82.5 25.3551 61.6474
    endloop
  endfacet
  facet normal 0 -0.734803 0.67828
    outer loop
      vertex 61 25.3551 61.6474
      vertex -82.5 25.3539 61.6461
      vertex 61 25.3539 61.6461
    endloop
  endfacet
  facet normal 0 -0.707107 0.707107
    outer loop
      vertex -82.5 25.3551 61.6474
      vertex 61 30 66.2923
      vertex -82.5 30 66.2923
    endloop
  endfacet
  facet normal 0 -0.707107 0.707107
    outer loop
      vertex 61 30 66.2923
      vertex -82.5 25.3551 61.6474
      vertex 61 25.3551 61.6474
    endloop
  endfacet
  facet normal 0 -0.707107 -0.707107
    outer loop
      vertex -82.5 30 71.7077
      vertex 61 25.3551 76.3526
      vertex -82.5 25.3551 76.3526
    endloop
  endfacet
  facet normal 0 -0.707107 -0.707107
    outer loop
      vertex 61 25.3551 76.3526
      vertex -82.5 30 71.7077
      vertex 61 30 71.7077
    endloop
  endfacet
  facet normal 0 -0.734803 -0.67828
    outer loop
      vertex -82.5 25.3551 76.3526
      vertex 61 25.3539 76.3539
      vertex -82.5 25.3539 76.3539
    endloop
  endfacet
  facet normal 0 -0.734803 -0.67828
    outer loop
      vertex 61 25.3539 76.3539
      vertex -82.5 25.3551 76.3526
      vertex 61 25.3551 76.3526
    endloop
  endfacet
  facet normal 0 -0.67157 -0.740941
    outer loop
      vertex -82.5 24.5977 77.0393
      vertex 61 25.3539 76.3539
      vertex 61 24.5977 77.0393
    endloop
  endfacet
  facet normal -0 -0.67157 -0.740941
    outer loop
      vertex 61 25.3539 76.3539
      vertex -82.5 24.5977 77.0393
      vertex -82.5 25.3539 76.3539
    endloop
  endfacet
  facet normal 0 -0.595696 -0.80321
    outer loop
      vertex -82.5 23.7779 77.6473
      vertex 61 24.5977 77.0393
      vertex 61 23.7779 77.6473
    endloop
  endfacet
  facet normal -0 -0.595696 -0.80321
    outer loop
      vertex 61 24.5977 77.0393
      vertex -82.5 23.7779 77.6473
      vertex -82.5 24.5977 77.0393
    endloop
  endfacet
  facet normal 0 -0.514107 -0.857726
    outer loop
      vertex -82.5 22.9025 78.172
      vertex 61 23.7779 77.6473
      vertex 61 22.9025 78.172
    endloop
  endfacet
  facet normal -0 -0.514107 -0.857726
    outer loop
      vertex 61 23.7779 77.6473
      vertex -82.5 22.9025 78.172
      vertex -82.5 23.7779 77.6473
    endloop
  endfacet
  facet normal 0 -0.427509 -0.904011
    outer loop
      vertex -82.5 21.9799 78.6083
      vertex 61 22.9025 78.172
      vertex 61 21.9799 78.6083
    endloop
  endfacet
  facet normal -0 -0.427509 -0.904011
    outer loop
      vertex 61 22.9025 78.172
      vertex -82.5 21.9799 78.6083
      vertex -82.5 22.9025 78.172
    endloop
  endfacet
  facet normal 0 -0.336963 -0.941518
    outer loop
      vertex -82.5 21.019 78.9522
      vertex 61 21.9799 78.6083
      vertex 61 21.019 78.9522
    endloop
  endfacet
  facet normal -0 -0.336963 -0.941518
    outer loop
      vertex 61 21.9799 78.6083
      vertex -82.5 21.019 78.9522
      vertex -82.5 21.9799 78.6083
    endloop
  endfacet
  facet normal 0 -0.242974 -0.970033
    outer loop
      vertex -82.5 20.0289 79.2002
      vertex 61 21.019 78.9522
      vertex 61 20.0289 79.2002
    endloop
  endfacet
  facet normal -0 -0.242974 -0.970033
    outer loop
      vertex 61 21.019 78.9522
      vertex -82.5 20.0289 79.2002
      vertex -82.5 21.019 78.9522
    endloop
  endfacet
  facet normal 0 -0.146687 -0.989183
    outer loop
      vertex -82.5 19.0194 79.3499
      vertex 61 20.0289 79.2002
      vertex 61 19.0194 79.3499
    endloop
  endfacet
  facet normal -0 -0.146687 -0.989183
    outer loop
      vertex 61 20.0289 79.2002
      vertex -82.5 19.0194 79.3499
      vertex -82.5 20.0289 79.2002
    endloop
  endfacet
  facet normal 0 -0.0490873 -0.998794
    outer loop
      vertex -82.5 18 79.4
      vertex 61 19.0194 79.3499
      vertex 61 18 79.4
    endloop
  endfacet
  facet normal -0 -0.0490873 -0.998794
    outer loop
      vertex 61 19.0194 79.3499
      vertex -82.5 18 79.4
      vertex -82.5 19.0194 79.3499
    endloop
  endfacet
  facet normal 0 0.0490873 -0.998794
    outer loop
      vertex -82.5 16.9806 79.3499
      vertex 61 18 79.4
      vertex 61 16.9806 79.3499
    endloop
  endfacet
  facet normal 0 0.0490873 -0.998794
    outer loop
      vertex 61 18 79.4
      vertex -82.5 16.9806 79.3499
      vertex -82.5 18 79.4
    endloop
  endfacet
  facet normal 0 0.146687 -0.989183
    outer loop
      vertex -82.5 15.9711 79.2002
      vertex 61 16.9806 79.3499
      vertex 61 15.9711 79.2002
    endloop
  endfacet
  facet normal 0 0.146687 -0.989183
    outer loop
      vertex 61 16.9806 79.3499
      vertex -82.5 15.9711 79.2002
      vertex -82.5 16.9806 79.3499
    endloop
  endfacet
  facet normal 0 0.242974 -0.970033
    outer loop
      vertex -82.5 14.981 78.9522
      vertex 61 15.9711 79.2002
      vertex 61 14.981 78.9522
    endloop
  endfacet
  facet normal 0 0.242974 -0.970033
    outer loop
      vertex 61 15.9711 79.2002
      vertex -82.5 14.981 78.9522
      vertex -82.5 15.9711 79.2002
    endloop
  endfacet
  facet normal 0 0.336963 -0.941518
    outer loop
      vertex -82.5 14.0201 78.6083
      vertex 61 14.981 78.9522
      vertex 61 14.0201 78.6083
    endloop
  endfacet
  facet normal 0 0.336963 -0.941518
    outer loop
      vertex 61 14.981 78.9522
      vertex -82.5 14.0201 78.6083
      vertex -82.5 14.981 78.9522
    endloop
  endfacet
  facet normal 0 0.427509 -0.904011
    outer loop
      vertex -82.5 13.0975 78.172
      vertex 61 14.0201 78.6083
      vertex 61 13.0975 78.172
    endloop
  endfacet
  facet normal 0 0.427509 -0.904011
    outer loop
      vertex 61 14.0201 78.6083
      vertex -82.5 13.0975 78.172
      vertex -82.5 14.0201 78.6083
    endloop
  endfacet
  facet normal 0 0.514107 -0.857726
    outer loop
      vertex -82.5 12.2221 77.6473
      vertex 61 13.0975 78.172
      vertex 61 12.2221 77.6473
    endloop
  endfacet
  facet normal 0 0.514107 -0.857726
    outer loop
      vertex 61 13.0975 78.172
      vertex -82.5 12.2221 77.6473
      vertex -82.5 13.0975 78.172
    endloop
  endfacet
  facet normal 0 0.595696 -0.80321
    outer loop
      vertex -82.5 11.4023 77.0393
      vertex 61 12.2221 77.6473
      vertex 61 11.4023 77.0393
    endloop
  endfacet
  facet normal 0 0.595696 -0.80321
    outer loop
      vertex 61 12.2221 77.6473
      vertex -82.5 11.4023 77.0393
      vertex -82.5 12.2221 77.6473
    endloop
  endfacet
  facet normal 0 0.67157 -0.740941
    outer loop
      vertex -82.5 10.6461 76.3539
      vertex 61 11.4023 77.0393
      vertex 61 10.6461 76.3539
    endloop
  endfacet
  facet normal 0 0.67157 -0.740941
    outer loop
      vertex 61 11.4023 77.0393
      vertex -82.5 10.6461 76.3539
      vertex -82.5 11.4023 77.0393
    endloop
  endfacet
  facet normal 0 0.740936 -0.671575
    outer loop
      vertex 61 9.96069 75.5977
      vertex -82.5 10.6461 76.3539
      vertex 61 10.6461 76.3539
    endloop
  endfacet
  facet normal 0 0.740936 -0.671575
    outer loop
      vertex -82.5 10.6461 76.3539
      vertex 61 9.96069 75.5977
      vertex -82.5 9.96069 75.5977
    endloop
  endfacet
  facet normal 0 0.803224 -0.595677
    outer loop
      vertex 61 9.35272 74.7779
      vertex -82.5 9.96069 75.5977
      vertex 61 9.96069 75.5977
    endloop
  endfacet
  facet normal 0 0.803224 -0.595677
    outer loop
      vertex -82.5 9.96069 75.5977
      vertex 61 9.35272 74.7779
      vertex -82.5 9.35272 74.7779
    endloop
  endfacet
  facet normal 0 0.857731 -0.514099
    outer loop
      vertex 61 8.82803 73.9025
      vertex -82.5 9.35272 74.7779
      vertex 61 9.35272 74.7779
    endloop
  endfacet
  facet normal 0 0.857731 -0.514099
    outer loop
      vertex -82.5 9.35272 74.7779
      vertex 61 8.82803 73.9025
      vertex -82.5 8.82803 73.9025
    endloop
  endfacet
  facet normal 0 0.903984 -0.427565
    outer loop
      vertex 61 8.39166 72.9799
      vertex -82.5 8.82803 73.9025
      vertex 61 8.82803 73.9025
    endloop
  endfacet
  facet normal 0 0.903984 -0.427565
    outer loop
      vertex -82.5 8.82803 73.9025
      vertex 61 8.39166 72.9799
      vertex -82.5 8.39166 72.9799
    endloop
  endfacet
  facet normal 0 0.941536 -0.336911
    outer loop
      vertex 61 8.04782 72.019
      vertex -82.5 8.39166 72.9799
      vertex 61 8.39166 72.9799
    endloop
  endfacet
  facet normal 0 0.941536 -0.336911
    outer loop
      vertex -82.5 8.39166 72.9799
      vertex 61 8.04782 72.019
      vertex -82.5 8.04782 72.019
    endloop
  endfacet
  facet normal 0 0.970038 -0.242955
    outer loop
      vertex 61 7.79984 71.0289
      vertex -82.5 8.04782 72.019
      vertex 61 8.04782 72.019
    endloop
  endfacet
  facet normal 0 0.970038 -0.242955
    outer loop
      vertex -82.5 8.04782 72.019
      vertex 61 7.79984 71.0289
      vertex -82.5 7.79984 71.0289
    endloop
  endfacet
  facet normal 0 0.989176 -0.146735
    outer loop
      vertex 61 7.65009 70.0194
      vertex -82.5 7.79984 71.0289
      vertex 61 7.79984 71.0289
    endloop
  endfacet
  facet normal 0 0.989176 -0.146735
    outer loop
      vertex -82.5 7.79984 71.0289
      vertex 61 7.65009 70.0194
      vertex -82.5 7.65009 70.0194
    endloop
  endfacet
  facet normal 0 0.998795 -0.0490678
    outer loop
      vertex 61 7.60001 69
      vertex -82.5 7.65009 70.0194
      vertex 61 7.65009 70.0194
    endloop
  endfacet
  facet normal 0 0.998795 -0.0490678
    outer loop
      vertex -82.5 7.65009 70.0194
      vertex 61 7.60001 69
      vertex -82.5 7.60001 69
    endloop
  endfacet
  facet normal 0 0.998795 0.0490678
    outer loop
      vertex 61 7.65009 67.9806
      vertex -82.5 7.60001 69
      vertex 61 7.60001 69
    endloop
  endfacet
  facet normal 0 0.998795 0.0490678
    outer loop
      vertex -82.5 7.60001 69
      vertex 61 7.65009 67.9806
      vertex -82.5 7.65009 67.9806
    endloop
  endfacet
  facet normal 0 0.989176 0.146732
    outer loop
      vertex 86 6.32866 66.6784
      vertex 61 6.1573 67.8336
      vertex 86 6.1573 67.8336
    endloop
  endfacet
  facet normal 0 0.989176 0.146732
    outer loop
      vertex 61 6.1573 67.8336
      vertex 86 6.32866 66.6784
      vertex 61 6.32866 66.6784
    endloop
  endfacet
  facet normal 0 0.970032 0.242979
    outer loop
      vertex 86 6.61241 65.5456
      vertex 61 6.32866 66.6784
      vertex 86 6.32866 66.6784
    endloop
  endfacet
  facet normal 0 0.970032 0.242979
    outer loop
      vertex 61 6.32866 66.6784
      vertex 86 6.61241 65.5456
      vertex 61 6.61241 65.5456
    endloop
  endfacet
  facet normal 0 0.941538 0.336907
    outer loop
      vertex 86 7.00584 64.4461
      vertex 61 6.61241 65.5456
      vertex 86 6.61241 65.5456
    endloop
  endfacet
  facet normal 0 0.941538 0.336907
    outer loop
      vertex 61 6.61241 65.5456
      vertex 86 7.00584 64.4461
      vertex 61 7.00584 64.4461
    endloop
  endfacet
  facet normal 0 0.903992 0.427549
    outer loop
      vertex 86 7.50514 63.3904
      vertex 61 7.00584 64.4461
      vertex 86 7.00584 64.4461
    endloop
  endfacet
  facet normal 0 0.903992 0.427549
    outer loop
      vertex 61 7.00584 64.4461
      vertex 86 7.50514 63.3904
      vertex 61 7.50514 63.3904
    endloop
  endfacet
  facet normal 0 0.857738 0.514086
    outer loop
      vertex 86 8.10551 62.3887
      vertex 61 7.50514 63.3904
      vertex 86 7.50514 63.3904
    endloop
  endfacet
  facet normal 0 0.857738 0.514086
    outer loop
      vertex 61 7.50514 63.3904
      vertex 86 8.10551 62.3887
      vertex 61 8.10551 62.3887
    endloop
  endfacet
  facet normal 0 0.803207 0.5957
    outer loop
      vertex 86 8.70966 61.5741
      vertex 61 8.10551 62.3887
      vertex 86 8.10551 62.3887
    endloop
  endfacet
  facet normal 0 0.803207 0.5957
    outer loop
      vertex 61 8.10551 62.3887
      vertex 86 8.70966 61.5741
      vertex 61 8.70966 61.5741
    endloop
  endfacet
  facet normal -0 0.24292 0.970046
    outer loop
      vertex 61 15.6784 57.3287
      vertex 86 15.4408 57.3882
      vertex 86 15.6784 57.3287
    endloop
  endfacet
  facet normal 0 0.24292 0.970046
    outer loop
      vertex 86 15.4408 57.3882
      vertex 61 15.6784 57.3287
      vertex 61 15.4408 57.3882
    endloop
  endfacet
  facet normal -0 0.146766 0.989171
    outer loop
      vertex 61 16.8336 57.1573
      vertex 86 15.6784 57.3287
      vertex 86 16.8336 57.1573
    endloop
  endfacet
  facet normal 0 0.146766 0.989171
    outer loop
      vertex 86 15.6784 57.3287
      vertex 61 16.8336 57.1573
      vertex 61 15.6784 57.3287
    endloop
  endfacet
  facet normal -0 0.0490663 0.998796
    outer loop
      vertex 61 18 57.1
      vertex 86 16.8336 57.1573
      vertex 86 18 57.1
    endloop
  endfacet
  facet normal 0 0.0490663 0.998796
    outer loop
      vertex 86 16.8336 57.1573
      vertex 61 18 57.1
      vertex 61 16.8336 57.1573
    endloop
  endfacet
  facet normal 0 -0.0490663 0.998796
    outer loop
      vertex 61 19.1664 57.1573
      vertex 86 18 57.1
      vertex 86 19.1664 57.1573
    endloop
  endfacet
  facet normal 0 -0.0490663 0.998796
    outer loop
      vertex 86 18 57.1
      vertex 61 19.1664 57.1573
      vertex 61 18 57.1
    endloop
  endfacet
  facet normal 0 -0.146766 0.989171
    outer loop
      vertex 61 20.3216 57.3287
      vertex 86 19.1664 57.1573
      vertex 86 20.3216 57.3287
    endloop
  endfacet
  facet normal 0 -0.146766 0.989171
    outer loop
      vertex 86 19.1664 57.1573
      vertex 61 20.3216 57.3287
      vertex 61 19.1664 57.1573
    endloop
  endfacet
  facet normal 0 -0.242939 0.970042
    outer loop
      vertex 61 21.4544 57.6124
      vertex 86 20.3216 57.3287
      vertex 86 21.4544 57.6124
    endloop
  endfacet
  facet normal 0 -0.242939 0.970042
    outer loop
      vertex 86 20.3216 57.3287
      vertex 61 21.4544 57.6124
      vertex 61 20.3216 57.3287
    endloop
  endfacet
  facet normal 0 -0.336884 0.941546
    outer loop
      vertex 61 22.5539 58.0058
      vertex 86 21.4544 57.6124
      vertex 86 22.5539 58.0058
    endloop
  endfacet
  facet normal 0 -0.336884 0.941546
    outer loop
      vertex 86 21.4544 57.6124
      vertex 61 22.5539 58.0058
      vertex 61 21.4544 57.6124
    endloop
  endfacet
  facet normal 0 -0.427549 0.903992
    outer loop
      vertex 61 23.6096 58.5051
      vertex 86 22.5539 58.0058
      vertex 86 23.6096 58.5051
    endloop
  endfacet
  facet normal 0 -0.427549 0.903992
    outer loop
      vertex 86 22.5539 58.0058
      vertex 61 23.6096 58.5051
      vertex 61 22.5539 58.0058
    endloop
  endfacet
  facet normal 0 -0.514105 0.857727
    outer loop
      vertex 61 24.6113 59.1055
      vertex 86 23.6096 58.5051
      vertex 86 24.6113 59.1055
    endloop
  endfacet
  facet normal 0 -0.514105 0.857727
    outer loop
      vertex 86 23.6096 58.5051
      vertex 61 24.6113 59.1055
      vertex 61 23.6096 58.5051
    endloop
  endfacet
  facet normal 0 -0.595717 0.803195
    outer loop
      vertex 61 25.5493 59.8012
      vertex 86 24.6113 59.1055
      vertex 86 25.5493 59.8012
    endloop
  endfacet
  facet normal 0 -0.595717 0.803195
    outer loop
      vertex 86 24.6113 59.1055
      vertex 61 25.5493 59.8012
      vertex 61 24.6113 59.1055
    endloop
  endfacet
  facet normal 0 -0.67153 0.740978
    outer loop
      vertex 61 26.4146 60.5854
      vertex 86 25.5493 59.8012
      vertex 86 26.4146 60.5854
    endloop
  endfacet
  facet normal 0 -0.67153 0.740978
    outer loop
      vertex 86 25.5493 59.8012
      vertex 61 26.4146 60.5854
      vertex 61 25.5493 59.8012
    endloop
  endfacet
  facet normal 0 -0.77193 0.635707
    outer loop
      vertex 61 26.4146 60.5854
      vertex 86 26.416 60.5871
      vertex 61 26.416 60.5871
    endloop
  endfacet
  facet normal 0 -0.77193 0.635707
    outer loop
      vertex 86 26.416 60.5871
      vertex 61 26.4146 60.5854
      vertex 86 26.4146 60.5854
    endloop
  endfacet
  facet normal 0 -0.707097 0.707117
    outer loop
      vertex 61 26.416 60.5871
      vertex 86 30 64.171
      vertex 61 30 64.171
    endloop
  endfacet
  facet normal 0 -0.707097 0.707117
    outer loop
      vertex 86 30 64.171
      vertex 61 26.416 60.5871
      vertex 86 26.416 60.5871
    endloop
  endfacet
  facet normal 0 -0.707097 -0.707117
    outer loop
      vertex 61 30 73.829
      vertex 86 26.416 77.4129
      vertex 61 26.416 77.4129
    endloop
  endfacet
  facet normal 0 -0.707097 -0.707117
    outer loop
      vertex 86 26.416 77.4129
      vertex 61 30 73.829
      vertex 86 30 73.829
    endloop
  endfacet
  facet normal 0 -0.77193 -0.635707
    outer loop
      vertex 61 26.416 77.4129
      vertex 86 26.4146 77.4146
      vertex 61 26.4146 77.4146
    endloop
  endfacet
  facet normal 0 -0.77193 -0.635707
    outer loop
      vertex 86 26.4146 77.4146
      vertex 61 26.416 77.4129
      vertex 86 26.416 77.4129
    endloop
  endfacet
  facet normal 0 -0.67153 -0.740978
    outer loop
      vertex 61 25.5493 78.1988
      vertex 86 26.4146 77.4146
      vertex 86 25.5493 78.1988
    endloop
  endfacet
  facet normal -0 -0.67153 -0.740978
    outer loop
      vertex 86 26.4146 77.4146
      vertex 61 25.5493 78.1988
      vertex 61 26.4146 77.4146
    endloop
  endfacet
  facet normal 0 -0.595717 -0.803195
    outer loop
      vertex 61 24.6113 78.8945
      vertex 86 25.5493 78.1988
      vertex 86 24.6113 78.8945
    endloop
  endfacet
  facet normal -0 -0.595717 -0.803195
    outer loop
      vertex 86 25.5493 78.1988
      vertex 61 24.6113 78.8945
      vertex 61 25.5493 78.1988
    endloop
  endfacet
  facet normal 0 -0.514105 -0.857727
    outer loop
      vertex 61 23.6096 79.4949
      vertex 86 24.6113 78.8945
      vertex 86 23.6096 79.4949
    endloop
  endfacet
  facet normal -0 -0.514105 -0.857727
    outer loop
      vertex 86 24.6113 78.8945
      vertex 61 23.6096 79.4949
      vertex 61 24.6113 78.8945
    endloop
  endfacet
  facet normal 0 -0.427549 -0.903992
    outer loop
      vertex 61 22.5539 79.9942
      vertex 86 23.6096 79.4949
      vertex 86 22.5539 79.9942
    endloop
  endfacet
  facet normal -0 -0.427549 -0.903992
    outer loop
      vertex 86 23.6096 79.4949
      vertex 61 22.5539 79.9942
      vertex 61 23.6096 79.4949
    endloop
  endfacet
  facet normal 0 -0.336884 -0.941546
    outer loop
      vertex 61 21.4544 80.3876
      vertex 86 22.5539 79.9942
      vertex 86 21.4544 80.3876
    endloop
  endfacet
  facet normal -0 -0.336884 -0.941546
    outer loop
      vertex 86 22.5539 79.9942
      vertex 61 21.4544 80.3876
      vertex 61 22.5539 79.9942
    endloop
  endfacet
  facet normal 0 -0.242939 -0.970042
    outer loop
      vertex 61 20.3216 80.6713
      vertex 86 21.4544 80.3876
      vertex 86 20.3216 80.6713
    endloop
  endfacet
  facet normal -0 -0.242939 -0.970042
    outer loop
      vertex 86 21.4544 80.3876
      vertex 61 20.3216 80.6713
      vertex 61 21.4544 80.3876
    endloop
  endfacet
  facet normal 0 -0.146766 -0.989171
    outer loop
      vertex 61 19.1664 80.8427
      vertex 86 20.3216 80.6713
      vertex 86 19.1664 80.8427
    endloop
  endfacet
  facet normal -0 -0.146766 -0.989171
    outer loop
      vertex 86 20.3216 80.6713
      vertex 61 19.1664 80.8427
      vertex 61 20.3216 80.6713
    endloop
  endfacet
  facet normal 0 -0.0490663 -0.998796
    outer loop
      vertex 61 18 80.9
      vertex 86 19.1664 80.8427
      vertex 86 18 80.9
    endloop
  endfacet
  facet normal -0 -0.0490663 -0.998796
    outer loop
      vertex 86 19.1664 80.8427
      vertex 61 18 80.9
      vertex 61 19.1664 80.8427
    endloop
  endfacet
  facet normal 0 0.0490663 -0.998796
    outer loop
      vertex 61 16.8336 80.8427
      vertex 86 18 80.9
      vertex 86 16.8336 80.8427
    endloop
  endfacet
  facet normal 0 0.0490663 -0.998796
    outer loop
      vertex 86 18 80.9
      vertex 61 16.8336 80.8427
      vertex 61 18 80.9
    endloop
  endfacet
  facet normal 0 0.146766 -0.989171
    outer loop
      vertex 61 15.6784 80.6713
      vertex 86 16.8336 80.8427
      vertex 86 15.6784 80.6713
    endloop
  endfacet
  facet normal 0 0.146766 -0.989171
    outer loop
      vertex 86 16.8336 80.8427
      vertex 61 15.6784 80.6713
      vertex 61 16.8336 80.8427
    endloop
  endfacet
  facet normal 0 0.242939 -0.970042
    outer loop
      vertex 61 14.5456 80.3876
      vertex 86 15.6784 80.6713
      vertex 86 14.5456 80.3876
    endloop
  endfacet
  facet normal 0 0.242939 -0.970042
    outer loop
      vertex 86 15.6784 80.6713
      vertex 61 14.5456 80.3876
      vertex 61 15.6784 80.6713
    endloop
  endfacet
  facet normal 0 0.336884 -0.941546
    outer loop
      vertex 61 13.4461 79.9942
      vertex 86 14.5456 80.3876
      vertex 86 13.4461 79.9942
    endloop
  endfacet
  facet normal 0 0.336884 -0.941546
    outer loop
      vertex 86 14.5456 80.3876
      vertex 61 13.4461 79.9942
      vertex 61 14.5456 80.3876
    endloop
  endfacet
  facet normal 0 0.427549 -0.903992
    outer loop
      vertex 61 12.3904 79.4949
      vertex 86 13.4461 79.9942
      vertex 86 12.3904 79.4949
    endloop
  endfacet
  facet normal 0 0.427549 -0.903992
    outer loop
      vertex 86 13.4461 79.9942
      vertex 61 12.3904 79.4949
      vertex 61 13.4461 79.9942
    endloop
  endfacet
  facet normal 0 0.514105 -0.857727
    outer loop
      vertex 61 11.3887 78.8945
      vertex 86 12.3904 79.4949
      vertex 86 11.3887 78.8945
    endloop
  endfacet
  facet normal 0 0.514105 -0.857727
    outer loop
      vertex 86 12.3904 79.4949
      vertex 61 11.3887 78.8945
      vertex 61 12.3904 79.4949
    endloop
  endfacet
  facet normal 0 0.595717 -0.803195
    outer loop
      vertex 61 10.4507 78.1988
      vertex 86 11.3887 78.8945
      vertex 86 10.4507 78.1988
    endloop
  endfacet
  facet normal 0 0.595717 -0.803195
    outer loop
      vertex 86 11.3887 78.8945
      vertex 61 10.4507 78.1988
      vertex 61 11.3887 78.8945
    endloop
  endfacet
  facet normal 0 0.671542 -0.740966
    outer loop
      vertex 61 9.58543 77.4146
      vertex 86 10.4507 78.1988
      vertex 86 9.58543 77.4146
    endloop
  endfacet
  facet normal 0 0.671542 -0.740966
    outer loop
      vertex 86 10.4507 78.1988
      vertex 61 9.58543 77.4146
      vertex 61 10.4507 78.1988
    endloop
  endfacet
  facet normal 0 0.740956 -0.671553
    outer loop
      vertex 86 8.80118 76.5493
      vertex 61 9.58543 77.4146
      vertex 86 9.58543 77.4146
    endloop
  endfacet
  facet normal 0 0.740956 -0.671553
    outer loop
      vertex 61 9.58543 77.4146
      vertex 86 8.80118 76.5493
      vertex 61 8.80118 76.5493
    endloop
  endfacet
  facet normal 0 0.803207 -0.5957
    outer loop
      vertex 86 8.10551 75.6113
      vertex 61 8.80118 76.5493
      vertex 86 8.80118 76.5493
    endloop
  endfacet
  facet normal 0 0.803207 -0.5957
    outer loop
      vertex 61 8.80118 76.5493
      vertex 86 8.10551 75.6113
      vertex 61 8.10551 75.6113
    endloop
  endfacet
  facet normal 0 0.857738 -0.514086
    outer loop
      vertex 86 7.50514 74.6096
      vertex 61 8.10551 75.6113
      vertex 86 8.10551 75.6113
    endloop
  endfacet
  facet normal 0 0.857738 -0.514086
    outer loop
      vertex 61 8.10551 75.6113
      vertex 86 7.50514 74.6096
      vertex 61 7.50514 74.6096
    endloop
  endfacet
  facet normal 0 0.903992 -0.427549
    outer loop
      vertex 86 7.00584 73.5539
      vertex 61 7.50514 74.6096
      vertex 86 7.50514 74.6096
    endloop
  endfacet
  facet normal 0 0.903992 -0.427549
    outer loop
      vertex 61 7.50514 74.6096
      vertex 86 7.00584 73.5539
      vertex 61 7.00584 73.5539
    endloop
  endfacet
  facet normal 0 0.941538 -0.336907
    outer loop
      vertex 86 6.61241 72.4544
      vertex 61 7.00584 73.5539
      vertex 86 7.00584 73.5539
    endloop
  endfacet
  facet normal 0 0.941538 -0.336907
    outer loop
      vertex 61 7.00584 73.5539
      vertex 86 6.61241 72.4544
      vertex 61 6.61241 72.4544
    endloop
  endfacet
  facet normal 0 0.970032 -0.242979
    outer loop
      vertex 86 6.32866 71.3216
      vertex 61 6.61241 72.4544
      vertex 86 6.61241 72.4544
    endloop
  endfacet
  facet normal 0 0.970032 -0.242979
    outer loop
      vertex 61 6.61241 72.4544
      vertex 86 6.32866 71.3216
      vertex 61 6.32866 71.3216
    endloop
  endfacet
  facet normal 0 0.989176 -0.146732
    outer loop
      vertex 86 6.1573 70.1664
      vertex 61 6.32866 71.3216
      vertex 86 6.32866 71.3216
    endloop
  endfacet
  facet normal 0 0.989176 -0.146732
    outer loop
      vertex 61 6.32866 71.3216
      vertex 86 6.1573 70.1664
      vertex 61 6.1573 70.1664
    endloop
  endfacet
  facet normal 0 0.998796 -0.0490578
    outer loop
      vertex 86 6.10001 69
      vertex 61 6.1573 70.1664
      vertex 86 6.1573 70.1664
    endloop
  endfacet
  facet normal 0 0.998796 -0.0490578
    outer loop
      vertex 61 6.1573 70.1664
      vertex 86 6.10001 69
      vertex 61 6.10001 69
    endloop
  endfacet
  facet normal 0 0.998796 0.0490578
    outer loop
      vertex 86 6.1573 67.8336
      vertex 61 6.10001 69
      vertex 86 6.10001 69
    endloop
  endfacet
  facet normal 0 0.998796 0.0490578
    outer loop
      vertex 61 6.10001 69
      vertex 86 6.1573 67.8336
      vertex 61 6.1573 67.8336
    endloop
  endfacet
  facet normal 1 0 0
    outer loop
      vertex 86 30 87.429
      vertex 86 26.416 77.4129
      vertex 86 30 73.829
    endloop
  endfacet
  facet normal 1 0 0
    outer loop
      vertex 86 30 87.429
      vertex 86 26.4146 77.4146
      vertex 86 26.416 77.4129
    endloop
  endfacet
  facet normal 1 0 0
    outer loop
      vertex 86 30 87.429
      vertex 86 25.5493 78.1988
      vertex 86 26.4146 77.4146
    endloop
  endfacet
  facet normal 1 0 0
    outer loop
      vertex 86 30 87.429
      vertex 86 24.6113 78.8945
      vertex 86 25.5493 78.1988
    endloop
  endfacet
  facet normal 1 0 0
    outer loop
      vertex 86 30 87.429
      vertex 86 23.6096 79.4949
      vertex 86 24.6113 78.8945
    endloop
  endfacet
  facet normal 1 0 0
    outer loop
      vertex 86 30 87.429
      vertex 86 22.5539 79.9942
      vertex 86 23.6096 79.4949
    endloop
  endfacet
  facet normal 1 0 0
    outer loop
      vertex 86 30 87.429
      vertex 86 21.4544 80.3876
      vertex 86 22.5539 79.9942
    endloop
  endfacet
  facet normal 1 0 0
    outer loop
      vertex 86 30 87.429
      vertex 86 20.3216 80.6713
      vertex 86 21.4544 80.3876
    endloop
  endfacet
  facet normal 1 0 0
    outer loop
      vertex 86 30 87.429
      vertex 86 19.1664 80.8427
      vertex 86 20.3216 80.6713
    endloop
  endfacet
  facet normal 1 0 0
    outer loop
      vertex 86 30 87.429
      vertex 86 18 80.9
      vertex 86 19.1664 80.8427
    endloop
  endfacet
  facet normal 1 0 0
    outer loop
      vertex 86 30 87.429
      vertex 86 16.8336 80.8427
      vertex 86 18 80.9
    endloop
  endfacet
  facet normal 1 0 0
    outer loop
      vertex 86 30 87.429
      vertex 86 15.6784 80.6713
      vertex 86 16.8336 80.8427
    endloop
  endfacet
  facet normal 1 0 0
    outer loop
      vertex 86 30 87.429
      vertex 86 14.5456 80.3876
      vertex 86 15.6784 80.6713
    endloop
  endfacet
  facet normal 1 -0 0
    outer loop
      vertex 86 -30 87.429
      vertex 86 14.5456 80.3876
      vertex 86 30 87.429
    endloop
  endfacet
  facet normal 1 0 0
    outer loop
      vertex 86 7.00584 64.4461
      vertex 86 4.8336 61.8427
      vertex 86 6 61.9
    endloop
  endfacet
  facet normal 1 0 0
    outer loop
      vertex 86 0.390381 60.4949
      vertex 86 6.10001 69
      vertex 86 6.1573 70.1664
    endloop
  endfacet
  facet normal 1 0 0
    outer loop
      vertex 86 -0.611282 59.8945
      vertex 86 6.1573 70.1664
      vertex 86 6.32866 71.3216
    endloop
  endfacet
  facet normal 1 0 0
    outer loop
      vertex 86 6.1573 67.8336
      vertex 86 3.67844 61.6713
      vertex 86 4.8336 61.8427
    endloop
  endfacet
  facet normal 1 0 0
    outer loop
      vertex 86 -30 87.429
      vertex 86 6.32866 71.3216
      vertex 86 6.61241 72.4544
    endloop
  endfacet
  facet normal 1 0 0
    outer loop
      vertex 86 6.1573 67.8336
      vertex 86 2.54562 61.3876
      vertex 86 3.67844 61.6713
    endloop
  endfacet
  facet normal 1 0 0
    outer loop
      vertex 86 -30 87.429
      vertex 86 6.61241 72.4544
      vertex 86 7.00584 73.5539
    endloop
  endfacet
  facet normal 1 0 0
    outer loop
      vertex 86 6.1573 67.8336
      vertex 86 1.44608 60.9942
      vertex 86 2.54562 61.3876
    endloop
  endfacet
  facet normal 1 0 0
    outer loop
      vertex 86 6.10001 69
      vertex 86 0.390381 60.4949
      vertex 86 1.44608 60.9942
    endloop
  endfacet
  facet normal 1 0 0
    outer loop
      vertex 86 -30 87.429
      vertex 86 7.00584 73.5539
      vertex 86 7.50514 74.6096
    endloop
  endfacet
  facet normal 1 0 0
    outer loop
      vertex 86 6.1573 70.1664
      vertex 86 -0.611282 59.8945
      vertex 86 0.390381 60.4949
    endloop
  endfacet
  facet normal 1 0 0
    outer loop
      vertex 86 6.32866 71.3216
      vertex 86 -30 87.429
      vertex 86 -1.54927 59.1988
    endloop
  endfacet
  facet normal 1 0 0
    outer loop
      vertex 86 6.32866 71.3216
      vertex 86 -1.54927 59.1988
      vertex 86 -0.611282 59.8945
    endloop
  endfacet
  facet normal 1 0 0
    outer loop
      vertex 86 -30 87.429
      vertex 86 7.50514 74.6096
      vertex 86 8.10551 75.6113
    endloop
  endfacet
  facet normal 1 0 0
    outer loop
      vertex 86 -1.54927 59.1988
      vertex 86 -30 87.429
      vertex 86 -2.41457 58.4146
    endloop
  endfacet
  facet normal 1 0 0
    outer loop
      vertex 86 -2.41457 58.4146
      vertex 86 -30 87.429
      vertex 86 -3.19882 57.5493
    endloop
  endfacet
  facet normal 1 0 0
    outer loop
      vertex 86 -4.99416 45.4461
      vertex 86 -7.1664 42.8427
      vertex 86 -6 42.9
    endloop
  endfacet
  facet normal 1 0 0
    outer loop
      vertex 86 -11.6096 41.4949
      vertex 86 -5.89999 50
      vertex 86 -5.8427 51.1664
    endloop
  endfacet
  facet normal 1 0 0
    outer loop
      vertex 86 -12.6113 40.8945
      vertex 86 -5.8427 51.1664
      vertex 86 -5.67134 52.3216
    endloop
  endfacet
  facet normal 1 0 0
    outer loop
      vertex 86 -5.8427 48.8336
      vertex 86 -8.32156 42.6713
      vertex 86 -7.1664 42.8427
    endloop
  endfacet
  facet normal 1 0 0
    outer loop
      vertex 86 -13.5493 40.1988
      vertex 86 -5.67134 52.3216
      vertex 86 -5.38759 53.4544
    endloop
  endfacet
  facet normal 1 0 0
    outer loop
      vertex 86 -5.8427 48.8336
      vertex 86 -9.45438 42.3876
      vertex 86 -8.32156 42.6713
    endloop
  endfacet
  facet normal 1 0 0
    outer loop
      vertex 86 -30 87.429
      vertex 86 -5.38759 53.4544
      vertex 86 -4.99416 54.5539
    endloop
  endfacet
  facet normal 1 0 0
    outer loop
      vertex 86 -5.8427 48.8336
      vertex 86 -10.5539 41.9942
      vertex 86 -9.45438 42.3876
    endloop
  endfacet
  facet normal 1 0 0
    outer loop
      vertex 86 -5.89999 50
      vertex 86 -11.6096 41.4949
      vertex 86 -10.5539 41.9942
    endloop
  endfacet
  facet normal 1 0 0
    outer loop
      vertex 86 -30 87.429
      vertex 86 -4.99416 54.5539
      vertex 86 -4.49486 55.6096
    endloop
  endfacet
  facet normal 1 0 0
    outer loop
      vertex 86 -5.8427 51.1664
      vertex 86 -12.6113 40.8945
      vertex 86 -11.6096 41.4949
    endloop
  endfacet
  facet normal 1 0 0
    outer loop
      vertex 86 -5.67134 52.3216
      vertex 86 -13.5493 40.1988
      vertex 86 -12.6113 40.8945
    endloop
  endfacet
  facet normal 1 0 0
    outer loop
      vertex 86 -5.38759 53.4544
      vertex 86 -30 87.429
      vertex 86 -13.5493 40.1988
    endloop
  endfacet
  facet normal 1 0 0
    outer loop
      vertex 86 -30 87.429
      vertex 86 -4.49486 55.6096
      vertex 86 -3.89449 56.6113
    endloop
  endfacet
  facet normal 1 0 0
    outer loop
      vertex 86 -13.5493 40.1988
      vertex 86 -30 87.429
      vertex 86 -14.4146 39.4146
    endloop
  endfacet
  facet normal 1 0 0
    outer loop
      vertex 86 -14.4146 39.4146
      vertex 86 -30 87.429
      vertex 86 -15.1988 38.5493
    endloop
  endfacet
  facet normal 1 0 0
    outer loop
      vertex 86 -3.19882 57.5493
      vertex 86 -30 87.429
      vertex 86 -3.89449 56.6113
    endloop
  endfacet
  facet normal 1 0 0
    outer loop
      vertex 86 -16.9942 26.4461
      vertex 86 -19.1664 23.8427
      vertex 86 -18 23.9
    endloop
  endfacet
  facet normal 1 0 0
    outer loop
      vertex 86 -23.6096 22.4949
      vertex 86 -17.9 31
      vertex 86 -17.8427 32.1664
    endloop
  endfacet
  facet normal 1 0 0
    outer loop
      vertex 86 -24.6113 21.8945
      vertex 86 -17.8427 32.1664
      vertex 86 -17.6713 33.3216
    endloop
  endfacet
  facet normal 1 0 0
    outer loop
      vertex 86 -17.8427 29.8336
      vertex 86 -20.3216 23.6713
      vertex 86 -19.1664 23.8427
    endloop
  endfacet
  facet normal 1 0 0
    outer loop
      vertex 86 -25.5493 21.1988
      vertex 86 -17.6713 33.3216
      vertex 86 -17.3876 34.4544
    endloop
  endfacet
  facet normal 1 0 0
    outer loop
      vertex 86 -17.8427 29.8336
      vertex 86 -21.4544 23.3876
      vertex 86 -20.3216 23.6713
    endloop
  endfacet
  facet normal 1 0 0
    outer loop
      vertex 86 -26.4146 20.4146
      vertex 86 -17.3876 34.4544
      vertex 86 -16.9942 35.5539
    endloop
  endfacet
  facet normal 1 0 0
    outer loop
      vertex 86 -17.8427 29.8336
      vertex 86 -22.5539 22.9942
      vertex 86 -21.4544 23.3876
    endloop
  endfacet
  facet normal 1 0 0
    outer loop
      vertex 86 -17.9 31
      vertex 86 -23.6096 22.4949
      vertex 86 -22.5539 22.9942
    endloop
  endfacet
  facet normal 1 0 0
    outer loop
      vertex 86 -30 87.429
      vertex 86 -16.9942 35.5539
      vertex 86 -16.4949 36.6096
    endloop
  endfacet
  facet normal 1 0 0
    outer loop
      vertex 86 -17.8427 32.1664
      vertex 86 -24.6113 21.8945
      vertex 86 -23.6096 22.4949
    endloop
  endfacet
  facet normal 1 0 0
    outer loop
      vertex 86 -17.6713 33.3216
      vertex 86 -25.5493 21.1988
      vertex 86 -24.6113 21.8945
    endloop
  endfacet
  facet normal 1 0 0
    outer loop
      vertex 86 -17.3876 34.4544
      vertex 86 -26.4146 20.4146
      vertex 86 -25.5493 21.1988
    endloop
  endfacet
  facet normal 1 0 0
    outer loop
      vertex 86 -30 87.429
      vertex 86 -16.4949 36.6096
      vertex 86 -15.8945 37.6113
    endloop
  endfacet
  facet normal 1 0 0
    outer loop
      vertex 86 -16.9942 35.5539
      vertex 86 -30 87.429
      vertex 86 -26.4146 20.4146
    endloop
  endfacet
  facet normal 1 0 0
    outer loop
      vertex 86 -26.4146 20.4146
      vertex 86 -30 87.429
      vertex 86 -27.1988 19.5493
    endloop
  endfacet
  facet normal 1 0 0
    outer loop
      vertex 86 -15.1988 38.5493
      vertex 86 -30 87.429
      vertex 86 -15.8945 37.6113
    endloop
  endfacet
  facet normal 1 0 0
    outer loop
      vertex 86 -29.8427 13.1664
      vertex 86 -30 87.429
      vertex 86 -29.9 12
    endloop
  endfacet
  facet normal 1 0 0
    outer loop
      vertex 86 -29.6713 14.3216
      vertex 86 -30 87.429
      vertex 86 -29.8427 13.1664
    endloop
  endfacet
  facet normal 1 0 0
    outer loop
      vertex 86 -29.3876 15.4544
      vertex 86 -30 87.429
      vertex 86 -29.6713 14.3216
    endloop
  endfacet
  facet normal 1 0 0
    outer loop
      vertex 86 -28.9942 16.5539
      vertex 86 -30 87.429
      vertex 86 -29.3876 15.4544
    endloop
  endfacet
  facet normal 1 0 0
    outer loop
      vertex 86 -28.4949 17.6096
      vertex 86 -30 87.429
      vertex 86 -28.9942 16.5539
    endloop
  endfacet
  facet normal 1 0 0
    outer loop
      vertex 86 -27.8945 18.6113
      vertex 86 -30 87.429
      vertex 86 -28.4949 17.6096
    endloop
  endfacet
  facet normal 1 0 0
    outer loop
      vertex 86 -27.1988 19.5493
      vertex 86 -30 87.429
      vertex 86 -27.8945 18.6113
    endloop
  endfacet
  facet normal 1 0 0
    outer loop
      vertex 86 8.80118 76.5493
      vertex 86 -30 87.429
      vertex 86 8.10551 75.6113
    endloop
  endfacet
  facet normal 1 0 0
    outer loop
      vertex 86 9.58543 77.4146
      vertex 86 -30 87.429
      vertex 86 8.80118 76.5493
    endloop
  endfacet
  facet normal 1 0 0
    outer loop
      vertex 86 10.4507 78.1988
      vertex 86 -30 87.429
      vertex 86 9.58543 77.4146
    endloop
  endfacet
  facet normal 1 0 0
    outer loop
      vertex 86 11.3887 78.8945
      vertex 86 -30 87.429
      vertex 86 10.4507 78.1988
    endloop
  endfacet
  facet normal 1 0 0
    outer loop
      vertex 86 12.3904 79.4949
      vertex 86 -30 87.429
      vertex 86 11.3887 78.8945
    endloop
  endfacet
  facet normal 1 0 0
    outer loop
      vertex 86 13.4461 79.9942
      vertex 86 -30 87.429
      vertex 86 12.3904 79.4949
    endloop
  endfacet
  facet normal 1 0 0
    outer loop
      vertex 86 14.5456 80.3876
      vertex 86 -30 87.429
      vertex 86 13.4461 79.9942
    endloop
  endfacet
  facet normal 1 0 0
    outer loop
      vertex 86 8.10551 62.3887
      vertex 86 8.32156 61.6713
      vertex 86 8.70966 61.5741
    endloop
  endfacet
  facet normal 1 0 0
    outer loop
      vertex 86 7.1664 61.8427
      vertex 86 8.10551 62.3887
      vertex 86 7.50514 63.3904
    endloop
  endfacet
  facet normal 1 0 0
    outer loop
      vertex 86 8.10551 62.3887
      vertex 86 7.1664 61.8427
      vertex 86 8.32156 61.6713
    endloop
  endfacet
  facet normal 1 0 0
    outer loop
      vertex 86 6 61.9
      vertex 86 7.50514 63.3904
      vertex 86 7.00584 64.4461
    endloop
  endfacet
  facet normal 1 0 0
    outer loop
      vertex 86 4.8336 61.8427
      vertex 86 7.00584 64.4461
      vertex 86 6.61241 65.5456
    endloop
  endfacet
  facet normal 1 0 0
    outer loop
      vertex 86 4.8336 61.8427
      vertex 86 6.61241 65.5456
      vertex 86 6.32866 66.6784
    endloop
  endfacet
  facet normal 1 0 0
    outer loop
      vertex 86 7.50514 63.3904
      vertex 86 6 61.9
      vertex 86 7.1664 61.8427
    endloop
  endfacet
  facet normal 1 0 0
    outer loop
      vertex 86 4.8336 61.8427
      vertex 86 6.32866 66.6784
      vertex 86 6.1573 67.8336
    endloop
  endfacet
  facet normal 1 0 0
    outer loop
      vertex 86 1.44608 60.9942
      vertex 86 6.1573 67.8336
      vertex 86 6.10001 69
    endloop
  endfacet
  facet normal 1 0 0
    outer loop
      vertex 86 -3.89449 43.3887
      vertex 86 -3.67844 42.6713
      vertex 86 -3.29034 42.5741
    endloop
  endfacet
  facet normal 1 0 0
    outer loop
      vertex 86 -4.8336 42.8427
      vertex 86 -3.89449 43.3887
      vertex 86 -4.49486 44.3904
    endloop
  endfacet
  facet normal 1 0 0
    outer loop
      vertex 86 -3.89449 43.3887
      vertex 86 -4.8336 42.8427
      vertex 86 -3.67844 42.6713
    endloop
  endfacet
  facet normal 1 0 0
    outer loop
      vertex 86 -6 42.9
      vertex 86 -4.49486 44.3904
      vertex 86 -4.99416 45.4461
    endloop
  endfacet
  facet normal 1 0 0
    outer loop
      vertex 86 -7.1664 42.8427
      vertex 86 -4.99416 45.4461
      vertex 86 -5.38759 46.5456
    endloop
  endfacet
  facet normal 1 0 0
    outer loop
      vertex 86 -7.1664 42.8427
      vertex 86 -5.38759 46.5456
      vertex 86 -5.67134 47.6784
    endloop
  endfacet
  facet normal 1 0 0
    outer loop
      vertex 86 -4.49486 44.3904
      vertex 86 -6 42.9
      vertex 86 -4.8336 42.8427
    endloop
  endfacet
  facet normal 1 0 0
    outer loop
      vertex 86 -7.1664 42.8427
      vertex 86 -5.67134 47.6784
      vertex 86 -5.8427 48.8336
    endloop
  endfacet
  facet normal 1 0 0
    outer loop
      vertex 86 -10.5539 41.9942
      vertex 86 -5.8427 48.8336
      vertex 86 -5.89999 50
    endloop
  endfacet
  facet normal 1 0 0
    outer loop
      vertex 86 -15.8945 24.3887
      vertex 86 -15.6784 23.6713
      vertex 86 -15.2903 23.5741
    endloop
  endfacet
  facet normal 1 0 0
    outer loop
      vertex 86 -16.8336 23.8427
      vertex 86 -15.8945 24.3887
      vertex 86 -16.4949 25.3904
    endloop
  endfacet
  facet normal 1 0 0
    outer loop
      vertex 86 -15.8945 24.3887
      vertex 86 -16.8336 23.8427
      vertex 86 -15.6784 23.6713
    endloop
  endfacet
  facet normal 1 0 0
    outer loop
      vertex 86 -18 23.9
      vertex 86 -16.4949 25.3904
      vertex 86 -16.9942 26.4461
    endloop
  endfacet
  facet normal 1 0 0
    outer loop
      vertex 86 -19.1664 23.8427
      vertex 86 -16.9942 26.4461
      vertex 86 -17.3876 27.5456
    endloop
  endfacet
  facet normal 1 0 0
    outer loop
      vertex 86 -19.1664 23.8427
      vertex 86 -17.3876 27.5456
      vertex 86 -17.6713 28.6784
    endloop
  endfacet
  facet normal 1 0 0
    outer loop
      vertex 86 -16.4949 25.3904
      vertex 86 -18 23.9
      vertex 86 -16.8336 23.8427
    endloop
  endfacet
  facet normal 1 0 0
    outer loop
      vertex 86 -19.1664 23.8427
      vertex 86 -17.6713 28.6784
      vertex 86 -17.8427 29.8336
    endloop
  endfacet
  facet normal 1 0 0
    outer loop
      vertex 86 -22.5539 22.9942
      vertex 86 -17.8427 29.8336
      vertex 86 -17.9 31
    endloop
  endfacet
  facet normal 1 -0 0
    outer loop
      vertex 86 -1.44608 20.0058
      vertex 86 -1.17102 12
      vertex 86 -0.390381 20.5051
    endloop
  endfacet
  facet normal 1 -0 0
    outer loop
      vertex 86 -2.54562 19.6124
      vertex 86 -1.17102 12
      vertex 86 -1.44608 20.0058
    endloop
  endfacet
  facet normal 1 -0 0
    outer loop
      vertex 86 -3.67844 19.3287
      vertex 86 -1.17102 12
      vertex 86 -2.54562 19.6124
    endloop
  endfacet
  facet normal 1 -0 0
    outer loop
      vertex 86 -4.8336 19.1573
      vertex 86 -1.17102 12
      vertex 86 -3.67844 19.3287
    endloop
  endfacet
  facet normal 1 -0 0
    outer loop
      vertex 86 -6 19.1
      vertex 86 -1.17102 12
      vertex 86 -4.8336 19.1573
    endloop
  endfacet
  facet normal 1 0 0
    outer loop
      vertex 86 -7.1664 19.1573
      vertex 86 -1.17102 12
      vertex 86 -6 19.1
    endloop
  endfacet
  facet normal 1 0 0
    outer loop
      vertex 86 -8.32156 19.3287
      vertex 86 -1.17102 12
      vertex 86 -7.1664 19.1573
    endloop
  endfacet
  facet normal 1 0 0
    outer loop
      vertex 86 -1.17102 12
      vertex 86 -8.32156 19.3287
      vertex 86 -8.55921 19.3882
    endloop
  endfacet
  facet normal 1 -0 0
    outer loop
      vertex 86 10.5539 39.0058
      vertex 86 10.829 31
      vertex 86 11.6096 39.5051
    endloop
  endfacet
  facet normal 1 -0 0
    outer loop
      vertex 86 9.45438 38.6124
      vertex 86 10.829 31
      vertex 86 10.5539 39.0058
    endloop
  endfacet
  facet normal 1 -0 0
    outer loop
      vertex 86 8.32156 38.3287
      vertex 86 10.829 31
      vertex 86 9.45438 38.6124
    endloop
  endfacet
  facet normal 1 -0 0
    outer loop
      vertex 86 7.1664 38.1573
      vertex 86 10.829 31
      vertex 86 8.32156 38.3287
    endloop
  endfacet
  facet normal 1 -0 0
    outer loop
      vertex 86 6 38.1
      vertex 86 10.829 31
      vertex 86 7.1664 38.1573
    endloop
  endfacet
  facet normal 1 0 0
    outer loop
      vertex 86 4.8336 38.1573
      vertex 86 10.829 31
      vertex 86 6 38.1
    endloop
  endfacet
  facet normal 1 0 0
    outer loop
      vertex 86 3.67844 38.3287
      vertex 86 10.829 31
      vertex 86 4.8336 38.1573
    endloop
  endfacet
  facet normal 1 0 0
    outer loop
      vertex 86 10.829 31
      vertex 86 3.67844 38.3287
      vertex 86 3.44079 38.3882
    endloop
  endfacet
  facet normal 1 -0 0
    outer loop
      vertex 86 22.5539 58.0058
      vertex 86 22.829 50
      vertex 86 23.6096 58.5051
    endloop
  endfacet
  facet normal 1 -0 0
    outer loop
      vertex 86 21.4544 57.6124
      vertex 86 22.829 50
      vertex 86 22.5539 58.0058
    endloop
  endfacet
  facet normal 1 -0 0
    outer loop
      vertex 86 20.3216 57.3287
      vertex 86 22.829 50
      vertex 86 21.4544 57.6124
    endloop
  endfacet
  facet normal 1 -0 0
    outer loop
      vertex 86 19.1664 57.1573
      vertex 86 22.829 50
      vertex 86 20.3216 57.3287
    endloop
  endfacet
  facet normal 1 -0 0
    outer loop
      vertex 86 18 57.1
      vertex 86 22.829 50
      vertex 86 19.1664 57.1573
    endloop
  endfacet
  facet normal 1 0 0
    outer loop
      vertex 86 16.8336 57.1573
      vertex 86 22.829 50
      vertex 86 18 57.1
    endloop
  endfacet
  facet normal 1 0 0
    outer loop
      vertex 86 15.6784 57.3287
      vertex 86 22.829 50
      vertex 86 16.8336 57.1573
    endloop
  endfacet
  facet normal 1 0 0
    outer loop
      vertex 86 22.829 50
      vertex 86 15.6784 57.3287
      vertex 86 15.4408 57.3882
    endloop
  endfacet
  facet normal 1 0 0
    outer loop
      vertex 86 22.829 50
      vertex 86 30 64.171
      vertex 86 26.416 60.5871
    endloop
  endfacet
  facet normal 1 0 0
    outer loop
      vertex 86 22.829 50
      vertex 86 26.416 60.5871
      vertex 86 26.4146 60.5854
    endloop
  endfacet
  facet normal 1 0 0
    outer loop
      vertex 86 22.829 50
      vertex 86 26.4146 60.5854
      vertex 86 25.5493 59.8012
    endloop
  endfacet
  facet normal 1 0 0
    outer loop
      vertex 86 22.829 50
      vertex 86 25.5493 59.8012
      vertex 86 24.6113 59.1055
    endloop
  endfacet
  facet normal 1 0 0
    outer loop
      vertex 86 22.829 50
      vertex 86 24.6113 59.1055
      vertex 86 23.6096 58.5051
    endloop
  endfacet
  facet normal 1 0 0
    outer loop
      vertex 86 30 64.171
      vertex 86 22.829 50
      vertex 86 30 0
    endloop
  endfacet
  facet normal 1 0 0
    outer loop
      vertex 86 10.829 31
      vertex 86 22.829 50
      vertex 86 14.416 41.5871
    endloop
  endfacet
  facet normal 1 0 0
    outer loop
      vertex 86 10.829 31
      vertex 86 14.416 41.5871
      vertex 86 14.4146 41.5854
    endloop
  endfacet
  facet normal 1 0 0
    outer loop
      vertex 86 10.829 31
      vertex 86 14.4146 41.5854
      vertex 86 13.5493 40.8012
    endloop
  endfacet
  facet normal 1 0 0
    outer loop
      vertex 86 10.829 31
      vertex 86 13.5493 40.8012
      vertex 86 12.6113 40.1055
    endloop
  endfacet
  facet normal 1 0 0
    outer loop
      vertex 86 10.829 31
      vertex 86 12.6113 40.1055
      vertex 86 11.6096 39.5051
    endloop
  endfacet
  facet normal 1 0 0
    outer loop
      vertex 86 22.829 50
      vertex 86 10.829 31
      vertex 86 30 0
    endloop
  endfacet
  facet normal 1 -0 0
    outer loop
      vertex 86 2.41605 22.5871
      vertex 86 30 0
      vertex 86 10.829 31
    endloop
  endfacet
  facet normal 1 0 0
    outer loop
      vertex 86 -1.17102 12
      vertex 86 2.41605 22.5871
      vertex 86 2.41457 22.5854
    endloop
  endfacet
  facet normal 1 0 0
    outer loop
      vertex 86 -1.17102 12
      vertex 86 2.41457 22.5854
      vertex 86 1.54927 21.8012
    endloop
  endfacet
  facet normal 1 0 0
    outer loop
      vertex 86 -1.17102 12
      vertex 86 1.54927 21.8012
      vertex 86 0.611282 21.1055
    endloop
  endfacet
  facet normal 1 0 0
    outer loop
      vertex 86 -1.17102 12
      vertex 86 0.611282 21.1055
      vertex 86 -0.390381 20.5051
    endloop
  endfacet
  facet normal 1 0 0
    outer loop
      vertex 86 2.41605 22.5871
      vertex 86 -1.17102 12
      vertex 86 30 0
    endloop
  endfacet
  facet normal 1 -0 0
    outer loop
      vertex 86 -9.58395 3.58707
      vertex 86 30 0
      vertex 86 -1.17102 12
    endloop
  endfacet
  facet normal 1 -0 0
    outer loop
      vertex 86 -9.58543 3.58543
      vertex 86 30 0
      vertex 86 -9.58395 3.58707
    endloop
  endfacet
  facet normal 1 -0 0
    outer loop
      vertex 86 -10.4507 2.80118
      vertex 86 30 0
      vertex 86 -9.58543 3.58543
    endloop
  endfacet
  facet normal 1 -0 0
    outer loop
      vertex 86 -11.3887 2.10551
      vertex 86 30 0
      vertex 86 -10.4507 2.80118
    endloop
  endfacet
  facet normal 1 -0 0
    outer loop
      vertex 86 -12.3904 1.50514
      vertex 86 30 0
      vertex 86 -11.3887 2.10551
    endloop
  endfacet
  facet normal 1 -0 0
    outer loop
      vertex 86 -13.4461 1.00584
      vertex 86 30 0
      vertex 86 -12.3904 1.50514
    endloop
  endfacet
  facet normal 1 -0 0
    outer loop
      vertex 86 -14.5456 0.612411
      vertex 86 30 0
      vertex 86 -13.4461 1.00584
    endloop
  endfacet
  facet normal 1 -0 0
    outer loop
      vertex 86 -15.6784 0.328659
      vertex 86 30 0
      vertex 86 -14.5456 0.612411
    endloop
  endfacet
  facet normal 1 -0 0
    outer loop
      vertex 86 -16.8336 0.157303
      vertex 86 30 0
      vertex 86 -15.6784 0.328659
    endloop
  endfacet
  facet normal 1 -0 0
    outer loop
      vertex 86 -18 0.100006
      vertex 86 30 0
      vertex 86 -16.8336 0.157303
    endloop
  endfacet
  facet normal 1 0 0
    outer loop
      vertex 86 -18 0.100006
      vertex 86 -30 0
      vertex 86 30 0
    endloop
  endfacet
  facet normal 1 0 0
    outer loop
      vertex 86 -19.1664 0.157303
      vertex 86 -30 0
      vertex 86 -18 0.100006
    endloop
  endfacet
  facet normal 1 0 0
    outer loop
      vertex 86 -20.3216 0.328659
      vertex 86 -30 0
      vertex 86 -19.1664 0.157303
    endloop
  endfacet
  facet normal 1 0 0
    outer loop
      vertex 86 -21.4544 0.612411
      vertex 86 -30 0
      vertex 86 -20.3216 0.328659
    endloop
  endfacet
  facet normal 1 0 0
    outer loop
      vertex 86 -22.5539 1.00584
      vertex 86 -30 0
      vertex 86 -21.4544 0.612411
    endloop
  endfacet
  facet normal 1 0 0
    outer loop
      vertex 86 -23.6096 1.50514
      vertex 86 -30 0
      vertex 86 -22.5539 1.00584
    endloop
  endfacet
  facet normal 1 0 0
    outer loop
      vertex 86 -24.6113 2.10551
      vertex 86 -30 0
      vertex 86 -23.6096 1.50514
    endloop
  endfacet
  facet normal 1 0 0
    outer loop
      vertex 86 -25.5493 2.80118
      vertex 86 -30 0
      vertex 86 -24.6113 2.10551
    endloop
  endfacet
  facet normal 1 0 0
    outer loop
      vertex 86 -26.4146 3.58543
      vertex 86 -30 0
      vertex 86 -25.5493 2.80118
    endloop
  endfacet
  facet normal 1 0 0
    outer loop
      vertex 86 -27.1988 4.45073
      vertex 86 -30 0
      vertex 86 -26.4146 3.58543
    endloop
  endfacet
  facet normal 1 0 0
    outer loop
      vertex 86 -27.8945 5.38872
      vertex 86 -30 0
      vertex 86 -27.1988 4.45073
    endloop
  endfacet
  facet normal 1 0 0
    outer loop
      vertex 86 -28.4949 6.39038
      vertex 86 -30 0
      vertex 86 -27.8945 5.38872
    endloop
  endfacet
  facet normal 1 0 0
    outer loop
      vertex 86 -28.9942 7.44608
      vertex 86 -30 0
      vertex 86 -28.4949 6.39038
    endloop
  endfacet
  facet normal 1 0 0
    outer loop
      vertex 86 -29.3876 8.54562
      vertex 86 -30 0
      vertex 86 -28.9942 7.44608
    endloop
  endfacet
  facet normal 1 0 0
    outer loop
      vertex 86 -29.6713 9.67844
      vertex 86 -30 0
      vertex 86 -29.3876 8.54562
    endloop
  endfacet
  facet normal 1 0 0
    outer loop
      vertex 86 -29.8427 10.8336
      vertex 86 -30 0
      vertex 86 -29.6713 9.67844
    endloop
  endfacet
  facet normal 1 0 0
    outer loop
      vertex 86 -29.9 12
      vertex 86 -30 0
      vertex 86 -29.8427 10.8336
    endloop
  endfacet
  facet normal 1 0 0
    outer loop
      vertex 86 -30 0
      vertex 86 -29.9 12
      vertex 86 -30 87.429
    endloop
  endfacet
  facet normal -0 0 1
    outer loop
      vertex -86 30 87.429
      vertex 86 -30 87.429
      vertex 86 30 87.429
    endloop
  endfacet
  facet normal 0 0 1
    outer loop
      vertex 86 -30 87.429
      vertex -86 30 87.429
      vertex -86 -30 87.429
    endloop
  endfacet
  facet normal 0 0 -1
    outer loop
      vertex -86 -30 0
      vertex 86 30 0
      vertex 86 -30 0
    endloop
  endfacet
  facet normal -0 0 -1
    outer loop
      vertex 86 30 0
      vertex -86 -30 0
      vertex -86 30 0
    endloop
  endfacet
  facet normal -1 0 0
    outer loop
      vertex -86 -30 0
      vertex -86 30 87.429
      vertex -86 30 0
    endloop
  endfacet
  facet normal -1 -0 0
    outer loop
      vertex -86 30 87.429
      vertex -86 -30 0
      vertex -86 -30 87.429
    endloop
  endfacet
  facet normal 0 1 0
    outer loop
      vertex 86 30 64.171
      vertex 86 30 0
      vertex 61 30 64.171
    endloop
  endfacet
  facet normal 0 1 0
    outer loop
      vertex 61 30 66.2923
      vertex 61 30 64.171
      vertex -82.5 30 66.2923
    endloop
  endfacet
  facet normal 0 1 0
    outer loop
      vertex 61 30 73.829
      vertex 86 30 87.429
      vertex 86 30 73.829
    endloop
  endfacet
  facet normal 0 1 0
    outer loop
      vertex 86 30 87.429
      vertex 61 30 73.829
      vertex -86 30 87.429
    endloop
  endfacet
  facet normal 0 1 0
    outer loop
      vertex -82.5 30 71.7077
      vertex 61 30 73.829
      vertex 61 30 71.7077
    endloop
  endfacet
  facet normal 0 1 0
    outer loop
      vertex 61 30 73.829
      vertex -82.5 30 71.7077
      vertex -86 30 87.429
    endloop
  endfacet
  facet normal 0 1 -0
    outer loop
      vertex -82.5 30 66.2923
      vertex -86 30 87.429
      vertex -82.5 30 71.7077
    endloop
  endfacet
  facet normal 0 1 0
    outer loop
      vertex -86 30 0
      vertex 61 30 64.171
      vertex 86 30 0
    endloop
  endfacet
  facet normal 0 1 0
    outer loop
      vertex -82.5 30 66.2923
      vertex -86 30 0
      vertex -86 30 87.429
    endloop
  endfacet
  facet normal 0 1 0
    outer loop
      vertex 61 30 64.171
      vertex -86 30 0
      vertex -82.5 30 66.2923
    endloop
  endfacet
  facet normal 0 -1 0
    outer loop
      vertex -86 -30 0
      vertex 86 -30 87.429
      vertex -86 -30 87.429
    endloop
  endfacet
  facet normal 0 -1 -0
    outer loop
      vertex 86 -30 87.429
      vertex -86 -30 0
      vertex 86 -30 0
    endloop
  endfacet
endsolid OpenSCAD_Model
